field_name,credential_level,credential_name,distance_program,credentials_awarded,previous_credentials_awarded,institution_count,median_debt,median_earnings_1yr,median_earnings_4yr,median_earnings_5yr
"Liberal Arts and Sciences, General Studies and Humanities.",2,Associate's Degree,Có thể hoàn thành trực tuyến,185099.0,183277.0,796,10500.0,26773.0,34940.5,40635.0
"Liberal Arts and Sciences, General Studies and Humanities.",2,Associate's Degree,Một phần có thể hoàn thành trực tuyến,111325.0,115033.0,336,10749.0,27136.0,33633.5,39933.0
Cosmetology and Related Personal Grooming Services.,1,Undergraduate Certificate or Diploma,Có thể hoàn thành trực tuyến,106475.0,91726.0,1627,9862.0,17216.0,20245.0,22472.0
"Liberal Arts and Sciences, General Studies and Humanities.",2,Associate's Degree,Không xác định,105415.0,105212.0,357,11000.0,27677.0,34347.0,40191.0
"Business Administration, Management and Operations.",3,Bachelor's Degree,Có thể hoàn thành trực tuyến,88187.0,87617.0,933,25197.0,45138.0,55485.0,63226.0
"Biology, General.",3,Bachelor's Degree,Có thể hoàn thành trực tuyến,85666.0,82730.0,1348,25000.0,32288.0,47854.0,60820.0
"Psychology, General.",3,Bachelor's Degree,Có thể hoàn thành trực tuyến,83643.0,80312.0,1061,25230.0,31112.5,42558.0,49795.5
"Practical Nursing, Vocational Nursing and Nursing Assistants.",1,Undergraduate Certificate or Diploma,Có thể hoàn thành trực tuyến,79990.0,81777.0,1219,14750.0,44263.0,44218.0,49883.0
"Registered Nursing, Nursing Administration, Nursing Research and Clinical Nursing.",2,Associate's Degree,Có thể hoàn thành trực tuyến,78007.0,77822.0,1067,20543.5,68517.0,65332.0,74582.0
"Registered Nursing, Nursing Administration, Nursing Research and Clinical Nursing.",3,Bachelor's Degree,Một phần có thể hoàn thành trực tuyến,73042.0,70574.0,344,27000.0,73572.0,69735.0,80080.5
"Liberal Arts and Sciences, General Studies and Humanities.",1,Undergraduate Certificate or Diploma,Có thể hoàn thành trực tuyến,69022.0,72328.0,288,8937.5,25214.0,38090.5,44810.0
Allied Health and Medical Assisting Services.,1,Undergraduate Certificate or Diploma,Có thể hoàn thành trực tuyến,60122.0,53746.0,1231,9500.0,27167.0,27686.0,30692.0
"Registered Nursing, Nursing Administration, Nursing Research and Clinical Nursing.",3,Bachelor's Degree,Có thể hoàn thành trực tuyến,56192.0,53611.0,626,27000.0,75249.0,72650.0,82870.5
"Business Administration, Management and Operations.",5,Master's Degree,Không xác định,49808.0,47398.0,418,,69533.0,75368.0,83445.0
Precision Metal Working.,1,Undergraduate Certificate or Diploma,Có thể hoàn thành trực tuyến,46397.0,44915.0,969,8666.5,36283.0,40509.0,44649.0
Communication and Media Studies.,3,Bachelor's Degree,Có thể hoàn thành trực tuyến,45417.0,46338.0,971,25000.0,34561.5,45675.0,53167.0
Health and Physical Education/Fitness.,3,Bachelor's Degree,Có thể hoàn thành trực tuyến,44178.0,43321.0,846,25697.0,30485.5,44857.0,52954.0
"Business Administration, Management and Operations.",5,Master's Degree,Một phần có thể hoàn thành trực tuyến,43925.0,41971.0,342,,75749.0,84909.0,95416.0
"Business Administration, Management and Operations.",3,Bachelor's Degree,Một phần có thể hoàn thành trực tuyến,43577.0,41472.0,388,26121.0,46234.0,53734.0,61576.0
"Teacher Education and Professional Development, Specific Levels and Methods.",3,Bachelor's Degree,Có thể hoàn thành trực tuyến,42557.0,41335.0,1041,26000.0,42001.0,41758.0,46694.0
"Business Administration, Management and Operations.",3,Bachelor's Degree,Không xác định,42517.0,40017.0,294,27000.0,48296.0,54031.0,62112.0
Finance and Financial Management Services.,3,Bachelor's Degree,Có thể hoàn thành trực tuyến,42425.0,42538.0,609,23250.0,54451.0,69827.0,80520.5
Vehicle Maintenance and Repair Technologies.,1,Undergraduate Certificate or Diploma,Có thể hoàn thành trực tuyến,41908.0,45616.0,874,11000.0,35905.0,40798.0,46198.5
Political Science and Government.,3,Bachelor's Degree,Có thể hoàn thành trực tuyến,39969.0,39695.0,1050,23281.0,35578.0,52538.0,62227.0
Accounting and Related Services.,3,Bachelor's Degree,Có thể hoàn thành trực tuyến,37976.0,39724.0,916,24031.0,55162.0,65154.0,73718.0
Economics.,3,Bachelor's Degree,Có thể hoàn thành trực tuyến,37299.0,38046.0,743,22842.0,51848.0,67339.0,77878.0
Mechanical Engineering.,3,Bachelor's Degree,Có thể hoàn thành trực tuyến,36166.0,37233.0,385,24817.0,70724.0,81750.0,91587.5
Law.,7,First Professional Degree,Có thể hoàn thành trực tuyến,35550.0,33820.0,206,,67853.0,84485.5,98050.5
Marketing.,3,Bachelor's Degree,Có thể hoàn thành trực tuyến,35536.0,35617.0,645,24222.0,45060.0,57133.0,66012.0
Computer Science.,3,Bachelor's Degree,Có thể hoàn thành trực tuyến,35410.0,32994.0,645,23000.0,71664.0,91427.0,106432.0
"Business Administration, Management and Operations.",2,Associate's Degree,Có thể hoàn thành trực tuyến,31099.0,29365.0,708,13980.0,31905.0,39814.0,43634.0
"Computer and Information Sciences, General.",3,Bachelor's Degree,Có thể hoàn thành trực tuyến,29791.0,28180.0,687,24500.0,62411.0,77918.0,90478.0
"Allied Health Diagnostic, Intervention, and Treatment Professions.",1,Undergraduate Certificate or Diploma,Có thể hoàn thành trực tuyến,29192.0,28592.0,853,13861.0,45643.5,45787.0,51278.0
Medicine.,7,First Professional Degree,Có thể hoàn thành trực tuyến,28609.0,27562.0,190,,65807.0,95291.5,159023.0
"Business Administration, Management and Operations.",5,Master's Degree,Có thể hoàn thành trực tuyến,28570.0,31382.0,432,,73965.0,88673.5,99161.5
"English Language and Literature, General.",3,Bachelor's Degree,Có thể hoàn thành trực tuyến,28435.0,30511.0,1211,24529.0,29927.0,41064.5,47430.0
"Registered Nursing, Nursing Administration, Nursing Research and Clinical Nursing.",3,Bachelor's Degree,Không xác định,26657.0,24841.0,210,27000.0,76207.0,74081.5,85090.0
"Allied Health Diagnostic, Intervention, and Treatment Professions.",2,Associate's Degree,Có thể hoàn thành trực tuyến,25643.0,24967.0,941,18645.0,54600.0,52210.0,59667.0
Criminal Justice and Corrections.,3,Bachelor's Degree,Có thể hoàn thành trực tuyến,25415.0,24845.0,559,26000.0,36489.0,46188.0,52247.5
"Registered Nursing, Nursing Administration, Nursing Research and Clinical Nursing.",5,Master's Degree,Không xác định,25098.0,23679.0,211,,103068.0,108398.0,118357.0
Sociology.,3,Bachelor's Degree,Có thể hoàn thành trực tuyến,25081.0,25102.0,873,25000.0,34056.5,45107.0,51323.0
Fine and Studio Arts.,3,Bachelor's Degree,Có thể hoàn thành trực tuyến,23919.0,24958.0,1078,25495.0,24555.0,34928.5,41072.0
"Liberal Arts and Sciences, General Studies and Humanities.",3,Bachelor's Degree,Có thể hoàn thành trực tuyến,23557.0,24106.0,765,26599.0,35338.5,43375.5,48701.0
History.,3,Bachelor's Degree,Có thể hoàn thành trực tuyến,22781.0,23373.0,1168,23412.5,31215.0,43383.0,50679.0
"Liberal Arts and Sciences, General Studies and Humanities.",1,Undergraduate Certificate or Diploma,Không xác định,21563.0,18549.0,92,10362.0,27413.0,38014.5,43143.5
Mathematics.,3,Bachelor's Degree,Có thể hoàn thành trực tuyến,21046.0,21699.0,1196,21500.0,48728.0,58904.0,69210.0
Health and Medical Administrative Services.,1,Undergraduate Certificate or Diploma,Có thể hoàn thành trực tuyến,20362.0,18760.0,977,9500.0,27062.0,28737.0,31763.5
Biological and Physical Sciences.,2,Associate's Degree,Có thể hoàn thành trực tuyến,20331.0,20703.0,174,8315.0,26387.5,39539.0,48167.0
"Business Administration, Management and Operations.",1,Undergraduate Certificate or Diploma,Có thể hoàn thành trực tuyến,19972.0,20697.0,543,12928.0,44473.0,39591.5,49847.0
Electrical and Power Transmission Installers.,1,Undergraduate Certificate or Diploma,Có thể hoàn thành trực tuyến,19720.0,19150.0,542,9000.0,38994.0,46009.5,51753.5
"Teacher Education and Professional Development, Specific Subject Areas.",3,Bachelor's Degree,Có thể hoàn thành trực tuyến,19701.0,19953.0,897,26176.0,43114.0,44970.0,50385.5
Management Sciences and Quantitative Methods.,5,Master's Degree,Có thể hoàn thành trực tuyến,19436.0,14904.0,183,,93280.0,107552.0,122828.0
"Liberal Arts and Sciences, General Studies and Humanities.",1,Undergraduate Certificate or Diploma,Một phần có thể hoàn thành trực tuyến,19101.0,18705.0,64,9750.0,27952.0,35266.0,41637.0
Criminal Justice and Corrections.,2,Associate's Degree,Có thể hoàn thành trực tuyến,18705.0,18855.0,750,14250.0,32716.5,38584.0,45268.0
Allied Health and Medical Assisting Services.,2,Associate's Degree,Có thể hoàn thành trực tuyến,17766.0,15400.0,805,19702.0,36939.0,38020.0,42536.0
Design and Applied Arts.,3,Bachelor's Degree,Có thể hoàn thành trực tuyến,17584.0,17527.0,611,26875.0,33563.0,45382.0,51831.5
"Heating, Air Conditioning, Ventilation and Refrigeration Maintenance Technology/Technician (HAC, HACR, HVAC, HVACR).",1,Undergraduate Certificate or Diploma,Có thể hoàn thành trực tuyến,17548.0,17291.0,629,9610.0,35785.0,39771.0,43970.0
"Business Administration, Management and Operations.",1,Undergraduate Certificate or Diploma,Một phần có thể hoàn thành trực tuyến,17115.0,16288.0,158,15084.0,38291.0,37800.0,43389.0
Ground Transportation.,1,Undergraduate Certificate or Diploma,Có thể hoàn thành trực tuyến,17095.0,14934.0,281,7875.0,43072.0,41311.0,44425.0
"Psychology, General.",3,Bachelor's Degree,Không xác định,17090.0,15380.0,139,27000.0,33089.5,40618.0,46360.5
Social Work.,3,Bachelor's Degree,Có thể hoàn thành trực tuyến,17089.0,17115.0,530,26169.0,37233.0,43399.0,49143.0
"Business Administration, Management and Operations.",2,Associate's Degree,Một phần có thể hoàn thành trực tuyến,16401.0,15198.0,233,12671.0,34671.5,39208.0,46363.0
"Electrical, Electronics and Communications Engineering.",3,Bachelor's Degree,Có thể hoàn thành trực tuyến,16395.0,17120.0,377,25000.0,77636.0,88331.0,99424.0
"Teacher Education and Professional Development, Specific Levels and Methods.",5,Master's Degree,Có thể hoàn thành trực tuyến,16346.0,14686.0,506,,53155.0,53913.5,60020.0
"Business Administration, Management and Operations.",2,Associate's Degree,Không xác định,16179.0,15010.0,339,16361.0,35770.0,38468.0,44008.0
Criminal Justice and Corrections.,1,Undergraduate Certificate or Diploma,Có thể hoàn thành trực tuyến,16125.0,17103.0,595,13643.5,49893.0,47563.0,52606.5
Dental Support Services and Allied Professions.,1,Undergraduate Certificate or Diploma,Có thể hoàn thành trực tuyến,15875.0,12868.0,622,9500.0,25232.0,26812.0,29967.0
Natural Resources Conservation and Research.,3,Bachelor's Degree,Có thể hoàn thành trực tuyến,15576.0,15540.0,756,22880.0,33696.0,47284.0,54788.0
Public Health.,3,Bachelor's Degree,Có thể hoàn thành trực tuyến,15567.0,14346.0,383,25054.5,37068.0,47230.0,56943.0
Civil Engineering.,3,Bachelor's Degree,Có thể hoàn thành trực tuyến,14966.0,14968.0,297,24501.5,69566.0,75853.0,86096.0
Chemistry.,3,Bachelor's Degree,Có thể hoàn thành trực tuyến,14890.0,15323.0,1161,24000.0,42668.5,56531.5,67717.0
"Registered Nursing, Nursing Administration, Nursing Research and Clinical Nursing.",5,Master's Degree,Có thể hoàn thành trực tuyến,14659.0,15089.0,355,,109066.0,111975.0,122242.5
Criminal Justice and Corrections.,3,Bachelor's Degree,Không xác định,14475.0,14374.0,205,27250.0,40145.0,46239.0,53284.0
"Health Services/Allied Health/Health Sciences, General.",3,Bachelor's Degree,Có thể hoàn thành trực tuyến,14388.0,13199.0,337,26000.0,33772.5,48143.0,55949.0
Music.,3,Bachelor's Degree,Có thể hoàn thành trực tuyến,14344.0,14751.0,1053,26000.0,26109.5,35060.5,41002.5
"Public Relations, Advertising, and Applied Communication.",3,Bachelor's Degree,Có thể hoàn thành trực tuyến,14306.0,14105.0,369,24500.0,39973.0,51459.5,58699.0
"Psychology, General.",3,Bachelor's Degree,Một phần có thể hoàn thành trực tuyến,14108.0,13169.0,159,26000.0,32140.0,40267.0,47631.0
"Business/Commerce, General.",3,Bachelor's Degree,Có thể hoàn thành trực tuyến,13946.0,14124.0,264,25000.0,46897.0,55931.5,65016.0
Social Work.,5,Master's Degree,Có thể hoàn thành trực tuyến,13759.0,13839.0,204,,51507.0,56014.5,62092.0
"Human Development, Family Studies, and Related Services.",1,Undergraduate Certificate or Diploma,Có thể hoàn thành trực tuyến,13679.0,13515.0,512,10687.5,18810.0,23317.5,28725.5
"Psychology, General.",2,Associate's Degree,Có thể hoàn thành trực tuyến,13372.0,11525.0,225,10575.0,25255.5,31875.0,37466.0
Research and Experimental Psychology.,3,Bachelor's Degree,Có thể hoàn thành trực tuyến,13320.0,11697.0,172,21750.0,34822.0,45365.0,52837.0
Social Work.,5,Master's Degree,Một phần có thể hoàn thành trực tuyến,13171.0,13323.0,68,,51397.5,54235.0,60458.0
Drama/Theatre Arts and Stagecraft.,3,Bachelor's Degree,Có thể hoàn thành trực tuyến,12993.0,13149.0,850,25000.0,20701.0,29776.0,34609.0
Criminal Justice and Corrections.,3,Bachelor's Degree,Một phần có thể hoàn thành trực tuyến,12599.0,12270.0,180,26000.0,39408.0,46350.0,52344.0
"Pharmacy, Pharmaceutical Sciences, and Administration.",7,First Professional Degree,Có thể hoàn thành trực tuyến,12537.0,12345.0,135,,101440.0,130437.0,140226.0
"Biochemistry, Biophysics and Molecular Biology.",3,Bachelor's Degree,Có thể hoàn thành trực tuyến,12464.0,12247.0,674,23014.0,38243.0,56377.0,68971.0
Vehicle Maintenance and Repair Technologies.,2,Associate's Degree,Có thể hoàn thành trực tuyến,12335.0,12796.0,615,12000.0,42896.0,46562.0,52520.0
"Clinical, Counseling and Applied Psychology.",5,Master's Degree,Có thể hoàn thành trực tuyến,12003.0,11470.0,461,,50964.0,56476.5,63083.0
Culinary Arts and Related Services.,1,Undergraduate Certificate or Diploma,Có thể hoàn thành trực tuyến,11884.0,13021.0,550,11633.5,21717.5,24295.5,28704.0
"Registered Nursing, Nursing Administration, Nursing Research and Clinical Nursing.",5,Master's Degree,Một phần có thể hoàn thành trực tuyến,11844.0,11650.0,114,,105346.0,110228.0,118840.0
Computer Engineering.,3,Bachelor's Degree,Có thể hoàn thành trực tuyến,11816.0,11216.0,330,24500.0,79205.0,93970.0,108004.0
"Liberal Arts and Sciences, General Studies and Humanities.",3,Bachelor's Degree,Một phần có thể hoàn thành trực tuyến,11745.0,11994.0,183,27036.0,37159.5,43037.0,48587.0
"Multi/Interdisciplinary Studies, Other.",3,Bachelor's Degree,Có thể hoàn thành trực tuyến,11557.0,12760.0,491,25000.0,38266.0,47129.0,54849.0
Film/Video and Photographic Arts.,3,Bachelor's Degree,Có thể hoàn thành trực tuyến,11205.0,11384.0,392,25000.0,25256.0,36602.5,42643.0
"Allied Health Diagnostic, Intervention, and Treatment Professions.",5,Master's Degree,Có thể hoàn thành trực tuyến,11141.0,10394.0,374,,111902.5,117063.0,125835.0
Accounting and Related Services.,5,Master's Degree,Có thể hoàn thành trực tuyến,11053.0,11567.0,391,,68141.0,79648.5,93215.0
"Romance Languages, Literatures, and Linguistics.",3,Bachelor's Degree,Có thể hoàn thành trực tuyến,11041.0,11922.0,836,22375.0,34344.5,46896.0,54680.0
Journalism.,3,Bachelor's Degree,Có thể hoàn thành trực tuyến,10839.0,11437.0,367,24281.5,34119.0,47577.0,53852.0
Educational Administration and Supervision.,5,Master's Degree,Không xác định,10792.0,10566.0,217,,60279.0,60846.0,66570.5
Rehabilitation and Therapeutic Professions.,7,First Professional Degree,Có thể hoàn thành trực tuyến,10728.0,9956.0,229,,74578.0,77577.0,82773.0
Health and Medical Administrative Services.,3,Bachelor's Degree,Không xác định,10719.0,9471.0,186,38014.5,45425.5,46502.0,53065.0
Communication Disorders Sciences and Services.,3,Bachelor's Degree,Có thể hoàn thành trực tuyến,10542.0,10273.0,272,22500.0,24565.0,51985.0,59254.0
"Radio, Television, and Digital Communication.",3,Bachelor's Degree,Có thể hoàn thành trực tuyến,10411.0,10059.0,330,24289.0,29158.5,41203.0,47705.0
Neurobiology and Neurosciences.,3,Bachelor's Degree,Có thể hoàn thành trực tuyến,10192.0,9241.0,271,22936.0,31854.0,54729.5,67819.0
Somatic Bodywork and Related Therapeutic Services.,1,Undergraduate Certificate or Diploma,Có thể hoàn thành trực tuyến,10185.0,9772.0,476,8507.0,20079.0,21775.5,25370.5
Clinical/Medical Laboratory Science/Research and Allied Professions.,1,Undergraduate Certificate or Diploma,Có thể hoàn thành trực tuyến,10117.0,8809.0,477,9812.5,31071.0,30048.5,34736.5
Accounting and Related Services.,1,Undergraduate Certificate or Diploma,Có thể hoàn thành trực tuyến,10037.0,10405.0,562,15671.5,36264.0,32789.5,45625.5
Chemical Engineering.,3,Bachelor's Degree,Có thể hoàn thành trực tuyến,10000.0,10684.0,184,23250.0,72973.5,86634.0,97349.0
Educational Administration and Supervision.,5,Master's Degree,Có thể hoàn thành trực tuyến,9898.0,9940.0,414,,59962.5,61263.0,69097.0
Health and Medical Administrative Services.,5,Master's Degree,Không xác định,9879.0,7510.0,188,,64127.0,68439.0,79884.0
Health and Medical Administrative Services.,1,Undergraduate Certificate or Diploma,Không xác định,9865.0,7675.0,191,17491.5,27871.0,29329.5,32536.0
"Business Administration, Management and Operations.",1,Undergraduate Certificate or Diploma,Không xác định,9701.0,8402.0,224,15435.0,37029.5,39431.0,43568.0
Management Sciences and Quantitative Methods.,3,Bachelor's Degree,Có thể hoàn thành trực tuyến,9606.0,9269.0,262,23250.0,62785.5,75013.0,85725.5
Curriculum and Instruction.,5,Master's Degree,Không xác định,9200.0,7927.0,137,,55912.5,54827.0,60147.5
Computer Science.,5,Master's Degree,Có thể hoàn thành trực tuyến,9106.0,8085.0,220,,112981.5,122309.0,140315.0
"Human Development, Family Studies, and Related Services.",3,Bachelor's Degree,Có thể hoàn thành trực tuyến,8955.0,9477.0,230,24079.0,33668.0,40855.0,46446.0
"Teacher Education and Professional Development, Specific Subject Areas.",5,Master's Degree,Có thể hoàn thành trực tuyến,8807.0,8422.0,451,,56874.0,55429.0,60947.0
Special Education and Teaching.,5,Master's Degree,Có thể hoàn thành trực tuyến,8761.0,8138.0,371,,58024.0,57747.0,63727.0
Biomedical/Medical Engineering.,3,Bachelor's Degree,Có thể hoàn thành trực tuyến,8518.0,8218.0,189,23248.0,64852.5,83518.0,94444.0
International Relations and National Security Studies.,3,Bachelor's Degree,Có thể hoàn thành trực tuyến,8473.0,8870.0,348,21750.0,37198.0,55111.5,65402.0
Special Education and Teaching.,5,Master's Degree,Không xác định,8466.0,6787.0,152,,55071.0,53072.0,58907.0
"Teacher Education and Professional Development, Specific Levels and Methods.",2,Associate's Degree,Có thể hoàn thành trực tuyến,8438.0,7263.0,490,13568.0,26105.0,29436.5,32658.0
Physics.,3,Bachelor's Degree,Có thể hoàn thành trực tuyến,8261.0,8501.0,779,23357.0,47670.0,68071.0,80767.5
Rehabilitation and Therapeutic Professions.,5,Master's Degree,Có thể hoàn thành trực tuyến,8209.0,7871.0,255,,64509.0,67334.5,71824.0
"Social Sciences, General.",2,Associate's Degree,Có thể hoàn thành trực tuyến,8173.0,8797.0,110,7834.0,24052.0,31395.0,39790.0
Accounting and Related Services.,3,Bachelor's Degree,Không xác định,8054.0,7790.0,155,34375.0,51664.0,56398.0,61783.5
"Computer and Information Sciences, General.",5,Master's Degree,Một phần có thể hoàn thành trực tuyến,8049.0,7216.0,52,,101613.5,129333.5,147611.0
Anthropology.,3,Bachelor's Degree,Có thể hoàn thành trực tuyến,8043.0,8452.0,439,22981.0,27806.0,37955.0,45600.5
Philosophy.,3,Bachelor's Degree,Có thể hoàn thành trực tuyến,8022.0,7896.0,780,22203.0,31259.5,44648.0,55124.0
Student Counseling and Personnel Services.,5,Master's Degree,Có thể hoàn thành trực tuyến,7957.0,8267.0,375,,49726.0,52066.0,58029.0
Mental and Social Health Services and Allied Professions.,5,Master's Degree,Có thể hoàn thành trực tuyến,7934.0,7543.0,343,,48129.0,51422.0,58204.0
Computer/Information Technology Administration and Management.,1,Undergraduate Certificate or Diploma,Có thể hoàn thành trực tuyến,7921.0,7378.0,470,9806.0,43827.0,50133.5,56088.5
"Business/Commerce, General.",2,Associate's Degree,Không xác định,7920.0,7307.0,152,14913.0,37730.5,44881.0,51293.0
Communication Disorders Sciences and Services.,5,Master's Degree,Có thể hoàn thành trực tuyến,7899.0,7908.0,266,,59201.5,61698.5,64715.0
"Liberal Arts and Sciences, General Studies and Humanities.",3,Bachelor's Degree,Không xác định,7883.0,8079.0,124,28750.0,38395.0,42597.0,48638.0
"Biology, General.",2,Associate's Degree,Có thể hoàn thành trực tuyến,7828.0,6502.0,340,10384.5,26503.0,37229.0,44084.0
Educational Administration and Supervision.,5,Master's Degree,Một phần có thể hoàn thành trực tuyến,7816.0,7654.0,157,,61758.0,62387.0,70103.0
"Education, General.",5,Master's Degree,Có thể hoàn thành trực tuyến,7748.0,8517.0,260,,55867.0,58569.0,66563.0
"Health Services/Allied Health/Health Sciences, General.",2,Associate's Degree,Có thể hoàn thành trực tuyến,7731.0,6116.0,245,13309.0,31908.0,48367.5,50236.0
Public Health.,5,Master's Degree,Có thể hoàn thành trực tuyến,7723.0,7625.0,233,,60656.0,71137.0,81275.0
"Computer and Information Sciences, General.",5,Master's Degree,Có thể hoàn thành trực tuyến,7688.0,7056.0,215,,92500.5,108547.0,114097.0
Design and Applied Arts.,2,Associate's Degree,Có thể hoàn thành trực tuyến,7485.0,7752.0,454,14453.5,26285.0,31308.0,34630.0
Fire Protection.,1,Undergraduate Certificate or Diploma,Có thể hoàn thành trực tuyến,7427.0,6388.0,309,9250.0,46861.0,56572.5,59652.5
Special Education and Teaching.,3,Bachelor's Degree,Có thể hoàn thành trực tuyến,7301.0,7194.0,502,26845.0,44304.0,44559.0,50592.5
Business Operations Support and Assistant Services.,1,Undergraduate Certificate or Diploma,Có thể hoàn thành trực tuyến,7275.0,8049.0,634,9500.0,25094.0,28125.0,29804.0
"Business/Commerce, General.",3,Bachelor's Degree,Không xác định,7264.0,6798.0,77,30352.5,55431.0,59763.0,64524.0
Environmental Control Technologies/Technicians.,1,Undergraduate Certificate or Diploma,Có thể hoàn thành trực tuyến,7247.0,6082.0,251,9500.0,34237.0,35264.0,39920.5
Hospitality Administration/Management.,3,Bachelor's Degree,Có thể hoàn thành trực tuyến,7169.0,7590.0,200,23448.0,35339.0,44941.0,51491.0
"Human Development, Family Studies, and Related Services.",2,Associate's Degree,Có thể hoàn thành trực tuyến,7120.0,6854.0,417,13272.0,26798.0,25966.5,29173.5
Animal Sciences.,3,Bachelor's Degree,Có thể hoàn thành trực tuyến,6993.0,6590.0,92,22250.0,34062.0,43274.0,53618.0
Health and Medical Administrative Services.,2,Associate's Degree,Một phần có thể hoàn thành trực tuyến,6989.0,6603.0,70,26590.0,30718.5,33136.5,36406.0
"Allied Health Diagnostic, Intervention, and Treatment Professions.",3,Bachelor's Degree,Có thể hoàn thành trực tuyến,6959.0,7482.0,462,27000.0,59292.0,55694.0,61022.5
Dental Support Services and Allied Professions.,2,Associate's Degree,Có thể hoàn thành trực tuyến,6895.0,5360.0,358,18963.0,54726.5,52218.0,56218.5
Heavy/Industrial Equipment Maintenance Technologies.,1,Undergraduate Certificate or Diploma,Có thể hoàn thành trực tuyến,6889.0,7157.0,315,9500.0,50524.0,53556.0,57919.0
"Teacher Education and Professional Development, Specific Levels and Methods.",5,Master's Degree,Một phần có thể hoàn thành trực tuyến,6821.0,6231.0,124,,51695.5,50357.0,54505.0
Criminology.,3,Bachelor's Degree,Có thể hoàn thành trực tuyến,6758.0,6392.0,152,25000.0,37563.0,48274.0,55258.0
Dentistry.,7,First Professional Degree,Có thể hoàn thành trực tuyến,6743.0,6593.0,69,,116356.0,143274.5,162709.0
Management Information Systems and Services.,3,Bachelor's Degree,Có thể hoàn thành trực tuyến,6611.0,6754.0,289,23312.5,59722.0,74702.5,85566.0
"Computer and Information Sciences, General.",3,Bachelor's Degree,Không xác định,6605.0,6107.0,104,29533.0,64436.0,77481.0,83581.0
Management Sciences and Quantitative Methods.,5,Master's Degree,Một phần có thể hoàn thành trực tuyến,6521.0,6158.0,58,,94453.0,123249.0,131965.0
Accounting and Related Services.,2,Associate's Degree,Có thể hoàn thành trực tuyến,6364.0,6396.0,579,17837.0,36958.0,38849.0,44915.5
Criminal Justice and Corrections.,2,Associate's Degree,Không xác định,6355.0,6355.0,239,16716.0,33185.5,38951.0,44900.0
"Multi/Interdisciplinary Studies, Other.",3,Bachelor's Degree,Không xác định,6350.0,6118.0,62,27000.0,41424.0,46850.0,54574.5
"Teacher Education and Professional Development, Specific Levels and Methods.",3,Bachelor's Degree,Một phần có thể hoàn thành trực tuyến,6292.0,5499.0,95,25968.5,40682.0,39247.5,44928.0
Culinary Arts and Related Services.,2,Associate's Degree,Có thể hoàn thành trực tuyến,6274.0,6940.0,414,15396.0,26432.5,29429.0,33982.0
"Business/Commerce, General.",2,Associate's Degree,Có thể hoàn thành trực tuyến,6255.0,6282.0,278,12849.5,32813.0,41856.0,44915.5
"Computer and Information Sciences, General.",1,Undergraduate Certificate or Diploma,Có thể hoàn thành trực tuyến,6250.0,5323.0,347,11812.5,39833.0,37914.0,45057.0
"Teacher Education and Professional Development, Specific Levels and Methods.",5,Master's Degree,Không xác định,6217.0,5303.0,123,,51762.5,49040.0,54466.5
"Multi/Interdisciplinary Studies, Other.",3,Bachelor's Degree,Một phần có thể hoàn thành trực tuyến,6204.0,6664.0,63,26863.0,43667.0,46704.0,52208.0
"Education, General.",5,Master's Degree,Không xác định,6142.0,6154.0,83,,55935.0,53247.0,59977.0
"Physiology, Pathology and Related Sciences.",3,Bachelor's Degree,Có thể hoàn thành trực tuyến,5985.0,5592.0,123,23750.0,31159.5,54491.0,66896.5
Health and Medical Administrative Services.,3,Bachelor's Degree,Có thể hoàn thành trực tuyến,5976.0,5745.0,277,27000.0,43411.5,50285.0,59596.0
"Computer and Information Sciences, General.",2,Associate's Degree,Có thể hoàn thành trực tuyến,5895.0,5467.0,468,13850.0,34009.5,41622.0,48357.0
"Clinical, Counseling and Applied Psychology.",5,Master's Degree,Một phần có thể hoàn thành trực tuyến,5885.0,5325.0,72,,51340.0,52998.5,62789.5
International/Global Studies.,3,Bachelor's Degree,Có thể hoàn thành trực tuyến,5833.0,6227.0,335,22233.0,32512.5,48495.0,55421.5
Information Science/Studies.,3,Bachelor's Degree,Có thể hoàn thành trực tuyến,5829.0,5950.0,199,25000.0,56360.0,73588.0,84055.0
Industrial Engineering.,3,Bachelor's Degree,Có thể hoàn thành trực tuyến,5758.0,5882.0,126,24889.0,74948.5,83736.5,93802.0
Communication and Media Studies.,3,Bachelor's Degree,Một phần có thể hoàn thành trực tuyến,5753.0,6155.0,84,24063.0,36666.0,45844.5,50022.0
Electrical/Electronics Maintenance and Repair Technology.,1,Undergraduate Certificate or Diploma,Có thể hoàn thành trực tuyến,5731.0,5853.0,330,8650.0,34287.0,38098.0,42897.0
Business Operations Support and Assistant Services.,1,Undergraduate Certificate or Diploma,Một phần có thể hoàn thành trực tuyến,5704.0,3486.0,81,9500.0,18800.0,25770.5,30238.0
"Teacher Education and Professional Development, Specific Levels and Methods.",1,Undergraduate Certificate or Diploma,Có thể hoàn thành trực tuyến,5563.0,5176.0,278,17579.0,28498.0,28556.5,29403.0
Electromechanical Instrumentation and Maintenance Technologies/Technicians.,1,Undergraduate Certificate or Diploma,Có thể hoàn thành trực tuyến,5554.0,5334.0,328,9500.0,51266.0,66303.0,71662.0
Sociology.,2,Associate's Degree,Có thể hoàn thành trực tuyến,5554.0,5049.0,162,9781.0,16893.0,32411.0,41721.0
"Aerospace, Aeronautical and Astronautical Engineering.",3,Bachelor's Degree,Có thể hoàn thành trực tuyến,5476.0,5261.0,70,25000.0,72607.0,85407.0,97757.0
"Ethnic, Cultural Minority, Gender, and Group Studies.",3,Bachelor's Degree,Có thể hoàn thành trực tuyến,5444.0,5683.0,436,23000.0,31459.0,45721.0,51834.0
International Business.,3,Bachelor's Degree,Có thể hoàn thành trực tuyến,5430.0,5525.0,373,24000.0,51599.0,64023.0,75249.0
"Biology, General.",5,Master's Degree,Có thể hoàn thành trực tuyến,5424.0,5157.0,410,,43317.0,62203.0,69560.0
Health and Medical Administrative Services.,2,Associate's Degree,Có thể hoàn thành trực tuyến,5407.0,5579.0,517,20000.0,31215.0,32629.5,36856.5
"Computer and Information Sciences, General.",3,Bachelor's Degree,Một phần có thể hoàn thành trực tuyến,5377.0,4724.0,84,25702.5,56660.0,69829.0,81880.0
Health and Medical Administrative Services.,1,Undergraduate Certificate or Diploma,Một phần có thể hoàn thành trực tuyến,5331.0,4550.0,100,13143.0,30476.0,32238.5,35936.0
Communication and Media Studies.,2,Associate's Degree,Có thể hoàn thành trực tuyến,5304.0,5449.0,239,11416.5,26780.0,34743.0,41228.0
"Linguistic, Comparative, and Related Language Studies and Services.",3,Bachelor's Degree,Có thể hoàn thành trực tuyến,5298.0,5621.0,361,20824.0,27539.0,41783.5,49347.0
Social Work.,5,Master's Degree,Không xác định,5288.0,5094.0,54,,51150.0,51296.0,57527.0
Educational/Instructional Media Design.,5,Master's Degree,Không xác định,5286.0,4702.0,145,,62221.0,59555.0,68369.0
Business/Managerial Economics.,3,Bachelor's Degree,Có thể hoàn thành trực tuyến,5251.0,5588.0,237,21666.0,53219.0,69425.0,80002.0
Human Resources Management and Services.,3,Bachelor's Degree,Có thể hoàn thành trực tuyến,5216.0,5029.0,249,23750.0,50184.5,58611.0,67330.0
Statistics.,3,Bachelor's Degree,Có thể hoàn thành trực tuyến,5210.0,4888.0,193,20150.0,59718.0,75808.0,92382.0
"Electrical, Electronics and Communications Engineering.",5,Master's Degree,Có thể hoàn thành trực tuyến,5203.0,5967.0,191,,103653.0,116811.0,127610.0
Design and Applied Arts.,1,Undergraduate Certificate or Diploma,Có thể hoàn thành trực tuyến,5168.0,5392.0,415,13414.0,31579.5,36913.0,42431.0
Music.,5,Master's Degree,Có thể hoàn thành trực tuyến,5128.0,5386.0,288,,29478.0,34762.5,38818.0
Public Administration.,5,Master's Degree,Có thể hoàn thành trực tuyến,5119.0,5420.0,196,,58428.0,66056.0,73320.0
"Computer and Information Sciences, General.",1,Undergraduate Certificate or Diploma,Một phần có thể hoàn thành trực tuyến,5117.0,4627.0,80,12270.0,36279.5,43472.0,46940.0
Computer/Information Technology Administration and Management.,2,Associate's Degree,Có thể hoàn thành trực tuyến,5067.0,4635.0,402,17756.0,40087.0,46651.0,51874.0
Criminal Justice and Corrections.,1,Undergraduate Certificate or Diploma,Một phần có thể hoàn thành trực tuyến,5060.0,5191.0,79,15919.0,48997.0,42427.5,47840.0
Drafting/Design Engineering Technologies/Technicians.,1,Undergraduate Certificate or Diploma,Có thể hoàn thành trực tuyến,5010.0,5532.0,472,12965.0,29323.0,28432.0,45613.0
Accounting and Related Services.,3,Bachelor's Degree,Một phần có thể hoàn thành trực tuyến,4999.0,4866.0,111,27000.0,53440.0,57692.5,65301.0
Mechanical Engineering.,5,Master's Degree,Có thể hoàn thành trực tuyến,4995.0,5308.0,201,,88882.0,99159.0,111524.5
Rhetoric and Composition/Writing Studies.,3,Bachelor's Degree,Có thể hoàn thành trực tuyến,4993.0,5645.0,430,25000.0,26947.5,39695.0,47986.0
Marketing.,3,Bachelor's Degree,Một phần có thể hoàn thành trực tuyến,4915.0,5003.0,88,24125.0,42782.0,54212.5,63760.0
"Teacher Education and Professional Development, Specific Subject Areas.",5,Master's Degree,Một phần có thể hoàn thành trực tuyến,4903.0,4685.0,101,,56019.5,56661.5,62757.0
Criminal Justice and Corrections.,2,Associate's Degree,Một phần có thể hoàn thành trực tuyến,4902.0,4719.0,139,13462.0,33845.0,38947.0,43913.0
"Teacher Education and Professional Development, Specific Levels and Methods.",3,Bachelor's Degree,Không xác định,4891.0,4389.0,49,26800.0,42056.0,41518.5,46613.0
Religion/Religious Studies.,3,Bachelor's Degree,Có thể hoàn thành trực tuyến,4860.0,4818.0,659,25000.0,25260.0,37199.0,44266.0
Mental and Social Health Services and Allied Professions.,5,Master's Degree,Không xác định,4855.0,4501.0,45,,48538.0,49789.0,56037.0
Computer/Information Technology Administration and Management.,3,Bachelor's Degree,Không xác định,4832.0,4371.0,80,37432.0,59685.0,68140.0,76447.0
Agricultural Business and Management.,3,Bachelor's Degree,Có thể hoàn thành trực tuyến,4802.0,4974.0,114,20000.0,48320.0,54426.5,62175.0
Accounting and Related Services.,5,Master's Degree,Không xác định,4798.0,4632.0,132,,65590.0,70831.0,81554.0
Public Health.,5,Master's Degree,Một phần có thể hoàn thành trực tuyến,4797.0,4789.0,72,,61379.5,72302.0,83613.5
Applied Mathematics.,5,Master's Degree,Có thể hoàn thành trực tuyến,4769.0,4531.0,166,,77196.5,105911.0,143377.0
"Registered Nursing, Nursing Administration, Nursing Research and Clinical Nursing.",2,Associate's Degree,Một phần có thể hoàn thành trực tuyến,4754.0,4437.0,49,19897.0,66874.5,63630.0,72080.0
Geological and Earth Sciences/Geosciences.,3,Bachelor's Degree,Có thể hoàn thành trực tuyến,4750.0,5753.0,446,24830.0,39501.5,51909.0,58466.5
Applied Mathematics.,3,Bachelor's Degree,Có thể hoàn thành trực tuyến,4744.0,4482.0,276,21250.0,60929.5,75496.0,90036.0
Health and Physical Education/Fitness.,2,Associate's Degree,Có thể hoàn thành trực tuyến,4722.0,4502.0,327,8046.0,22224.5,31022.0,37652.5
Marketing.,3,Bachelor's Degree,Không xác định,4664.0,4322.0,97,26000.0,44366.0,53669.0,61087.0
Human Resources Management and Services.,5,Master's Degree,Không xác định,4651.0,4023.0,117,,59417.0,59534.0,69768.0
"Clinical, Counseling and Applied Psychology.",5,Master's Degree,Không xác định,4631.0,4056.0,63,,52057.0,50019.0,56560.0
Precision Metal Working.,2,Associate's Degree,Có thể hoàn thành trực tuyến,4573.0,4499.0,454,12000.0,41875.0,45662.5,51877.5
Special Education and Teaching.,5,Master's Degree,Một phần có thể hoàn thành trực tuyến,4570.0,4364.0,112,,56547.5,53718.0,60092.0
Cell/Cellular Biology and Anatomical Sciences.,3,Bachelor's Degree,Có thể hoàn thành trực tuyến,4537.0,4367.0,90,21211.0,35393.0,56943.5,70181.0
Health and Medical Administrative Services.,2,Associate's Degree,Không xác định,4501.0,4236.0,210,27000.0,31782.0,32113.0,35383.0
Theological and Ministerial Studies.,5,Master's Degree,Một phần có thể hoàn thành trực tuyến,4475.0,4481.0,78,,49840.0,55031.5,60536.5
"Registered Nursing, Nursing Administration, Nursing Research and Clinical Nursing.",1,Undergraduate Certificate or Diploma,Có thể hoàn thành trực tuyến,4447.0,3825.0,139,24146.0,66276.0,62922.0,72079.0
Industrial Production Technologies/Technicians.,1,Undergraduate Certificate or Diploma,Có thể hoàn thành trực tuyến,4422.0,4720.0,347,10243.0,46379.5,45784.0,61550.0
"Education, General.",3,Bachelor's Degree,Có thể hoàn thành trực tuyến,4417.0,3949.0,291,26464.5,38928.0,43291.0,47984.0
Theological and Ministerial Studies.,5,Master's Degree,Có thể hoàn thành trực tuyến,4362.0,4171.0,191,,46547.0,56052.5,60833.0
"Engineering, General.",2,Associate's Degree,Có thể hoàn thành trực tuyến,4362.0,4584.0,385,11182.0,30518.0,63037.5,73049.0
Health and Physical Education/Fitness.,5,Master's Degree,Có thể hoàn thành trực tuyến,4350.0,4287.0,251,,43994.0,51629.5,58452.0
Computer Systems Networking and Telecommunications.,1,Undergraduate Certificate or Diploma,Có thể hoàn thành trực tuyến,4324.0,4859.0,342,11588.0,36781.0,45452.5,51438.0
Area Studies.,3,Bachelor's Degree,Có thể hoàn thành trực tuyến,4300.0,4617.0,417,20401.5,34211.0,49107.5,59403.5
Accounting and Related Services.,1,Undergraduate Certificate or Diploma,Không xác định,4277.0,3752.0,212,12257.0,26747.5,26473.0,31508.0
Curriculum and Instruction.,5,Master's Degree,Một phần có thể hoàn thành trực tuyến,4250.0,4022.0,89,,55308.0,54648.5,60399.0
Human Resources Management and Services.,3,Bachelor's Degree,Không xác định,4216.0,3905.0,91,32111.0,51722.0,56152.0,64654.0
Economics.,5,Master's Degree,Có thể hoàn thành trực tuyến,4184.0,3956.0,224,,74009.0,89355.0,103916.5
"Teacher Education and Professional Development, Specific Subject Areas.",5,Master's Degree,Không xác định,4121.0,3622.0,93,,55364.0,52719.0,60547.0
Geography and Cartography.,3,Bachelor's Degree,Có thể hoàn thành trực tuyến,4103.0,4394.0,280,22813.0,37931.5,48306.5,56111.0
Mathematics.,2,Associate's Degree,Có thể hoàn thành trực tuyến,4077.0,4072.0,264,14621.5,16986.0,36644.5,59937.0
Veterinary/Animal Health Technologies/Technicians.,2,Associate's Degree,Có thể hoàn thành trực tuyến,4075.0,3929.0,191,18255.0,36090.0,35423.5,39374.0
Public Administration.,5,Master's Degree,Không xác định,4004.0,3964.0,114,,57311.5,58922.0,64707.5
"Multi-/Interdisciplinary Studies, General.",3,Bachelor's Degree,Có thể hoàn thành trực tuyến,3990.0,3647.0,185,25993.0,34467.5,43086.0,46823.0
"Health Services/Allied Health/Health Sciences, General.",1,Undergraduate Certificate or Diploma,Có thể hoàn thành trực tuyến,3971.0,3406.0,116,13833.0,28102.0,37750.0,43055.0
Criminal Justice and Corrections.,5,Master's Degree,Không xác định,3933.0,3657.0,121,,51544.0,54585.0,62524.0
"Education, General.",5,Master's Degree,Một phần có thể hoàn thành trực tuyến,3892.0,4113.0,72,,58486.5,60480.0,67039.0
"Ecology, Evolution, Systematics, and Population Biology.",3,Bachelor's Degree,Có thể hoàn thành trực tuyến,3890.0,4004.0,237,23524.5,29303.5,39711.0,48118.0
Rehabilitation and Therapeutic Professions.,3,Bachelor's Degree,Có thể hoàn thành trực tuyến,3873.0,4050.0,243,26411.5,34418.0,45819.5,50891.0
Fine and Studio Arts.,2,Associate's Degree,Có thể hoàn thành trực tuyến,3851.0,3921.0,377,9500.0,17641.5,24236.5,28248.0
Electromechanical Instrumentation and Maintenance Technologies/Technicians.,2,Associate's Degree,Có thể hoàn thành trực tuyến,3797.0,3961.0,319,13104.5,58333.5,66070.0,73881.0
Computer/Information Technology Administration and Management.,5,Master's Degree,Không xác định,3793.0,3537.0,94,,87435.0,104375.5,116618.0
Architecture.,3,Bachelor's Degree,Có thể hoàn thành trực tuyến,3765.0,3615.0,109,27000.0,47669.5,60257.0,67248.0
"Business/Commerce, General.",2,Associate's Degree,Một phần có thể hoàn thành trực tuyến,3744.0,3537.0,75,13766.0,37206.0,40089.5,45670.0
Computer Science.,5,Master's Degree,Một phần có thể hoàn thành trực tuyến,3717.0,3330.0,29,,117859.0,156739.0,177092.0
Legal Support Services.,2,Associate's Degree,Có thể hoàn thành trực tuyến,3716.0,3653.0,386,20750.0,34421.0,38998.0,42987.0
"Registered Nursing, Nursing Administration, Nursing Research and Clinical Nursing.",7,First Professional Degree,Có thể hoàn thành trực tuyến,3711.0,3268.0,172,,126027.0,128932.5,136521.5
Educational Administration and Supervision.,6,Doctoral Degree,Có thể hoàn thành trực tuyến,3669.0,3523.0,269,,96944.0,96218.5,106259.5
Mental and Social Health Services and Allied Professions.,1,Undergraduate Certificate or Diploma,Có thể hoàn thành trực tuyến,3649.0,4207.0,310,14267.0,32649.0,35063.0,38653.0
"Business/Commerce, General.",3,Bachelor's Degree,Một phần có thể hoàn thành trực tuyến,3640.0,3773.0,62,27000.0,47821.0,53300.0,61154.0
Computer/Information Technology Administration and Management.,5,Master's Degree,Một phần có thể hoàn thành trực tuyến,3623.0,5543.0,44,,95584.0,100767.5,115503.0
Public Health.,5,Master's Degree,Không xác định,3615.0,3014.0,101,,59587.5,60869.0,71380.0
"Multi/Interdisciplinary Studies, Other.",2,Associate's Degree,Có thể hoàn thành trực tuyến,3592.0,4163.0,165,12719.0,34306.0,39584.0,45171.0
Accounting and Related Services.,2,Associate's Degree,Không xác định,3588.0,3558.0,235,20417.0,39503.5,40047.0,44860.0
"Health Professions and Related Clinical Sciences, Other.",3,Bachelor's Degree,Có thể hoàn thành trực tuyến,3580.0,3631.0,99,25369.5,36808.0,53668.5,63032.0
Computer Science.,2,Associate's Degree,Có thể hoàn thành trực tuyến,3577.0,2916.0,238,11000.0,30332.0,53025.0,63603.5
Electrical and Power Transmission Installers.,2,Associate's Degree,Có thể hoàn thành trực tuyến,3575.0,3125.0,253,12350.0,47723.0,55771.0,62008.0
"Psychology, General.",5,Master's Degree,Có thể hoàn thành trực tuyến,3564.0,3607.0,321,,49152.0,56198.0,65694.0
Nutrition Sciences.,3,Bachelor's Degree,Có thể hoàn thành trực tuyến,3544.0,3279.0,109,24418.0,30113.0,50628.0,54740.0
Educational Administration and Supervision.,8,Graduate/Professional Certificate,Một phần có thể hoàn thành trực tuyến,3534.0,4008.0,78,,78553.0,104251.0,108889.5
"Social Sciences, General.",3,Bachelor's Degree,Có thể hoàn thành trực tuyến,3525.0,3588.0,272,24937.0,37501.0,43871.5,51793.0
"Business/Commerce, General.",5,Master's Degree,Một phần có thể hoàn thành trực tuyến,3507.0,2952.0,27,,74245.5,87879.0,99317.5
Finance and Financial Management Services.,3,Bachelor's Degree,Một phần có thể hoàn thành trực tuyến,3487.0,3361.0,52,23527.5,50875.5,62664.0,72754.0
Statistics.,5,Master's Degree,Có thể hoàn thành trực tuyến,3461.0,3404.0,156,,91465.5,109381.5,123982.0
Civil Engineering.,5,Master's Degree,Có thể hoàn thành trực tuyến,3457.0,3470.0,165,,79679.0,87976.5,95704.0
Health and Physical Education/Fitness.,3,Bachelor's Degree,Một phần có thể hoàn thành trực tuyến,3448.0,3463.0,48,26000.5,31401.0,43403.0,50846.0
Computer Engineering.,5,Master's Degree,Có thể hoàn thành trực tuyến,3422.0,3328.0,122,,120756.0,135359.5,163974.0
"Health Services/Allied Health/Health Sciences, General.",3,Bachelor's Degree,Không xác định,3414.0,3147.0,55,29298.0,42012.0,48090.0,54820.5
Educational Administration and Supervision.,8,Graduate/Professional Certificate,Có thể hoàn thành trực tuyến,3400.0,3189.0,255,,80952.0,92624.0,98956.5
Health and Medical Administrative Services.,5,Master's Degree,Có thể hoàn thành trực tuyến,3395.0,3506.0,176,,69849.0,81912.5,91062.0
Air Transportation.,3,Bachelor's Degree,Có thể hoàn thành trực tuyến,3391.0,2916.0,85,24615.0,40876.0,67791.0,75280.0
Electrical Engineering Technologies/Technicians.,1,Undergraduate Certificate or Diploma,Có thể hoàn thành trực tuyến,3377.0,3436.0,300,11807.0,57252.0,42091.5,47516.5
Biological and Physical Sciences.,2,Associate's Degree,Một phần có thể hoàn thành trực tuyến,3374.0,3357.0,11,9672.5,27245.0,37327.5,46008.0
Veterinary/Animal Health Technologies/Technicians.,1,Undergraduate Certificate or Diploma,Có thể hoàn thành trực tuyến,3374.0,2868.0,128,8227.0,25638.0,28840.5,32600.0
Curriculum and Instruction.,5,Master's Degree,Có thể hoàn thành trực tuyến,3370.0,3292.0,211,,54252.0,55827.0,60722.0
Legal Research and Advanced Professional Studies.,5,Master's Degree,Có thể hoàn thành trực tuyến,3356.0,5973.0,123,,83100.5,94734.0,106476.0
Management Sciences and Quantitative Methods.,5,Master's Degree,Không xác định,3354.0,2011.0,56,,86919.0,99181.0,110553.0
Veterinary Medicine.,7,First Professional Degree,Có thể hoàn thành trực tuyến,3339.0,3279.0,34,,98037.5,104370.0,117722.0
Computer/Information Technology Administration and Management.,3,Bachelor's Degree,Có thể hoàn thành trực tuyến,3339.0,2850.0,217,25019.0,55773.0,67801.0,79255.0
"Visual and Performing Arts, General.",3,Bachelor's Degree,Có thể hoàn thành trực tuyến,3338.0,3246.0,258,26000.0,25286.0,33270.0,40407.0
"Multi/Interdisciplinary Studies, Other.",1,Undergraduate Certificate or Diploma,Có thể hoàn thành trực tuyến,3278.0,3648.0,67,18336.5,37396.0,55081.0,67854.0
"Computer and Information Sciences, General.",1,Undergraduate Certificate or Diploma,Không xác định,3277.0,3350.0,60,10288.0,40442.5,71946.5,81662.5
"Computer and Information Sciences, General.",5,Master's Degree,Không xác định,3255.0,2806.0,73,,83446.0,85289.0,96874.0
"Pharmacy, Pharmaceutical Sciences, and Administration.",3,Bachelor's Degree,Có thể hoàn thành trực tuyến,3222.0,2629.0,64,24380.5,46174.0,113478.0,133050.0
Social Work.,3,Bachelor's Degree,Một phần có thể hoàn thành trực tuyến,3219.0,2935.0,45,27000.0,38073.5,41270.5,47131.5
Fine and Studio Arts.,1,Undergraduate Certificate or Diploma,Có thể hoàn thành trực tuyến,3198.0,4050.0,99,12000.0,36639.0,38253.0,45127.5
Architectural Sciences and Technology.,5,Master's Degree,Có thể hoàn thành trực tuyến,3170.0,3172.0,79,,59857.0,64433.0,74185.0
Public Administration.,5,Master's Degree,Một phần có thể hoàn thành trực tuyến,3165.0,3127.0,64,,64823.5,69660.0,76853.5
"Business/Commerce, General.",5,Master's Degree,Có thể hoàn thành trực tuyến,3157.0,4044.0,73,,84883.5,101205.5,117082.0
Health and Physical Education/Fitness.,5,Master's Degree,Không xác định,3127.0,2634.0,82,,47339.0,52430.0,58682.0
"Human Services, General.",3,Bachelor's Degree,Không xác định,3091.0,2964.0,64,39775.0,37107.0,37972.0,44167.0
Entrepreneurial and Small Business Operations.,3,Bachelor's Degree,Có thể hoàn thành trực tuyến,3078.0,3074.0,252,23656.0,45369.5,55724.0,65868.0
Microbiological Sciences and Immunology.,3,Bachelor's Degree,Có thể hoàn thành trực tuyến,3077.0,3023.0,117,22101.5,38040.0,53694.0,65144.0
Entrepreneurial and Small Business Operations.,1,Undergraduate Certificate or Diploma,Có thể hoàn thành trực tuyến,3071.0,2953.0,304,19500.0,42545.0,,
Bioethics/Medical Ethics.,5,Master's Degree,Không xác định,3059.0,2472.0,73,,92468.0,86838.0,96443.0
Library Science and Administration.,5,Master's Degree,Không xác định,3040.0,2655.0,30,,48926.5,49777.5,54252.0
Accounting and Related Services.,1,Undergraduate Certificate or Diploma,Một phần có thể hoàn thành trực tuyến,3039.0,2617.0,112,13047.0,43291.0,40398.0,39057.0
Mental and Social Health Services and Allied Professions.,2,Associate's Degree,Có thể hoàn thành trực tuyến,3036.0,2922.0,282,20414.0,35338.0,34010.0,36942.0
"Human Development, Family Studies, and Related Services.",1,Undergraduate Certificate or Diploma,Không xác định,2998.0,2779.0,88,14903.0,21625.0,26739.0,32248.5
International Relations and National Security Studies.,5,Master's Degree,Có thể hoàn thành trực tuyến,2983.0,3218.0,81,,62266.0,78709.0,95618.0
Electrical Engineering Technologies/Technicians.,2,Associate's Degree,Có thể hoàn thành trực tuyến,2973.0,2956.0,386,13000.0,53638.0,58482.5,63292.0
Health/Medical Preparatory Programs.,3,Bachelor's Degree,Có thể hoàn thành trực tuyến,2963.0,2634.0,183,25862.5,32868.0,46969.0,64473.5
Legal Support Services.,1,Undergraduate Certificate or Diploma,Có thể hoàn thành trực tuyến,2954.0,2631.0,315,21794.0,40492.0,44964.0,54974.0
"English Language and Literature, General.",5,Master's Degree,Có thể hoàn thành trực tuyến,2927.0,2937.0,371,,41296.5,53709.0,59973.0
Finance and Financial Management Services.,1,Undergraduate Certificate or Diploma,Không xác định,2924.0,2606.0,24,23672.0,,,
Clinical/Medical Laboratory Science/Research and Allied Professions.,3,Bachelor's Degree,Có thể hoàn thành trực tuyến,2912.0,2758.0,298,26021.5,65629.0,63839.0,71178.5
Public Policy Analysis.,5,Master's Degree,Có thể hoàn thành trực tuyến,2904.0,2878.0,106,,62444.0,90527.0,101149.0
Finance and Financial Management Services.,5,Master's Degree,Có thể hoàn thành trực tuyến,2840.0,3711.0,162,,80356.0,106284.0,128289.0
"Psychology, General.",2,Associate's Degree,Một phần có thể hoàn thành trực tuyến,2840.0,2293.0,40,9047.0,25791.0,30528.0,37891.0
Computer/Information Technology Administration and Management.,1,Undergraduate Certificate or Diploma,Không xác định,2820.0,2213.0,94,12500.0,31660.0,46334.0,53016.0
Graphic Communications.,3,Bachelor's Degree,Có thể hoàn thành trực tuyến,2816.0,2587.0,123,27000.0,25301.0,41149.0,48315.0
Carpenters.,1,Undergraduate Certificate or Diploma,Có thể hoàn thành trực tuyến,2801.0,3625.0,246,11910.5,34421.0,35828.0,40648.0
Computer Software and Media Applications.,3,Bachelor's Degree,Có thể hoàn thành trực tuyến,2793.0,2559.0,158,27000.0,33752.5,48538.0,54013.0
"Registered Nursing, Nursing Administration, Nursing Research and Clinical Nursing.",2,Associate's Degree,Không xác định,2745.0,2239.0,15,21625.0,72778.0,62805.0,72427.0
Computer Systems Networking and Telecommunications.,1,Undergraduate Certificate or Diploma,Một phần có thể hoàn thành trực tuyến,2742.0,2076.0,38,14187.5,39287.0,42024.5,44721.0
Rhetoric and Composition/Writing Studies.,5,Master's Degree,Có thể hoàn thành trực tuyến,2739.0,2917.0,240,,40950.0,46643.0,52363.0
"Human Services, General.",2,Associate's Degree,Có thể hoàn thành trực tuyến,2728.0,2583.0,214,19781.0,31677.0,32796.0,36631.0
Human Resources Management and Services.,5,Master's Degree,Một phần có thể hoàn thành trực tuyến,2725.0,2713.0,46,,67162.0,70500.0,78903.5
Architectural Sciences and Technology.,3,Bachelor's Degree,Có thể hoàn thành trực tuyến,2719.0,2547.0,59,27500.0,49561.0,57992.0,62285.0
Chemistry.,6,Doctoral Degree,Có thể hoàn thành trực tuyến,2718.0,2840.0,210,,84891.5,99716.5,112673.0
Construction Engineering Technologies.,3,Bachelor's Degree,Có thể hoàn thành trực tuyến,2716.0,2676.0,56,24525.0,72253.0,82914.0,91808.5
Biomedical/Medical Engineering.,5,Master's Degree,Có thể hoàn thành trực tuyến,2715.0,2517.0,168,,82315.0,95867.5,105221.0
Health and Medical Administrative Services.,3,Bachelor's Degree,Một phần có thể hoàn thành trực tuyến,2693.0,2764.0,100,30995.0,44319.0,51123.0,58599.0
"Building/Construction Finishing, Management, and Inspection.",1,Undergraduate Certificate or Diploma,Có thể hoàn thành trực tuyến,2686.0,3127.0,291,8380.0,28485.0,28351.0,32178.0
Drafting/Design Engineering Technologies/Technicians.,2,Associate's Degree,Có thể hoàn thành trực tuyến,2680.0,2860.0,395,13750.0,45433.5,50502.5,56219.0
Fine and Studio Arts.,5,Master's Degree,Có thể hoàn thành trực tuyến,2678.0,2796.0,275,,30612.0,41122.5,44417.0
Fire Protection.,2,Associate's Degree,Có thể hoàn thành trực tuyến,2676.0,2627.0,334,10192.0,51007.0,52788.0,62319.5
Economics.,2,Associate's Degree,Có thể hoàn thành trực tuyến,2672.0,2196.0,106,,,,
"Teacher Education and Professional Development, Specific Levels and Methods.",8,Graduate/Professional Certificate,Có thể hoàn thành trực tuyến,2669.0,2327.0,204,,56315.0,67290.5,69469.0
Computer Programming.,1,Undergraduate Certificate or Diploma,Có thể hoàn thành trực tuyến,2666.0,2732.0,291,12165.0,52111.5,41572.0,55645.5
"Computer and Information Sciences, General.",2,Associate's Degree,Không xác định,2653.0,2293.0,96,15109.0,40984.0,44897.0,51481.0
Computer Systems Networking and Telecommunications.,2,Associate's Degree,Có thể hoàn thành trực tuyến,2653.0,2898.0,294,18862.0,41270.0,51108.0,57157.0
Cognitive Science.,3,Bachelor's Degree,Có thể hoàn thành trực tuyến,2650.0,2554.0,56,18000.0,41852.0,62158.0,76561.0
Dance.,3,Bachelor's Degree,Có thể hoàn thành trực tuyến,2636.0,2784.0,266,25000.0,22436.5,29323.5,32997.5
"Teacher Education and Professional Development, Specific Levels and Methods.",1,Undergraduate Certificate or Diploma,Một phần có thể hoàn thành trực tuyến,2631.0,2669.0,55,12358.0,28038.0,23714.0,27895.0
Chiropractic.,7,First Professional Degree,Có thể hoàn thành trực tuyến,2626.0,2578.0,16,,49308.0,50040.0,59986.0
Communication and Media Studies.,3,Bachelor's Degree,Không xác định,2624.0,2341.0,58,27000.0,38419.0,46188.0,49158.0
Physical Sciences.,2,Associate's Degree,Có thể hoàn thành trực tuyến,2621.0,2811.0,114,8812.5,26948.0,37488.0,47678.0
"Human Services, General.",3,Bachelor's Degree,Có thể hoàn thành trực tuyến,2615.0,2635.0,107,28703.0,36616.0,41105.0,46085.0
Natural Resources Conservation and Research.,5,Master's Degree,Có thể hoàn thành trực tuyến,2612.0,2510.0,201,,55039.0,65064.0,75029.5
"Clinical, Counseling and Applied Psychology.",3,Bachelor's Degree,Có thể hoàn thành trực tuyến,2607.0,2494.0,131,25073.5,35046.5,46414.0,51623.0
"Teacher Education and Professional Development, Specific Levels and Methods.",2,Associate's Degree,Không xác định,2603.0,2450.0,90,13317.0,22489.5,28609.0,30174.0
"Arts, Entertainment,and Media Management.",3,Bachelor's Degree,Có thể hoàn thành trực tuyến,2601.0,2773.0,205,25985.0,28258.5,39325.0,44080.0
"Business/Commerce, General.",1,Undergraduate Certificate or Diploma,Có thể hoàn thành trực tuyến,2584.0,2801.0,140,14094.0,32743.5,43145.0,50263.0
"Engineering, General.",3,Bachelor's Degree,Có thể hoàn thành trực tuyến,2578.0,2866.0,227,26989.0,67977.5,80280.0,88670.0
"General Sales, Merchandising and Related Marketing Operations.",3,Bachelor's Degree,Có thể hoàn thành trực tuyến,2565.0,2324.0,56,24979.0,50281.0,64199.0,73389.0
Computer Programming.,2,Associate's Degree,Có thể hoàn thành trực tuyến,2562.0,2465.0,278,14165.0,37074.0,52190.0,59279.0
"Foods, Nutrition, and Related Services.",3,Bachelor's Degree,Có thể hoàn thành trực tuyến,2558.0,2497.0,97,25000.0,31624.0,47277.0,55177.0
Industrial Production Technologies/Technicians.,2,Associate's Degree,Có thể hoàn thành trực tuyến,2553.0,2858.0,337,15834.0,56225.0,64127.0,71485.0
Rehabilitation and Therapeutic Professions.,7,First Professional Degree,Một phần có thể hoàn thành trực tuyến,2549.0,2488.0,29,,74587.0,71720.5,79657.5
Clinical/Medical Laboratory Science/Research and Allied Professions.,2,Associate's Degree,Có thể hoàn thành trực tuyến,2542.0,2307.0,280,23443.5,48172.0,46495.0,53670.0
"Allied Health Diagnostic, Intervention, and Treatment Professions.",1,Undergraduate Certificate or Diploma,Một phần có thể hoàn thành trực tuyến,2539.0,2568.0,40,14184.5,51956.5,58383.0,71224.0
Mechanical Engineering Related Technologies/Technicians.,3,Bachelor's Degree,Có thể hoàn thành trực tuyến,2527.0,2624.0,83,27000.0,62363.0,72469.0,80580.5
Biological and Physical Sciences.,3,Bachelor's Degree,Có thể hoàn thành trực tuyến,2515.0,2510.0,130,25162.0,34380.0,52181.0,64219.0
"Registered Nursing, Nursing Administration, Nursing Research and Clinical Nursing.",7,First Professional Degree,Không xác định,2515.0,2313.0,112,,107154.0,103122.0,110979.0
Audiovisual Communications Technologies/Technicians.,1,Undergraduate Certificate or Diploma,Có thể hoàn thành trực tuyến,2514.0,2547.0,203,9500.0,14489.5,23592.0,28220.0
Apparel and Textiles.,3,Bachelor's Degree,Có thể hoàn thành trực tuyến,2510.0,2553.0,83,24750.0,37111.0,45155.0,54897.0
"Electrical, Electronics and Communications Engineering.",5,Master's Degree,Một phần có thể hoàn thành trực tuyến,2479.0,2782.0,35,,112426.5,119820.5,137692.0
"Business Administration, Management and Operations.",8,Graduate/Professional Certificate,Không xác định,2476.0,1890.0,167,,71792.5,63339.0,74617.0
Educational Administration and Supervision.,6,Doctoral Degree,Không xác định,2463.0,1975.0,80,,86406.0,82959.0,92043.5
Health and Medical Administrative Services.,5,Master's Degree,Một phần có thể hoàn thành trực tuyến,2462.0,2595.0,66,,72919.5,88198.0,97801.5
"Computer and Information Sciences, General.",2,Associate's Degree,Một phần có thể hoàn thành trực tuyến,2449.0,2050.0,90,15312.5,38282.5,42389.0,53457.0
"Psychology, General.",2,Associate's Degree,Không xác định,2439.0,2033.0,66,12319.0,28356.5,30402.0,35051.0
"Parks, Recreation and Leisure Studies.",3,Bachelor's Degree,Có thể hoàn thành trực tuyến,2398.0,2555.0,116,22875.0,34451.0,44407.0,50685.0
"Biology, General.",3,Bachelor's Degree,Một phần có thể hoàn thành trực tuyến,2395.0,2267.0,29,23313.0,34584.5,43627.0,59327.0
Security Science and Technology.,3,Bachelor's Degree,Có thể hoàn thành trực tuyến,2394.0,2288.0,137,24552.0,39956.0,48806.0,55920.0
Public Policy Analysis.,3,Bachelor's Degree,Có thể hoàn thành trực tuyến,2391.0,2348.0,107,21500.0,43837.0,59219.0,67947.0
Human Resources Management and Services.,5,Master's Degree,Có thể hoàn thành trực tuyến,2379.0,2335.0,164,,61187.0,64703.0,77437.5
Hospitality Administration/Management.,1,Undergraduate Certificate or Diploma,Có thể hoàn thành trực tuyến,2374.0,2530.0,251,12617.0,28030.5,28774.5,34648.0
Zoology/Animal Biology.,3,Bachelor's Degree,Có thể hoàn thành trực tuyến,2371.0,2512.0,92,24393.0,28469.0,38862.0,49353.5
Information Science/Studies.,3,Bachelor's Degree,Không xác định,2370.0,2119.0,43,53250.0,71167.0,78793.0,87437.0
Human Resources Management and Services.,1,Undergraduate Certificate or Diploma,Không xác định,2369.0,1793.0,81,18345.5,43512.5,53438.0,63023.5
Computer Software and Media Applications.,1,Undergraduate Certificate or Diploma,Có thể hoàn thành trực tuyến,2367.0,2365.0,341,12000.0,30535.0,23092.0,27091.5
Dietetics and Clinical Nutrition Services.,3,Bachelor's Degree,Có thể hoàn thành trực tuyến,2355.0,2461.0,135,24309.5,32626.5,48217.0,55754.0
Plumbing and Related Water Supply Services.,1,Undergraduate Certificate or Diploma,Có thể hoàn thành trực tuyến,2350.0,2140.0,162,9500.0,35252.0,37163.0,44548.0
"English Language and Literature, General.",2,Associate's Degree,Có thể hoàn thành trực tuyến,2347.0,2161.0,186,5700.0,24207.0,25419.0,33770.0
Accounting and Related Services.,5,Master's Degree,Một phần có thể hoàn thành trực tuyến,2336.0,2646.0,68,,71592.5,84936.0,99479.0
Educational Administration and Supervision.,8,Graduate/Professional Certificate,Không xác định,2319.0,2373.0,96,,77754.5,77553.0,88976.0
Computer Systems Networking and Telecommunications.,1,Undergraduate Certificate or Diploma,Không xác định,2303.0,2278.0,34,9500.0,37864.0,48240.0,53940.0
History.,5,Master's Degree,Có thể hoàn thành trực tuyến,2303.0,2252.0,337,,39749.0,54571.0,65556.0
Business Operations Support and Assistant Services.,1,Undergraduate Certificate or Diploma,Không xác định,2297.0,2242.0,138,6861.0,18214.0,17637.0,21361.0
Finance and Financial Management Services.,3,Bachelor's Degree,Không xác định,2296.0,2125.0,67,27188.5,49275.0,60358.0,67177.5
Mathematics.,5,Master's Degree,Có thể hoàn thành trực tuyến,2293.0,2315.0,315,,61985.5,56725.0,68157.0
Human Resources Management and Services.,3,Bachelor's Degree,Một phần có thể hoàn thành trực tuyến,2292.0,2380.0,62,29225.0,49588.0,53197.0,62126.0
Non-Professional General Legal Studies (Undergraduate).,3,Bachelor's Degree,Có thể hoàn thành trực tuyến,2284.0,2093.0,135,23812.5,38579.0,54111.0,63933.0
Information Science/Studies.,5,Master's Degree,Một phần có thể hoàn thành trực tuyến,2284.0,2223.0,29,,90950.0,114259.0,130160.0
Sociology.,3,Bachelor's Degree,Không xác định,2268.0,2141.0,55,28325.5,34078.0,41879.0,46199.5
"Psychology, General.",5,Master's Degree,Không xác định,2263.0,1979.0,33,,47775.5,52304.5,55583.0
Political Science and Government.,3,Bachelor's Degree,Không xác định,2249.0,2095.0,36,24531.0,36422.0,48474.0,55670.5
Sociology.,3,Bachelor's Degree,Một phần có thể hoàn thành trực tuyến,2241.0,2251.0,54,25585.0,34883.5,41130.5,47981.5
"Human Development, Family Studies, and Related Services.",3,Bachelor's Degree,Một phần có thể hoàn thành trực tuyến,2218.0,2143.0,30,26000.0,33786.5,40188.5,45761.5
Health Aides/Attendants/Orderlies.,1,Undergraduate Certificate or Diploma,Có thể hoàn thành trực tuyến,2213.0,2338.0,110,7786.5,21729.0,26384.0,30608.0
"Human Development, Family Studies, and Related Services.",1,Undergraduate Certificate or Diploma,Một phần có thể hoàn thành trực tuyến,2208.0,1827.0,58,12000.0,23536.5,28434.0,27313.0
Student Counseling and Personnel Services.,5,Master's Degree,Một phần có thể hoàn thành trực tuyến,2205.0,2331.0,49,,48494.0,51266.5,56127.0
Health and Physical Education/Fitness.,3,Bachelor's Degree,Không xác định,2194.0,1940.0,35,23250.0,32130.5,44483.0,50486.5
Fine and Studio Arts.,1,Undergraduate Certificate or Diploma,Không xác định,2176.0,2387.0,7,11187.0,,40283.0,44864.0
Information Science/Studies.,5,Master's Degree,Không xác định,2167.0,2152.0,54,,71873.0,87889.0,94667.0
Hospitality Administration/Management.,2,Associate's Degree,Có thể hoàn thành trực tuyến,2133.0,2118.0,289,16006.5,28789.0,29113.0,33481.0
"Specialized Sales, Merchandising and  Marketing Operations.",3,Bachelor's Degree,Có thể hoàn thành trực tuyến,2126.0,2239.0,83,26345.0,36264.5,43901.0,50026.0
"Electrical, Electronics and Communications Engineering.",6,Doctoral Degree,Có thể hoàn thành trực tuyến,2122.0,2300.0,157,,,149169.0,235755.0
Industrial Production Technologies/Technicians.,3,Bachelor's Degree,Có thể hoàn thành trực tuyến,2120.0,2255.0,95,24250.0,58817.0,68935.0,77717.5
Chemistry.,5,Master's Degree,Có thể hoàn thành trực tuyến,2119.0,2176.0,317,,60750.0,72645.5,112497.0
Business Operations Support and Assistant Services.,2,Associate's Degree,Có thể hoàn thành trực tuyến,2116.0,2249.0,498,20000.0,28691.0,30320.5,36206.0
Public Health.,3,Bachelor's Degree,Một phần có thể hoàn thành trực tuyến,2103.0,1958.0,35,26998.0,40682.0,46562.0,55042.5
Health/Medical Preparatory Programs.,2,Associate's Degree,Có thể hoàn thành trực tuyến,2102.0,1939.0,157,14152.0,28913.0,42748.5,48140.5
Student Counseling and Personnel Services.,5,Master's Degree,Không xác định,2097.0,1978.0,48,,52538.0,51373.0,56332.5
Construction Management.,3,Bachelor's Degree,Có thể hoàn thành trực tuyến,2096.0,1969.0,72,25000.0,72480.5,81890.0,92752.0
Management Information Systems and Services.,3,Bachelor's Degree,Không xác định,2078.0,1983.0,57,28320.0,61564.5,61945.0,75870.0
"Multi-/Interdisciplinary Studies, General.",3,Bachelor's Degree,Không xác định,2053.0,1846.0,38,30131.5,36588.0,43117.0,49980.5
Public Administration.,3,Bachelor's Degree,Có thể hoàn thành trực tuyến,2044.0,2155.0,127,21108.0,43110.0,51826.0,58384.5
Allied Health and Medical Assisting Services.,2,Associate's Degree,Một phần có thể hoàn thành trực tuyến,2034.0,1978.0,33,19843.0,37307.0,36277.0,40315.5
Real Estate.,1,Undergraduate Certificate or Diploma,Có thể hoàn thành trực tuyến,1996.0,1677.0,97,20993.0,33690.5,32214.5,46677.0
Computer Science.,3,Bachelor's Degree,Không xác định,1996.0,1267.0,40,32614.0,65041.0,73463.0,75262.0
"Clinical, Counseling and Applied Psychology.",6,Doctoral Degree,Có thể hoàn thành trực tuyến,1993.0,1963.0,205,,71750.0,84166.0,93613.0
"Registered Nursing, Nursing Administration, Nursing Research and Clinical Nursing.",8,Graduate/Professional Certificate,Có thể hoàn thành trực tuyến,1991.0,2081.0,254,,121657.0,108725.0,119946.0
Communication and Media Studies.,5,Master's Degree,Có thể hoàn thành trực tuyến,1989.0,2083.0,221,,45215.0,56629.0,67033.0
"Social Sciences, General.",2,Associate's Degree,Không xác định,1972.0,2079.0,33,10750.0,25618.5,34575.0,38042.5
Information Science/Studies.,5,Master's Degree,Có thể hoàn thành trực tuyến,1945.0,2241.0,71,,58864.0,88546.0,88529.0
"Radio, Television, and Digital Communication.",1,Undergraduate Certificate or Diploma,Có thể hoàn thành trực tuyến,1941.0,2107.0,128,9500.0,18896.0,24871.0,27396.0
Biological and Physical Sciences.,2,Associate's Degree,Không xác định,1922.0,1617.0,10,10562.0,23059.0,41669.5,47858.5
Computer/Information Technology Administration and Management.,1,Undergraduate Certificate or Diploma,Một phần có thể hoàn thành trực tuyến,1915.0,1710.0,59,16926.0,73588.0,49566.5,51863.5
History.,3,Bachelor's Degree,Không xác định,1915.0,1765.0,51,28250.0,34016.0,40844.0,47898.0
Social Work.,3,Bachelor's Degree,Không xác định,1907.0,1759.0,38,28375.0,37874.5,44141.5,47602.5
Human Biology.,3,Bachelor's Degree,Có thể hoàn thành trực tuyến,1906.0,1582.0,32,17312.5,31689.5,59966.5,77466.0
"Teacher Education and Professional Development, Specific Levels and Methods.",2,Associate's Degree,Một phần có thể hoàn thành trực tuyến,1895.0,1892.0,65,15250.0,24148.0,30852.0,35787.5
"Health Services/Allied Health/Health Sciences, General.",2,Associate's Degree,Không xác định,1882.0,1337.0,43,15859.0,39595.0,32036.0,41721.0
Air Transportation.,3,Bachelor's Degree,Không xác định,1879.0,1585.0,14,23500.0,53331.0,72710.0,80063.5
Plant Sciences.,3,Bachelor's Degree,Có thể hoàn thành trực tuyến,1878.0,1969.0,83,20500.0,43873.0,45554.0,53411.0
Teaching English or French as a Second or Foreign Language.,5,Master's Degree,Có thể hoàn thành trực tuyến,1873.0,1986.0,172,,60393.0,55834.0,70011.5
"Parks, Recreation and Leisure Facilities Management.",3,Bachelor's Degree,Có thể hoàn thành trực tuyến,1873.0,2134.0,99,25000.0,33997.5,41908.5,46771.0
"Ecology, Evolution, Systematics, and Population Biology.",5,Master's Degree,Có thể hoàn thành trực tuyến,1872.0,1929.0,138,,55795.0,74506.0,86803.5
Political Science and Government.,2,Associate's Degree,Có thể hoàn thành trực tuyến,1871.0,1785.0,173,,,39871.0,
"Heating, Air Conditioning, Ventilation and Refrigeration Maintenance Technology/Technician (HAC, HACR, HVAC, HVACR).",2,Associate's Degree,Có thể hoàn thành trực tuyến,1871.0,1842.0,244,17365.5,41851.5,46000.5,50235.0
"Business, Management, Marketing, and Related Support Services, Other.",3,Bachelor's Degree,Có thể hoàn thành trực tuyến,1868.0,1732.0,66,24438.5,46634.0,62277.0,69187.0
Physics.,5,Master's Degree,Có thể hoàn thành trực tuyến,1847.0,1989.0,249,,61755.5,111691.5,107276.0
Homeland Security.,5,Master's Degree,Không xác định,1829.0,1664.0,47,,72464.0,69871.0,83721.0
"Business/Commerce, General.",5,Master's Degree,Không xác định,1827.0,1658.0,28,,74100.0,83305.0,98162.0
Graphic Communications.,1,Undergraduate Certificate or Diploma,Có thể hoàn thành trực tuyến,1826.0,1814.0,223,,12881.5,23366.0,37089.0
History.,2,Associate's Degree,Có thể hoàn thành trực tuyến,1825.0,1758.0,174,,,,
Public Health.,3,Bachelor's Degree,Không xác định,1822.0,1540.0,45,31129.0,38753.0,47303.5,53166.0
"Family and Consumer Sciences/Human Sciences, General.",3,Bachelor's Degree,Có thể hoàn thành trực tuyến,1820.0,2159.0,88,26000.0,31748.0,37718.0,43778.0
Management Information Systems and Services.,5,Master's Degree,Không xác định,1815.0,1771.0,41,,80690.5,84920.0,91674.0
Marketing.,5,Master's Degree,Có thể hoàn thành trực tuyến,1805.0,1821.0,98,,65192.5,88704.0,101325.5
"Business Administration, Management and Operations.",8,Graduate/Professional Certificate,Có thể hoàn thành trực tuyến,1803.0,1975.0,227,,71245.0,70409.0,76848.0
Optometry.,7,First Professional Degree,Có thể hoàn thành trực tuyến,1803.0,1666.0,23,,97611.0,113002.0,120051.0
Environmental/Environmental Health Engineering.,3,Bachelor's Degree,Có thể hoàn thành trực tuyến,1799.0,1770.0,119,23250.0,64608.0,71122.5,80713.5
Computer Science.,3,Bachelor's Degree,Một phần có thể hoàn thành trực tuyến,1798.0,1610.0,22,26000.0,74188.0,94403.0,109905.0
Special Education and Teaching.,3,Bachelor's Degree,Không xác định,1783.0,1527.0,29,29875.0,43258.0,41964.0,47030.0
Applied Horticulture and Horticultural Business Services.,1,Undergraduate Certificate or Diploma,Có thể hoàn thành trực tuyến,1776.0,2298.0,206,13722.0,28703.0,31671.5,42088.0
"Agriculture, General.",3,Bachelor's Degree,Có thể hoàn thành trực tuyến,1772.0,1687.0,76,21301.0,39700.0,47650.5,57057.0
"Multi-/Interdisciplinary Studies, General.",3,Bachelor's Degree,Một phần có thể hoàn thành trực tuyến,1767.0,1865.0,37,26899.0,39406.0,44494.0,52167.0
Mechanical Engineering Related Technologies/Technicians.,2,Associate's Degree,Có thể hoàn thành trực tuyến,1767.0,1855.0,215,15387.0,48312.0,58274.5,68875.5
Audiovisual Communications Technologies/Technicians.,2,Associate's Degree,Có thể hoàn thành trực tuyến,1765.0,1900.0,187,18293.5,21151.0,29852.5,34163.0
Health and Physical Education/Fitness.,5,Master's Degree,Một phần có thể hoàn thành trực tuyến,1765.0,1613.0,54,,44437.0,50928.0,56266.0
Computer/Information Technology Administration and Management.,5,Master's Degree,Có thể hoàn thành trực tuyến,1765.0,1610.0,96,,95895.0,135289.0,164542.0
Physics.,6,Doctoral Degree,Có thể hoàn thành trực tuyến,1749.0,1797.0,196,,99493.5,128408.0,147953.5
Computer Software and Media Applications.,5,Master's Degree,Không xác định,1747.0,1507.0,20,,97389.0,83281.0,115316.0
Criminal Justice and Corrections.,1,Undergraduate Certificate or Diploma,Không xác định,1747.0,1675.0,81,16328.5,33802.5,32490.0,40055.0
Criminal Justice and Corrections.,5,Master's Degree,Có thể hoàn thành trực tuyến,1742.0,1624.0,145,,48278.0,52773.5,57638.0
Real Estate.,3,Bachelor's Degree,Có thể hoàn thành trực tuyến,1718.0,1591.0,58,21126.0,55456.0,75147.0,87821.0
Hospitality Administration/Management.,3,Bachelor's Degree,Một phần có thể hoàn thành trực tuyến,1715.0,1698.0,32,23989.0,34401.5,43213.0,50410.0
"Allied Health Diagnostic, Intervention, and Treatment Professions.",2,Associate's Degree,Một phần có thể hoàn thành trực tuyến,1714.0,1780.0,36,19125.0,52655.5,51567.5,58145.0
"Social Sciences, General.",3,Bachelor's Degree,Không xác định,1706.0,1688.0,36,27000.0,42932.0,44442.0,53697.5
"Registered Nursing, Nursing Administration, Nursing Research and Clinical Nursing.",6,Doctoral Degree,Có thể hoàn thành trực tuyến,1698.0,1865.0,144,,132110.5,125586.0,137042.5
Wildlife and Wildlands Science and Management.,3,Bachelor's Degree,Có thể hoàn thành trực tuyến,1697.0,1604.0,59,24937.0,28700.0,38745.0,45339.5
Heavy/Industrial Equipment Maintenance Technologies.,2,Associate's Degree,Có thể hoàn thành trực tuyến,1696.0,1563.0,187,12000.0,55948.5,57333.0,68321.5
"English Language and Literature, General.",3,Bachelor's Degree,Không xác định,1694.0,1569.0,40,26567.0,30425.0,38627.0,47654.0
Economics.,3,Bachelor's Degree,Một phần có thể hoàn thành trực tuyến,1682.0,1641.0,16,21500.0,44125.0,63764.0,76531.0
"Allied Health Diagnostic, Intervention, and Treatment Professions.",3,Bachelor's Degree,Một phần có thể hoàn thành trực tuyến,1678.0,1583.0,47,26500.0,63598.0,59642.0,66685.5
Computer Software and Media Applications.,2,Associate's Degree,Có thể hoàn thành trực tuyến,1674.0,1689.0,259,17562.5,27889.0,31725.0,34869.0
Computer Programming.,1,Undergraduate Certificate or Diploma,Không xác định,1671.0,1250.0,54,14431.0,60496.0,52213.0,65818.0
Air Transportation.,1,Undergraduate Certificate or Diploma,Có thể hoàn thành trực tuyến,1669.0,1381.0,80,6333.0,32339.0,23926.0,26538.0
"Education, General.",2,Associate's Degree,Có thể hoàn thành trực tuyến,1668.0,1691.0,133,11018.5,22519.0,33790.5,39382.0
"Clinical, Counseling and Applied Psychology.",8,Graduate/Professional Certificate,Có thể hoàn thành trực tuyến,1667.0,1500.0,199,,58181.0,69538.5,73249.0
Mental and Social Health Services and Allied Professions.,5,Master's Degree,Một phần có thể hoàn thành trực tuyến,1663.0,1404.0,33,,49297.0,54177.0,59334.0
"Social Sciences, General.",2,Associate's Degree,Một phần có thể hoàn thành trực tuyến,1648.0,1458.0,19,10000.0,26231.0,33200.5,38440.0
Teaching Assistants/Aides.,1,Undergraduate Certificate or Diploma,Có thể hoàn thành trực tuyến,1639.0,781.0,108,8756.0,13141.0,15395.0,13779.0
Electrical/Electronics Maintenance and Repair Technology.,2,Associate's Degree,Có thể hoàn thành trực tuyến,1638.0,1679.0,188,14837.0,44875.0,54625.5,64758.0
Library Science and Administration.,5,Master's Degree,Một phần có thể hoàn thành trực tuyến,1623.0,1573.0,20,,46127.0,50703.0,54803.5
Drama/Theatre Arts and Stagecraft.,2,Associate's Degree,Có thể hoàn thành trực tuyến,1621.0,1571.0,225,12000.0,15611.5,18887.0,20454.5
Political Science and Government.,3,Bachelor's Degree,Một phần có thể hoàn thành trực tuyến,1620.0,1585.0,36,25000.0,36455.5,47068.0,59150.0
"Business Administration, Management and Operations.",8,Graduate/Professional Certificate,Một phần có thể hoàn thành trực tuyến,1618.0,1403.0,79,,83542.0,74568.5,85560.5
Computer/Information Technology Administration and Management.,2,Associate's Degree,Không xác định,1610.0,1406.0,92,28174.0,61810.0,57214.0,58656.0
Dental Support Services and Allied Professions.,3,Bachelor's Degree,Có thể hoàn thành trực tuyến,1608.0,1221.0,59,25000.0,60211.0,59056.0,63669.0
Theological and Ministerial Studies.,5,Master's Degree,Không xác định,1595.0,1332.0,69,,50661.0,49728.0,58411.0
"East Asian Languages, Literatures, and Linguistics.",3,Bachelor's Degree,Có thể hoàn thành trực tuyến,1593.0,1606.0,152,20685.0,27329.5,45664.5,52552.0
Graphic Communications.,2,Associate's Degree,Có thể hoàn thành trực tuyến,1582.0,1646.0,186,11500.5,23625.5,28443.5,32847.0
Health and Physical Education/Fitness.,1,Undergraduate Certificate or Diploma,Có thể hoàn thành trực tuyến,1577.0,1343.0,218,7813.5,18641.0,21769.0,30833.0
Mechanical Engineering.,6,Doctoral Degree,Có thể hoàn thành trực tuyến,1576.0,1638.0,151,,110057.0,143455.5,165864.0
Accounting and Related Services.,2,Associate's Degree,Một phần có thể hoàn thành trực tuyến,1575.0,1639.0,103,18749.0,35640.0,41277.0,46529.5
"Ethnic, Cultural Minority, Gender, and Group Studies.",1,Undergraduate Certificate or Diploma,Có thể hoàn thành trực tuyến,1569.0,1796.0,81,22974.5,30504.0,46259.5,56563.0
"Social Sciences, Other.",3,Bachelor's Degree,Có thể hoàn thành trực tuyến,1568.0,1638.0,111,25750.0,36548.0,49213.0,56727.0
Criminology.,3,Bachelor's Degree,Không xác định,1556.0,1545.0,24,25000.0,36732.0,44252.0,50859.0
Health/Medical Preparatory Programs.,1,Undergraduate Certificate or Diploma,Có thể hoàn thành trực tuyến,1542.0,1660.0,58,16600.5,40241.0,38066.5,45756.0
Geological and Earth Sciences/Geosciences.,5,Master's Degree,Có thể hoàn thành trực tuyến,1542.0,1594.0,207,,70539.0,83288.0,80681.0
"Biology, General.",6,Doctoral Degree,Có thể hoàn thành trực tuyến,1536.0,1668.0,194,,74161.0,85918.0,100949.0
Computer Science.,5,Master's Degree,Không xác định,1531.0,1231.0,27,,88445.0,116063.0,124701.0
Homeland Security.,3,Bachelor's Degree,Không xác định,1525.0,1340.0,47,23537.5,63963.0,62271.0,70497.0
Materials Engineering,3,Bachelor's Degree,Có thể hoàn thành trực tuyến,1520.0,1627.0,61,23250.0,74110.0,80695.0,88803.0
Information Science/Studies.,3,Bachelor's Degree,Một phần có thể hoàn thành trực tuyến,1519.0,1522.0,17,26000.0,64329.0,77727.0,85758.0
"Human Services, General.",2,Associate's Degree,Không xác định,1517.0,1253.0,35,20256.5,30638.0,31250.0,34476.5
Hospitality Administration/Management.,3,Bachelor's Degree,Không xác định,1512.0,1351.0,31,26175.0,34004.0,43553.0,49970.0
Theological and Ministerial Studies.,3,Bachelor's Degree,Có thể hoàn thành trực tuyến,1509.0,1383.0,179,24762.0,31005.5,35284.0,52175.0
"Public Relations, Advertising, and Applied Communication.",3,Bachelor's Degree,Không xác định,1502.0,1409.0,26,25000.0,42099.0,51272.0,71201.0
Engineering-Related Fields.,5,Master's Degree,Một phần có thể hoàn thành trực tuyến,1495.0,1238.0,36,,107065.5,99743.0,111094.5
Drama/Theatre Arts and Stagecraft.,5,Master's Degree,Có thể hoàn thành trực tuyến,1489.0,1568.0,181,,26322.5,39186.0,42550.0
Music.,2,Associate's Degree,Có thể hoàn thành trực tuyến,1483.0,1618.0,303,17644.0,22985.0,24337.0,26805.5
Film/Video and Photographic Arts.,5,Master's Degree,Có thể hoàn thành trực tuyến,1474.0,1692.0,97,,27650.0,44627.0,48904.0
"Practical Nursing, Vocational Nursing and Nursing Assistants.",2,Associate's Degree,Có thể hoàn thành trực tuyến,1461.0,1315.0,105,18568.5,51744.0,45201.0,57609.5
Criminal Justice and Corrections.,5,Master's Degree,Một phần có thể hoàn thành trực tuyến,1459.0,1338.0,54,,54708.0,60731.0,68273.0
"Radio, Television, and Digital Communication.",5,Master's Degree,Có thể hoàn thành trực tuyến,1458.0,1195.0,81,,56147.0,70039.0,70194.0
Political Science and Government.,5,Master's Degree,Có thể hoàn thành trực tuyến,1456.0,1415.0,212,,57167.5,63220.0,71787.0
Film/Video and Photographic Arts.,2,Associate's Degree,Có thể hoàn thành trực tuyến,1456.0,1520.0,149,15858.0,21002.0,28300.0,33277.0
Mental and Social Health Services and Allied Professions.,3,Bachelor's Degree,Có thể hoàn thành trực tuyến,1449.0,1452.0,79,26000.0,40426.0,42687.0,55347.5
Physics.,2,Associate's Degree,Có thể hoàn thành trực tuyến,1449.0,1405.0,164,,,57486.0,72279.0
"Engineering Technology, General.",3,Bachelor's Degree,Có thể hoàn thành trực tuyến,1446.0,1488.0,56,25833.0,59717.5,71825.0,78409.0
"Physiology, Pathology and Related Sciences.",5,Master's Degree,Có thể hoàn thành trực tuyến,1443.0,1445.0,142,,36629.0,56822.0,64708.0
"Human Development, Family Studies, and Related Services.",3,Bachelor's Degree,Không xác định,1436.0,1378.0,35,26000.0,32588.0,34254.0,41814.0
"Multi/Interdisciplinary Studies, Other.",2,Associate's Degree,Không xác định,1434.0,1409.0,35,13545.5,38805.0,38217.5,53375.5
Vehicle Maintenance and Repair Technologies.,1,Undergraduate Certificate or Diploma,Một phần có thể hoàn thành trực tuyến,1429.0,1741.0,19,8849.0,36380.0,37788.0,46144.0
Agricultural Business and Management.,2,Associate's Degree,Có thể hoàn thành trực tuyến,1420.0,1587.0,183,11956.0,40670.5,44441.0,49972.5
Insurance.,3,Bachelor's Degree,Có thể hoàn thành trực tuyến,1417.0,1486.0,45,22758.0,56988.0,75014.5,85567.5
"Engineering, General.",5,Master's Degree,Có thể hoàn thành trực tuyến,1416.0,1302.0,88,,98195.5,106104.0,124526.0
Legal Research and Advanced Professional Studies.,5,Master's Degree,Một phần có thể hoàn thành trực tuyến,1399.0,1802.0,24,,77982.0,64900.0,80312.0
Criminology.,3,Bachelor's Degree,Một phần có thể hoàn thành trực tuyến,1396.0,904.0,24,26000.0,37214.0,45064.5,52011.0
Design and Applied Arts.,5,Master's Degree,Có thể hoàn thành trực tuyến,1388.0,1443.0,119,,47771.0,58526.0,73016.0
Engineering-Related Fields.,3,Bachelor's Degree,Có thể hoàn thành trực tuyến,1387.0,1447.0,62,25236.0,72164.0,77830.5,91402.0
Computer/Information Technology Administration and Management.,3,Bachelor's Degree,Một phần có thể hoàn thành trực tuyến,1381.0,1294.0,34,27000.0,59468.0,76145.5,87709.0
"Psychology, Other.",5,Master's Degree,Không xác định,1373.0,1323.0,10,,51812.0,51734.0,55876.0
"Biology, General.",5,Master's Degree,Một phần có thể hoàn thành trực tuyến,1366.0,1327.0,21,,53758.0,61287.0,62805.0
Food Science and Technology.,3,Bachelor's Degree,Có thể hoàn thành trực tuyến,1356.0,1339.0,66,20945.0,51887.5,60641.0,70660.0
"Engineering Technology, General.",2,Associate's Degree,Có thể hoàn thành trực tuyến,1354.0,1261.0,165,12000.0,48320.5,52429.0,61350.0
"Clinical, Counseling and Applied Psychology.",7,First Professional Degree,Có thể hoàn thành trực tuyến,1353.0,1374.0,77,,97464.0,84873.5,100215.5
Human Resources Management and Services.,8,Graduate/Professional Certificate,Không xác định,1352.0,1046.0,67,,55151.0,60341.0,70533.0
"Visual and Performing Arts, General.",2,Associate's Degree,Có thể hoàn thành trực tuyến,1334.0,1419.0,158,9770.5,23694.0,27238.5,29196.0
Mechanical Engineering Related Technologies/Technicians.,1,Undergraduate Certificate or Diploma,Có thể hoàn thành trực tuyến,1333.0,1712.0,125,9425.0,40289.0,45610.0,60555.0
Film/Video and Photographic Arts.,1,Undergraduate Certificate or Diploma,Có thể hoàn thành trực tuyến,1331.0,1612.0,166,9500.0,20014.0,21515.0,30494.0
"Pharmacy, Pharmaceutical Sciences, and Administration.",7,First Professional Degree,Một phần có thể hoàn thành trực tuyến,1329.0,1368.0,6,,109064.5,129866.5,139129.5
Rehabilitation and Therapeutic Professions.,6,Doctoral Degree,Có thể hoàn thành trực tuyến,1327.0,1236.0,80,,74323.0,76348.0,81397.0
"Registered Nursing, Nursing Administration, Nursing Research and Clinical Nursing.",8,Graduate/Professional Certificate,Không xác định,1324.0,1187.0,100,,114568.0,123209.0,126555.0
Educational Administration and Supervision.,6,Doctoral Degree,Một phần có thể hoàn thành trực tuyến,1315.0,1271.0,52,,91152.5,87873.0,95621.0
"Public Relations, Advertising, and Applied Communication.",5,Master's Degree,Có thể hoàn thành trực tuyến,1312.0,1234.0,80,,58396.0,72002.5,82246.0
"City/Urban, Community and Regional Planning.",5,Master's Degree,Có thể hoàn thành trực tuyến,1309.0,1391.0,92,,63583.0,70662.5,81284.0
Engineering-Related Fields.,5,Master's Degree,Có thể hoàn thành trực tuyến,1303.0,1323.0,76,,104122.0,110841.0,132596.0
Mental and Social Health Services and Allied Professions.,3,Bachelor's Degree,Không xác định,1303.0,1169.0,25,33215.0,39392.5,41513.5,45537.5
Marketing.,1,Undergraduate Certificate or Diploma,Có thể hoàn thành trực tuyến,1292.0,1088.0,158,22060.0,63549.0,48598.0,47565.0
"Engineering Technology, General.",1,Undergraduate Certificate or Diploma,Có thể hoàn thành trực tuyến,1291.0,947.0,89,6312.0,77072.0,49512.0,60202.0
"Public Relations, Advertising, and Applied Communication.",3,Bachelor's Degree,Một phần có thể hoàn thành trực tuyến,1290.0,1283.0,32,25955.0,37421.5,43549.0,53242.0
Chemical Engineering.,5,Master's Degree,Có thể hoàn thành trực tuyến,1288.0,1363.0,134,,89093.0,93489.0,114309.0
"Registered Nursing, Nursing Administration, Nursing Research and Clinical Nursing.",7,First Professional Degree,Một phần có thể hoàn thành trực tuyến,1286.0,1089.0,43,,112240.0,135638.0,144423.0
Communication and Media Studies.,5,Master's Degree,Một phần có thể hoàn thành trực tuyến,1280.0,1361.0,37,,57310.5,62074.0,77020.5
"Business Administration, Management and Operations.",6,Doctoral Degree,Không xác định,1267.0,1155.0,43,,95875.5,96656.5,101355.0
"Radio, Television, and Digital Communication.",2,Associate's Degree,Có thể hoàn thành trực tuyến,1267.0,1219.0,129,12000.0,26416.5,30138.0,34962.5
Design and Applied Arts.,3,Bachelor's Degree,Một phần có thể hoàn thành trực tuyến,1265.0,1262.0,17,27000.0,28669.0,51538.0,56215.0
Industrial Engineering.,5,Master's Degree,Có thể hoàn thành trực tuyến,1263.0,1280.0,56,,100452.0,99875.0,109684.0
Social Work.,2,Associate's Degree,Có thể hoàn thành trực tuyến,1262.0,1092.0,135,17711.0,31992.0,35018.0,37490.5
Engineering-Related Fields.,5,Master's Degree,Không xác định,1255.0,1187.0,37,,110914.0,109368.5,120876.5
Physical Science Technologies/Technicians.,2,Associate's Degree,Có thể hoàn thành trực tuyến,1244.0,1373.0,70,10875.0,54543.0,60788.0,95450.0
Computer Software and Media Applications.,5,Master's Degree,Có thể hoàn thành trực tuyến,1243.0,1119.0,47,,83834.5,79087.5,98313.0
Economics.,6,Doctoral Degree,Có thể hoàn thành trực tuyến,1238.0,1212.0,139,,87415.0,187289.0,162229.0
"Educational Assessment, Evaluation, and Research.",3,Bachelor's Degree,Không xác định,1231.0,612.0,2,41944.0,33086.0,35756.0,39866.0
Music.,6,Doctoral Degree,Có thể hoàn thành trực tuyến,1228.0,1247.0,107,,40600.0,49069.0,54716.5
Mechanical Engineering.,5,Master's Degree,Một phần có thể hoàn thành trực tuyến,1226.0,1188.0,24,,101655.0,104016.5,117792.0
Behavioral Sciences.,3,Bachelor's Degree,Có thể hoàn thành trực tuyến,1225.0,772.0,56,26865.0,34026.0,38845.0,43712.0
Allied Health and Medical Assisting Services.,1,Undergraduate Certificate or Diploma,Một phần có thể hoàn thành trực tuyến,1220.0,1299.0,43,12058.0,28214.5,27949.0,32091.0
Special Education and Teaching.,8,Graduate/Professional Certificate,Không xác định,1217.0,896.0,68,,58274.0,59420.5,62440.0
"Biomathematics, Bioinformatics, and Computational Biology.",5,Master's Degree,Có thể hoàn thành trực tuyến,1217.0,1149.0,123,,85849.5,98275.5,104344.5
"Registered Nursing, Nursing Administration, Nursing Research and Clinical Nursing.",6,Doctoral Degree,Không xác định,1214.0,1028.0,38,,121353.0,119059.0,131785.0
Human Resources Management and Services.,1,Undergraduate Certificate or Diploma,Có thể hoàn thành trực tuyến,1209.0,1047.0,98,16410.5,46304.0,63337.0,69835.0
"Education, General.",6,Doctoral Degree,Không xác định,1209.0,1196.0,12,,80599.5,78376.0,86029.0
Physical Science Technologies/Technicians.,1,Undergraduate Certificate or Diploma,Có thể hoàn thành trực tuyến,1201.0,1237.0,51,11756.0,50078.0,62805.0,73342.5
Management Sciences and Quantitative Methods.,8,Graduate/Professional Certificate,Có thể hoàn thành trực tuyến,1198.0,1176.0,81,,106187.5,,
Alternative and Complementary Medicine and Medical Systems.,5,Master's Degree,Có thể hoàn thành trực tuyến,1187.0,1113.0,53,,26824.0,26777.0,33827.0
Special Education and Teaching.,2,Associate's Degree,Có thể hoàn thành trực tuyến,1185.0,571.0,78,,,,
"Teacher Education and Professional Development, Specific Levels and Methods.",8,Graduate/Professional Certificate,Một phần có thể hoàn thành trực tuyến,1185.0,943.0,52,,,,
Computer Programming.,3,Bachelor's Degree,Không xác định,1183.0,770.0,27,31050.0,50242.0,74006.0,82894.0
Biological and Physical Sciences.,1,Undergraduate Certificate or Diploma,Có thể hoàn thành trực tuyến,1177.0,1015.0,12,,,,
Community Organization and Advocacy.,3,Bachelor's Degree,Không xác định,1176.0,1081.0,7,39117.0,41214.5,40256.0,46536.5
Legal Support Services.,2,Associate's Degree,Không xác định,1172.0,1031.0,94,26419.0,39952.0,36486.0,40021.0
Allied Health and Medical Assisting Services.,1,Undergraduate Certificate or Diploma,Không xác định,1171.0,864.0,40,21860.5,30106.0,29950.0,33717.0
"Clinical, Counseling and Applied Psychology.",3,Bachelor's Degree,Không xác định,1164.0,813.0,45,41256.0,35086.0,43108.0,48721.0
Air Transportation.,2,Associate's Degree,Có thể hoàn thành trực tuyến,1161.0,1068.0,107,14803.0,39956.0,68927.0,72711.0
Bible/Biblical Studies.,3,Bachelor's Degree,Một phần có thể hoàn thành trực tuyến,1159.0,1186.0,42,24500.0,35114.0,36768.5,42517.5
Special Education and Teaching.,8,Graduate/Professional Certificate,Có thể hoàn thành trực tuyến,1157.0,1114.0,199,,54109.0,65996.0,66444.5
"General Sales, Merchandising and Related Marketing Operations.",1,Undergraduate Certificate or Diploma,Có thể hoàn thành trực tuyến,1157.0,1167.0,143,22750.0,41008.5,15114.5,25447.0
Computer Science.,6,Doctoral Degree,Có thể hoàn thành trực tuyến,1144.0,1135.0,113,,,,
Mathematics.,6,Doctoral Degree,Có thể hoàn thành trực tuyến,1144.0,1141.0,165,,,81032.0,88956.0
"Teacher Education and Professional Development, Specific Subject Areas.",8,Graduate/Professional Certificate,Có thể hoàn thành trực tuyến,1143.0,1151.0,234,,71188.5,58726.5,65801.5
Chemistry.,2,Associate's Degree,Có thể hoàn thành trực tuyến,1139.0,1124.0,215,12412.0,,,
Geography and Cartography.,1,Undergraduate Certificate or Diploma,Có thể hoàn thành trực tuyến,1139.0,1012.0,160,23000.0,40962.0,50163.5,57021.0
Communication and Media Studies.,5,Master's Degree,Không xác định,1138.0,1044.0,34,,52237.0,57604.5,71817.0
Precision Metal Working.,1,Undergraduate Certificate or Diploma,Một phần có thể hoàn thành trực tuyến,1136.0,1337.0,17,5500.0,42282.0,35783.0,40463.0
International Business.,5,Master's Degree,Có thể hoàn thành trực tuyến,1135.0,1661.0,80,,96018.0,100907.5,118996.0
Agricultural Engineering.,3,Bachelor's Degree,Có thể hoàn thành trực tuyến,1132.0,1165.0,34,23000.0,65020.0,75259.0,85625.0
Teaching English or French as a Second or Foreign Language.,5,Master's Degree,Không xác định,1130.0,1016.0,43,,59286.0,57887.5,63056.0
Entrepreneurial and Small Business Operations.,1,Undergraduate Certificate or Diploma,Một phần có thể hoàn thành trực tuyến,1123.0,977.0,38,13656.5,38757.0,37989.0,36306.0
Cosmetology and Related Personal Grooming Services.,2,Associate's Degree,Có thể hoàn thành trực tuyến,1122.0,958.0,148,12000.0,19060.0,21354.0,23492.0
Sustainability Studies.,3,Bachelor's Degree,Có thể hoàn thành trực tuyến,1117.0,1019.0,108,19772.5,39261.0,47457.5,62841.0
"Classics and Classical Languages, Literatures, and Linguistics.",3,Bachelor's Degree,Có thể hoàn thành trực tuyến,1115.0,1166.0,270,22560.0,,39655.0,46895.0
Natural Resources Management and Policy.,3,Bachelor's Degree,Có thể hoàn thành trực tuyến,1112.0,1187.0,76,23129.0,36443.0,48273.0,55219.0
Research and Experimental Psychology.,5,Master's Degree,Có thể hoàn thành trực tuyến,1109.0,1005.0,115,,52959.5,76832.0,80389.0
Fire Protection.,3,Bachelor's Degree,Không xác định,1102.0,998.0,19,21515.5,82718.0,80338.0,87912.0
"Liberal Arts and Sciences, General Studies and Humanities.",5,Master's Degree,Có thể hoàn thành trực tuyến,1100.0,1211.0,159,,50299.0,62805.0,63449.0
Forestry.,3,Bachelor's Degree,Có thể hoàn thành trực tuyến,1099.0,1141.0,57,22607.0,43029.0,50461.0,59672.5
"Registered Nursing, Nursing Administration, Nursing Research and Clinical Nursing.",8,Graduate/Professional Certificate,Một phần có thể hoàn thành trực tuyến,1098.0,994.0,54,,120080.0,125879.0,120451.0
"English Language and Literature, General.",3,Bachelor's Degree,Một phần có thể hoàn thành trực tuyến,1098.0,1164.0,49,26462.5,29443.5,39200.0,44330.0
"Social Sciences, General.",3,Bachelor's Degree,Một phần có thể hoàn thành trực tuyến,1092.0,1136.0,21,28465.5,34490.0,39799.5,46705.0
"Biological and Biomedical Sciences, Other.",3,Bachelor's Degree,Có thể hoàn thành trực tuyến,1088.0,1080.0,67,21350.0,30178.0,50246.0,63641.0
Mental and Social Health Services and Allied Professions.,8,Graduate/Professional Certificate,Không xác định,1088.0,474.0,32,,49544.0,50162.0,55214.5
Chemical Engineering.,6,Doctoral Degree,Có thể hoàn thành trực tuyến,1087.0,1027.0,123,,115628.5,,
"Human Development, Family Studies, and Related Services.",2,Associate's Degree,Không xác định,1086.0,957.0,73,14882.5,22560.0,24224.5,27937.0
Rhetoric and Composition/Writing Studies.,3,Bachelor's Degree,Không xác định,1085.0,966.0,16,26186.0,35634.0,43867.0,47989.0
Sociology.,5,Master's Degree,Có thể hoàn thành trực tuyến,1082.0,1145.0,225,,52707.5,47573.0,56448.0
Electrical Engineering Technologies/Technicians.,3,Bachelor's Degree,Có thể hoàn thành trực tuyến,1080.0,1214.0,108,27000.0,68815.0,76024.5,85646.5
Biomedical/Medical Engineering.,6,Doctoral Degree,Có thể hoàn thành trực tuyến,1079.0,1068.0,132,,111753.0,116618.5,137284.0
"Allied Health Diagnostic, Intervention, and Treatment Professions.",5,Master's Degree,Một phần có thể hoàn thành trực tuyến,1078.0,1039.0,22,,109250.0,116149.0,129389.5
Funeral Service and Mortuary Science.,2,Associate's Degree,Có thể hoàn thành trực tuyến,1077.0,919.0,53,20000.0,44581.0,47688.0,55421.0
"Health Services/Allied Health/Health Sciences, General.",3,Bachelor's Degree,Một phần có thể hoàn thành trực tuyến,1064.0,1102.0,27,27000.0,41965.0,48298.0,57725.5
Sustainability Studies.,5,Master's Degree,Có thể hoàn thành trực tuyến,1060.0,916.0,67,,61183.0,68766.0,93434.0
Environmental Control Technologies/Technicians.,2,Associate's Degree,Có thể hoàn thành trực tuyến,1060.0,1072.0,170,17571.0,44917.0,47677.0,59383.0
Industrial Production Technologies/Technicians.,1,Undergraduate Certificate or Diploma,Một phần có thể hoàn thành trực tuyến,1057.0,800.0,15,10245.0,63796.0,47482.0,65210.0
"Building/Construction Finishing, Management, and Inspection.",2,Associate's Degree,Có thể hoàn thành trực tuyến,1056.0,1183.0,191,11433.0,41430.0,41975.5,47374.0
Civil Engineering.,6,Doctoral Degree,Có thể hoàn thành trực tuyến,1056.0,1130.0,134,,,96440.0,110992.0
"Business/Commerce, General.",1,Undergraduate Certificate or Diploma,Không xác định,1050.0,1150.0,45,21990.0,36810.0,47412.5,55560.5
"Germanic Languages, Literatures, and Linguistics.",3,Bachelor's Degree,Có thể hoàn thành trực tuyến,1050.0,1128.0,337,23202.5,44390.0,52318.0,55692.5
"Specialized Sales, Merchandising and  Marketing Operations.",2,Associate's Degree,Một phần có thể hoàn thành trực tuyến,1049.0,1067.0,7,12000.0,28072.0,43239.0,49376.0
Fire Protection.,2,Associate's Degree,Không xác định,1038.0,1103.0,42,15400.0,75326.0,71759.5,79935.5
"Linguistic, Comparative, and Related Language Studies and Services.",5,Master's Degree,Có thể hoàn thành trực tuyến,1035.0,1018.0,139,,37512.0,48608.0,72522.0
"Practical Nursing, Vocational Nursing and Nursing Assistants.",1,Undergraduate Certificate or Diploma,Không xác định,1028.0,863.0,11,21000.0,45271.0,46881.0,53941.0
Religion/Religious Studies.,2,Associate's Degree,Có thể hoàn thành trực tuyến,1027.0,936.0,63,,,,
Mental and Social Health Services and Allied Professions.,1,Undergraduate Certificate or Diploma,Một phần có thể hoàn thành trực tuyến,1023.0,914.0,25,15872.0,33940.0,35063.0,37876.5
"Science Technologies/Technicians, Other.",2,Associate's Degree,Có thể hoàn thành trực tuyến,1022.0,957.0,52,10761.5,38076.0,48421.5,56609.0
Biotechnology.,3,Bachelor's Degree,Có thể hoàn thành trực tuyến,1019.0,949.0,99,21132.5,49615.0,61720.0,73416.0
"Business Administration, Management and Operations.",6,Doctoral Degree,Có thể hoàn thành trực tuyến,1013.0,1007.0,166,,104532.0,100071.0,101044.0
Agricultural Production Operations.,2,Associate's Degree,Có thể hoàn thành trực tuyến,1007.0,1252.0,152,11314.5,34569.0,36772.5,41903.0
Public Health.,8,Graduate/Professional Certificate,Có thể hoàn thành trực tuyến,1007.0,865.0,102,,69591.0,72757.5,92420.5
Mechanical Engineering.,5,Master's Degree,Không xác định,1006.0,966.0,18,,94124.5,99480.0,111218.0
Urban Studies/Affairs.,3,Bachelor's Degree,Có thể hoàn thành trực tuyến,1005.0,970.0,105,23000.0,39410.0,55065.0,60709.0
"Biology, General.",3,Bachelor's Degree,Không xác định,997.0,854.0,12,16602.0,31392.0,47338.0,58703.0
"Psychology, General.",6,Doctoral Degree,Có thể hoàn thành trực tuyến,995.0,1070.0,135,,74514.0,89667.0,102289.0
Design and Applied Arts.,1,Undergraduate Certificate or Diploma,Một phần có thể hoàn thành trực tuyến,991.0,1030.0,30,28875.0,,39240.0,38909.0
Research and Experimental Psychology.,3,Bachelor's Degree,Một phần có thể hoàn thành trực tuyến,991.0,761.0,11,23171.5,32787.0,41630.0,45360.0
Agricultural Production Operations.,1,Undergraduate Certificate or Diploma,Có thể hoàn thành trực tuyến,990.0,1217.0,143,11000.0,37451.0,24603.0,37192.0
"Teacher Education and Professional Development, Specific Levels and Methods.",1,Undergraduate Certificate or Diploma,Không xác định,990.0,811.0,58,17579.0,19888.0,18012.0,24936.5
"Practical Nursing, Vocational Nursing and Nursing Assistants.",1,Undergraduate Certificate or Diploma,Một phần có thể hoàn thành trực tuyến,989.0,1176.0,19,16667.0,42518.0,42280.0,48011.0
"Education, Other.",3,Bachelor's Degree,Có thể hoàn thành trực tuyến,989.0,932.0,89,25732.0,32110.0,39111.0,48016.0
American Sign Language.,1,Undergraduate Certificate or Diploma,Có thể hoàn thành trực tuyến,988.0,994.0,112,17000.0,29878.0,31688.0,36264.0
Religion/Religious Studies.,3,Bachelor's Degree,Một phần có thể hoàn thành trực tuyến,986.0,913.0,29,26825.0,29582.0,44318.0,45113.0
Computer Engineering Technologies/Technicians.,1,Undergraduate Certificate or Diploma,Có thể hoàn thành trực tuyến,986.0,1192.0,125,10813.0,23458.0,26890.0,32650.0
"Construction Trades, General.",1,Undergraduate Certificate or Diploma,Có thể hoàn thành trực tuyến,981.0,2019.0,94,8777.5,26284.5,36408.0,44295.5
Finance and Financial Management Services.,5,Master's Degree,Không xác định,981.0,876.0,49,,75358.0,83565.0,94147.0
Astronomy and Astrophysics.,3,Bachelor's Degree,Có thể hoàn thành trực tuyến,979.0,873.0,105,24678.0,39728.0,50573.0,61537.5
History.,3,Bachelor's Degree,Một phần có thể hoàn thành trực tuyến,975.0,969.0,52,25000.0,30581.0,39709.0,46877.0
"Electrical, Electronics and Communications Engineering.",5,Master's Degree,Không xác định,975.0,1034.0,23,,107805.5,123056.0,140279.0
Music.,3,Bachelor's Degree,Một phần có thể hoàn thành trực tuyến,972.0,1019.0,19,27000.0,24890.0,29205.0,35347.0
Legal Support Services.,1,Undergraduate Certificate or Diploma,Không xác định,960.0,858.0,70,20834.0,35289.0,40949.0,44096.0
Communication Disorders Sciences and Services.,5,Master's Degree,Một phần có thể hoàn thành trực tuyến,956.0,886.0,19,,57490.0,59346.0,61437.5
International Relations and National Security Studies.,5,Master's Degree,Một phần có thể hoàn thành trực tuyến,954.0,955.0,14,,68509.0,84511.5,94745.5
"Romance Languages, Literatures, and Linguistics.",1,Undergraduate Certificate or Diploma,Có thể hoàn thành trực tuyến,950.0,794.0,88,24695.0,34130.5,45433.0,52108.0
Management Sciences and Quantitative Methods.,1,Undergraduate Certificate or Diploma,Có thể hoàn thành trực tuyến,945.0,660.0,51,19854.0,68079.0,77704.0,
Computer Programming.,1,Undergraduate Certificate or Diploma,Một phần có thể hoàn thành trực tuyến,944.0,866.0,45,14250.0,37250.0,76625.0,76035.0
Applied Horticulture and Horticultural Business Services.,2,Associate's Degree,Có thể hoàn thành trực tuyến,943.0,1217.0,185,12000.0,34190.0,39196.0,45046.5
Audiovisual Communications Technologies/Technicians.,3,Bachelor's Degree,Có thể hoàn thành trực tuyến,939.0,953.0,58,27000.0,23526.5,37348.5,38947.0
American Sign Language.,2,Associate's Degree,Có thể hoàn thành trực tuyến,934.0,958.0,122,25131.0,28103.0,33207.0,36365.0
Area Studies.,5,Master's Degree,Có thể hoàn thành trực tuyến,932.0,1012.0,122,,44276.0,72551.0,83946.0
Educational/Instructional Media Design.,8,Graduate/Professional Certificate,Không xác định,928.0,734.0,94,,64530.0,61634.5,77387.0
"Engineering, Other.",5,Master's Degree,Có thể hoàn thành trực tuyến,927.0,830.0,49,,95167.0,140913.0,135236.0
Design and Applied Arts.,3,Bachelor's Degree,Không xác định,926.0,818.0,24,34349.0,31802.0,43716.0,53447.5
"Engineering, General.",5,Master's Degree,Không xác định,924.0,937.0,21,,105735.0,103285.0,120233.0
"English Language and Literature, General.",6,Doctoral Degree,Có thể hoàn thành trực tuyến,923.0,1106.0,149,,58134.5,60183.0,64445.0
Security Science and Technology.,1,Undergraduate Certificate or Diploma,Có thể hoàn thành trực tuyến,920.0,809.0,115,28000.0,48143.5,18635.0,48661.0
"Romance Languages, Literatures, and Linguistics.",2,Associate's Degree,Có thể hoàn thành trực tuyến,918.0,984.0,114,8500.0,,,
Computer/Information Technology Administration and Management.,2,Associate's Degree,Một phần có thể hoàn thành trực tuyến,916.0,836.0,51,20167.0,41473.0,48067.0,58598.0
Geography and Cartography.,5,Master's Degree,Có thể hoàn thành trực tuyến,913.0,1108.0,138,,65663.0,77782.0,83499.0
History.,5,Master's Degree,Không xác định,910.0,744.0,28,,46738.0,51765.0,60138.0
"Biochemistry, Biophysics and Molecular Biology.",6,Doctoral Degree,Có thể hoàn thành trực tuyến,908.0,974.0,168,,71218.0,86292.0,107389.0
Advanced/Graduate Dentistry and Oral Sciences.,8,Graduate/Professional Certificate,Có thể hoàn thành trực tuyến,908.0,826.0,40,,191396.0,175955.0,221983.0
Materials Engineering,5,Master's Degree,Có thể hoàn thành trực tuyến,902.0,943.0,86,,97525.0,,
"Intelligence, Command Control and Information Operations.",2,Associate's Degree,Có thể hoàn thành trực tuyến,901.0,813.0,8,16642.0,48755.0,58181.0,76577.0
"Teacher Education and Professional Development, Specific Subject Areas.",3,Bachelor's Degree,Một phần có thể hoàn thành trực tuyến,898.0,832.0,43,26500.0,42543.0,44606.0,49919.0
"Education, General.",1,Undergraduate Certificate or Diploma,Có thể hoàn thành trực tuyến,898.0,662.0,35,20500.0,49761.0,,22760.0
Anthropology.,5,Master's Degree,Có thể hoàn thành trực tuyến,895.0,996.0,168,,37519.0,53708.5,56059.0
"Aerospace, Aeronautical and Astronautical Engineering.",5,Master's Degree,Có thể hoàn thành trực tuyến,892.0,835.0,42,,102439.0,105142.0,117792.0
Homeland Security.,3,Bachelor's Degree,Có thể hoàn thành trực tuyến,891.0,776.0,44,23250.0,42802.0,53435.0,63715.0
"Human Services, General.",5,Master's Degree,Không xác định,886.0,759.0,23,,49445.0,45552.0,50719.5
Applied Mathematics.,5,Master's Degree,Một phần có thể hoàn thành trực tuyến,883.0,729.0,9,,84983.0,101569.0,110155.0
Mathematics and Computer Science.,3,Bachelor's Degree,Có thể hoàn thành trực tuyến,881.0,905.0,79,23000.0,90751.0,77435.0,93002.5
Allied Health and Medical Assisting Services.,2,Associate's Degree,Không xác định,872.0,709.0,31,27007.5,34039.0,33930.0,37835.5
Marketing.,2,Associate's Degree,Có thể hoàn thành trực tuyến,870.0,795.0,148,23096.0,44293.0,44488.0,48894.0
Real Estate.,5,Master's Degree,Có thể hoàn thành trực tuyến,867.0,862.0,38,,89132.0,142760.0,139758.0
Family and Consumer Economics and Related Studies.,3,Bachelor's Degree,Có thể hoàn thành trực tuyến,867.0,870.0,20,24270.5,41047.5,44434.0,50948.5
Computer Software and Media Applications.,1,Undergraduate Certificate or Diploma,Một phần có thể hoàn thành trực tuyến,865.0,683.0,48,9875.5,35734.0,53558.0,59970.0
"Education, Other.",5,Master's Degree,Có thể hoàn thành trực tuyến,864.0,898.0,81,,57316.0,60484.0,68020.5
"Science, Technology and Society.",3,Bachelor's Degree,Có thể hoàn thành trực tuyến,861.0,805.0,43,21234.0,43150.0,71959.0,76291.5
Entrepreneurial and Small Business Operations.,1,Undergraduate Certificate or Diploma,Không xác định,859.0,663.0,97,16642.0,,,
Dental Support Services and Allied Professions.,3,Bachelor's Degree,Một phần có thể hoàn thành trực tuyến,859.0,639.0,24,25000.0,59103.5,54943.0,61349.0
Natural Sciences.,3,Bachelor's Degree,Có thể hoàn thành trực tuyến,858.0,786.0,90,25054.0,30631.0,53825.5,65682.0
"Romance Languages, Literatures, and Linguistics.",5,Master's Degree,Có thể hoàn thành trực tuyến,857.0,976.0,173,,61956.5,57147.0,62818.0
"Linguistic, Comparative, and Related Language Studies and Services.",1,Undergraduate Certificate or Diploma,Có thể hoàn thành trực tuyến,856.0,669.0,82,25154.0,36557.0,45466.5,53524.5
Quality Control and Safety Technologies/Technicians.,3,Bachelor's Degree,Không xác định,854.0,1083.0,6,23779.0,68831.5,67243.5,75362.5
Journalism.,5,Master's Degree,Có thể hoàn thành trực tuyến,853.0,1027.0,61,,49625.0,61115.0,69844.5
Nutrition Sciences.,5,Master's Degree,Có thể hoàn thành trực tuyến,852.0,816.0,75,,51512.5,62946.5,66183.5
Marketing.,5,Master's Degree,Không xác định,851.0,686.0,36,,58585.0,60138.0,63868.0
"Biological and Biomedical Sciences, Other.",5,Master's Degree,Có thể hoàn thành trực tuyến,850.0,820.0,49,,30937.0,69266.0,66524.0
"Education, General.",3,Bachelor's Degree,Không xác định,849.0,666.0,23,27500.0,34704.0,38479.5,43349.0
Computer Programming.,3,Bachelor's Degree,Có thể hoàn thành trực tuyến,848.0,814.0,52,26395.5,68453.0,67954.0,77496.0
Computer/Information Technology Administration and Management.,8,Graduate/Professional Certificate,Không xác định,845.0,776.0,49,,74070.0,104743.5,114826.0
"Computer and Information Sciences, General.",6,Doctoral Degree,Có thể hoàn thành trực tuyến,843.0,782.0,92,,,,
"Engineering, General.",1,Undergraduate Certificate or Diploma,Có thể hoàn thành trực tuyến,838.0,845.0,61,23250.0,67425.5,,65568.0
Agricultural Business and Management.,1,Undergraduate Certificate or Diploma,Có thể hoàn thành trực tuyến,834.0,782.0,134,10697.0,42915.0,49099.0,55791.0
Legal Research and Advanced Professional Studies.,5,Master's Degree,Không xác định,826.0,729.0,12,,58915.0,70460.0,81196.0
Computer Engineering.,5,Master's Degree,Không xác định,826.0,623.0,19,,99961.0,136706.0,134558.0
Mental and Social Health Services and Allied Professions.,8,Graduate/Professional Certificate,Có thể hoàn thành trực tuyến,823.0,740.0,122,,48537.0,53579.0,60069.0
Rhetoric and Composition/Writing Studies.,1,Undergraduate Certificate or Diploma,Không xác định,814.0,868.0,27,,,37603.0,42763.0
Special Education and Teaching.,8,Graduate/Professional Certificate,Một phần có thể hoàn thành trực tuyến,812.0,796.0,53,,49757.5,61146.5,65166.5
"Teacher Education and Professional Development, Specific Subject Areas.",2,Associate's Degree,Có thể hoàn thành trực tuyến,809.0,726.0,134,8659.0,18346.5,30464.0,34151.5
Entrepreneurial and Small Business Operations.,5,Master's Degree,Có thể hoàn thành trực tuyến,809.0,823.0,55,,64848.5,141333.0,124857.0
Bioethics/Medical Ethics.,5,Master's Degree,Có thể hoàn thành trực tuyến,806.0,663.0,104,,80869.0,91015.0,105045.5
Educational/Instructional Media Design.,5,Master's Degree,Một phần có thể hoàn thành trực tuyến,805.0,717.0,47,,64596.5,58775.0,68564.5
"Multi/Interdisciplinary Studies, Other.",5,Master's Degree,Có thể hoàn thành trực tuyến,803.0,690.0,117,,58779.5,73110.5,77809.0
Petroleum Engineering.,3,Bachelor's Degree,Có thể hoàn thành trực tuyến,803.0,1091.0,24,25375.0,67567.0,97134.0,100033.5
Architecture.,5,Master's Degree,Có thể hoàn thành trực tuyến,802.0,988.0,86,,57007.5,66221.0,73217.0
Public Health.,1,Undergraduate Certificate or Diploma,Có thể hoàn thành trực tuyến,801.0,651.0,70,17726.0,28528.0,,
Communication and Media Studies.,1,Undergraduate Certificate or Diploma,Có thể hoàn thành trực tuyến,801.0,891.0,80,25000.0,35059.5,54001.0,58085.0
Genetics.,3,Bachelor's Degree,Có thể hoàn thành trực tuyến,799.0,685.0,26,21423.5,31800.0,53367.0,66769.5
"English Language and Literature, General.",5,Master's Degree,Không xác định,798.0,787.0,24,,52389.0,50045.0,58090.0
Natural Resources Conservation and Research.,3,Bachelor's Degree,Không xác định,794.0,755.0,13,27071.0,48361.0,47977.0,60661.0
Music.,2,Associate's Degree,Một phần có thể hoàn thành trực tuyến,793.0,814.0,17,24812.5,22208.5,24634.0,29529.0
"Teacher Education and Professional Development, Specific Levels and Methods.",8,Graduate/Professional Certificate,Không xác định,793.0,738.0,68,,51961.5,67631.0,72856.0
"Engineering, Other.",3,Bachelor's Degree,Có thể hoàn thành trực tuyến,792.0,858.0,61,22875.0,73153.0,80788.0,92717.0
Civil Engineering.,5,Master's Degree,Một phần có thể hoàn thành trực tuyến,792.0,866.0,22,,87691.0,88126.5,96599.5
Biotechnology.,5,Master's Degree,Có thể hoàn thành trực tuyến,789.0,755.0,78,,76086.5,84531.0,98006.0
"Biochemistry, Biophysics and Molecular Biology.",5,Master's Degree,Có thể hoàn thành trực tuyến,787.0,714.0,165,,38471.0,64074.5,73902.5
Clinical/Medical Laboratory Science/Research and Allied Professions.,2,Associate's Degree,Không xác định,786.0,484.0,14,27535.0,43637.0,48300.0,55150.0
Drama/Theatre Arts and Stagecraft.,1,Undergraduate Certificate or Diploma,Có thể hoàn thành trực tuyến,784.0,1320.0,111,17170.0,14335.0,18346.0,20334.5
Systems Engineering.,3,Bachelor's Degree,Có thể hoàn thành trực tuyến,784.0,854.0,27,20000.0,79222.5,88537.0,103877.0
Industrial Engineering.,5,Master's Degree,Một phần có thể hoàn thành trực tuyến,783.0,818.0,19,,111950.0,103019.0,127889.0
"English Language and Literature, General.",1,Undergraduate Certificate or Diploma,Có thể hoàn thành trực tuyến,782.0,210.0,32,22856.0,27013.0,28514.5,36209.5
Public Health.,8,Graduate/Professional Certificate,Một phần có thể hoàn thành trực tuyến,780.0,650.0,26,,60305.0,,110546.0
Electrical and Computer Engineering.,5,Master's Degree,Có thể hoàn thành trực tuyến,779.0,81.0,17,,,,
"Human Services, General.",1,Undergraduate Certificate or Diploma,Có thể hoàn thành trực tuyến,778.0,800.0,96,16248.0,22878.0,37414.0,42701.5
Business/Corporate Communications.,3,Bachelor's Degree,Có thể hoàn thành trực tuyến,777.0,816.0,40,24187.0,40005.0,51589.0,58040.0
Computer Engineering.,5,Master's Degree,Một phần có thể hoàn thành trực tuyến,775.0,710.0,19,,118192.0,116216.0,133374.0
"Business, Management, Marketing, and Related Support Services, Other.",3,Bachelor's Degree,Một phần có thể hoàn thành trực tuyến,774.0,741.0,21,27160.0,53451.0,53472.0,71527.5
Non-Professional General Legal Studies (Undergraduate).,3,Bachelor's Degree,Không xác định,773.0,703.0,18,37250.0,42228.0,48955.5,58935.5
Taxation.,5,Master's Degree,Có thể hoàn thành trực tuyến,771.0,783.0,58,,78429.5,100832.0,118682.0
Architectural Engineering.,3,Bachelor's Degree,Có thể hoàn thành trực tuyến,769.0,684.0,29,25880.0,73510.0,82241.0,90781.5
Quality Control and Safety Technologies/Technicians.,3,Bachelor's Degree,Có thể hoàn thành trực tuyến,769.0,846.0,22,26000.0,66745.0,74523.0,84219.0
Advanced/Graduate Dentistry and Oral Sciences.,5,Master's Degree,Có thể hoàn thành trực tuyến,769.0,751.0,63,,236219.0,204335.5,231405.0
"Health Professions and Related Clinical Sciences, Other.",2,Associate's Degree,Không xác định,768.0,539.0,5,9283.5,28915.0,51205.0,53537.0
"Health Professions and Related Clinical Sciences, Other.",1,Undergraduate Certificate or Diploma,Có thể hoàn thành trực tuyến,768.0,651.0,39,20458.5,32408.0,34190.0,54245.5
Sociology.,2,Associate's Degree,Một phần có thể hoàn thành trực tuyến,766.0,762.0,23,,,28014.0,43979.0
Curriculum and Instruction.,6,Doctoral Degree,Có thể hoàn thành trực tuyến,760.0,794.0,110,,72325.0,74231.0,79997.5
Health/Medical Preparatory Programs.,2,Associate's Degree,Không xác định,759.0,781.0,9,11000.0,22542.5,30690.0,34833.5
Security Science and Technology.,5,Master's Degree,Có thể hoàn thành trực tuyến,758.0,755.0,58,,54065.0,62086.5,68668.0
Business Operations Support and Assistant Services.,2,Associate's Degree,Không xác định,758.0,700.0,119,19000.0,29178.5,29101.5,32142.0
"Education, General.",6,Doctoral Degree,Có thể hoàn thành trực tuyến,757.0,904.0,85,,81167.0,96769.0,98151.0
Atmospheric Sciences and Meteorology.,3,Bachelor's Degree,Có thể hoàn thành trực tuyến,756.0,739.0,79,25500.0,41515.0,51532.0,61106.0
Marine Transportation.,1,Undergraduate Certificate or Diploma,Có thể hoàn thành trực tuyến,755.0,638.0,16,9317.0,38391.0,45249.0,52861.0
Systems Engineering.,5,Master's Degree,Không xác định,755.0,692.0,23,,115443.0,120931.0,140305.0
Biotechnology.,1,Undergraduate Certificate or Diploma,Có thể hoàn thành trực tuyến,754.0,803.0,37,,,,
Anthropology.,2,Associate's Degree,Có thể hoàn thành trực tuyến,753.0,818.0,106,,,,
Hospitality Administration/Management.,1,Undergraduate Certificate or Diploma,Không xác định,752.0,485.0,34,11705.5,37272.0,21051.5,19396.0
International Business.,3,Bachelor's Degree,Một phần có thể hoàn thành trực tuyến,747.0,780.0,19,15000.0,45661.0,46360.0,57329.0
"Pharmacy, Pharmaceutical Sciences, and Administration.",7,First Professional Degree,Không xác định,746.0,750.0,5,,95159.0,130798.5,140905.5
"Human Development, Family Studies, and Related Services.",2,Associate's Degree,Một phần có thể hoàn thành trực tuyến,746.0,743.0,41,20525.0,29793.0,27324.0,30470.0
Bible/Biblical Studies.,3,Bachelor's Degree,Có thể hoàn thành trực tuyến,744.0,820.0,117,25000.0,32078.0,38958.0,43533.0
Cell/Cellular Biology and Anatomical Sciences.,6,Doctoral Degree,Có thể hoàn thành trực tuyến,742.0,739.0,121,,70278.0,88513.0,110033.5
Philosophy.,5,Master's Degree,Có thể hoàn thành trực tuyến,741.0,768.0,172,,58030.0,61159.0,
Computer Engineering Technologies/Technicians.,2,Associate's Degree,Có thể hoàn thành trực tuyến,737.0,814.0,131,12875.0,37876.0,53235.0,46622.0
Management Sciences and Quantitative Methods.,8,Graduate/Professional Certificate,Không xác định,735.0,588.0,40,,100512.0,81967.0,87471.0
"Ecology, Evolution, Systematics, and Population Biology.",6,Doctoral Degree,Có thể hoàn thành trực tuyến,733.0,696.0,117,,61064.0,100195.5,119048.0
Computer Engineering Technologies/Technicians.,3,Bachelor's Degree,Có thể hoàn thành trực tuyến,731.0,686.0,52,28375.0,48829.0,72749.0,81090.0
Systems Engineering.,5,Master's Degree,Có thể hoàn thành trực tuyến,731.0,712.0,46,,115463.5,137964.0,155418.0
Natural Resources Conservation and Research.,3,Bachelor's Degree,Một phần có thể hoàn thành trực tuyến,728.0,738.0,17,23267.0,37214.0,45144.0,53244.0
Geological and Earth Sciences/Geosciences.,6,Doctoral Degree,Có thể hoàn thành trực tuyến,725.0,800.0,144,,79645.0,103710.0,
Finance and Financial Management Services.,5,Master's Degree,Một phần có thể hoàn thành trực tuyến,723.0,737.0,24,,78624.0,87928.0,106559.0
History.,6,Doctoral Degree,Có thể hoàn thành trực tuyến,718.0,871.0,160,,59705.0,64238.0,75276.5
Natural Resources Conservation and Research.,2,Associate's Degree,Có thể hoàn thành trực tuyến,717.0,743.0,192,12000.0,32567.0,43500.5,44079.0
Library Science and Administration.,5,Master's Degree,Có thể hoàn thành trực tuyến,715.0,635.0,16,,47556.0,53763.0,61173.0
"Biology, General.",1,Undergraduate Certificate or Diploma,Có thể hoàn thành trực tuyến,715.0,421.0,35,26010.0,35304.0,,
"Health Professions and Related Clinical Sciences, Other.",5,Master's Degree,Có thể hoàn thành trực tuyến,715.0,734.0,42,,64058.0,54567.0,60538.0
Computer Software and Media Applications.,1,Undergraduate Certificate or Diploma,Không xác định,713.0,732.0,51,14421.0,32672.5,46778.0,54967.5
Rehabilitation and Therapeutic Professions.,5,Master's Degree,Một phần có thể hoàn thành trực tuyến,711.0,659.0,22,,54651.0,61217.0,69073.0
Religion/Religious Studies.,5,Master's Degree,Có thể hoàn thành trực tuyến,710.0,910.0,145,,34674.5,40498.0,48244.0
Dietetics and Clinical Nutrition Services.,5,Master's Degree,Có thể hoàn thành trực tuyến,708.0,624.0,66,,54634.5,57751.0,64630.0
Educational/Instructional Media Design.,5,Master's Degree,Có thể hoàn thành trực tuyến,708.0,760.0,80,,63688.5,63149.0,68588.0
Agricultural Production Operations.,3,Bachelor's Degree,Có thể hoàn thành trực tuyến,706.0,785.0,54,22123.0,38189.0,40897.0,49282.0
"Public Relations, Advertising, and Applied Communication.",5,Master's Degree,Không xác định,704.0,487.0,38,,59124.0,55517.0,75943.0
Finance and Financial Management Services.,8,Graduate/Professional Certificate,Không xác định,702.0,541.0,36,,,,
Systems Engineering.,5,Master's Degree,Một phần có thể hoàn thành trực tuyến,700.0,614.0,10,,118363.0,129984.0,147527.0
"Agriculture, General.",2,Associate's Degree,Có thể hoàn thành trực tuyến,699.0,737.0,89,11000.0,38182.0,36927.0,47508.0
Neurobiology and Neurosciences.,6,Doctoral Degree,Có thể hoàn thành trực tuyến,695.0,713.0,126,,65659.0,70445.0,89197.0
Materials Engineering,6,Doctoral Degree,Có thể hoàn thành trực tuyến,692.0,621.0,83,,,,
Legal Research and Advanced Professional Studies.,8,Graduate/Professional Certificate,Có thể hoàn thành trực tuyến,690.0,659.0,38,,142626.0,,
"Allied Health Diagnostic, Intervention, and Treatment Professions.",1,Undergraduate Certificate or Diploma,Không xác định,689.0,539.0,20,16750.0,59779.0,64111.0,67914.0
Medical Illustration and Informatics.,5,Master's Degree,Không xác định,688.0,635.0,39,,81148.0,104858.0,115894.0
Dietetics and Clinical Nutrition Services.,5,Master's Degree,Không xác định,687.0,542.0,21,,51284.5,53741.0,60569.5
Computer Systems Analysis.,3,Bachelor's Degree,Có thể hoàn thành trực tuyến,686.0,725.0,38,46000.0,51805.0,65324.0,74585.0
Real Estate.,1,Undergraduate Certificate or Diploma,Không xác định,685.0,513.0,19,10607.0,34934.0,40392.0,45531.0
Engineering Physics.,3,Bachelor's Degree,Có thể hoàn thành trực tuyến,683.0,650.0,125,24706.0,57457.0,81874.0,102841.5
Civil Engineering Technologies/Technicians.,2,Associate's Degree,Có thể hoàn thành trực tuyến,681.0,692.0,120,16994.5,55224.0,64568.0,66434.5
"Human Development, Family Studies, and Related Services.",5,Master's Degree,Có thể hoàn thành trực tuyến,681.0,664.0,86,,47889.0,52938.0,57068.0
Research and Experimental Psychology.,6,Doctoral Degree,Có thể hoàn thành trực tuyến,681.0,605.0,99,,82202.5,94625.0,105164.5
Marketing.,2,Associate's Degree,Không xác định,681.0,670.0,83,17824.5,37315.5,37470.0,44473.0
"Specialized Sales, Merchandising and  Marketing Operations.",1,Undergraduate Certificate or Diploma,Một phần có thể hoàn thành trực tuyến,674.0,422.0,6,18698.0,45111.0,36099.0,40536.0
"Teacher Education and Professional Development, Specific Subject Areas.",8,Graduate/Professional Certificate,Một phần có thể hoàn thành trực tuyến,673.0,481.0,45,,72333.5,65578.5,71329.0
Computer Software and Media Applications.,3,Bachelor's Degree,Một phần có thể hoàn thành trực tuyến,672.0,634.0,16,39924.5,32159.0,38887.0,44884.0
Special Education and Teaching.,1,Undergraduate Certificate or Diploma,Có thể hoàn thành trực tuyến,672.0,573.0,95,25620.0,,,
Economics.,2,Associate's Degree,Một phần có thể hoàn thành trực tuyến,670.0,689.0,10,,,,
"Education, General.",8,Graduate/Professional Certificate,Có thể hoàn thành trực tuyến,670.0,523.0,102,,67265.0,55347.0,61787.0
Theological and Ministerial Studies.,3,Bachelor's Degree,Một phần có thể hoàn thành trực tuyến,667.0,724.0,43,27226.5,32815.0,43628.0,46473.0
"Public Relations, Advertising, and Applied Communication.",1,Undergraduate Certificate or Diploma,Có thể hoàn thành trực tuyến,666.0,511.0,79,15833.0,15718.0,56454.0,65309.0
"Health Services/Allied Health/Health Sciences, General.",2,Associate's Degree,Một phần có thể hoàn thành trực tuyến,665.0,764.0,15,9095.0,34545.0,36175.0,45621.0
Theological and Ministerial Studies.,6,Doctoral Degree,Có thể hoàn thành trực tuyến,664.0,633.0,77,,82478.0,73793.0,96684.0
Cell/Cellular Biology and Anatomical Sciences.,5,Master's Degree,Có thể hoàn thành trực tuyến,664.0,638.0,121,,39351.0,63548.0,76463.5
Marketing.,1,Undergraduate Certificate or Diploma,Không xác định,658.0,544.0,54,20936.0,63549.0,35104.0,37501.0
Medical Clinical Sciences/Graduate Medical Studies.,5,Master's Degree,Có thể hoàn thành trực tuyến,656.0,651.0,68,,182422.0,191534.5,214985.5
Pastoral Counseling and Specialized Ministries.,3,Bachelor's Degree,Có thể hoàn thành trực tuyến,653.0,747.0,112,26000.0,34646.0,39380.0,37901.5
Biotechnology.,5,Master's Degree,Không xác định,653.0,679.0,6,,87692.0,93022.0,113502.0
Precision Systems Maintenance and Repair Technologies.,2,Associate's Degree,Không xác định,650.0,418.0,1,16400.0,49349.0,61770.0,74430.0
"Intelligence, Command Control and Information Operations.",3,Bachelor's Degree,Không xác định,650.0,440.0,11,22250.0,64071.0,,
Political Science and Government.,6,Doctoral Degree,Có thể hoàn thành trực tuyến,649.0,690.0,128,,,81731.0,75949.0
Construction Engineering Technologies.,2,Associate's Degree,Có thể hoàn thành trực tuyến,648.0,613.0,76,12562.5,55800.5,72852.0,76124.0
"Biomathematics, Bioinformatics, and Computational Biology.",3,Bachelor's Degree,Có thể hoàn thành trực tuyến,646.0,565.0,89,18500.0,72338.0,117247.0,138331.0
Computer Programming.,2,Associate's Degree,Một phần có thể hoàn thành trực tuyến,645.0,657.0,44,19872.0,37743.0,52285.5,58190.0
Marketing.,5,Master's Degree,Một phần có thể hoàn thành trực tuyến,645.0,522.0,22,,61136.0,55916.0,64155.0
"Clinical, Counseling and Applied Psychology.",8,Graduate/Professional Certificate,Không xác định,644.0,689.0,35,,57791.5,60571.5,67202.5
"Radio, Television, and Digital Communication.",3,Bachelor's Degree,Không xác định,643.0,615.0,15,23665.0,33178.0,49796.0,53163.5
Computer Programming.,2,Associate's Degree,Không xác định,635.0,540.0,51,19500.0,47539.5,53650.0,58973.0
Management Information Systems and Services.,3,Bachelor's Degree,Một phần có thể hoàn thành trực tuyến,635.0,676.0,29,26000.0,57778.0,67667.5,77803.0
Civil Engineering.,5,Master's Degree,Không xác định,635.0,706.0,18,,82648.0,88000.0,99829.0
"Pharmacy, Pharmaceutical Sciences, and Administration.",5,Master's Degree,Có thể hoàn thành trực tuyến,633.0,657.0,90,,117442.5,121837.0,131662.0
"Arts, Entertainment,and Media Management.",5,Master's Degree,Có thể hoàn thành trực tuyến,631.0,618.0,67,,49036.5,51631.5,57165.0
"Engineering, General.",5,Master's Degree,Một phần có thể hoàn thành trực tuyến,629.0,586.0,16,,109446.0,137527.0,157546.5
Social Work.,1,Undergraduate Certificate or Diploma,Có thể hoàn thành trực tuyến,629.0,532.0,60,11017.5,41561.0,39470.5,37022.0
Communication Disorders Sciences and Services.,7,First Professional Degree,Có thể hoàn thành trực tuyến,627.0,634.0,68,,70488.0,67694.0,72317.0
"Allied Health Diagnostic, Intervention, and Treatment Professions.",3,Bachelor's Degree,Không xác định,627.0,697.0,26,27000.0,68389.5,67269.5,75032.0
"Health Services/Allied Health/Health Sciences, General.",1,Undergraduate Certificate or Diploma,Không xác định,626.0,184.0,16,13833.0,30774.0,27683.0,38950.0
Agricultural Public Services.,3,Bachelor's Degree,Có thể hoàn thành trực tuyến,626.0,593.0,33,19726.0,44232.0,48632.5,54653.0
Accounting and Related Services.,8,Graduate/Professional Certificate,Không xác định,625.0,523.0,59,,60047.5,67831.0,71145.0
"City/Urban, Community and Regional Planning.",3,Bachelor's Degree,Có thể hoàn thành trực tuyến,623.0,629.0,46,25237.0,44146.0,55248.5,65382.0
Industrial Production Technologies/Technicians.,2,Associate's Degree,Một phần có thể hoàn thành trực tuyến,622.0,659.0,15,12000.0,58100.0,60453.5,65456.5
Journalism.,2,Associate's Degree,Có thể hoàn thành trực tuyến,620.0,657.0,107,9187.5,,34174.0,34651.0
Anthropology.,3,Bachelor's Degree,Không xác định,616.0,595.0,13,23183.5,28433.5,39200.0,48575.5
Environmental Design.,3,Bachelor's Degree,Có thể hoàn thành trực tuyến,616.0,595.0,33,22047.0,40176.5,51950.5,61629.0
Communication and Media Studies.,2,Associate's Degree,Một phần có thể hoàn thành trực tuyến,613.0,573.0,26,11944.0,26884.0,28922.0,38860.0
"Communication, Journalism, and Related Programs, Other.",3,Bachelor's Degree,Có thể hoàn thành trực tuyến,611.0,578.0,69,23405.0,30238.0,45741.0,51555.0
Air Transportation.,2,Associate's Degree,Không xác định,610.0,448.0,8,14973.5,66957.0,69973.5,84622.5
Curriculum and Instruction.,8,Graduate/Professional Certificate,Một phần có thể hoàn thành trực tuyến,607.0,625.0,22,,58630.0,62617.0,68070.5
"Multi/Interdisciplinary Studies, Other.",5,Master's Degree,Không xác định,605.0,745.0,22,,58227.0,55325.0,70117.0
Clinical/Medical Laboratory Science/Research and Allied Professions.,3,Bachelor's Degree,Một phần có thể hoàn thành trực tuyến,602.0,633.0,17,26544.0,62861.0,66392.5,74687.0
Public Administration.,3,Bachelor's Degree,Không xác định,602.0,579.0,35,31371.0,63646.5,60271.0,64804.0
Construction Engineering Technologies.,1,Undergraduate Certificate or Diploma,Có thể hoàn thành trực tuyến,600.0,628.0,57,,,,
Management Sciences and Quantitative Methods.,3,Bachelor's Degree,Không xác định,600.0,496.0,17,21500.0,59117.0,68572.0,71998.5
Ground Transportation.,1,Undergraduate Certificate or Diploma,Một phần có thể hoàn thành trực tuyến,600.0,828.0,2,9700.0,32532.0,30887.0,34821.0
Natural Resources Conservation and Research.,1,Undergraduate Certificate or Diploma,Có thể hoàn thành trực tuyến,599.0,604.0,88,19860.5,37693.5,40044.0,67802.0
Security Science and Technology.,5,Master's Degree,Không xác định,599.0,516.0,27,,79297.0,70236.5,79500.0
Landscape Architecture.,3,Bachelor's Degree,Có thể hoàn thành trực tuyến,598.0,588.0,54,25734.5,52841.0,60157.5,66531.0
Rhetoric and Composition/Writing Studies.,5,Master's Degree,Không xác định,595.0,537.0,28,,45930.5,45051.5,55682.0
"Aerospace, Aeronautical and Astronautical Engineering.",5,Master's Degree,Một phần có thể hoàn thành trực tuyến,593.0,571.0,12,,99132.0,119485.5,128911.0
Microbiological Sciences and Immunology.,6,Doctoral Degree,Có thể hoàn thành trực tuyến,592.0,579.0,125,,,,
Computer Software and Media Applications.,3,Bachelor's Degree,Không xác định,589.0,538.0,16,41970.0,41333.0,51362.0,54598.0
Culinary Arts and Related Services.,1,Undergraduate Certificate or Diploma,Một phần có thể hoàn thành trực tuyến,588.0,620.0,13,12961.5,29746.5,22115.0,17827.0
Mental and Social Health Services and Allied Professions.,2,Associate's Degree,Một phần có thể hoàn thành trực tuyến,588.0,605.0,23,20262.0,26499.0,31605.5,37262.0
Precision Systems Maintenance and Repair Technologies.,1,Undergraduate Certificate or Diploma,Có thể hoàn thành trực tuyến,586.0,470.0,29,16687.0,25638.5,35821.0,38936.0
"Human Services, General.",3,Bachelor's Degree,Một phần có thể hoàn thành trực tuyến,586.0,491.0,23,31000.0,34143.0,35884.0,38951.0
Legal Support Services.,3,Bachelor's Degree,Có thể hoàn thành trực tuyến,585.0,526.0,64,27000.0,36900.0,43984.0,50983.5
"Mechanic and Repair Technologies/Technicians, Other.",2,Associate's Degree,Không xác định,584.0,292.0,6,,,65527.0,59107.0
"Health Professions and Related Clinical Sciences, Other.",3,Bachelor's Degree,Không xác định,584.0,551.0,16,27323.5,54777.5,59630.0,72797.0
Business Operations Support and Assistant Services.,2,Associate's Degree,Một phần có thể hoàn thành trực tuyến,583.0,572.0,65,17775.0,28175.0,28842.5,33085.0
Construction Engineering.,3,Bachelor's Degree,Có thể hoàn thành trực tuyến,581.0,517.0,31,25480.0,75421.0,89846.5,99507.5
Teaching English or French as a Second or Foreign Language.,8,Graduate/Professional Certificate,Có thể hoàn thành trực tuyến,580.0,568.0,152,,,91223.0,103545.0
Sociology.,6,Doctoral Degree,Có thể hoàn thành trực tuyến,577.0,598.0,124,,,83850.0,84807.0
Behavioral Sciences.,5,Master's Degree,Không xác định,577.0,372.0,3,,47857.0,,
Health/Medical Preparatory Programs.,8,Graduate/Professional Certificate,Có thể hoàn thành trực tuyến,575.0,550.0,51,,27033.0,63443.0,71278.0
"English Language and Literature/Letters, Other.",3,Bachelor's Degree,Có thể hoàn thành trực tuyến,574.0,537.0,54,25500.0,24239.0,43006.0,49037.0
Public Health.,6,Doctoral Degree,Có thể hoàn thành trực tuyến,573.0,644.0,113,,97064.0,94693.0,120143.0
Alternative and Complementary Medicine and Medical Systems.,7,First Professional Degree,Có thể hoàn thành trực tuyến,573.0,501.0,21,,31516.0,34431.0,43856.0
Public Health.,8,Graduate/Professional Certificate,Không xác định,572.0,431.0,49,,62893.0,69204.0,77510.0
Behavioral Sciences.,5,Master's Degree,Có thể hoàn thành trực tuyến,571.0,481.0,25,,68802.0,,
Behavioral Sciences.,3,Bachelor's Degree,Không xác định,571.0,841.0,6,50579.0,37874.0,36780.5,42562.0
Research and Experimental Psychology.,3,Bachelor's Degree,Không xác định,570.0,552.0,5,26000.0,39388.0,46054.5,52073.5
Peace Studies and Conflict Resolution.,3,Bachelor's Degree,Có thể hoàn thành trực tuyến,570.0,566.0,63,22750.0,40929.0,55535.0,75726.0
Sociology.,2,Associate's Degree,Không xác định,567.0,479.0,28,15235.0,,36679.0,39648.0
International Relations and National Security Studies.,3,Bachelor's Degree,Một phần có thể hoàn thành trực tuyến,566.0,602.0,12,18637.0,39711.5,49936.0,59452.0
Computer Software and Media Applications.,5,Master's Degree,Một phần có thể hoàn thành trực tuyến,565.0,358.0,8,,107038.5,99184.0,116895.0
Music.,8,Graduate/Professional Certificate,Có thể hoàn thành trực tuyến,565.0,701.0,113,,36706.0,30376.0,48246.0
Legal Support Services.,1,Undergraduate Certificate or Diploma,Một phần có thể hoàn thành trực tuyến,561.0,524.0,32,27000.0,38485.0,21288.5,25415.0
"Health Services/Allied Health/Health Sciences, General.",5,Master's Degree,Có thể hoàn thành trực tuyến,560.0,568.0,35,,53998.0,111099.5,70276.0
"Business/Commerce, General.",1,Undergraduate Certificate or Diploma,Một phần có thể hoàn thành trực tuyến,554.0,543.0,24,,,41028.0,44807.0
"Intelligence, Command Control and Information Operations.",5,Master's Degree,Không xác định,554.0,528.0,13,,78556.0,60403.0,86118.5
Engineering Science.,3,Bachelor's Degree,Có thể hoàn thành trực tuyến,554.0,624.0,52,21249.0,73720.5,84750.0,97604.0
Veterinary/Animal Health Technologies/Technicians.,3,Bachelor's Degree,Có thể hoàn thành trực tuyến,552.0,512.0,25,25286.5,36727.0,36340.5,39807.0
"Pharmacy, Pharmaceutical Sciences, and Administration.",6,Doctoral Degree,Có thể hoàn thành trực tuyến,551.0,604.0,76,,95749.0,129289.0,140320.0
"Computer and Information Sciences and Support Services, Other.",1,Undergraduate Certificate or Diploma,Không xác định,549.0,180.0,6,23250.0,,,
Pastoral Counseling and Specialized Ministries.,5,Master's Degree,Có thể hoàn thành trực tuyến,547.0,484.0,86,,46091.0,51321.0,47271.0
"Liberal Arts and Sciences, General Studies and Humanities.",5,Master's Degree,Không xác định,546.0,454.0,26,,55396.0,53076.0,61436.5
Communication and Media Studies.,1,Undergraduate Certificate or Diploma,Không xác định,546.0,450.0,13,21124.0,28447.0,30266.0,38295.0
Interior Architecture.,3,Bachelor's Degree,Có thể hoàn thành trực tuyến,545.0,487.0,41,24646.5,45078.0,55927.0,58167.0
Energy Systems Technologies/Technicians.,1,Undergraduate Certificate or Diploma,Có thể hoàn thành trực tuyến,545.0,618.0,144,12000.0,27379.0,,67111.0
Bible/Biblical Studies.,3,Bachelor's Degree,Không xác định,542.0,604.0,38,27000.0,33918.0,37181.0,40165.0
"Public Relations, Advertising, and Applied Communication.",5,Master's Degree,Một phần có thể hoàn thành trực tuyến,540.0,555.0,12,,50814.0,62869.0,72440.0
"Physiology, Pathology and Related Sciences.",6,Doctoral Degree,Có thể hoàn thành trực tuyến,540.0,589.0,117,,,,
Legal Support Services.,2,Associate's Degree,Một phần có thể hoàn thành trực tuyến,537.0,517.0,31,17694.5,36270.0,35113.0,43884.5
Security Science and Technology.,2,Associate's Degree,Có thể hoàn thành trực tuyến,537.0,429.0,104,11500.0,29354.0,33173.0,42505.0
Quality Control and Safety Technologies/Technicians.,1,Undergraduate Certificate or Diploma,Có thể hoàn thành trực tuyến,535.0,645.0,82,12850.0,55875.0,46668.0,56328.0
Somatic Bodywork and Related Therapeutic Services.,2,Associate's Degree,Có thể hoàn thành trực tuyến,533.0,566.0,89,26712.0,21075.0,22639.0,21468.0
Mechanical Engineering.,3,Bachelor's Degree,Một phần có thể hoàn thành trực tuyến,531.0,590.0,4,27000.0,73603.0,78739.0,91489.0
Communication Disorders Sciences and Services.,3,Bachelor's Degree,Không xác định,530.0,479.0,7,16989.5,26539.0,51802.0,58008.0
Information Science/Studies.,2,Associate's Degree,Có thể hoàn thành trực tuyến,530.0,530.0,67,13125.0,38976.0,48515.0,49357.0
Human Resources Management and Services.,2,Associate's Degree,Không xác định,530.0,521.0,44,19130.5,40858.0,39292.0,46063.5
Quality Control and Safety Technologies/Technicians.,5,Master's Degree,Không xác định,528.0,472.0,9,,88129.5,87595.5,100926.0
Rhetoric and Composition/Writing Studies.,1,Undergraduate Certificate or Diploma,Có thể hoàn thành trực tuyến,527.0,573.0,94,26698.0,31148.0,39963.0,54801.0
"Ethnic, Cultural Minority, Gender, and Group Studies.",2,Associate's Degree,Có thể hoàn thành trực tuyến,526.0,389.0,115,,17525.0,,
"Radio, Television, and Digital Communication.",3,Bachelor's Degree,Một phần có thể hoàn thành trực tuyến,525.0,494.0,12,22746.0,31102.5,45157.0,52443.0
Curriculum and Instruction.,8,Graduate/Professional Certificate,Không xác định,524.0,317.0,34,,62621.0,62564.0,70987.0
Communication and Media Studies.,2,Associate's Degree,Không xác định,521.0,475.0,25,24555.0,,38776.5,51195.5
Social Work.,8,Graduate/Professional Certificate,Có thể hoàn thành trực tuyến,521.0,377.0,50,,47162.0,51332.5,55011.5
Environmental/Environmental Health Engineering.,5,Master's Degree,Có thể hoàn thành trực tuyến,520.0,550.0,85,,75206.5,78955.0,85134.0
Computer Systems Networking and Telecommunications.,3,Bachelor's Degree,Có thể hoàn thành trực tuyến,520.0,550.0,51,27000.0,61213.0,68889.0,76803.0
"Registered Nursing, Nursing Administration, Nursing Research and Clinical Nursing.",6,Doctoral Degree,Một phần có thể hoàn thành trực tuyến,519.0,453.0,24,,133420.0,130307.5,141264.0
Rhetoric and Composition/Writing Studies.,3,Bachelor's Degree,Một phần có thể hoàn thành trực tuyến,519.0,517.0,10,27000.0,31218.0,43991.0,48122.0
Management Information Systems and Services.,2,Associate's Degree,Có thể hoàn thành trực tuyến,518.0,575.0,75,27387.0,46337.0,46291.0,53071.0
Data Processing.,2,Associate's Degree,Có thể hoàn thành trực tuyến,518.0,622.0,56,16500.0,38692.0,43832.0,47439.0
"Health Services/Allied Health/Health Sciences, General.",1,Undergraduate Certificate or Diploma,Một phần có thể hoàn thành trực tuyến,518.0,397.0,13,11440.5,52165.5,32494.0,35718.0
"Biology, General.",2,Associate's Degree,Không xác định,518.0,304.0,16,9445.0,,28336.0,33479.0
"Health Services/Allied Health/Health Sciences, General.",5,Master's Degree,Không xác định,517.0,432.0,27,,52305.5,72650.0,83604.0
Teaching Assistants/Aides.,2,Associate's Degree,Có thể hoàn thành trực tuyến,517.0,512.0,103,9500.0,23672.0,33271.0,34002.0
International Business.,5,Master's Degree,Không xác định,517.0,440.0,24,,83570.0,83269.0,105693.0
"Biological and Biomedical Sciences, Other.",1,Undergraduate Certificate or Diploma,Có thể hoàn thành trực tuyến,516.0,166.0,10,,,,
Architectural Engineering Technologies/Technicians.,2,Associate's Degree,Có thể hoàn thành trực tuyến,514.0,541.0,79,14589.0,48848.0,48033.0,50029.5
Non-Professional General Legal Studies (Undergraduate).,1,Undergraduate Certificate or Diploma,Có thể hoàn thành trực tuyến,513.0,440.0,26,17383.5,68359.0,83109.0,117300.0
"Health Professions and Related Clinical Sciences, Other.",2,Associate's Degree,Có thể hoàn thành trực tuyến,512.0,535.0,56,19000.0,35498.5,39457.0,43696.0
"Education, Other.",1,Undergraduate Certificate or Diploma,Có thể hoàn thành trực tuyến,511.0,386.0,32,,,,
Student Counseling and Personnel Services.,8,Graduate/Professional Certificate,Có thể hoàn thành trực tuyến,511.0,519.0,132,,46833.0,56525.0,62217.0
Clinical/Medical Laboratory Science/Research and Allied Professions.,3,Bachelor's Degree,Không xác định,510.0,473.0,13,25361.0,62912.0,61207.0,72351.5
Culinary Arts and Related Services.,2,Associate's Degree,Một phần có thể hoàn thành trực tuyến,509.0,135.0,9,17303.0,30224.0,32237.0,33449.0
"Science Technologies/Technicians, Other.",2,Associate's Degree,Một phần có thể hoàn thành trực tuyến,509.0,754.0,6,11043.0,49173.0,46289.5,55290.5
Sociology and Anthropology.,3,Bachelor's Degree,Có thể hoàn thành trực tuyến,509.0,473.0,51,24784.0,27702.0,46771.0,53357.0
Student Counseling and Personnel Services.,8,Graduate/Professional Certificate,Không xác định,507.0,401.0,34,,56738.0,51619.0,51196.0
Computational Science.,5,Master's Degree,Có thể hoàn thành trực tuyến,507.0,396.0,38,,90724.0,,
Agricultural Mechanization.,2,Associate's Degree,Có thể hoàn thành trực tuyến,506.0,537.0,51,12553.0,54138.5,57133.0,60601.5
Journalism.,3,Bachelor's Degree,Không xác định,505.0,568.0,9,22000.0,37824.0,44351.5,54900.5
Manufacturing Engineering.,3,Bachelor's Degree,Có thể hoàn thành trực tuyến,503.0,532.0,35,21457.0,72154.0,77883.5,90093.5
"Psychology, General.",5,Master's Degree,Một phần có thể hoàn thành trực tuyến,503.0,337.0,15,,47132.0,49229.0,51927.0
"Liberal Arts and Sciences, General Studies and Humanities.",8,Graduate/Professional Certificate,Có thể hoàn thành trực tuyến,501.0,522.0,59,,88954.0,112230.0,108507.0
Computer Systems Networking and Telecommunications.,3,Bachelor's Degree,Không xác định,501.0,294.0,16,39645.0,60540.0,66360.0,73315.0
Air Transportation.,5,Master's Degree,Không xác định,500.0,469.0,10,,74927.0,73782.5,100469.0
Entrepreneurial and Small Business Operations.,2,Associate's Degree,Có thể hoàn thành trực tuyến,499.0,552.0,135,16918.0,37636.0,42921.5,34634.0
Operations Research.,5,Master's Degree,Có thể hoàn thành trực tuyến,499.0,551.0,22,,112878.5,169908.0,205185.0
"Psychology, General.",6,Doctoral Degree,Không xác định,496.0,503.0,6,,78657.0,72197.0,76591.0
"Slavic, Baltic and Albanian Languages, Literatures, and Linguistics.",3,Bachelor's Degree,Có thể hoàn thành trực tuyến,493.0,499.0,135,5500.0,60240.0,66679.0,
"Visual and Performing Arts, Other.",3,Bachelor's Degree,Có thể hoàn thành trực tuyến,492.0,529.0,56,26485.5,24306.5,38879.0,65953.0
Operations Research.,3,Bachelor's Degree,Có thể hoàn thành trực tuyến,492.0,471.0,14,17750.0,96377.0,116600.5,151071.0
"General Sales, Merchandising and Related Marketing Operations.",2,Associate's Degree,Có thể hoàn thành trực tuyến,490.0,408.0,128,16361.0,14976.0,33630.0,44107.0
International Relations and National Security Studies.,5,Master's Degree,Không xác định,489.0,380.0,20,,67652.5,88392.0,96284.0
"Electrical, Electronics and Communications Engineering.",3,Bachelor's Degree,Một phần có thể hoàn thành trực tuyến,488.0,504.0,9,23620.0,78928.0,86236.0,97652.0
Fire Protection.,1,Undergraduate Certificate or Diploma,Một phần có thể hoàn thành trực tuyến,486.0,608.0,19,9557.0,50331.0,52612.0,60007.0
"Romance Languages, Literatures, and Linguistics.",3,Bachelor's Degree,Một phần có thể hoàn thành trực tuyến,486.0,452.0,20,28000.0,34497.0,42064.0,47397.0
"Business, Management, Marketing, and Related Support Services, Other.",3,Bachelor's Degree,Không xác định,483.0,423.0,8,17749.5,53543.0,46818.0,73457.0
Curriculum and Instruction.,6,Doctoral Degree,Không xác định,479.0,449.0,19,,77115.0,75003.5,83866.0
"Mechatronics, Robotics, and Automation Engineering.",3,Bachelor's Degree,Có thể hoàn thành trực tuyến,479.0,459.0,25,27000.0,80491.0,85139.0,97576.0
"Homeland Security, Law Enforcement, Firefighting and Related Protective Services, Other.",3,Bachelor's Degree,Có thể hoàn thành trực tuyến,478.0,465.0,17,25500.0,45696.0,58528.0,62407.5
Agriculture/Veterinary Preparatory Programs.,3,Bachelor's Degree,Có thể hoàn thành trực tuyến,478.0,442.0,31,24861.0,29598.0,36608.0,73114.0
"Clinical, Counseling and Applied Psychology.",3,Bachelor's Degree,Một phần có thể hoàn thành trực tuyến,478.0,415.0,20,27000.0,27686.5,43331.0,49765.5
Human Resources Management and Services.,2,Associate's Degree,Có thể hoàn thành trực tuyến,477.0,436.0,69,26536.0,39717.0,42513.5,48462.5
Music.,1,Undergraduate Certificate or Diploma,Có thể hoàn thành trực tuyến,477.0,475.0,122,9500.0,22690.0,28984.0,
Bible/Biblical Studies.,5,Master's Degree,Không xác định,476.0,431.0,38,,38739.0,33390.0,36798.0
Finance and Financial Management Services.,1,Undergraduate Certificate or Diploma,Có thể hoàn thành trực tuyến,474.0,556.0,106,22133.0,29218.0,77930.0,35796.0
Social Work.,6,Doctoral Degree,Có thể hoàn thành trực tuyến,472.0,451.0,78,,101975.5,,
"Pharmacy, Pharmaceutical Sciences, and Administration.",5,Master's Degree,Một phần có thể hoàn thành trực tuyến,471.0,295.0,8,,104460.0,130727.5,136525.0
Health and Physical Education/Fitness.,2,Associate's Degree,Không xác định,471.0,438.0,26,14122.0,36082.0,33623.5,36165.5
Systems Engineering.,8,Graduate/Professional Certificate,Một phần có thể hoàn thành trực tuyến,470.0,430.0,11,,,,
International Business.,1,Undergraduate Certificate or Diploma,Có thể hoàn thành trực tuyến,469.0,608.0,51,22000.0,62330.0,69215.0,88131.0
Medical Illustration and Informatics.,5,Master's Degree,Có thể hoàn thành trực tuyến,468.0,444.0,47,,79571.5,72823.5,74353.0
Religion/Religious Studies.,1,Undergraduate Certificate or Diploma,Có thể hoàn thành trực tuyến,468.0,209.0,31,,,,
Anthropology.,6,Doctoral Degree,Có thể hoàn thành trực tuyến,468.0,519.0,109,,59983.5,62308.0,72231.0
Hospitality Administration/Management.,5,Master's Degree,Có thể hoàn thành trực tuyến,468.0,428.0,42,,50786.5,64856.0,81343.0
Dietetics and Clinical Nutrition Services.,8,Graduate/Professional Certificate,Có thể hoàn thành trực tuyến,468.0,524.0,56,,54678.5,57053.5,61447.5
Geography and Cartography.,8,Graduate/Professional Certificate,Có thể hoàn thành trực tuyến,468.0,472.0,92,,59387.0,59824.0,71229.0
Alternative and Complementary Medicine and Medical Systems.,7,First Professional Degree,Một phần có thể hoàn thành trực tuyến,468.0,417.0,2,,31516.0,,
Mental and Social Health Services and Allied Professions.,1,Undergraduate Certificate or Diploma,Không xác định,467.0,409.0,37,17004.0,42350.0,23769.0,30841.0
"General Sales, Merchandising and Related Marketing Operations.",5,Master's Degree,Có thể hoàn thành trực tuyến,463.0,545.0,8,,81451.0,108149.0,135598.5
Fine and Studio Arts.,3,Bachelor's Degree,Một phần có thể hoàn thành trực tuyến,462.0,590.0,13,26593.5,22908.5,29264.0,34306.0
Behavioral Sciences.,2,Associate's Degree,Không xác định,461.0,451.0,8,18389.5,31685.5,33901.0,38667.5
Teaching English or French as a Second or Foreign Language.,1,Undergraduate Certificate or Diploma,Có thể hoàn thành trực tuyến,461.0,545.0,74,25750.0,29796.5,37285.0,40657.5
Microbiological Sciences and Immunology.,5,Master's Degree,Có thể hoàn thành trực tuyến,461.0,491.0,119,,52173.0,73570.0,81380.0
"Education, Other.",5,Master's Degree,Không xác định,459.0,742.0,36,,57240.5,59470.0,63947.0
Literature.,3,Bachelor's Degree,Có thể hoàn thành trực tuyến,459.0,550.0,65,26105.0,23868.0,43091.0,51146.0
Computer Science.,1,Undergraduate Certificate or Diploma,Có thể hoàn thành trực tuyến,458.0,336.0,47,17916.5,77156.5,,
Finance and Financial Management Services.,8,Graduate/Professional Certificate,Có thể hoàn thành trực tuyến,458.0,343.0,72,,,75724.0,105203.0
Architectural Sciences and Technology.,2,Associate's Degree,Có thể hoàn thành trực tuyến,458.0,449.0,74,22750.0,43244.0,53459.0,62435.0
"Ethnic, Cultural Minority, Gender, and Group Studies.",5,Master's Degree,Có thể hoàn thành trực tuyến,457.0,469.0,91,,48190.0,56929.5,65896.5
Construction Management.,3,Bachelor's Degree,Không xác định,457.0,422.0,11,24026.5,71231.5,83736.0,93175.0
Public Administration.,8,Graduate/Professional Certificate,Có thể hoàn thành trực tuyến,456.0,418.0,76,,61208.0,,
American Sign Language.,3,Bachelor's Degree,Có thể hoàn thành trực tuyến,456.0,446.0,45,26870.0,32117.0,37926.0,46831.0
"Business, Management, Marketing, and Related Support Services, Other.",1,Undergraduate Certificate or Diploma,Có thể hoàn thành trực tuyến,454.0,479.0,32,24950.0,60898.5,,
Engineering Science.,2,Associate's Degree,Có thể hoàn thành trực tuyến,454.0,497.0,31,12407.0,61518.0,68036.5,74430.0
Agricultural Mechanization.,1,Undergraduate Certificate or Diploma,Có thể hoàn thành trực tuyến,454.0,672.0,43,7892.0,43797.0,53816.0,55590.5
Teaching English or French as a Second or Foreign Language.,8,Graduate/Professional Certificate,Không xác định,453.0,398.0,54,,59061.0,63952.0,69390.0
"Biomathematics, Bioinformatics, and Computational Biology.",6,Doctoral Degree,Có thể hoàn thành trực tuyến,453.0,444.0,83,,,,
Statistics.,6,Doctoral Degree,Có thể hoàn thành trực tuyến,452.0,495.0,87,,,,
"Radio, Television, and Digital Communication.",5,Master's Degree,Một phần có thể hoàn thành trực tuyến,452.0,414.0,8,,58138.5,69006.0,77499.0
"Arts, Entertainment,and Media Management.",3,Bachelor's Degree,Một phần có thể hoàn thành trực tuyến,451.0,500.0,8,39580.0,28947.0,35092.0,38113.0
Electrical and Computer Engineering.,3,Bachelor's Degree,Có thể hoàn thành trực tuyến,450.0,230.0,15,,,,
Public Health.,2,Associate's Degree,Có thể hoàn thành trực tuyến,449.0,424.0,94,20000.0,30191.0,30264.0,30576.0
Human Computer Interaction.,5,Master's Degree,Có thể hoàn thành trực tuyến,449.0,350.0,18,,94022.0,115412.0,152440.0
Operations Research.,5,Master's Degree,Một phần có thể hoàn thành trực tuyến,448.0,476.0,5,,,163913.0,255643.0
Economics.,5,Master's Degree,Một phần có thể hoàn thành trực tuyến,448.0,394.0,8,,93478.5,114920.0,127767.0
Agricultural and Domestic Animal Services.,1,Undergraduate Certificate or Diploma,Có thể hoàn thành trực tuyến,448.0,321.0,38,7000.0,15650.0,17697.0,19552.0
Teaching English or French as a Second or Foreign Language.,5,Master's Degree,Một phần có thể hoàn thành trực tuyến,447.0,462.0,32,,53747.0,51742.0,57823.0
Hospitality Administration/Management.,5,Master's Degree,Không xác định,447.0,390.0,16,,43622.0,52032.0,68688.5
Health and Medical Administrative Services.,8,Graduate/Professional Certificate,Có thể hoàn thành trực tuyến,445.0,364.0,118,,89911.5,106770.0,125128.0
Management Information Systems and Services.,1,Undergraduate Certificate or Diploma,Có thể hoàn thành trực tuyến,445.0,578.0,59,18094.5,48029.0,47088.5,76164.0
Entrepreneurial and Small Business Operations.,3,Bachelor's Degree,Không xác định,445.0,371.0,20,26250.0,44310.5,38456.0,44949.0
Plant Sciences.,5,Master's Degree,Có thể hoàn thành trực tuyến,443.0,475.0,54,,53027.5,,
"Mathematics and Statistics, Other.",3,Bachelor's Degree,Có thể hoàn thành trực tuyến,442.0,464.0,35,21750.0,59063.0,89098.0,81146.0
"Clinical, Counseling and Applied Psychology.",6,Doctoral Degree,Một phần có thể hoàn thành trực tuyến,442.0,415.0,14,,77356.0,88251.0,96227.5
"Visual and Performing Arts, General.",1,Undergraduate Certificate or Diploma,Có thể hoàn thành trực tuyến,442.0,464.0,75,25787.0,29176.5,51845.0,58504.0
"Biological and Biomedical Sciences, Other.",3,Bachelor's Degree,Một phần có thể hoàn thành trực tuyến,441.0,418.0,2,26000.0,35324.0,65560.0,80065.0
"Electrical, Electronics and Communications Engineering.",3,Bachelor's Degree,Không xác định,438.0,267.0,6,19600.0,78076.5,86225.0,95828.0
"Ethnic, Cultural Minority, Gender, and Group Studies.",8,Graduate/Professional Certificate,Có thể hoàn thành trực tuyến,437.0,418.0,102,,,,
Industrial Engineering.,5,Master's Degree,Không xác định,437.0,475.0,16,,92990.0,103570.0,110678.0
Electromechanical Instrumentation and Maintenance Technologies/Technicians.,3,Bachelor's Degree,Có thể hoàn thành trực tuyến,437.0,368.0,36,28500.0,64083.5,72497.0,83399.0
"English Language and Literature, General.",2,Associate's Degree,Một phần có thể hoàn thành trực tuyến,436.0,432.0,23,9596.0,,35780.0,
Entrepreneurial and Small Business Operations.,8,Graduate/Professional Certificate,Không xác định,435.0,470.0,37,,,,
Engineering-Related Fields.,8,Graduate/Professional Certificate,Một phần có thể hoàn thành trực tuyến,433.0,320.0,8,,,92255.5,108262.0
"Radio, Television, and Digital Communication.",5,Master's Degree,Không xác định,433.0,263.0,10,,51986.0,,
Air Transportation.,3,Bachelor's Degree,Một phần có thể hoàn thành trực tuyến,432.0,345.0,10,27000.0,43922.0,61988.0,68250.0
Precision Systems Maintenance and Repair Technologies.,1,Undergraduate Certificate or Diploma,Không xác định,432.0,237.0,1,8640.0,58977.0,57536.0,59033.0
Rehabilitation and Therapeutic Professions.,3,Bachelor's Degree,Một phần có thể hoàn thành trực tuyến,432.0,405.0,9,26071.0,38094.0,52250.0,60228.0
Public Administration.,3,Bachelor's Degree,Một phần có thể hoàn thành trực tuyến,430.0,383.0,11,25728.0,46281.0,49812.5,57646.5
Human Resources Management and Services.,8,Graduate/Professional Certificate,Một phần có thể hoàn thành trực tuyến,429.0,416.0,28,,94567.5,60341.0,70533.0
Ophthalmic and Optometric Support Services and Allied Professions.,2,Associate's Degree,Có thể hoàn thành trực tuyến,428.0,371.0,44,16887.0,37740.0,45102.0,47403.0
Carpenters.,2,Associate's Degree,Có thể hoàn thành trực tuyến,426.0,492.0,76,12000.0,39091.5,42559.0,49813.0
"Education, Other.",3,Bachelor's Degree,Không xác định,424.0,398.0,14,26625.0,33598.5,38600.5,43576.0
"General Sales, Merchandising and Related Marketing Operations.",1,Undergraduate Certificate or Diploma,Không xác định,423.0,278.0,35,8237.0,58591.0,,
Quality Control and Safety Technologies/Technicians.,2,Associate's Degree,Không xác định,423.0,492.0,9,20804.0,70126.0,75825.0,84183.0
Health and Medical Administrative Services.,8,Graduate/Professional Certificate,Không xác định,422.0,268.0,76,,52977.0,66004.0,76668.0
Ophthalmic and Optometric Support Services and Allied Professions.,1,Undergraduate Certificate or Diploma,Có thể hoàn thành trực tuyến,421.0,484.0,43,9500.0,28173.0,31930.0,32614.5
Natural Sciences.,1,Undergraduate Certificate or Diploma,Có thể hoàn thành trực tuyến,420.0,570.0,11,,,42701.5,53855.0
Neurobiology and Neurosciences.,5,Master's Degree,Có thể hoàn thành trực tuyến,420.0,321.0,108,,31546.0,,
"Teacher Education and Professional Development, Specific Subject Areas.",3,Bachelor's Degree,Không xác định,419.0,322.0,15,30125.0,44958.0,44855.0,50879.5
Natural Resources Management and Policy.,5,Master's Degree,Có thể hoàn thành trực tuyến,419.0,455.0,56,,49408.0,63830.0,73952.0
Economics.,3,Bachelor's Degree,Không xác định,418.0,370.0,27,24000.0,49576.0,61513.0,69679.0
"Parks, Recreation and Leisure Facilities Management.",3,Bachelor's Degree,Một phần có thể hoàn thành trực tuyến,417.0,506.0,5,19628.0,33161.0,39516.0,52324.0
Homeland Security.,3,Bachelor's Degree,Một phần có thể hoàn thành trực tuyến,417.0,411.0,20,25355.0,43090.0,46459.0,56521.0
"Multi/Interdisciplinary Studies, Other.",8,Graduate/Professional Certificate,Có thể hoàn thành trực tuyến,415.0,319.0,54,,103288.0,,
Homeland Security.,1,Undergraduate Certificate or Diploma,Có thể hoàn thành trực tuyến,414.0,313.0,87,20843.0,42210.5,,
"Public Relations, Advertising, and Applied Communication.",2,Associate's Degree,Có thể hoàn thành trực tuyến,414.0,407.0,38,12000.0,21006.0,45883.0,53051.0
"Linguistic, Comparative, and Related Language Studies and Services.",6,Doctoral Degree,Có thể hoàn thành trực tuyến,414.0,434.0,81,,,,
Rehabilitation and Therapeutic Professions.,2,Associate's Degree,Có thể hoàn thành trực tuyến,413.0,386.0,51,15454.0,38608.0,39112.0,31785.0
"Mechanic and Repair Technologies/Technicians, Other.",2,Associate's Degree,Có thể hoàn thành trực tuyến,412.0,448.0,33,12385.0,37759.0,77513.5,81216.5
Engineering-Related Technologies.,1,Undergraduate Certificate or Diploma,Có thể hoàn thành trực tuyến,412.0,353.0,66,,,,
International/Global Studies.,5,Master's Degree,Có thể hoàn thành trực tuyến,411.0,394.0,36,,51758.0,64149.0,79259.0
Theological and Ministerial Studies.,3,Bachelor's Degree,Không xác định,411.0,367.0,32,35382.0,32003.0,40450.5,49392.0
Homeland Security.,1,Undergraduate Certificate or Diploma,Một phần có thể hoàn thành trực tuyến,411.0,235.0,11,22869.0,54209.0,,
Natural Resources Conservation and Research.,6,Doctoral Degree,Có thể hoàn thành trực tuyến,411.0,401.0,94,,,72414.0,89838.0
Music.,5,Master's Degree,Một phần có thể hoàn thành trực tuyến,410.0,442.0,25,,33310.0,39004.0,43116.0
Management Information Systems and Services.,5,Master's Degree,Có thể hoàn thành trực tuyến,410.0,441.0,82,,77162.0,84349.0,91674.0
Culinary Arts and Related Services.,3,Bachelor's Degree,Có thể hoàn thành trực tuyến,410.0,498.0,39,27000.0,30409.0,33968.0,39083.0
Nuclear Engineering.,3,Bachelor's Degree,Có thể hoàn thành trực tuyến,409.0,477.0,24,23125.0,74132.0,85072.0,97907.0
History.,2,Associate's Degree,Không xác định,408.0,422.0,39,19737.0,,,63008.0
Legal Support Services.,3,Bachelor's Degree,Không xác định,407.0,407.0,28,38199.0,33315.0,44715.0,50061.0
"Bilingual, Multilingual, and Multicultural Education.",5,Master's Degree,Không xác định,407.0,318.0,16,,62695.0,,
Mathematics.,2,Associate's Degree,Không xác định,407.0,392.0,22,,,60890.0,68248.0
"Practical Nursing, Vocational Nursing and Nursing Assistants.",2,Associate's Degree,Không xác định,406.0,265.0,5,21721.0,64534.0,99091.0,109213.0
"Construction Trades, General.",2,Associate's Degree,Có thể hoàn thành trực tuyến,405.0,521.0,61,12500.0,86741.0,89872.0,106044.0
Curriculum and Instruction.,8,Graduate/Professional Certificate,Có thể hoàn thành trực tuyến,403.0,463.0,73,,50604.0,69602.5,74190.5
"Foods, Nutrition, and Related Services.",2,Associate's Degree,Có thể hoàn thành trực tuyến,403.0,319.0,84,,,32787.0,36577.0
Communication and Media Studies.,6,Doctoral Degree,Có thể hoàn thành trực tuyến,401.0,467.0,76,,68920.0,77356.5,90695.0
"Aerospace, Aeronautical and Astronautical Engineering.",5,Master's Degree,Không xác định,400.0,364.0,12,,97843.0,107012.5,119445.0
"Teacher Education and Professional Development, Specific Subject Areas.",1,Undergraduate Certificate or Diploma,Có thể hoàn thành trực tuyến,400.0,331.0,112,,19540.5,32726.5,37004.5
Data Processing.,1,Undergraduate Certificate or Diploma,Có thể hoàn thành trực tuyến,399.0,653.0,69,10718.0,31954.0,39886.0,45042.0
Area Studies.,1,Undergraduate Certificate or Diploma,Có thể hoàn thành trực tuyến,399.0,453.0,54,25091.5,,,
Data Analytics.,3,Bachelor's Degree,Có thể hoàn thành trực tuyến,399.0,257.0,41,,,,
Taxation.,5,Master's Degree,Một phần có thể hoàn thành trực tuyến,398.0,459.0,12,,77846.0,96074.5,114411.0
"Liberal Arts and Sciences, General Studies and Humanities.",5,Master's Degree,Một phần có thể hoàn thành trực tuyến,398.0,322.0,31,,50520.0,79801.0,67889.5
"Psychology, Other.",3,Bachelor's Degree,Có thể hoàn thành trực tuyến,396.0,393.0,43,14745.0,36890.0,49738.0,59829.0
"Legal Professions and Studies, Other.",5,Master's Degree,Một phần có thể hoàn thành trực tuyến,393.0,408.0,5,,73564.5,183529.0,216714.0
Law.,7,First Professional Degree,Một phần có thể hoàn thành trực tuyến,392.0,447.0,4,,55507.5,74551.5,89933.0
Health and Physical Education/Fitness.,2,Associate's Degree,Một phần có thể hoàn thành trực tuyến,392.0,357.0,20,23699.0,32686.0,30249.0,38176.5
"Bilingual, Multilingual, and Multicultural Education.",5,Master's Degree,Có thể hoàn thành trực tuyến,391.0,381.0,55,,70069.0,58606.0,65167.0
Naval Architecture and Marine Engineering.,3,Bachelor's Degree,Có thể hoàn thành trực tuyến,391.0,407.0,11,27000.0,92559.0,107436.0,117114.0
Physical Sciences.,2,Associate's Degree,Một phần có thể hoàn thành trực tuyến,390.0,483.0,5,,27007.0,43094.0,47633.0
"Engineering Technologies/Technicians, Other.",3,Bachelor's Degree,Có thể hoàn thành trực tuyến,390.0,378.0,27,27000.0,62689.0,75158.5,84728.5
Allied Health and Medical Assisting Services.,3,Bachelor's Degree,Một phần có thể hoàn thành trực tuyến,389.0,367.0,4,21500.0,38691.0,59729.0,70008.0
Computer Systems Networking and Telecommunications.,2,Associate's Degree,Một phần có thể hoàn thành trực tuyến,389.0,484.0,38,25375.0,44735.0,51108.0,57157.0
"Multi-/Interdisciplinary Studies, General.",2,Associate's Degree,Không xác định,389.0,373.0,22,11039.5,29363.5,,
Marine Transportation.,3,Bachelor's Degree,Có thể hoàn thành trực tuyến,388.0,493.0,7,25771.0,84187.0,101890.0,109470.0
"Allied Health Diagnostic, Intervention, and Treatment Professions.",7,First Professional Degree,Không xác định,387.0,339.0,6,,,,
Natural Sciences.,2,Associate's Degree,Có thể hoàn thành trực tuyến,386.0,318.0,27,11068.0,,68532.0,73547.0
"English Language and Literature, General.",2,Associate's Degree,Không xác định,386.0,353.0,29,10250.0,19125.0,22172.0,29309.5
Missions/Missionary Studies and Missiology.,3,Bachelor's Degree,Có thể hoàn thành trực tuyến,385.0,391.0,83,19635.0,24754.0,,31314.5
Physical Sciences.,2,Associate's Degree,Không xác định,384.0,526.0,10,12000.0,20219.0,42117.5,41969.5
Computer Engineering.,6,Doctoral Degree,Có thể hoàn thành trực tuyến,384.0,410.0,71,,,,
Computer Systems Analysis.,5,Master's Degree,Có thể hoàn thành trực tuyến,382.0,344.0,9,,81435.5,110613.5,128418.0
"Education, Other.",5,Master's Degree,Một phần có thể hoàn thành trực tuyến,382.0,247.0,14,,59567.5,51489.0,52259.0
"Arts, Entertainment,and Media Management.",5,Master's Degree,Một phần có thể hoàn thành trực tuyến,380.0,409.0,7,,41475.5,45518.5,50756.0
Allied Health and Medical Assisting Services.,5,Master's Degree,Có thể hoàn thành trực tuyến,379.0,412.0,24,,185626.0,169923.0,189814.0
Political Science and Government.,5,Master's Degree,Một phần có thể hoàn thành trực tuyến,377.0,346.0,10,,60055.0,89553.0,106800.0
Clinical/Medical Laboratory Science/Research and Allied Professions.,5,Master's Degree,Có thể hoàn thành trực tuyến,377.0,338.0,44,,71553.0,66396.0,73101.0
"Bilingual, Multilingual, and Multicultural Education.",8,Graduate/Professional Certificate,Không xác định,376.0,313.0,25,,54526.0,60596.0,68925.0
"Human Development, Family Studies, and Related Services.",5,Master's Degree,Không xác định,376.0,452.0,24,,46744.5,52877.0,58179.0
"Family and Consumer Sciences/Human Sciences, General.",3,Bachelor's Degree,Một phần có thể hoàn thành trực tuyến,376.0,382.0,3,25907.5,35280.0,42633.0,49211.5
Pastoral Counseling and Specialized Ministries.,5,Master's Degree,Một phần có thể hoàn thành trực tuyến,375.0,298.0,26,,43966.0,47475.0,48006.0
Community Organization and Advocacy.,3,Bachelor's Degree,Có thể hoàn thành trực tuyến,375.0,437.0,48,29082.0,39180.5,45701.0,49649.0
Natural Resources Conservation and Research.,5,Master's Degree,Một phần có thể hoàn thành trực tuyến,374.0,377.0,14,,56699.0,76422.0,82261.0
Biomedical/Medical Engineering.,5,Master's Degree,Một phần có thể hoàn thành trực tuyến,374.0,343.0,8,,86161.0,103506.0,112141.5
Biological and Physical Sciences.,5,Master's Degree,Có thể hoàn thành trực tuyến,374.0,383.0,42,,57454.0,109584.0,105291.0
Biotechnology.,1,Undergraduate Certificate or Diploma,Không xác định,372.0,13.0,1,,,,
Forestry.,2,Associate's Degree,Có thể hoàn thành trực tuyến,372.0,402.0,61,12311.0,36427.0,43510.0,54112.0
Mental and Social Health Services and Allied Professions.,3,Bachelor's Degree,Một phần có thể hoàn thành trực tuyến,371.0,375.0,15,33375.0,40426.0,42072.0,46846.0
"Mechatronics, Robotics, and Automation Engineering.",5,Master's Degree,Có thể hoàn thành trực tuyến,370.0,231.0,19,,,,
Design and Applied Arts.,2,Associate's Degree,Một phần có thể hoàn thành trực tuyến,370.0,315.0,22,24792.0,31209.5,33378.0,32514.0
Marketing.,8,Graduate/Professional Certificate,Không xác định,370.0,346.0,32,,55846.0,53407.0,64349.0
Teaching English or French as a Second or Foreign Language.,3,Bachelor's Degree,Có thể hoàn thành trực tuyến,368.0,345.0,82,26250.0,45095.0,29950.0,31764.5
"Foods, Nutrition, and Related Services.",5,Master's Degree,Có thể hoàn thành trực tuyến,368.0,424.0,45,,51392.0,56625.0,66155.0
Drafting/Design Engineering Technologies/Technicians.,1,Undergraduate Certificate or Diploma,Một phần có thể hoàn thành trực tuyến,367.0,342.0,17,,,46142.0,52569.0
"Biological and Biomedical Sciences, Other.",5,Master's Degree,Không xác định,367.0,257.0,4,,54048.0,59775.0,64097.0
Accounting and Related Services.,8,Graduate/Professional Certificate,Có thể hoàn thành trực tuyến,366.0,394.0,111,,58112.0,67831.0,71145.0
Philosophy.,6,Doctoral Degree,Có thể hoàn thành trực tuyến,366.0,431.0,108,,,,
Management Information Systems and Services.,1,Undergraduate Certificate or Diploma,Không xác định,366.0,245.0,24,27000.0,58382.0,,
Religion/Religious Studies.,8,Graduate/Professional Certificate,Có thể hoàn thành trực tuyến,365.0,362.0,34,,,36359.0,45774.0
Philosophy.,2,Associate's Degree,Có thể hoàn thành trực tuyến,365.0,369.0,94,,,,
Museology/Museum Studies.,5,Master's Degree,Có thể hoàn thành trực tuyến,364.0,446.0,36,,32400.0,43381.0,47935.0
"Foods, Nutrition, and Related Services.",5,Master's Degree,Một phần có thể hoàn thành trực tuyến,364.0,243.0,13,,58442.0,54606.0,63151.0
Rhetoric and Composition/Writing Studies.,5,Master's Degree,Một phần có thể hoàn thành trực tuyến,363.0,275.0,17,,48018.0,48870.0,55193.0
Geography and Cartography.,8,Graduate/Professional Certificate,Không xác định,361.0,344.0,23,,62174.5,,
Construction Management.,2,Associate's Degree,Có thể hoàn thành trực tuyến,361.0,245.0,58,20000.0,53071.0,62203.0,70065.5
"Linguistic, Comparative, and Related Language Studies and Services.",2,Associate's Degree,Có thể hoàn thành trực tuyến,361.0,324.0,65,,,,
"Science Technologies/Technicians, Other.",2,Associate's Degree,Không xác định,361.0,263.0,8,16300.0,,,
"Computer and Information Sciences, General.",8,Graduate/Professional Certificate,Có thể hoàn thành trực tuyến,361.0,276.0,81,,79325.5,86987.0,81561.0
Educational Administration and Supervision.,3,Bachelor's Degree,Không xác định,361.0,308.0,8,35697.0,37480.0,36299.0,42810.0
Mathematics.,2,Associate's Degree,Một phần có thể hoàn thành trực tuyến,359.0,392.0,16,,,,
Communication Disorders Sciences and Services.,3,Bachelor's Degree,Một phần có thể hoàn thành trực tuyến,358.0,316.0,12,24416.0,26279.0,50127.5,54919.0
Mathematics.,3,Bachelor's Degree,Một phần có thể hoàn thành trực tuyến,357.0,315.0,21,26500.0,51396.0,53043.0,56971.0
"Aerospace, Aeronautical and Astronautical Engineering.",6,Doctoral Degree,Có thể hoàn thành trực tuyến,357.0,367.0,49,,,120421.5,128041.5
Industrial Engineering.,6,Doctoral Degree,Có thể hoàn thành trực tuyến,357.0,371.0,53,,,,
Allied Health and Medical Assisting Services.,3,Bachelor's Degree,Có thể hoàn thành trực tuyến,357.0,369.0,28,22500.0,32919.0,69053.0,83413.0
"Social Sciences, General.",5,Master's Degree,Có thể hoàn thành trực tuyến,357.0,401.0,44,,40137.5,60073.0,68788.5
Communication Disorders Sciences and Services.,5,Master's Degree,Không xác định,356.0,521.0,6,,62548.5,64087.0,65485.0
"Engineering, General.",6,Doctoral Degree,Có thể hoàn thành trực tuyến,356.0,336.0,45,,,,
Rehabilitation and Therapeutic Professions.,6,Doctoral Degree,Một phần có thể hoàn thành trực tuyến,355.0,359.0,6,,76894.5,82098.5,89427.0
Animal Sciences.,5,Master's Degree,Có thể hoàn thành trực tuyến,355.0,428.0,60,,71743.0,76312.0,102699.0
Audiovisual Communications Technologies/Technicians.,3,Bachelor's Degree,Một phần có thể hoàn thành trực tuyến,355.0,304.0,2,43000.0,30014.0,29220.0,32451.0
Mental and Social Health Services and Allied Professions.,2,Associate's Degree,Không xác định,352.0,363.0,31,17976.0,31130.0,35524.0,40197.0
Health/Medical Preparatory Programs.,3,Bachelor's Degree,Một phần có thể hoàn thành trực tuyến,352.0,337.0,10,23168.0,33642.0,59456.0,103024.0
Medical Illustration and Informatics.,5,Master's Degree,Một phần có thể hoàn thành trực tuyến,351.0,340.0,15,,82917.0,107426.0,114439.0
"Foods, Nutrition, and Related Services.",5,Master's Degree,Không xác định,351.0,333.0,22,,53540.0,55627.5,60698.0
"Health Professions and Related Clinical Sciences, Other.",3,Bachelor's Degree,Một phần có thể hoàn thành trực tuyến,350.0,310.0,11,27890.5,34040.0,46675.0,55627.5
Dietetics and Clinical Nutrition Services.,3,Bachelor's Degree,Không xác định,350.0,327.0,3,29125.0,32665.5,40136.0,46282.0
Dental Support Services and Allied Professions.,2,Associate's Degree,Một phần có thể hoàn thành trực tuyến,349.0,334.0,14,14875.0,54942.0,57001.0,58923.0
Health and Medical Administrative Services.,8,Graduate/Professional Certificate,Một phần có thể hoàn thành trực tuyến,349.0,320.0,34,,97170.0,,
Dietetics and Clinical Nutrition Services.,1,Undergraduate Certificate or Diploma,Không xác định,349.0,127.0,5,17237.0,33554.0,31081.0,40445.0
Urban Studies/Affairs.,5,Master's Degree,Có thể hoàn thành trực tuyến,347.0,295.0,37,,65514.0,65658.5,74105.5
"Education, General.",3,Bachelor's Degree,Một phần có thể hoàn thành trực tuyến,345.0,175.0,24,25832.0,35543.0,38697.0,42072.0
Film/Video and Photographic Arts.,3,Bachelor's Degree,Không xác định,342.0,314.0,6,31500.0,29094.0,34274.5,43199.0
"Biology, General.",8,Graduate/Professional Certificate,Có thể hoàn thành trực tuyến,341.0,338.0,50,,21855.5,,65003.5
Pharmacology and Toxicology.,5,Master's Degree,Có thể hoàn thành trực tuyến,341.0,372.0,97,,36308.5,,
Human Computer Interaction.,3,Bachelor's Degree,Một phần có thể hoàn thành trực tuyến,341.0,385.0,1,33471.0,26924.0,38757.0,42044.0
"Allied Health Diagnostic, Intervention, and Treatment Professions.",2,Associate's Degree,Không xác định,341.0,297.0,13,24582.0,51036.0,54316.0,60743.0
Homeland Security.,5,Master's Degree,Một phần có thể hoàn thành trực tuyến,340.0,398.0,12,,70939.0,73705.5,89805.0
"Pharmacy, Pharmaceutical Sciences, and Administration.",5,Master's Degree,Không xác định,339.0,334.0,6,,107385.0,105454.0,130862.0
Security Science and Technology.,3,Bachelor's Degree,Một phần có thể hoàn thành trực tuyến,339.0,364.0,12,29096.5,37734.0,40515.0,49900.0
Real Estate.,1,Undergraduate Certificate or Diploma,Một phần có thể hoàn thành trực tuyến,339.0,317.0,14,12375.0,45613.5,17660.0,
Pharmacology and Toxicology.,6,Doctoral Degree,Có thể hoàn thành trực tuyến,338.0,385.0,108,,,,
Energy Systems Technologies/Technicians.,2,Associate's Degree,Có thể hoàn thành trực tuyến,338.0,322.0,119,15459.5,63553.5,62115.5,69649.5
International Relations and National Security Studies.,8,Graduate/Professional Certificate,Có thể hoàn thành trực tuyến,338.0,274.0,31,,,,
"Biomathematics, Bioinformatics, and Computational Biology.",5,Master's Degree,Một phần có thể hoàn thành trực tuyến,337.0,305.0,6,,94140.5,138598.0,187372.0
Student Counseling and Personnel Services.,6,Doctoral Degree,Có thể hoàn thành trực tuyến,337.0,303.0,79,,75094.0,84100.0,88702.0
Dental Support Services and Allied Professions.,3,Bachelor's Degree,Không xác định,337.0,345.0,12,24140.5,58493.0,58756.0,62361.0
"Teacher Education and Professional Development, Specific Subject Areas.",1,Undergraduate Certificate or Diploma,Không xác định,336.0,290.0,8,16873.5,44886.0,,
"Computer and Information Sciences, General.",8,Graduate/Professional Certificate,Không xác định,335.0,178.0,27,,67453.0,72988.0,77292.0
Security Science and Technology.,3,Bachelor's Degree,Không xác định,335.0,253.0,21,29200.0,47496.0,42158.0,52779.0
"Biological and Biomedical Sciences, Other.",5,Master's Degree,Một phần có thể hoàn thành trực tuyến,334.0,330.0,6,,42292.0,66257.0,67520.0
Biology Technician/Biotechnology Laboratory Technician.,1,Undergraduate Certificate or Diploma,Có thể hoàn thành trực tuyến,334.0,322.0,53,13973.0,38858.0,44263.0,54132.0
Community Organization and Advocacy.,3,Bachelor's Degree,Một phần có thể hoàn thành trực tuyến,333.0,345.0,4,31415.0,44961.0,43904.0,47108.0
"Agriculture, General.",3,Bachelor's Degree,Một phần có thể hoàn thành trực tuyến,333.0,350.0,9,20500.0,39145.0,47292.0,50564.0
Engineering-Related Fields.,3,Bachelor's Degree,Không xác định,333.0,348.0,14,13988.0,65289.0,67656.0,107203.0
Systems Science and Theory.,3,Bachelor's Degree,Có thể hoàn thành trực tuyến,332.0,346.0,19,24125.0,36442.0,100090.5,117596.0
"Business, Management, Marketing, and Related Support Services, Other.",5,Master's Degree,Không xác định,331.0,326.0,14,,73605.5,100640.5,112620.5
"Educational Assessment, Evaluation, and Research.",5,Master's Degree,Có thể hoàn thành trực tuyến,331.0,286.0,50,,61081.0,65221.0,67376.5
Political Science and Government.,2,Associate's Degree,Không xác định,331.0,281.0,18,,,37244.0,42851.0
Genetics.,5,Master's Degree,Có thể hoàn thành trực tuyến,330.0,278.0,67,,85029.0,,
Design and Applied Arts.,1,Undergraduate Certificate or Diploma,Không xác định,329.0,311.0,28,10941.0,25622.0,34908.0,36096.0
"Human Services, General.",1,Undergraduate Certificate or Diploma,Không xác định,328.0,331.0,30,15890.0,21722.0,38229.0,45408.0
Political Science and Government.,1,Undergraduate Certificate or Diploma,Có thể hoàn thành trực tuyến,326.0,311.0,21,23250.0,51222.0,64391.0,73852.0
Mechanical Engineering.,2,Associate's Degree,Có thể hoàn thành trực tuyến,325.0,318.0,39,15848.0,,69349.0,64037.0
History.,2,Associate's Degree,Một phần có thể hoàn thành trực tuyến,325.0,332.0,19,11990.0,,28537.0,37530.0
Criminology.,5,Master's Degree,Không xác định,325.0,312.0,14,,48633.0,54605.0,61852.0
Fine and Studio Arts.,2,Associate's Degree,Một phần có thể hoàn thành trực tuyến,325.0,304.0,18,22000.0,24491.0,23322.0,30218.0
"Ethnic, Cultural Minority, Gender, and Group Studies.",3,Bachelor's Degree,Một phần có thể hoàn thành trực tuyến,323.0,273.0,16,25109.5,29990.0,38073.0,45742.0
Criminology.,5,Master's Degree,Có thể hoàn thành trực tuyến,321.0,326.0,41,,42613.0,55891.0,62991.5
"Intelligence, Command Control and Information Operations.",3,Bachelor's Degree,Có thể hoàn thành trực tuyến,321.0,284.0,15,25000.0,43680.5,58569.0,64728.0
Research and Experimental Psychology.,5,Master's Degree,Một phần có thể hoàn thành trực tuyến,320.0,306.0,5,,48960.0,52374.0,58676.0
"Teacher Education and Professional Development, Specific Subject Areas.",6,Doctoral Degree,Có thể hoàn thành trực tuyến,320.0,373.0,97,,86509.0,77337.0,83729.0
Theological and Ministerial Studies.,7,First Professional Degree,Có thể hoàn thành trực tuyến,320.0,304.0,42,,102148.0,77949.0,59095.0
Physical Sciences.,3,Bachelor's Degree,Có thể hoàn thành trực tuyến,320.0,259.0,71,23625.0,41421.0,52946.0,71673.5
Pastoral Counseling and Specialized Ministries.,3,Bachelor's Degree,Một phần có thể hoàn thành trực tuyến,319.0,349.0,28,26750.0,32226.5,35365.0,44697.0
Social Work.,2,Associate's Degree,Không xác định,317.0,293.0,16,11725.0,18336.0,30338.5,31545.5
Computational Science.,5,Master's Degree,Một phần có thể hoàn thành trực tuyến,317.0,310.0,2,,120604.5,,
Family and Consumer Sciences/Human Sciences Business Services.,3,Bachelor's Degree,Có thể hoàn thành trực tuyến,317.0,304.0,12,23344.0,40256.0,54161.0,63583.0
"Middle/Near Eastern and Semitic Languages, Literatures, and Linguistics.",3,Bachelor's Degree,Có thể hoàn thành trực tuyến,317.0,318.0,84,15526.0,48355.0,59678.0,77090.0
"East Asian Languages, Literatures, and Linguistics.",1,Undergraduate Certificate or Diploma,Có thể hoàn thành trực tuyến,316.0,262.0,29,,,,
"Education, General.",8,Graduate/Professional Certificate,Không xác định,316.0,454.0,28,,59637.5,62342.0,67517.0
Computer/Information Technology Administration and Management.,8,Graduate/Professional Certificate,Một phần có thể hoàn thành trực tuyến,316.0,285.0,17,,,,
"Education, Other.",3,Bachelor's Degree,Một phần có thể hoàn thành trực tuyến,316.0,331.0,7,31162.0,37144.5,58769.0,70349.0
Graphic Communications.,3,Bachelor's Degree,Không xác định,315.0,273.0,8,29510.0,28336.5,53634.0,61613.0
Biological/Biosystems Engineering.,3,Bachelor's Degree,Có thể hoàn thành trực tuyến,315.0,300.0,14,23012.5,59620.0,64760.0,75689.0
Food Science and Technology.,5,Master's Degree,Có thể hoàn thành trực tuyến,315.0,342.0,43,,75288.5,69168.0,86959.0
"Legal Professions and Studies, Other.",5,Master's Degree,Có thể hoàn thành trực tuyến,313.0,311.0,30,,37627.0,,100380.0
Computer Engineering.,3,Bachelor's Degree,Không xác định,313.0,258.0,8,23360.0,75210.0,89519.0,103462.0
"Building/Construction Finishing, Management, and Inspection.",1,Undergraduate Certificate or Diploma,Một phần có thể hoàn thành trực tuyến,313.0,263.0,9,,,,
Audiovisual Communications Technologies/Technicians.,1,Undergraduate Certificate or Diploma,Một phần có thể hoàn thành trực tuyến,313.0,613.0,14,13049.0,21086.5,28608.0,29914.0
"Bilingual, Multilingual, and Multicultural Education.",8,Graduate/Professional Certificate,Có thể hoàn thành trực tuyến,313.0,299.0,52,,78199.0,76722.0,83832.5
"Business, Management, Marketing, and Related Support Services, Other.",5,Master's Degree,Có thể hoàn thành trực tuyến,312.0,287.0,35,,78460.0,81253.0,99441.0
Computer Systems Networking and Telecommunications.,2,Associate's Degree,Không xác định,312.0,366.0,35,30649.0,43901.0,49816.0,50860.0
Applied Mathematics.,6,Doctoral Degree,Có thể hoàn thành trực tuyến,312.0,359.0,77,,,83521.0,114741.0
Vehicle Maintenance and Repair Technologies.,2,Associate's Degree,Một phần có thể hoàn thành trực tuyến,312.0,311.0,15,13958.0,39932.5,45821.5,53906.0
Theological and Ministerial Studies.,2,Associate's Degree,Không xác định,311.0,263.0,23,16000.0,27591.0,,
Engineering-Related Technologies.,2,Associate's Degree,Có thể hoàn thành trực tuyến,311.0,279.0,71,,49110.0,60220.0,64342.0
Information Science/Studies.,2,Associate's Degree,Một phần có thể hoàn thành trực tuyến,311.0,283.0,10,15415.0,52220.0,48269.0,50048.0
Religious Education.,3,Bachelor's Degree,Không xác định,309.0,300.0,13,35436.0,37273.0,35667.0,42169.0
Computer Software and Media Applications.,8,Graduate/Professional Certificate,Có thể hoàn thành trực tuyến,309.0,236.0,38,,90138.5,,
Dietetics and Clinical Nutrition Services.,2,Associate's Degree,Có thể hoàn thành trực tuyến,309.0,320.0,51,6000.0,25498.0,32885.0,40927.5
"Specialized Sales, Merchandising and  Marketing Operations.",2,Associate's Degree,Có thể hoàn thành trực tuyến,308.0,303.0,68,15156.0,,33255.0,35135.0
Physical Science Technologies/Technicians.,1,Undergraduate Certificate or Diploma,Không xác định,308.0,389.0,1,,,,
"Education, General.",2,Associate's Degree,Không xác định,308.0,272.0,21,11000.0,,37919.0,42440.0
Communication Disorders Sciences and Services.,6,Doctoral Degree,Có thể hoàn thành trực tuyến,308.0,325.0,80,,74521.0,77492.0,85082.0
"Multi/Interdisciplinary Studies, Other.",5,Master's Degree,Một phần có thể hoàn thành trực tuyến,308.0,343.0,20,,56773.5,85094.0,77847.0
Funeral Service and Mortuary Science.,2,Associate's Degree,Không xác định,307.0,307.0,6,20218.5,43615.0,39428.0,48032.0
"Teacher Education and Professional Development, Specific Subject Areas.",8,Graduate/Professional Certificate,Không xác định,307.0,308.0,45,,60474.0,68121.0,74811.0
Bioethics/Medical Ethics.,3,Bachelor's Degree,Có thể hoàn thành trực tuyến,307.0,266.0,20,19000.0,,,63986.0
Genetics.,6,Doctoral Degree,Có thể hoàn thành trực tuyến,305.0,340.0,70,,63805.0,,137010.0
Missions/Missionary Studies and Missiology.,1,Undergraduate Certificate or Diploma,Có thể hoàn thành trực tuyến,305.0,391.0,9,9458.0,18139.0,29516.0,32879.0
Applied Horticulture and Horticultural Business Services.,3,Bachelor's Degree,Có thể hoàn thành trực tuyến,305.0,308.0,38,24999.0,46364.0,51147.0,55873.5
Human Resources Management and Services.,8,Graduate/Professional Certificate,Có thể hoàn thành trực tuyến,303.0,232.0,91,,52210.0,60341.0,70533.0
Community Organization and Advocacy.,5,Master's Degree,Không xác định,302.0,247.0,10,,46622.0,42689.0,47728.0
Architectural Engineering Technologies/Technicians.,3,Bachelor's Degree,Có thể hoàn thành trực tuyến,302.0,344.0,14,21717.0,50625.0,58375.0,64041.0
"Legal Professions and Studies, Other.",5,Master's Degree,Không xác định,302.0,307.0,10,,66681.0,65811.5,74828.0
"Intelligence, Command Control and Information Operations.",8,Graduate/Professional Certificate,Không xác định,302.0,276.0,9,,,,
"Visual and Performing Arts, General.",5,Master's Degree,Có thể hoàn thành trực tuyến,302.0,287.0,38,,45097.5,38065.0,46779.0
Behavioral Sciences.,2,Associate's Degree,Có thể hoàn thành trực tuyến,302.0,289.0,20,10475.5,,,
Agricultural Mechanization.,3,Bachelor's Degree,Có thể hoàn thành trực tuyến,302.0,308.0,19,20270.0,58929.0,66079.0,71449.0
Information Science/Studies.,1,Undergraduate Certificate or Diploma,Có thể hoàn thành trực tuyến,301.0,282.0,55,14647.5,43467.0,64646.0,72793.5
"Romance Languages, Literatures, and Linguistics.",6,Doctoral Degree,Có thể hoàn thành trực tuyến,301.0,411.0,81,,,,62221.0
"Clinical, Counseling and Applied Psychology.",6,Doctoral Degree,Không xác định,300.0,291.0,9,,78591.5,76009.5,85322.0
Woodworking.,1,Undergraduate Certificate or Diploma,Có thể hoàn thành trực tuyến,299.0,472.0,71,,26594.0,37097.0,43169.5
Biology Technician/Biotechnology Laboratory Technician.,2,Associate's Degree,Có thể hoàn thành trực tuyến,299.0,283.0,69,11245.0,,55161.0,77823.0
Computer Software and Media Applications.,2,Associate's Degree,Không xác định,299.0,270.0,39,23570.0,35284.0,31364.0,42902.5
Film/Video and Photographic Arts.,1,Undergraduate Certificate or Diploma,Không xác định,299.0,215.0,9,17769.5,26685.5,,
Dietetics and Clinical Nutrition Services.,5,Master's Degree,Một phần có thể hoàn thành trực tuyến,299.0,303.0,10,,50382.0,46473.0,50794.0
Peace Studies and Conflict Resolution.,5,Master's Degree,Có thể hoàn thành trực tuyến,298.0,309.0,26,,54455.0,59565.0,75925.0
Architectural Engineering Technologies/Technicians.,1,Undergraduate Certificate or Diploma,Có thể hoàn thành trực tuyến,298.0,288.0,29,,,,
Quality Control and Safety Technologies/Technicians.,2,Associate's Degree,Có thể hoàn thành trực tuyến,298.0,306.0,58,16631.0,36456.0,43880.5,63477.5
Computer Programming.,3,Bachelor's Degree,Một phần có thể hoàn thành trực tuyến,298.0,259.0,9,31434.5,69886.5,73095.0,81925.0
Alternative and Complementary Medicine and Medical Systems.,3,Bachelor's Degree,Không xác định,298.0,296.0,4,39188.0,32818.0,31934.5,35084.5
"Business Administration, Management and Operations.",6,Doctoral Degree,Một phần có thể hoàn thành trực tuyến,297.0,130.0,16,,91517.5,100071.0,101044.0
History.,5,Master's Degree,Một phần có thể hoàn thành trực tuyến,296.0,204.0,20,,63996.0,,62954.0
"English Language and Literature, General.",1,Undergraduate Certificate or Diploma,Một phần có thể hoàn thành trực tuyến,295.0,283.0,4,,20322.0,19806.0,23486.0
Real Estate.,2,Associate's Degree,Có thể hoàn thành trực tuyến,295.0,243.0,79,,,37394.0,39810.0
Botany/Plant Biology.,3,Bachelor's Degree,Có thể hoàn thành trực tuyến,295.0,309.0,49,25000.0,31861.0,38469.0,35390.0
"Visual and Performing Arts, General.",3,Bachelor's Degree,Một phần có thể hoàn thành trực tuyến,294.0,280.0,5,29000.0,22997.0,31520.0,39463.0
Religious Education.,5,Master's Degree,Không xác định,294.0,244.0,17,,39032.0,43970.5,47595.0
"Biological and Biomedical Sciences, Other.",2,Associate's Degree,Có thể hoàn thành trực tuyến,294.0,154.0,9,10875.0,,33068.0,49330.0
Geography and Cartography.,2,Associate's Degree,Có thể hoàn thành trực tuyến,293.0,317.0,115,,,,
Homeland Security.,2,Associate's Degree,Có thể hoàn thành trực tuyến,293.0,262.0,68,21875.0,42663.0,54450.0,62370.0
Computer Software and Media Applications.,2,Associate's Degree,Một phần có thể hoàn thành trực tuyến,293.0,229.0,36,6881.0,23486.5,31364.0,34869.0
Apparel and Textiles.,2,Associate's Degree,Có thể hoàn thành trực tuyến,293.0,307.0,40,15566.5,28863.0,37945.5,48336.0
Plant Sciences.,6,Doctoral Degree,Có thể hoàn thành trực tuyến,292.0,287.0,50,,,,
"Engineering Technologies/Technicians, Other.",2,Associate's Degree,Có thể hoàn thành trực tuyến,292.0,372.0,88,18640.0,,51112.0,67260.5
Agricultural and Domestic Animal Services.,3,Bachelor's Degree,Có thể hoàn thành trực tuyến,291.0,329.0,27,24066.0,31362.0,31011.0,34516.0
Computer/Information Technology Administration and Management.,8,Graduate/Professional Certificate,Có thể hoàn thành trực tuyến,291.0,215.0,72,,,100053.0,
Funeral Service and Mortuary Science.,1,Undergraduate Certificate or Diploma,Có thể hoàn thành trực tuyến,291.0,235.0,21,20183.0,44194.0,51560.5,56635.0
"Engineering Technologies/Technicians, Other.",3,Bachelor's Degree,Một phần có thể hoàn thành trực tuyến,290.0,291.0,5,24875.0,66669.0,78595.0,77410.0
"Business, Management, Marketing, and Related Support Services, Other.",5,Master's Degree,Một phần có thể hoàn thành trực tuyến,289.0,305.0,8,,66395.0,75514.0,89054.0
"Intelligence, Command Control and Information Operations.",3,Bachelor's Degree,Một phần có thể hoàn thành trực tuyến,289.0,216.0,7,17416.0,58154.5,80707.0,98404.0
Natural Resources Management and Policy.,5,Master's Degree,Không xác định,288.0,217.0,6,,69861.0,76178.0,85706.0
Hospitality Administration/Management.,1,Undergraduate Certificate or Diploma,Một phần có thể hoàn thành trực tuyến,288.0,374.0,17,23018.0,33343.0,47258.5,51601.5
Electrical/Electronics Maintenance and Repair Technology.,1,Undergraduate Certificate or Diploma,Không xác định,288.0,257.0,10,,,,
Civil Engineering Technologies/Technicians.,3,Bachelor's Degree,Có thể hoàn thành trực tuyến,287.0,332.0,31,28000.0,59793.0,70871.0,77476.0
Electrical Engineering Technologies/Technicians.,1,Undergraduate Certificate or Diploma,Một phần có thể hoàn thành trực tuyến,286.0,290.0,13,9000.0,39204.0,33662.0,36937.0
"Physiology, Pathology and Related Sciences.",5,Master's Degree,Không xác định,285.0,199.0,4,,46543.0,47618.0,52199.0
Special Education and Teaching.,3,Bachelor's Degree,Một phần có thể hoàn thành trực tuyến,284.0,347.0,26,25000.0,42742.0,40716.0,47627.5
Computer Science.,2,Associate's Degree,Một phần có thể hoàn thành trực tuyến,284.0,241.0,20,12479.0,,,
Teaching Assistants/Aides.,2,Associate's Degree,Không xác định,284.0,241.0,19,10000.0,24283.0,32245.0,33360.0
Design and Applied Arts.,5,Master's Degree,Một phần có thể hoàn thành trực tuyến,282.0,240.0,4,,40987.0,46407.0,60114.0
"Clinical, Counseling and Applied Psychology.",8,Graduate/Professional Certificate,Một phần có thể hoàn thành trực tuyến,280.0,311.0,26,,63903.0,,
Clinical/Medical Laboratory Science/Research and Allied Professions.,8,Graduate/Professional Certificate,Có thể hoàn thành trực tuyến,279.0,223.0,41,,36829.0,32007.5,35752.0
Community Organization and Advocacy.,2,Associate's Degree,Có thể hoàn thành trực tuyến,279.0,370.0,29,12074.0,27091.0,33064.0,39497.0
Health and Physical Education/Fitness.,1,Undergraduate Certificate or Diploma,Không xác định,279.0,305.0,11,11000.0,29856.0,,
"Human Services, General.",2,Associate's Degree,Một phần có thể hoàn thành trực tuyến,279.0,298.0,14,18250.0,32887.0,32656.0,37181.0
Family and Consumer Sciences/Human Sciences Business Services.,3,Bachelor's Degree,Không xác định,278.0,2.0,2,,,,
Human Computer Interaction.,3,Bachelor's Degree,Có thể hoàn thành trực tuyến,277.0,240.0,15,25812.5,71611.0,81573.0,125189.0
Landscape Architecture.,5,Master's Degree,Có thể hoàn thành trực tuyến,277.0,308.0,44,,55164.0,68030.0,74611.5
Social and Philosophical Foundations of Education.,3,Bachelor's Degree,Có thể hoàn thành trực tuyến,276.0,216.0,10,17000.0,33915.0,,
Religious Education.,3,Bachelor's Degree,Có thể hoàn thành trực tuyến,274.0,271.0,64,26000.0,32605.5,37582.0,41655.0
International/Global Studies.,3,Bachelor's Degree,Không xác định,274.0,281.0,9,19446.0,38057.0,47897.5,57552.0
Theological and Ministerial Studies.,8,Graduate/Professional Certificate,Có thể hoàn thành trực tuyến,274.0,283.0,58,,,,
Statistics.,5,Master's Degree,Một phần có thể hoàn thành trực tuyến,272.0,216.0,8,,94890.5,114439.0,133369.0
Computer Systems Networking and Telecommunications.,5,Master's Degree,Không xác định,272.0,283.0,10,,74141.0,87663.0,104490.0
Fire Protection.,2,Associate's Degree,Một phần có thể hoàn thành trực tuyến,272.0,300.0,23,10370.0,,84029.5,86488.0
Bible/Biblical Studies.,5,Master's Degree,Một phần có thể hoàn thành trực tuyến,271.0,242.0,22,,48180.5,34302.0,43576.0
Management Sciences and Quantitative Methods.,1,Undergraduate Certificate or Diploma,Không xác định,269.0,219.0,14,19854.0,68079.0,,
Management Sciences and Quantitative Methods.,8,Graduate/Professional Certificate,Một phần có thể hoàn thành trực tuyến,269.0,169.0,22,,69568.0,,
Human Resources Management and Services.,1,Undergraduate Certificate or Diploma,Một phần có thể hoàn thành trực tuyến,269.0,248.0,18,25422.0,51570.0,54373.0,61536.0
Pastoral Counseling and Specialized Ministries.,5,Master's Degree,Không xác định,269.0,280.0,30,,39775.0,43924.0,
Industrial Production Technologies/Technicians.,3,Bachelor's Degree,Không xác định,269.0,249.0,14,24489.0,74388.0,60024.5,72544.5
Law.,7,First Professional Degree,Không xác định,268.0,321.0,6,,77253.0,83840.0,108151.0
Religion/Religious Studies.,5,Master's Degree,Không xác định,268.0,215.0,30,,56689.0,,
Computer Engineering Technologies/Technicians.,2,Associate's Degree,Không xác định,266.0,319.0,12,21696.0,51369.0,54193.0,58895.0
Data Entry/Microcomputer Applications.,1,Undergraduate Certificate or Diploma,Có thể hoàn thành trực tuyến,265.0,292.0,91,,48416.0,,
Theological and Ministerial Studies.,6,Doctoral Degree,Một phần có thể hoàn thành trực tuyến,265.0,177.0,16,,58293.0,70894.0,69549.0
Health/Medical Preparatory Programs.,5,Master's Degree,Có thể hoàn thành trực tuyến,264.0,228.0,16,,32707.0,53098.0,68687.0
Precision Systems Maintenance and Repair Technologies.,2,Associate's Degree,Có thể hoàn thành trực tuyến,264.0,177.0,24,20000.0,39981.0,37234.0,39275.5
Religious/Sacred Music.,3,Bachelor's Degree,Có thể hoàn thành trực tuyến,263.0,228.0,121,27000.0,30092.0,34663.0,37929.0
"Agriculture, Agriculture Operations, and Related Sciences, Other.",3,Bachelor's Degree,Có thể hoàn thành trực tuyến,263.0,259.0,11,23088.0,42107.0,52656.5,59757.0
"Mechanic and Repair Technologies/Technicians, Other.",1,Undergraduate Certificate or Diploma,Có thể hoàn thành trực tuyến,263.0,259.0,24,,28846.0,19829.0,22048.0
Nutrition Sciences.,3,Bachelor's Degree,Một phần có thể hoàn thành trực tuyến,262.0,233.0,3,24094.0,32665.5,47022.0,56205.0
"Engineering Technologies/Technicians, Other.",1,Undergraduate Certificate or Diploma,Có thể hoàn thành trực tuyến,262.0,95.0,23,,,,
Electromechanical Instrumentation and Maintenance Technologies/Technicians.,1,Undergraduate Certificate or Diploma,Một phần có thể hoàn thành trực tuyến,262.0,144.0,10,12667.0,49572.0,49681.0,53835.0
Computer Systems Analysis.,1,Undergraduate Certificate or Diploma,Có thể hoàn thành trực tuyến,261.0,242.0,26,9193.0,43868.0,49666.0,54633.0
Design and Applied Arts.,5,Master's Degree,Không xác định,261.0,278.0,11,,44168.0,49968.0,58596.0
"Homeland Security, Law Enforcement, Firefighting and Related Protective Services, Other.",3,Bachelor's Degree,Không xác định,258.0,260.0,10,19442.5,49072.0,56721.0,61750.0
Geological and Earth Sciences/Geosciences.,3,Bachelor's Degree,Một phần có thể hoàn thành trực tuyến,257.0,231.0,7,23875.0,42298.0,51591.0,59773.5
"Computer and Information Sciences and Support Services, Other.",1,Undergraduate Certificate or Diploma,Có thể hoàn thành trực tuyến,257.0,313.0,35,12294.0,35529.0,39143.0,30045.0
Industrial Production Technologies/Technicians.,3,Bachelor's Degree,Một phần có thể hoàn thành trực tuyến,257.0,274.0,9,22500.0,63665.0,69462.0,79275.0
Public Administration.,8,Graduate/Professional Certificate,Một phần có thể hoàn thành trực tuyến,257.0,281.0,23,,81770.0,,104144.0
Research and Experimental Psychology.,5,Master's Degree,Không xác định,257.0,259.0,6,,46371.0,81792.5,85778.0
"Health Services/Allied Health/Health Sciences, General.",5,Master's Degree,Một phần có thể hoàn thành trực tuyến,256.0,227.0,6,,59419.0,50310.0,61088.0
"Specialized Sales, Merchandising and  Marketing Operations.",3,Bachelor's Degree,Không xác định,253.0,297.0,10,31149.0,34448.5,42168.5,45545.0
Data Analytics.,5,Master's Degree,Có thể hoàn thành trực tuyến,253.0,125.0,15,,,,
Communications Technology/Technician.,1,Undergraduate Certificate or Diploma,Một phần có thể hoàn thành trực tuyến,252.0,92.0,1,24653.0,23799.0,,
"Computer and Information Sciences and Support Services, Other.",5,Master's Degree,Có thể hoàn thành trực tuyến,251.0,177.0,11,,86218.5,121741.0,136181.0
International/Global Studies.,5,Master's Degree,Không xác định,251.0,289.0,6,,66320.0,75762.0,95765.0
Educational Administration and Supervision.,3,Bachelor's Degree,Có thể hoàn thành trực tuyến,251.0,273.0,28,23000.0,36487.0,35856.0,38587.0
"Engineering, Other.",5,Master's Degree,Không xác định,251.0,228.0,10,,95707.0,111881.5,127881.5
Educational/Instructional Media Design.,8,Graduate/Professional Certificate,Một phần có thể hoàn thành trực tuyến,251.0,228.0,24,,68362.0,63483.0,73107.0
"Family and Consumer Sciences/Human Sciences, General.",3,Bachelor's Degree,Không xác định,250.0,273.0,8,28327.0,31250.0,36243.0,40488.5
"Foreign Languages, Literatures, and Linguistics, Other.",3,Bachelor's Degree,Có thể hoàn thành trực tuyến,249.0,249.0,42,24828.5,34944.0,47694.0,60110.0
Management Information Systems and Services.,2,Associate's Degree,Không xác định,249.0,274.0,22,27954.0,30550.0,51378.5,55424.5
Public Health.,6,Doctoral Degree,Không xác định,249.0,236.0,6,,93364.5,86921.0,91541.0
Forestry.,5,Master's Degree,Có thể hoàn thành trực tuyến,248.0,228.0,34,,47015.0,61033.0,76808.0
Computer Systems Networking and Telecommunications.,5,Master's Degree,Có thể hoàn thành trực tuyến,247.0,277.0,27,,74141.0,78296.0,94974.0
Rhetoric and Composition/Writing Studies.,8,Graduate/Professional Certificate,Không xác định,247.0,126.0,21,,,,
Agricultural Business and Management.,5,Master's Degree,Có thể hoàn thành trực tuyến,244.0,361.0,43,,61759.0,52253.5,61960.0
Bioethics/Medical Ethics.,5,Master's Degree,Một phần có thể hoàn thành trực tuyến,244.0,222.0,18,,87308.0,100763.0,108531.0
Zoology/Animal Biology.,5,Master's Degree,Có thể hoàn thành trực tuyến,244.0,249.0,53,,47250.0,47155.0,54522.0
Information Science/Studies.,1,Undergraduate Certificate or Diploma,Một phần có thể hoàn thành trực tuyến,244.0,218.0,4,14615.5,46815.0,,
Political Science and Government.,2,Associate's Degree,Một phần có thể hoàn thành trực tuyến,244.0,201.0,12,8333.0,,,
Fire Protection.,3,Bachelor's Degree,Có thể hoàn thành trực tuyến,243.0,331.0,20,25875.0,52091.0,60210.0,68683.0
Gerontology.,3,Bachelor's Degree,Có thể hoàn thành trực tuyến,243.0,251.0,32,25000.0,37623.0,43114.0,47812.0
Rehabilitation and Therapeutic Professions.,8,Graduate/Professional Certificate,Có thể hoàn thành trực tuyến,243.0,264.0,81,,,51774.0,57445.0
"Electrical, Electronics and Communications Engineering.",2,Associate's Degree,Có thể hoàn thành trực tuyến,242.0,237.0,50,20000.0,30091.0,26063.0,34188.0
"Psychology, Other.",5,Master's Degree,Có thể hoàn thành trực tuyến,242.0,284.0,29,,57430.0,57570.0,66224.5
International Business.,8,Graduate/Professional Certificate,Có thể hoàn thành trực tuyến,241.0,170.0,36,,,,
International Business.,3,Bachelor's Degree,Không xác định,241.0,328.0,48,31119.5,41911.0,53425.0,62430.5
"Specialized Sales, Merchandising and  Marketing Operations.",3,Bachelor's Degree,Một phần có thể hoàn thành trực tuyến,241.0,285.0,5,27000.0,29203.0,49401.5,56041.0
Human Computer Interaction.,1,Undergraduate Certificate or Diploma,Một phần có thể hoàn thành trực tuyến,241.0,174.0,2,21121.0,45270.5,,
Apparel and Textiles.,1,Undergraduate Certificate or Diploma,Có thể hoàn thành trực tuyến,241.0,261.0,42,,14355.0,28344.0,36782.0
Mason/Masonry.,1,Undergraduate Certificate or Diploma,Có thể hoàn thành trực tuyến,240.0,366.0,54,,,16934.0,20337.0
"Practical Nursing, Vocational Nursing and Nursing Assistants.",3,Bachelor's Degree,Có thể hoàn thành trực tuyến,239.0,298.0,8,15250.0,10084.0,22158.0,29029.0
"Electrical, Electronics and Communications Engineering.",1,Undergraduate Certificate or Diploma,Có thể hoàn thành trực tuyến,238.0,153.0,13,6333.0,34375.0,47430.0,57947.0
Data Processing.,1,Undergraduate Certificate or Diploma,Không xác định,238.0,191.0,15,,,,
Communications Technology/Technician.,3,Bachelor's Degree,Có thể hoàn thành trực tuyến,237.0,280.0,12,20500.0,19859.5,30108.5,39852.5
Anthropology.,3,Bachelor's Degree,Một phần có thể hoàn thành trực tuyến,237.0,222.0,11,27799.0,31292.0,32281.0,40262.0
"Ecology, Evolution, Systematics, and Population Biology.",5,Master's Degree,Một phần có thể hoàn thành trực tuyến,237.0,246.0,5,,78660.0,88543.0,102686.0
Hospitality Administration/Management.,2,Associate's Degree,Không xác định,237.0,250.0,34,26508.0,32306.0,32228.0,29994.0
Data Processing.,2,Associate's Degree,Không xác định,237.0,270.0,13,13584.0,38559.0,40150.0,50461.0
Microbiological Sciences and Immunology.,3,Bachelor's Degree,Không xác định,236.0,235.0,2,16446.0,27994.0,43355.0,60469.0
Agricultural and Domestic Animal Services.,2,Associate's Degree,Có thể hoàn thành trực tuyến,236.0,247.0,37,12000.0,,30791.0,34505.5
Materials Sciences.,5,Master's Degree,Có thể hoàn thành trực tuyến,236.0,262.0,38,,,,
"Specialized Sales, Merchandising and  Marketing Operations.",1,Undergraduate Certificate or Diploma,Có thể hoàn thành trực tuyến,236.0,308.0,62,,,23017.0,21563.0
"Arts, Entertainment,and Media Management.",1,Undergraduate Certificate or Diploma,Có thể hoàn thành trực tuyến,236.0,214.0,40,21492.0,33927.0,37806.0,53759.0
Rehabilitation and Therapeutic Professions.,1,Undergraduate Certificate or Diploma,Có thể hoàn thành trực tuyến,236.0,218.0,38,22937.0,26259.5,48131.5,48949.0
Engineering Science.,5,Master's Degree,Có thể hoàn thành trực tuyến,236.0,300.0,19,,79901.5,89548.0,107007.0
Alternative and Complementary Medicine and Medical Systems.,1,Undergraduate Certificate or Diploma,Có thể hoàn thành trực tuyến,236.0,224.0,20,10666.0,18235.0,,27532.0
Music.,5,Master's Degree,Không xác định,235.0,207.0,13,,43663.0,44983.0,56940.0
Animal Sciences.,2,Associate's Degree,Có thể hoàn thành trực tuyến,235.0,257.0,41,12000.0,32687.0,36245.0,43123.0
Public Policy Analysis.,6,Doctoral Degree,Có thể hoàn thành trực tuyến,235.0,242.0,55,,,117865.0,129458.0
Health and Medical Administrative Services.,6,Doctoral Degree,Không xác định,234.0,180.0,14,,104078.5,111438.5,118991.5
Construction Engineering.,5,Master's Degree,Có thể hoàn thành trực tuyến,234.0,232.0,15,,73834.0,,
"Theology and Religious Vocations, Other.",5,Master's Degree,Có thể hoàn thành trực tuyến,234.0,224.0,27,,53275.0,47369.0,52650.0
Geography and Cartography.,6,Doctoral Degree,Có thể hoàn thành trực tuyến,234.0,289.0,68,,,,
Fire Protection.,1,Undergraduate Certificate or Diploma,Không xác định,234.0,276.0,16,,,,51840.0
Computer Systems Networking and Telecommunications.,3,Bachelor's Degree,Một phần có thể hoàn thành trực tuyến,233.0,218.0,13,48014.0,60540.0,66360.0,73315.0
Geography and Cartography.,3,Bachelor's Degree,Không xác định,233.0,199.0,10,20300.0,49267.0,54432.0,57743.0
Industrial Production Technologies/Technicians.,5,Master's Degree,Có thể hoàn thành trực tuyến,233.0,261.0,18,,66171.0,67004.0,78838.0
Dance.,5,Master's Degree,Có thể hoàn thành trực tuyến,232.0,200.0,54,,53681.0,46307.0,46428.0
Rehabilitation and Therapeutic Professions.,5,Master's Degree,Không xác định,232.0,263.0,12,,55133.0,57123.0,63664.0
"Engineering, Other.",5,Master's Degree,Một phần có thể hoàn thành trực tuyến,232.0,314.0,11,,94347.0,129134.0,143002.0
Computer Science.,2,Associate's Degree,Không xác định,231.0,215.0,20,19135.0,47904.0,61615.0,69382.5
Classical and Ancient Studies.,3,Bachelor's Degree,Có thể hoàn thành trực tuyến,231.0,219.0,61,24000.0,32054.0,34228.0,48874.5
Veterinary Biomedical and Clinical Sciences.,1,Undergraduate Certificate or Diploma,Có thể hoàn thành trực tuyến,231.0,124.0,4,9500.0,25177.0,25977.0,
"Teacher Education and Professional Development, Specific Levels and Methods.",6,Doctoral Degree,Có thể hoàn thành trực tuyến,230.0,237.0,52,,82764.0,77605.0,90887.0
"Multi-/Interdisciplinary Studies, General.",2,Associate's Degree,Có thể hoàn thành trực tuyến,229.0,208.0,34,12312.5,43756.0,,
Veterinary/Animal Health Technologies/Technicians.,1,Undergraduate Certificate or Diploma,Không xác định,229.0,385.0,3,,,52411.0,54270.0
"Human Services, General.",5,Master's Degree,Có thể hoàn thành trực tuyến,229.0,277.0,26,,47615.0,49572.0,61413.5
Plumbing and Related Water Supply Services.,2,Associate's Degree,Có thể hoàn thành trực tuyến,228.0,204.0,44,13213.5,61467.5,50812.0,55844.5
Animal Sciences.,3,Bachelor's Degree,Không xác định,228.0,225.0,2,22757.0,38868.0,44097.0,51573.0
"Science Technologies/Technicians, Other.",3,Bachelor's Degree,Một phần có thể hoàn thành trực tuyến,226.0,195.0,3,22918.0,48334.0,62072.0,59548.0
Fine and Studio Arts.,3,Bachelor's Degree,Không xác định,226.0,175.0,9,28447.5,27762.0,34192.5,36322.0
"English Language and Literature, General.",5,Master's Degree,Một phần có thể hoàn thành trực tuyến,226.0,221.0,22,,50412.5,44774.0,49049.0
Audiovisual Communications Technologies/Technicians.,2,Associate's Degree,Một phần có thể hoàn thành trực tuyến,226.0,204.0,14,22055.0,27597.0,25063.0,29860.0
"Education, General.",8,Graduate/Professional Certificate,Một phần có thể hoàn thành trực tuyến,225.0,227.0,17,,54868.0,42881.0,46413.0
"General Sales, Merchandising and Related Marketing Operations.",2,Associate's Degree,Không xác định,225.0,197.0,21,17500.0,39563.0,39683.0,43807.0
Homeland Security.,1,Undergraduate Certificate or Diploma,Không xác định,225.0,204.0,25,20843.0,38140.0,,
"Theology and Religious Vocations, Other.",5,Master's Degree,Một phần có thể hoàn thành trực tuyến,224.0,237.0,14,,49860.0,57561.0,61324.0
"Human Development, Family Studies, and Related Services.",5,Master's Degree,Một phần có thể hoàn thành trực tuyến,224.0,219.0,11,,48168.0,52075.0,54495.0
"Multi-/Interdisciplinary Studies, General.",1,Undergraduate Certificate or Diploma,Có thể hoàn thành trực tuyến,223.0,147.0,15,22250.0,48446.0,64737.0,74599.0
"Engineering Technologies/Technicians, Other.",3,Bachelor's Degree,Không xác định,223.0,213.0,5,24159.5,72096.0,65768.5,73625.0
Dietetics and Clinical Nutrition Services.,1,Undergraduate Certificate or Diploma,Có thể hoàn thành trực tuyến,222.0,197.0,33,,,36979.0,38566.0
Teaching English or French as a Second or Foreign Language.,8,Graduate/Professional Certificate,Một phần có thể hoàn thành trực tuyến,221.0,173.0,29,,70410.5,98617.0,107872.0
"Pharmacy, Pharmaceutical Sciences, and Administration.",8,Graduate/Professional Certificate,Một phần có thể hoàn thành trực tuyến,219.0,172.0,5,,,60679.0,
Construction Management.,3,Bachelor's Degree,Một phần có thể hoàn thành trực tuyến,218.0,202.0,4,24750.0,75779.0,84491.5,97212.0
Entrepreneurial and Small Business Operations.,3,Bachelor's Degree,Một phần có thể hoàn thành trực tuyến,216.0,216.0,15,27000.0,37518.5,42175.0,46884.0
"Educational Assessment, Evaluation, and Research.",6,Doctoral Degree,Có thể hoàn thành trực tuyến,216.0,176.0,48,,76189.0,78400.0,85718.0
Pharmacology and Toxicology.,3,Bachelor's Degree,Có thể hoàn thành trực tuyến,216.0,227.0,23,18000.0,39202.0,71287.0,97773.0
"Theology and Religious Vocations, Other.",3,Bachelor's Degree,Có thể hoàn thành trực tuyến,215.0,202.0,35,23250.0,,,38162.0
Marketing.,8,Graduate/Professional Certificate,Có thể hoàn thành trực tuyến,214.0,157.0,45,,117305.0,147056.0,158415.0
"Legal Professions and Studies, Other.",8,Graduate/Professional Certificate,Một phần có thể hoàn thành trực tuyến,214.0,669.0,3,,105860.0,162790.0,178778.0
Fine and Studio Arts.,5,Master's Degree,Một phần có thể hoàn thành trực tuyến,214.0,174.0,10,,52139.5,43498.5,51744.0
Fishing and Fisheries Sciences and Management.,3,Bachelor's Degree,Có thể hoàn thành trực tuyến,214.0,239.0,17,24682.0,32398.0,39295.5,47640.0
Textile Sciences and Engineering.,3,Bachelor's Degree,Có thể hoàn thành trực tuyến,214.0,217.0,3,24725.0,45078.0,57894.0,71193.0
Cosmetology and Related Personal Grooming Services.,1,Undergraduate Certificate or Diploma,Một phần có thể hoàn thành trực tuyến,214.0,293.0,7,9500.0,17999.0,18415.5,21794.0
Graphic Communications.,5,Master's Degree,Có thể hoàn thành trực tuyến,212.0,186.0,19,,35334.0,59527.0,72938.0
Family and Consumer Economics and Related Studies.,3,Bachelor's Degree,Không xác định,212.0,197.0,2,24752.0,36280.0,41981.0,49656.0
"Homeland Security, Law Enforcement, Firefighting and Related Protective Services, Other.",5,Master's Degree,Có thể hoàn thành trực tuyến,212.0,200.0,13,,86288.0,79795.0,89448.0
Botany/Plant Biology.,6,Doctoral Degree,Có thể hoàn thành trực tuyến,212.0,246.0,47,,,,
Sustainability Studies.,1,Undergraduate Certificate or Diploma,Có thể hoàn thành trực tuyến,212.0,207.0,32,25500.0,40485.0,,
Computer Systems Analysis.,5,Master's Degree,Một phần có thể hoàn thành trực tuyến,212.0,199.0,2,,100377.0,102745.0,118523.5
Film/Video and Photographic Arts.,3,Bachelor's Degree,Một phần có thể hoàn thành trực tuyến,211.0,202.0,6,27000.0,24679.0,33684.0,37746.0
Applied Mathematics.,5,Master's Degree,Không xác định,210.0,168.0,5,,88435.5,128535.0,138586.0
Information Science/Studies.,8,Graduate/Professional Certificate,Không xác định,208.0,233.0,31,,54765.0,74455.5,86337.0
"Biochemistry, Biophysics and Molecular Biology.",8,Graduate/Professional Certificate,Có thể hoàn thành trực tuyến,208.0,214.0,17,,,,
Communications Technology/Technician.,1,Undergraduate Certificate or Diploma,Có thể hoàn thành trực tuyến,208.0,224.0,29,,,20778.0,30529.0
Educational/Instructional Media Design.,8,Graduate/Professional Certificate,Có thể hoàn thành trực tuyến,207.0,73.0,61,,,,
Atmospheric Sciences and Meteorology.,5,Master's Degree,Có thể hoàn thành trực tuyến,207.0,214.0,44,,,,
Agricultural Business and Management.,1,Undergraduate Certificate or Diploma,Một phần có thể hoàn thành trực tuyến,206.0,156.0,10,,,,
Religion/Religious Studies.,5,Master's Degree,Một phần có thể hoàn thành trực tuyến,206.0,152.0,12,,46502.0,48357.0,64811.0
Human Computer Interaction.,5,Master's Degree,Một phần có thể hoàn thành trực tuyến,206.0,176.0,5,,92536.0,130710.5,152583.0
Computational Science.,3,Bachelor's Degree,Có thể hoàn thành trực tuyến,205.0,155.0,34,,43834.0,,
"Social Sciences, Other.",5,Master's Degree,Có thể hoàn thành trực tuyến,205.0,177.0,33,,59749.5,60808.0,66478.0
Dance.,2,Associate's Degree,Có thể hoàn thành trực tuyến,205.0,186.0,75,,,,
"Physiology, Pathology and Related Sciences.",5,Master's Degree,Một phần có thể hoàn thành trực tuyến,204.0,184.0,3,,48568.0,54766.0,66429.0
"Classics and Classical Languages, Literatures, and Linguistics.",5,Master's Degree,Có thể hoàn thành trực tuyến,204.0,171.0,68,,,,
Health/Medical Preparatory Programs.,3,Bachelor's Degree,Không xác định,204.0,125.0,2,25993.0,36058.0,46969.0,55479.0
"Engineering, General.",2,Associate's Degree,Một phần có thể hoàn thành trực tuyến,204.0,174.0,13,,,,67077.0
Natural Resources Management and Policy.,1,Undergraduate Certificate or Diploma,Có thể hoàn thành trực tuyến,203.0,229.0,34,19033.0,,54385.0,
Mining and Petroleum Technologies/Technicians.,1,Undergraduate Certificate or Diploma,Có thể hoàn thành trực tuyến,203.0,319.0,31,,61659.0,25929.0,23321.0
Computer Engineering Technologies/Technicians.,3,Bachelor's Degree,Không xác định,203.0,195.0,5,26247.5,67583.0,67235.0,73885.0
"Visual and Performing Arts, Other.",5,Master's Degree,Có thể hoàn thành trực tuyến,203.0,271.0,18,,39491.0,43894.0,52694.0
Finance and Financial Management Services.,2,Associate's Degree,Có thể hoàn thành trực tuyến,202.0,194.0,62,,,,
Natural Resources Management and Policy.,3,Bachelor's Degree,Một phần có thể hoàn thành trực tuyến,202.0,204.0,3,34429.0,39422.0,40257.0,45158.0
Legal Support Services.,8,Graduate/Professional Certificate,Có thể hoàn thành trực tuyến,202.0,214.0,16,,46847.5,51300.0,62464.0
Archeology.,3,Bachelor's Degree,Có thể hoàn thành trực tuyến,201.0,230.0,46,23008.0,26804.0,34960.0,41084.0
Soil Sciences.,3,Bachelor's Degree,Có thể hoàn thành trực tuyến,201.0,214.0,22,22424.0,50408.0,54080.0,62443.0
Management Sciences and Quantitative Methods.,3,Bachelor's Degree,Một phần có thể hoàn thành trực tuyến,201.0,179.0,13,27854.0,51128.0,60518.0,66698.5
Public Policy Analysis.,5,Master's Degree,Không xác định,201.0,227.0,12,,58353.0,61311.0,61450.0
Rehabilitation and Therapeutic Professions.,7,First Professional Degree,Không xác định,201.0,213.0,7,,71616.5,77354.0,86045.0
Clinical/Medical Laboratory Science/Research and Allied Professions.,2,Associate's Degree,Một phần có thể hoàn thành trực tuyến,200.0,293.0,8,26496.0,40630.0,48194.0,56443.0
Religion/Religious Studies.,6,Doctoral Degree,Có thể hoàn thành trực tuyến,200.0,212.0,61,,58984.0,63887.5,78527.0
Data Science.,5,Master's Degree,Không xác định,200.0,78.0,14,,,,
Computer Engineering Technologies/Technicians.,1,Undergraduate Certificate or Diploma,Không xác định,200.0,129.0,12,,60462.0,,
Civil Engineering.,3,Bachelor's Degree,Một phần có thể hoàn thành trực tuyến,200.0,163.0,3,26600.0,69706.0,74497.0,84639.0
Entrepreneurial and Small Business Operations.,8,Graduate/Professional Certificate,Một phần có thể hoàn thành trực tuyến,199.0,175.0,9,,,,
Electrical Engineering Technologies/Technicians.,1,Undergraduate Certificate or Diploma,Không xác định,199.0,113.0,6,,,,
"Health Professions and Related Clinical Sciences, Other.",5,Master's Degree,Một phần có thể hoàn thành trực tuyến,199.0,214.0,10,,61763.0,80552.5,69879.0
Health/Medical Preparatory Programs.,5,Master's Degree,Một phần có thể hoàn thành trực tuyến,199.0,216.0,1,,34640.0,,
Health and Physical Education/Fitness.,6,Doctoral Degree,Có thể hoàn thành trực tuyến,199.0,243.0,61,,,,
Dental Support Services and Allied Professions.,1,Undergraduate Certificate or Diploma,Một phần có thể hoàn thành trực tuyến,199.0,144.0,11,9555.5,23627.0,25146.0,27342.0
"Intelligence, Command Control and Information Operations.",5,Master's Degree,Có thể hoàn thành trực tuyến,199.0,84.0,7,,85186.0,,
Real Estate Development.,5,Master's Degree,Có thể hoàn thành trực tuyến,198.0,294.0,13,,100335.5,114182.0,131527.0
Theological and Ministerial Studies.,7,First Professional Degree,Một phần có thể hoàn thành trực tuyến,197.0,179.0,6,,,,
"Foods, Nutrition, and Related Services.",3,Bachelor's Degree,Không xác định,197.0,135.0,3,26000.0,33526.5,41284.0,47046.5
"Communication, Journalism, and Related Programs, Other.",5,Master's Degree,Có thể hoàn thành trực tuyến,197.0,355.0,21,,55876.0,70978.0,73941.0
Philosophy.,3,Bachelor's Degree,Không xác định,196.0,170.0,13,25000.0,32165.0,38169.0,48872.5
Security Science and Technology.,5,Master's Degree,Một phần có thể hoàn thành trực tuyến,196.0,205.0,11,,74438.0,90940.5,100641.5
Criminal Justice and Corrections.,8,Graduate/Professional Certificate,Có thể hoàn thành trực tuyến,196.0,184.0,36,,,,
Electrical Engineering Technologies/Technicians.,2,Associate's Degree,Không xác định,196.0,198.0,11,25798.0,56658.0,52465.0,56000.0
Business Operations Support and Assistant Services.,3,Bachelor's Degree,Không xác định,196.0,160.0,3,32673.5,54244.5,33575.0,40295.0
Biotechnology.,2,Associate's Degree,Có thể hoàn thành trực tuyến,196.0,188.0,54,,,,
Library Science and Administration.,8,Graduate/Professional Certificate,Một phần có thể hoàn thành trực tuyến,196.0,183.0,11,,47001.0,50605.0,56268.0
"Engineering Technology, General.",5,Master's Degree,Có thể hoàn thành trực tuyến,195.0,162.0,18,,84300.5,,78419.0
"Education, Other.",8,Graduate/Professional Certificate,Có thể hoàn thành trực tuyến,195.0,208.0,65,,45426.0,43461.0,49199.0
Design and Applied Arts.,2,Associate's Degree,Không xác định,195.0,231.0,20,28200.0,29362.0,37278.0,42234.0
Vehicle Maintenance and Repair Technologies.,1,Undergraduate Certificate or Diploma,Không xác định,194.0,174.0,3,14619.0,38942.0,40980.0,46328.0
Community Organization and Advocacy.,5,Master's Degree,Một phần có thể hoàn thành trực tuyến,194.0,157.0,7,,51957.0,92477.0,109392.5
Library Science and Administration.,8,Graduate/Professional Certificate,Có thể hoàn thành trực tuyến,193.0,128.0,23,,63397.5,,99701.0
Polymer/Plastics Engineering.,3,Bachelor's Degree,Có thể hoàn thành trực tuyến,193.0,174.0,9,27000.0,71651.0,84105.5,99370.5
Wildlife and Wildlands Science and Management.,2,Associate's Degree,Có thể hoàn thành trực tuyến,193.0,195.0,22,12500.0,26914.0,36219.0,39349.0
Legal Research and Advanced Professional Studies.,8,Graduate/Professional Certificate,Một phần có thể hoàn thành trực tuyến,193.0,176.0,7,,79445.0,,
"Engineering, General.",2,Associate's Degree,Không xác định,193.0,137.0,9,8250.0,,33283.0,58650.5
Casino Operations and Services.,1,Undergraduate Certificate or Diploma,Có thể hoàn thành trực tuyến,192.0,0.0,1,,,,
"Foods, Nutrition, and Related Services.",3,Bachelor's Degree,Một phần có thể hoàn thành trực tuyến,192.0,189.0,3,27000.0,33275.0,,
"Legal Professions and Studies, Other.",3,Bachelor's Degree,Một phần có thể hoàn thành trực tuyến,191.0,159.0,2,20937.0,36795.0,,
Electromechanical Instrumentation and Maintenance Technologies/Technicians.,2,Associate's Degree,Một phần có thể hoàn thành trực tuyến,191.0,163.0,11,11500.0,65902.5,89824.0,106999.0
Public Administration.,8,Graduate/Professional Certificate,Không xác định,191.0,189.0,27,,63504.0,,
Criminology.,2,Associate's Degree,Không xác định,191.0,202.0,5,22744.0,32876.5,35000.0,49689.0
Religion/Religious Studies.,3,Bachelor's Degree,Không xác định,190.0,256.0,29,21000.0,42103.0,55605.0,39130.0
"Legal Professions and Studies, Other.",3,Bachelor's Degree,Có thể hoàn thành trực tuyến,190.0,166.0,22,27000.0,39220.0,53720.0,60549.0
Veterinary Biomedical and Clinical Sciences.,5,Master's Degree,Có thể hoàn thành trực tuyến,190.0,163.0,27,,56109.0,,
Information Science/Studies.,6,Doctoral Degree,Có thể hoàn thành trực tuyến,190.0,169.0,31,,,145368.0,178444.0
Drafting/Design Engineering Technologies/Technicians.,3,Bachelor's Degree,Có thể hoàn thành trực tuyến,189.0,199.0,19,27000.0,59314.0,62350.0,69469.5
Veterinary/Animal Health Technologies/Technicians.,2,Associate's Degree,Một phần có thể hoàn thành trực tuyến,189.0,179.0,5,12750.0,34252.0,34028.0,35845.0
Manufacturing Engineering.,5,Master's Degree,Có thể hoàn thành trực tuyến,189.0,167.0,36,,118763.0,,
Public Administration.,6,Doctoral Degree,Không xác định,189.0,210.0,6,,101004.5,103358.0,105116.0
Chemical Engineering.,5,Master's Degree,Một phần có thể hoàn thành trực tuyến,188.0,186.0,9,,105244.0,,
Homeland Security.,5,Master's Degree,Có thể hoàn thành trực tuyến,188.0,176.0,21,,110158.0,93772.0,96515.0
"Mechanics and Repairers, General.",1,Undergraduate Certificate or Diploma,Có thể hoàn thành trực tuyến,188.0,212.0,10,7645.0,24070.0,19553.0,22196.0
Astronomy and Astrophysics.,5,Master's Degree,Có thể hoàn thành trực tuyến,187.0,196.0,44,,,,
Legal Research and Advanced Professional Studies.,3,Bachelor's Degree,Có thể hoàn thành trực tuyến,187.0,161.0,11,26718.0,45770.0,53638.0,60571.0
"Biological and Biomedical Sciences, Other.",6,Doctoral Degree,Có thể hoàn thành trực tuyến,187.0,226.0,38,,63123.0,62178.0,82512.0
Public Policy Analysis.,8,Graduate/Professional Certificate,Có thể hoàn thành trực tuyến,187.0,110.0,41,,,,
Computer Systems Analysis.,3,Bachelor's Degree,Không xác định,187.0,229.0,5,46000.0,51805.0,65324.0,74585.0
Zoology/Animal Biology.,6,Doctoral Degree,Có thể hoàn thành trực tuyến,187.0,220.0,51,,59589.0,66013.0,
Wildlife and Wildlands Science and Management.,1,Undergraduate Certificate or Diploma,Có thể hoàn thành trực tuyến,187.0,236.0,10,19838.5,34631.0,39645.0,48382.0
Communications Technology/Technician.,2,Associate's Degree,Có thể hoàn thành trực tuyến,187.0,198.0,13,12750.0,25754.0,25951.0,31804.0
"Business/Commerce, General.",6,Doctoral Degree,Có thể hoàn thành trực tuyến,186.0,193.0,25,,,,
Homeland Security.,8,Graduate/Professional Certificate,Có thể hoàn thành trực tuyến,186.0,188.0,35,,66287.0,84375.0,90631.0
Missions/Missionary Studies and Missiology.,5,Master's Degree,Có thể hoàn thành trực tuyến,186.0,206.0,21,,60724.0,,
"Arts, Entertainment,and Media Management.",2,Associate's Degree,Có thể hoàn thành trực tuyến,186.0,243.0,40,20000.0,17881.0,21319.0,26528.0
Applied Statistics.,5,Master's Degree,Có thể hoàn thành trực tuyến,185.0,86.0,12,,,,
Educational Administration and Supervision.,1,Undergraduate Certificate or Diploma,Không xác định,185.0,91.0,10,,,,
Systems Science and Theory.,5,Master's Degree,Có thể hoàn thành trực tuyến,185.0,154.0,24,,77787.0,,
Agricultural Business and Management.,3,Bachelor's Degree,Không xác định,184.0,179.0,4,22964.0,43189.0,57073.0,77337.0
Graphic Communications.,1,Undergraduate Certificate or Diploma,Một phần có thể hoàn thành trực tuyến,184.0,188.0,9,11250.0,25702.0,,
"Intelligence, Command Control and Information Operations.",8,Graduate/Professional Certificate,Một phần có thể hoàn thành trực tuyến,184.0,192.0,4,,,,
Dietetics and Clinical Nutrition Services.,8,Graduate/Professional Certificate,Không xác định,184.0,165.0,12,,49771.0,53725.0,55350.0
"Social Sciences, General.",5,Master's Degree,Không xác định,184.0,171.0,7,,50373.0,42772.5,49742.0
Historic Preservation and Conservation.,5,Master's Degree,Có thể hoàn thành trực tuyến,183.0,186.0,38,,51922.5,50874.0,56730.0
Biopsychology.,3,Bachelor's Degree,Có thể hoàn thành trực tuyến,183.0,162.0,27,22125.0,43343.0,45640.0,59131.0
Data Analytics.,5,Master's Degree,Một phần có thể hoàn thành trực tuyến,183.0,76.0,5,,,,
Electrical Engineering Technologies/Technicians.,3,Bachelor's Degree,Không xác định,183.0,175.0,10,28804.0,72495.0,66905.0,86427.0
Materials Sciences.,3,Bachelor's Degree,Có thể hoàn thành trực tuyến,183.0,202.0,13,24750.0,72216.0,74924.0,84221.0
Homeland Security.,2,Associate's Degree,Không xác định,183.0,134.0,26,13125.0,,54758.0,
"Engineering, Other.",6,Doctoral Degree,Có thể hoàn thành trực tuyến,182.0,197.0,40,,,,
"Business/Commerce, General.",8,Graduate/Professional Certificate,Không xác định,182.0,182.0,14,,,69978.0,87358.0
Natural Resources Management and Policy.,2,Associate's Degree,Có thể hoàn thành trực tuyến,182.0,178.0,31,12000.0,27817.0,43881.5,44672.0
"Education, General.",6,Doctoral Degree,Một phần có thể hoàn thành trực tuyến,182.0,161.0,6,,86397.0,78705.0,83083.0
Sustainability Studies.,8,Graduate/Professional Certificate,Có thể hoàn thành trực tuyến,181.0,147.0,39,,,,
"Building/Construction Finishing, Management, and Inspection.",3,Bachelor's Degree,Có thể hoàn thành trực tuyến,181.0,143.0,8,21700.0,71202.0,81074.0,96950.0
Pastoral Counseling and Specialized Ministries.,6,Doctoral Degree,Có thể hoàn thành trực tuyến,180.0,146.0,20,,74619.0,78124.5,95460.5
"Parks, Recreation and Leisure Facilities Management.",5,Master's Degree,Có thể hoàn thành trực tuyến,180.0,179.0,24,,43081.0,48938.0,54593.0
"Multi/Interdisciplinary Studies, Other.",6,Doctoral Degree,Có thể hoàn thành trực tuyến,180.0,218.0,60,,77452.0,,
Nutrition Sciences.,6,Doctoral Degree,Có thể hoàn thành trực tuyến,179.0,183.0,54,,,,
Architectural Sciences and Technology.,1,Undergraduate Certificate or Diploma,Có thể hoàn thành trực tuyến,179.0,198.0,39,,,,
Marine Sciences.,3,Bachelor's Degree,Có thể hoàn thành trực tuyến,179.0,156.0,10,22400.0,27337.0,38329.0,50658.5
"Agriculture, General.",5,Master's Degree,Có thể hoàn thành trực tuyến,179.0,149.0,25,,48802.0,,
Forestry.,1,Undergraduate Certificate or Diploma,Có thể hoàn thành trực tuyến,179.0,200.0,32,20923.0,43144.0,50131.0,59770.0
"Biology, General.",5,Master's Degree,Không xác định,179.0,231.0,16,,32219.0,,64619.5
Dispute Resolution.,5,Master's Degree,Một phần có thể hoàn thành trực tuyến,179.0,173.0,6,,64096.0,70582.0,84869.0
Religious Education.,5,Master's Degree,Có thể hoàn thành trực tuyến,179.0,190.0,37,,58772.0,78110.0,82473.0
Drafting/Design Engineering Technologies/Technicians.,1,Undergraduate Certificate or Diploma,Không xác định,179.0,174.0,19,13437.5,34986.5,35901.0,48143.5
Area Studies.,2,Associate's Degree,Có thể hoàn thành trực tuyến,179.0,214.0,30,,,,
Animal Sciences.,6,Doctoral Degree,Có thể hoàn thành trực tuyến,178.0,217.0,46,,75454.0,,
Public Health.,2,Associate's Degree,Không xác định,178.0,162.0,10,26585.0,36794.0,34171.0,39634.0
"Intelligence, Command Control and Information Operations.",5,Master's Degree,Một phần có thể hoàn thành trực tuyến,177.0,263.0,4,,99179.0,120074.0,
Journalism.,5,Master's Degree,Một phần có thể hoàn thành trực tuyến,177.0,227.0,8,,59418.0,62451.0,73952.0
Criminal Justice and Corrections.,8,Graduate/Professional Certificate,Không xác định,176.0,349.0,28,,69195.0,46327.0,
Business Operations Support and Assistant Services.,3,Bachelor's Degree,Có thể hoàn thành trực tuyến,176.0,203.0,35,14628.0,8781.0,18889.0,21764.5
"Philosophy and Religious Studies, Other.",3,Bachelor's Degree,Có thể hoàn thành trực tuyến,176.0,189.0,50,24734.0,28712.0,37063.0,46290.0
Chemical Engineering.,3,Bachelor's Degree,Một phần có thể hoàn thành trực tuyến,176.0,176.0,3,26950.0,73112.0,85855.0,92442.0
Nutrition Sciences.,5,Master's Degree,Không xác định,176.0,251.0,15,,52945.5,60077.0,62487.0
Security Science and Technology.,1,Undergraduate Certificate or Diploma,Không xác định,176.0,93.0,20,,,,
Nuclear Engineering.,5,Master's Degree,Có thể hoàn thành trực tuyến,175.0,191.0,26,,,,
Electrical Engineering Technologies/Technicians.,2,Associate's Degree,Một phần có thể hoàn thành trực tuyến,175.0,170.0,16,28782.0,58056.0,52465.0,56000.0
Marketing.,2,Associate's Degree,Một phần có thể hoàn thành trực tuyến,175.0,158.0,17,16951.0,38395.5,32466.0,39495.0
Curriculum and Instruction.,6,Doctoral Degree,Một phần có thể hoàn thành trực tuyến,175.0,182.0,11,,77432.0,60592.0,68911.0
Gerontology.,5,Master's Degree,Một phần có thể hoàn thành trực tuyến,175.0,192.0,8,,57270.0,61120.0,74764.0
Criminology.,1,Undergraduate Certificate or Diploma,Có thể hoàn thành trực tuyến,174.0,144.0,3,,,,
Environmental Control Technologies/Technicians.,3,Bachelor's Degree,Có thể hoàn thành trực tuyến,174.0,159.0,15,23250.0,47936.0,75212.0,87544.0
Theological and Ministerial Studies.,1,Undergraduate Certificate or Diploma,Có thể hoàn thành trực tuyến,174.0,67.0,25,,,,
Real Estate Development.,3,Bachelor's Degree,Có thể hoàn thành trực tuyến,174.0,141.0,3,17000.0,49353.0,,
"General Sales, Merchandising and Related Marketing Operations.",3,Bachelor's Degree,Không xác định,173.0,169.0,7,24541.0,70591.0,72918.0,90361.0
Food Science and Technology.,6,Doctoral Degree,Có thể hoàn thành trực tuyến,173.0,146.0,36,,,,
Area Studies.,6,Doctoral Degree,Có thể hoàn thành trực tuyến,173.0,187.0,46,,,,
Ocean Engineering.,3,Bachelor's Degree,Có thể hoàn thành trực tuyến,173.0,193.0,7,26500.0,69707.0,82528.0,91200.0
International/Global Studies.,5,Master's Degree,Một phần có thể hoàn thành trực tuyến,172.0,200.0,5,,46539.0,51717.5,59535.0
"Multi-/Interdisciplinary Studies, General.",5,Master's Degree,Có thể hoàn thành trực tuyến,172.0,162.0,29,,66048.5,53985.0,61002.0
Special Education and Teaching.,6,Doctoral Degree,Có thể hoàn thành trực tuyến,172.0,230.0,68,,84996.0,84618.0,74707.0
Statistics.,8,Graduate/Professional Certificate,Có thể hoàn thành trực tuyến,172.0,183.0,46,,,,
International and Comparative Education.,5,Master's Degree,Có thể hoàn thành trực tuyến,172.0,216.0,14,,60690.5,75560.0,77418.0
Security Science and Technology.,8,Graduate/Professional Certificate,Có thể hoàn thành trực tuyến,172.0,154.0,32,,,,83952.0
Mathematics and Computer Science.,5,Master's Degree,Có thể hoàn thành trực tuyến,172.0,77.0,18,,,,
Economics.,5,Master's Degree,Không xác định,172.0,140.0,10,,69721.5,84684.0,104824.0
International/Global Studies.,1,Undergraduate Certificate or Diploma,Có thể hoàn thành trực tuyến,171.0,212.0,38,19957.0,44391.0,,
Natural Sciences.,1,Undergraduate Certificate or Diploma,Không xác định,171.0,305.0,4,,,,52870.5
Gerontology.,8,Graduate/Professional Certificate,Có thể hoàn thành trực tuyến,171.0,114.0,63,,,,
Public Administration.,6,Doctoral Degree,Có thể hoàn thành trực tuyến,171.0,168.0,41,,,,
"Building/Construction Finishing, Management, and Inspection.",2,Associate's Degree,Một phần có thể hoàn thành trực tuyến,171.0,172.0,8,7000.0,51303.0,60160.0,70437.0
"Education, Other.",6,Doctoral Degree,Có thể hoàn thành trực tuyến,171.0,162.0,37,,79901.0,80143.5,85465.5
Astronomy and Astrophysics.,6,Doctoral Degree,Có thể hoàn thành trực tuyến,170.0,170.0,47,,,,
Mining and Mineral Engineering.,3,Bachelor's Degree,Có thể hoàn thành trực tuyến,170.0,193.0,16,24951.5,85897.0,84815.0,94923.0
Veterinary Biomedical and Clinical Sciences.,2,Associate's Degree,Có thể hoàn thành trực tuyến,170.0,186.0,5,21335.0,30855.0,,
Entrepreneurial and Small Business Operations.,2,Associate's Degree,Không xác định,170.0,196.0,30,,32147.0,25347.0,32684.0
Funeral Service and Mortuary Science.,1,Undergraduate Certificate or Diploma,Không xác định,170.0,142.0,7,23668.0,49473.0,,
Computer Programming.,5,Master's Degree,Một phần có thể hoàn thành trực tuyến,169.0,104.0,3,,94629.0,110780.0,125642.0
Hospitality Administration/Management.,2,Associate's Degree,Một phần có thể hoàn thành trực tuyến,169.0,241.0,17,17835.0,23035.0,36536.5,34669.0
Real Estate.,5,Master's Degree,Không xác định,169.0,157.0,1,,124159.0,137055.0,149608.0
Family and Consumer Economics and Related Studies.,5,Master's Degree,Không xác định,168.0,180.0,3,,54079.0,50479.0,56495.0
Nutrition Sciences.,5,Master's Degree,Một phần có thể hoàn thành trực tuyến,168.0,185.0,9,,52821.0,,
Statistics.,5,Master's Degree,Không xác định,168.0,197.0,6,,96525.5,95823.0,101704.0
Public Policy Analysis.,3,Bachelor's Degree,Không xác định,168.0,137.0,3,23790.0,51183.5,59533.0,62990.0
Mental and Social Health Services and Allied Professions.,6,Doctoral Degree,Có thể hoàn thành trực tuyến,168.0,154.0,35,,70849.0,76348.0,93014.0
Geography and Cartography.,1,Undergraduate Certificate or Diploma,Một phần có thể hoàn thành trực tuyến,167.0,158.0,15,19692.0,42833.0,,
"Foods, Nutrition, and Related Services.",1,Undergraduate Certificate or Diploma,Có thể hoàn thành trực tuyến,167.0,235.0,44,,,,
"Ethnic, Cultural Minority, Gender, and Group Studies.",2,Associate's Degree,Không xác định,167.0,10.0,5,,,,
"Teacher Education and Professional Development, Specific Levels and Methods.",6,Doctoral Degree,Không xác định,167.0,133.0,7,,87860.0,89472.0,100634.0
Communication Disorders Sciences and Services.,8,Graduate/Professional Certificate,Có thể hoàn thành trực tuyến,167.0,146.0,29,,74370.0,,
Nuclear Engineering.,6,Doctoral Degree,Có thể hoàn thành trực tuyến,167.0,179.0,30,,112747.0,,
"Engineering, Other.",8,Graduate/Professional Certificate,Có thể hoàn thành trực tuyến,166.0,175.0,35,,,83228.0,97443.0
Bible/Biblical Studies.,2,Associate's Degree,Không xác định,166.0,198.0,36,26152.5,34645.0,40810.0,46944.0
"Romance Languages, Literatures, and Linguistics.",2,Associate's Degree,Một phần có thể hoàn thành trực tuyến,165.0,180.0,12,14125.0,30111.0,38866.0,45909.0
"Visual and Performing Arts, General.",2,Associate's Degree,Không xác định,164.0,153.0,10,17392.0,21173.0,35178.0,36385.0
"Germanic Languages, Literatures, and Linguistics.",1,Undergraduate Certificate or Diploma,Có thể hoàn thành trực tuyến,164.0,96.0,24,,,,
Non-Professional General Legal Studies (Undergraduate).,5,Master's Degree,Một phần có thể hoàn thành trực tuyến,164.0,88.0,5,,,46613.0,56150.0
"Psychology, Other.",8,Graduate/Professional Certificate,Không xác định,163.0,163.0,7,,55690.0,,
Systems Engineering.,8,Graduate/Professional Certificate,Không xác định,163.0,97.0,11,,,,
Data Science.,3,Bachelor's Degree,Có thể hoàn thành trực tuyến,163.0,44.0,54,,,,
Food Science and Technology.,1,Undergraduate Certificate or Diploma,Có thể hoàn thành trực tuyến,163.0,136.0,42,,,,
Electromechanical Instrumentation and Maintenance Technologies/Technicians.,2,Associate's Degree,Không xác định,162.0,149.0,6,16783.5,67460.0,,66150.0
"Psychology, Other.",5,Master's Degree,Một phần có thể hoàn thành trực tuyến,162.0,99.0,4,,54481.0,60793.0,66161.0
"Visual and Performing Arts, General.",3,Bachelor's Degree,Không xác định,162.0,157.0,7,26991.0,28159.0,86575.0,43593.0
"English Language and Literature/Letters, Other.",2,Associate's Degree,Có thể hoàn thành trực tuyến,162.0,193.0,9,,,,
Computer Systems Analysis.,3,Bachelor's Degree,Một phần có thể hoàn thành trực tuyến,162.0,144.0,9,46000.0,51805.0,65324.0,74585.0
Civil Engineering Technologies/Technicians.,1,Undergraduate Certificate or Diploma,Có thể hoàn thành trực tuyến,161.0,241.0,48,,,,
"Homeland Security, Law Enforcement, Firefighting and Related Protective Services, Other.",1,Undergraduate Certificate or Diploma,Có thể hoàn thành trực tuyến,161.0,259.0,36,,,49816.0,55839.0
Geography and Cartography.,8,Graduate/Professional Certificate,Một phần có thể hoàn thành trực tuyến,161.0,151.0,12,,,77236.0,90774.0
Educational Administration and Supervision.,7,First Professional Degree,Có thể hoàn thành trực tuyến,161.0,138.0,29,,45638.0,48967.0,54013.0
Student Counseling and Personnel Services.,8,Graduate/Professional Certificate,Một phần có thể hoàn thành trực tuyến,160.0,125.0,23,,58925.5,47416.0,58446.0
Sociology.,5,Master's Degree,Không xác định,160.0,123.0,6,,61750.0,,
"Ecology, Evolution, Systematics, and Population Biology.",8,Graduate/Professional Certificate,Một phần có thể hoàn thành trực tuyến,160.0,94.0,4,,74417.0,,
"Educational Assessment, Evaluation, and Research.",8,Graduate/Professional Certificate,Có thể hoàn thành trực tuyến,160.0,174.0,59,,,55491.0,62434.0
Fine and Studio Arts.,6,Doctoral Degree,Có thể hoàn thành trực tuyến,160.0,195.0,58,,,,
Teaching English or French as a Second or Foreign Language.,1,Undergraduate Certificate or Diploma,Không xác định,159.0,139.0,12,,,,
Theological and Ministerial Studies.,8,Graduate/Professional Certificate,Một phần có thể hoàn thành trực tuyến,159.0,161.0,20,,,43660.0,48803.0
Computer Engineering Technologies/Technicians.,5,Master's Degree,Một phần có thể hoàn thành trực tuyến,159.0,202.0,1,,,,
"Biological and Biomedical Sciences, Other.",3,Bachelor's Degree,Không xác định,159.0,131.0,2,,,70030.0,
Botany/Plant Biology.,5,Master's Degree,Có thể hoàn thành trực tuyến,158.0,156.0,53,,,,
"East Asian Languages, Literatures, and Linguistics.",2,Associate's Degree,Có thể hoàn thành trực tuyến,158.0,150.0,29,,,,
Journalism.,3,Bachelor's Degree,Một phần có thể hoàn thành trực tuyến,158.0,172.0,9,24500.0,38695.0,47638.5,57439.0
"Mechanics and Repairers, General.",2,Associate's Degree,Có thể hoàn thành trực tuyến,158.0,164.0,13,,,,
Social and Philosophical Foundations of Education.,5,Master's Degree,Có thể hoàn thành trực tuyến,158.0,180.0,33,,54406.0,69576.0,76614.5
Funeral Service and Mortuary Science.,2,Associate's Degree,Một phần có thể hoàn thành trực tuyến,157.0,171.0,7,17257.0,47535.0,44111.0,47352.5
Communication and Media Studies.,1,Undergraduate Certificate or Diploma,Một phần có thể hoàn thành trực tuyến,157.0,85.0,8,,,,
"Educational Assessment, Evaluation, and Research.",5,Master's Degree,Một phần có thể hoàn thành trực tuyến,157.0,124.0,13,,61505.0,68789.0,74399.0
Clinical/Medical Laboratory Science/Research and Allied Professions.,1,Undergraduate Certificate or Diploma,Không xác định,157.0,178.0,7,13043.0,31462.0,51417.0,45463.0
International Relations and National Security Studies.,8,Graduate/Professional Certificate,Không xác định,156.0,132.0,5,,62325.0,72494.0,79331.0
Management Information Systems and Services.,5,Master's Degree,Một phần có thể hoàn thành trực tuyến,156.0,190.0,13,,91603.0,89093.5,97183.0
"Educational Assessment, Evaluation, and Research.",5,Master's Degree,Không xác định,155.0,170.0,18,,51653.5,,
Engineering-Related Technologies.,3,Bachelor's Degree,Có thể hoàn thành trực tuyến,155.0,171.0,22,,68765.5,,
Alternative and Complementary Medicine and Medical Systems.,1,Undergraduate Certificate or Diploma,Không xác định,155.0,164.0,2,19860.0,22265.0,,
Gerontology.,5,Master's Degree,Có thể hoàn thành trực tuyến,155.0,135.0,31,,65174.0,68642.0,75845.0
Veterinary/Animal Health Technologies/Technicians.,2,Associate's Degree,Không xác định,154.0,126.0,2,19165.0,41076.0,37820.0,43238.5
Computer Software and Media Applications.,8,Graduate/Professional Certificate,Không xác định,154.0,129.0,18,,,,
Marketing.,1,Undergraduate Certificate or Diploma,Một phần có thể hoàn thành trực tuyến,154.0,134.0,20,11589.0,,,
"Biological and Biomedical Sciences, Other.",8,Graduate/Professional Certificate,Một phần có thể hoàn thành trực tuyến,154.0,167.0,3,,,,
Outdoor Education.,3,Bachelor's Degree,Có thể hoàn thành trực tuyến,153.0,176.0,24,,21737.0,,
"Parks, Recreation and Leisure Studies.",3,Bachelor's Degree,Một phần có thể hoàn thành trực tuyến,153.0,155.0,5,21500.0,37009.0,43958.5,50353.0
Interior Architecture.,5,Master's Degree,Có thể hoàn thành trực tuyến,153.0,131.0,17,,52941.0,60582.5,66160.5
Natural Sciences.,1,Undergraduate Certificate or Diploma,Một phần có thể hoàn thành trực tuyến,153.0,176.0,1,,,49329.0,49029.0
"Physical Sciences, Other.",3,Bachelor's Degree,Có thể hoàn thành trực tuyến,152.0,157.0,38,24625.0,35464.0,49418.5,57683.5
"Physiology, Pathology and Related Sciences.",3,Bachelor's Degree,Không xác định,152.0,168.0,3,13593.0,25831.0,42945.0,56136.0
"Family and Consumer Sciences/Human Sciences, General.",5,Master's Degree,Một phần có thể hoàn thành trực tuyến,152.0,258.0,6,,52717.0,53185.0,61216.5
Journalism.,5,Master's Degree,Không xác định,151.0,137.0,8,,50267.0,58162.0,64521.0
Manufacturing Engineering.,5,Master's Degree,Không xác định,151.0,136.0,8,,105028.0,,
Security Science and Technology.,2,Associate's Degree,Không xác định,151.0,130.0,14,13643.0,47437.5,32902.0,36302.0
Geological/Geophysical Engineering.,3,Bachelor's Degree,Có thể hoàn thành trực tuyến,150.0,209.0,18,23409.5,64080.5,72556.0,84373.0
Information Science/Studies.,1,Undergraduate Certificate or Diploma,Không xác định,150.0,152.0,26,,,76441.0,90630.0
Non-Professional General Legal Studies (Undergraduate).,2,Associate's Degree,Có thể hoàn thành trực tuyến,150.0,105.0,62,,,,
Natural Resources Conservation and Research.,5,Master's Degree,Không xác định,150.0,186.0,15,,53183.0,61466.0,67417.5
Intercultural/Multicultural and Diversity Studies.,1,Undergraduate Certificate or Diploma,Có thể hoàn thành trực tuyến,149.0,151.0,25,,,,
"Radio, Television, and Digital Communication.",1,Undergraduate Certificate or Diploma,Không xác định,149.0,49.0,16,,,,
Statistics.,1,Undergraduate Certificate or Diploma,Có thể hoàn thành trực tuyến,149.0,85.0,9,18250.0,57048.0,,
Teaching Assistants/Aides.,1,Undergraduate Certificate or Diploma,Không xác định,148.0,112.0,25,,,,
"Health Services/Allied Health/Health Sciences, General.",8,Graduate/Professional Certificate,Không xác định,148.0,146.0,20,,,,59427.0
"Legal Professions and Studies, Other.",3,Bachelor's Degree,Không xác định,148.0,143.0,7,32280.5,36131.0,43264.0,50021.0
Mathematics.,1,Undergraduate Certificate or Diploma,Có thể hoàn thành trực tuyến,148.0,326.0,19,,,,
Rhetoric and Composition/Writing Studies.,2,Associate's Degree,Có thể hoàn thành trực tuyến,148.0,134.0,48,,,,
"Computer and Information Sciences and Support Services, Other.",3,Bachelor's Degree,Có thể hoàn thành trực tuyến,147.0,130.0,26,27867.0,57631.0,70794.0,77725.0
"Ecology, Evolution, Systematics, and Population Biology.",8,Graduate/Professional Certificate,Có thể hoàn thành trực tuyến,147.0,123.0,34,,73603.0,87638.0,93156.0
Construction Management.,5,Master's Degree,Có thể hoàn thành trực tuyến,146.0,131.0,21,,107173.0,166812.0,171543.0
Agricultural Engineering.,5,Master's Degree,Có thể hoàn thành trực tuyến,146.0,149.0,31,,,,
Construction Management.,5,Master's Degree,Không xác định,145.0,125.0,7,,92826.5,106127.0,114133.5
Information Science/Studies.,2,Associate's Degree,Không xác định,145.0,114.0,13,26875.0,,44419.0,44511.0
Electromechanical Instrumentation and Maintenance Technologies/Technicians.,3,Bachelor's Degree,Không xác định,145.0,126.0,5,52062.0,62864.0,72119.0,83399.0
Physics.,2,Associate's Degree,Một phần có thể hoàn thành trực tuyến,145.0,107.0,9,,,,
Human Computer Interaction.,2,Associate's Degree,Một phần có thể hoàn thành trực tuyến,145.0,99.0,1,29767.0,32253.0,,
Nuclear Engineering Technologies/Technicians.,3,Bachelor's Degree,Không xác định,145.0,209.0,1,8729.0,101386.0,131454.0,122503.0
Drafting/Design Engineering Technologies/Technicians.,2,Associate's Degree,Một phần có thể hoàn thành trực tuyến,144.0,187.0,13,12151.0,41467.0,48114.5,51384.0
"Physical Sciences, Other.",5,Master's Degree,Có thể hoàn thành trực tuyến,144.0,98.0,13,,65799.0,,87927.0
Homeland Security.,8,Graduate/Professional Certificate,Không xác định,144.0,104.0,30,,,,
Bioethics/Medical Ethics.,8,Graduate/Professional Certificate,Không xác định,144.0,89.0,62,,89979.0,,
Data Processing.,5,Master's Degree,Có thể hoàn thành trực tuyến,144.0,145.0,4,,,,
Housing and Human Environments.,3,Bachelor's Degree,Có thể hoàn thành trực tuyến,143.0,153.0,14,26205.5,43355.0,55823.0,69252.0
"East Asian Languages, Literatures, and Linguistics.",5,Master's Degree,Có thể hoàn thành trực tuyến,143.0,145.0,35,,,,
Pastoral Counseling and Specialized Ministries.,3,Bachelor's Degree,Không xác định,143.0,161.0,20,26750.0,27120.0,36756.0,41153.5
Criminology.,5,Master's Degree,Một phần có thể hoàn thành trực tuyến,143.0,144.0,6,,52914.0,65585.5,78722.5
Data Entry/Microcomputer Applications.,2,Associate's Degree,Có thể hoàn thành trực tuyến,143.0,183.0,47,8690.0,45016.0,42652.0,46835.0
Entrepreneurial and Small Business Operations.,5,Master's Degree,Không xác định,143.0,198.0,23,,49472.0,89645.5,103267.5
"Linguistic, Comparative, and Related Language Studies and Services.",8,Graduate/Professional Certificate,Có thể hoàn thành trực tuyến,143.0,129.0,53,,,,
Alternative and Complementary Medicine and Medical Systems.,1,Undergraduate Certificate or Diploma,Một phần có thể hoàn thành trực tuyến,142.0,148.0,2,14580.0,26609.0,23121.0,27484.0
Social Work.,2,Associate's Degree,Một phần có thể hoàn thành trực tuyến,142.0,137.0,11,22403.0,24906.5,32805.0,37517.0
Funeral Service and Mortuary Science.,1,Undergraduate Certificate or Diploma,Một phần có thể hoàn thành trực tuyến,141.0,98.0,3,,,44851.0,47877.0
Bible/Biblical Studies.,2,Associate's Degree,Có thể hoàn thành trực tuyến,141.0,155.0,32,16225.5,22000.5,,33960.0
Materials Sciences.,6,Doctoral Degree,Có thể hoàn thành trực tuyến,141.0,139.0,43,,,,
Industrial Engineering.,1,Undergraduate Certificate or Diploma,Có thể hoàn thành trực tuyến,140.0,175.0,8,27000.0,76033.0,,
"General Sales, Merchandising and Related Marketing Operations.",1,Undergraduate Certificate or Diploma,Một phần có thể hoàn thành trực tuyến,140.0,175.0,25,,,,
Bible/Biblical Studies.,1,Undergraduate Certificate or Diploma,Không xác định,140.0,131.0,18,22274.0,31424.0,27395.0,32266.0
"Parks, Recreation and Leisure Facilities Management.",5,Master's Degree,Không xác định,140.0,115.0,7,,43655.0,50707.0,57770.0
Mechanical Engineering Related Technologies/Technicians.,3,Bachelor's Degree,Không xác định,140.0,148.0,5,23512.0,62440.0,72382.0,
Environmental/Environmental Health Engineering.,6,Doctoral Degree,Có thể hoàn thành trực tuyến,140.0,143.0,50,,,,
Management Information Systems and Services.,8,Graduate/Professional Certificate,Không xác định,140.0,149.0,25,,,82397.0,87039.0
Mining and Petroleum Technologies/Technicians.,2,Associate's Degree,Có thể hoàn thành trực tuyến,139.0,168.0,28,21569.0,59072.0,60017.0,71274.0
"Practical Nursing, Vocational Nursing and Nursing Assistants.",2,Associate's Degree,Một phần có thể hoàn thành trực tuyến,139.0,106.0,3,32832.0,65035.0,55088.5,89259.0
Metallurgical Engineering.,3,Bachelor's Degree,Có thể hoàn thành trực tuyến,139.0,163.0,10,26634.5,75484.5,85531.0,93398.0
"Biology, General.",2,Associate's Degree,Một phần có thể hoàn thành trực tuyến,138.0,143.0,17,,,,
Non-Professional General Legal Studies (Undergraduate).,2,Associate's Degree,Không xác định,138.0,87.0,7,32142.0,,45335.0,46958.0
Legal Support Services.,3,Bachelor's Degree,Một phần có thể hoàn thành trực tuyến,138.0,160.0,8,22777.0,36758.0,41313.0,49289.0
Legal Research and Advanced Professional Studies.,6,Doctoral Degree,Có thể hoàn thành trực tuyến,138.0,147.0,46,,,,
Nuclear and Industrial Radiologic Technologies/Technicians.,1,Undergraduate Certificate or Diploma,Có thể hoàn thành trực tuyến,138.0,93.0,8,9000.0,40042.0,,
"Visual and Performing Arts, General.",2,Associate's Degree,Một phần có thể hoàn thành trực tuyến,138.0,165.0,12,30500.0,27720.0,,
Bioethics/Medical Ethics.,8,Graduate/Professional Certificate,Có thể hoàn thành trực tuyến,137.0,118.0,106,,,65891.0,80225.0
Community Organization and Advocacy.,5,Master's Degree,Có thể hoàn thành trực tuyến,137.0,132.0,18,,51055.0,66182.0,82184.0
Taxation.,1,Undergraduate Certificate or Diploma,Có thể hoàn thành trực tuyến,137.0,266.0,22,,,,
Environmental/Environmental Health Engineering.,5,Master's Degree,Một phần có thể hoàn thành trực tuyến,136.0,172.0,5,,86557.0,106953.0,122821.0
"Engineering Technology, General.",3,Bachelor's Degree,Không xác định,136.0,111.0,7,30991.0,75279.0,75168.5,85108.5
"General Sales, Merchandising and Related Marketing Operations.",2,Associate's Degree,Một phần có thể hoàn thành trực tuyến,136.0,129.0,13,13953.0,27524.0,25970.5,26401.0
Systems Engineering.,8,Graduate/Professional Certificate,Có thể hoàn thành trực tuyến,136.0,53.0,25,,,,
Computer Systems Analysis.,8,Graduate/Professional Certificate,Có thể hoàn thành trực tuyến,135.0,67.0,4,,,,
Data Processing.,1,Undergraduate Certificate or Diploma,Một phần có thể hoàn thành trực tuyến,135.0,172.0,10,,,,
"Computer and Information Sciences and Support Services, Other.",8,Graduate/Professional Certificate,Một phần có thể hoàn thành trực tuyến,135.0,173.0,4,,,,
Architectural Engineering.,5,Master's Degree,Có thể hoàn thành trực tuyến,134.0,144.0,13,,81823.0,89258.0,100496.0
Plant Sciences.,2,Associate's Degree,Có thể hoàn thành trực tuyến,134.0,129.0,51,11717.0,49481.0,44393.0,48149.5
Industrial Engineering.,8,Graduate/Professional Certificate,Có thể hoàn thành trực tuyến,134.0,121.0,14,,,,
Vehicle Maintenance and Repair Technologies.,2,Associate's Degree,Không xác định,134.0,117.0,6,12500.0,76663.0,48237.0,52835.0
Computer Systems Networking and Telecommunications.,8,Graduate/Professional Certificate,Không xác định,134.0,57.0,5,,72251.0,71949.0,86388.0
"Parks, Recreation and Leisure Facilities Management.",2,Associate's Degree,Có thể hoàn thành trực tuyến,134.0,135.0,33,12000.0,30064.0,32662.0,36494.5
"Teacher Education and Professional Development, Specific Subject Areas.",6,Doctoral Degree,Một phần có thể hoàn thành trực tuyến,134.0,134.0,10,,84623.5,91161.0,95979.0
Computer Engineering Technologies/Technicians.,2,Associate's Degree,Một phần có thể hoàn thành trực tuyến,134.0,105.0,6,16373.5,43851.0,43249.0,48070.5
Funeral Service and Mortuary Science.,3,Bachelor's Degree,Có thể hoàn thành trực tuyến,133.0,125.0,7,25956.0,45804.0,48599.0,54270.0
"Public Relations, Advertising, and Applied Communication.",8,Graduate/Professional Certificate,Có thể hoàn thành trực tuyến,133.0,101.0,48,,,,
Film/Video and Photographic Arts.,2,Associate's Degree,Không xác định,133.0,110.0,6,25758.0,29084.0,30024.0,36174.0
Engineering-Related Fields.,8,Graduate/Professional Certificate,Không xác định,133.0,83.0,15,,95415.0,104840.0,119206.0
Construction Engineering Technologies.,5,Master's Degree,Không xác định,133.0,119.0,7,,88085.0,81711.0,85371.0
Special Education and Teaching.,1,Undergraduate Certificate or Diploma,Một phần có thể hoàn thành trực tuyến,132.0,162.0,11,25240.0,,,
"Biomathematics, Bioinformatics, and Computational Biology.",5,Master's Degree,Không xác định,132.0,145.0,7,,87233.0,,
"Heating, Air Conditioning, Ventilation and Refrigeration Maintenance Technology/Technician (HAC, HACR, HVAC, HVACR).",1,Undergraduate Certificate or Diploma,Một phần có thể hoàn thành trực tuyến,132.0,223.0,7,,,31126.0,36049.0
"Education, Other.",8,Graduate/Professional Certificate,Không xác định,132.0,112.0,20,,,76657.0,79077.0
Plant Sciences.,5,Master's Degree,Một phần có thể hoàn thành trực tuyến,132.0,119.0,5,,73707.0,83923.0,85118.0
"Philosophy and Religious Studies, General.",3,Bachelor's Degree,Có thể hoàn thành trực tuyến,131.0,124.0,49,,,,
Precision Metal Working.,2,Associate's Degree,Một phần có thể hoàn thành trực tuyến,131.0,123.0,9,9520.5,42049.5,44476.0,54621.5
Entrepreneurial and Small Business Operations.,5,Master's Degree,Một phần có thể hoàn thành trực tuyến,130.0,115.0,11,,,60282.0,90312.0
Petroleum Engineering.,6,Doctoral Degree,Có thể hoàn thành trực tuyến,130.0,140.0,17,,,,
"Family and Consumer Sciences/Human Sciences, General.",5,Master's Degree,Có thể hoàn thành trực tuyến,130.0,107.0,22,,43685.0,50000.0,59427.0
Hospitality Administration/Management.,8,Graduate/Professional Certificate,Có thể hoàn thành trực tuyến,130.0,81.0,11,,,,
"Homeland Security, Law Enforcement, Firefighting and Related Protective Services, Other.",5,Master's Degree,Một phần có thể hoàn thành trực tuyến,129.0,168.0,2,,74629.5,79305.0,89469.0
Data Analytics.,8,Graduate/Professional Certificate,Không xác định,129.0,23.0,15,,,,
Computational Science.,5,Master's Degree,Không xác định,129.0,124.0,5,,121323.0,,
"Legal Professions and Studies, Other.",8,Graduate/Professional Certificate,Có thể hoàn thành trực tuyến,129.0,156.0,18,,51345.0,,75525.0
Non-Professional General Legal Studies (Undergraduate).,5,Master's Degree,Có thể hoàn thành trực tuyến,128.0,235.0,17,,,,
"Computer and Information Sciences and Support Services, Other.",2,Associate's Degree,Có thể hoàn thành trực tuyến,128.0,99.0,26,9045.0,44610.0,49337.0,60473.5
Taxation.,5,Master's Degree,Không xác định,128.0,154.0,7,,79800.0,104380.0,120969.0
Agricultural Engineering.,6,Doctoral Degree,Có thể hoàn thành trực tuyến,128.0,136.0,29,,,,
Area Studies.,8,Graduate/Professional Certificate,Có thể hoàn thành trực tuyến,128.0,136.0,59,,,,
Physical Science Technologies/Technicians.,2,Associate's Degree,Một phần có thể hoàn thành trực tuyến,128.0,144.0,3,15500.0,42539.0,103161.0,110839.0
"Psychology, Other.",6,Doctoral Degree,Có thể hoàn thành trực tuyến,127.0,102.0,18,,85587.0,86765.0,71196.0
"Clinical, Counseling and Applied Psychology.",1,Undergraduate Certificate or Diploma,Có thể hoàn thành trực tuyến,127.0,101.0,24,13500.0,25501.0,,
Applied Statistics.,5,Master's Degree,Không xác định,127.0,44.0,6,,,,
Journalism.,1,Undergraduate Certificate or Diploma,Có thể hoàn thành trực tuyến,127.0,130.0,53,20500.0,36530.0,,
Bioethics/Medical Ethics.,6,Doctoral Degree,Không xác định,127.0,138.0,8,,103154.0,,
Food Science and Technology.,5,Master's Degree,Một phần có thể hoàn thành trực tuyến,127.0,115.0,3,,89713.0,100734.0,107428.0
"Parks, Recreation and Leisure Facilities Management.",3,Bachelor's Degree,Không xác định,126.0,163.0,6,18606.0,30963.0,43253.0,50488.0
Social Work.,6,Doctoral Degree,Không xác định,126.0,106.0,3,,83189.0,73926.0,93709.0
"Engineering Technologies/Technicians, Other.",5,Master's Degree,Một phần có thể hoàn thành trực tuyến,126.0,111.0,2,,60836.5,,
Non-Professional General Legal Studies (Undergraduate).,5,Master's Degree,Không xác định,126.0,164.0,4,,52022.0,59402.0,
Dance.,1,Undergraduate Certificate or Diploma,Có thể hoàn thành trực tuyến,126.0,153.0,40,19500.0,13598.0,18825.0,
Food Science and Technology.,2,Associate's Degree,Có thể hoàn thành trực tuyến,126.0,129.0,40,,,38155.0,46218.0
Peace Studies and Conflict Resolution.,5,Master's Degree,Không xác định,126.0,119.0,4,,50901.5,,95967.0
"English Language and Literature/Letters, Other.",5,Master's Degree,Có thể hoàn thành trực tuyến,126.0,107.0,17,,60584.0,34245.0,47569.0
"Aerospace, Aeronautical and Astronautical Engineering.",8,Graduate/Professional Certificate,Một phần có thể hoàn thành trực tuyến,125.0,24.0,3,,,,
Microbiological Sciences and Immunology.,5,Master's Degree,Không xác định,125.0,127.0,2,,58615.0,,
Ground Transportation.,2,Associate's Degree,Có thể hoàn thành trực tuyến,125.0,110.0,17,12000.0,53223.5,51788.0,53442.0
Plant Sciences.,1,Undergraduate Certificate or Diploma,Có thể hoàn thành trực tuyến,125.0,112.0,34,,,,
Agricultural and Food Products Processing.,1,Undergraduate Certificate or Diploma,Có thể hoàn thành trực tuyến,125.0,72.0,13,21000.0,38991.0,,
Atmospheric Sciences and Meteorology.,6,Doctoral Degree,Có thể hoàn thành trực tuyến,125.0,158.0,40,,,,
Religious Education.,3,Bachelor's Degree,Một phần có thể hoàn thành trực tuyến,125.0,117.0,9,25454.0,32089.5,43798.0,50005.0
Geological and Earth Sciences/Geosciences.,2,Associate's Degree,Có thể hoàn thành trực tuyến,125.0,132.0,112,,,,
Wildlife and Wildlands Science and Management.,5,Master's Degree,Có thể hoàn thành trực tuyến,124.0,112.0,21,,,53134.0,65119.0
"Construction Trades, Other.",1,Undergraduate Certificate or Diploma,Có thể hoàn thành trực tuyến,124.0,149.0,29,,,58161.0,76141.0
"Education, Other.",6,Doctoral Degree,Không xác định,124.0,95.0,14,,93333.5,83717.0,89032.0
"Specialized Sales, Merchandising and  Marketing Operations.",2,Associate's Degree,Không xác định,124.0,178.0,12,21707.0,24773.0,30160.0,41422.5
"Agriculture, Agriculture Operations, and Related Sciences, Other.",3,Bachelor's Degree,Không xác định,124.0,107.0,1,18500.0,45096.0,40315.0,45641.0
"Parks, Recreation and Leisure Studies.",2,Associate's Degree,Có thể hoàn thành trực tuyến,124.0,114.0,30,,,36109.0,37986.0
History.,1,Undergraduate Certificate or Diploma,Có thể hoàn thành trực tuyến,123.0,51.0,34,24637.0,24206.0,,
Drafting/Design Engineering Technologies/Technicians.,5,Master's Degree,Không xác định,123.0,134.0,1,,44643.0,,
Library and Archives Assisting.,1,Undergraduate Certificate or Diploma,Có thể hoàn thành trực tuyến,123.0,121.0,14,,31514.0,,
"Bilingual, Multilingual, and Multicultural Education.",3,Bachelor's Degree,Có thể hoàn thành trực tuyến,123.0,142.0,32,26500.0,56738.0,54256.0,67298.0
Drafting/Design Engineering Technologies/Technicians.,2,Associate's Degree,Không xác định,123.0,130.0,14,10750.0,45684.0,45683.0,50118.0
Mathematics.,5,Master's Degree,Không xác định,123.0,138.0,16,,51973.0,51756.0,55210.0
"Science Technologies/Technicians, Other.",3,Bachelor's Degree,Có thể hoàn thành trực tuyến,122.0,127.0,11,24818.0,60661.0,66007.0,73181.0
Engineering Physics.,5,Master's Degree,Có thể hoàn thành trực tuyến,122.0,139.0,23,,,,
Special Education and Teaching.,1,Undergraduate Certificate or Diploma,Không xác định,122.0,89.0,12,32294.0,37608.0,,
Anthropology.,2,Associate's Degree,Một phần có thể hoàn thành trực tuyến,122.0,144.0,14,,,,
Fire Protection.,5,Master's Degree,Không xác định,121.0,63.0,3,,57691.0,57816.0,58238.0
Philosophy.,3,Bachelor's Degree,Một phần có thể hoàn thành trực tuyến,121.0,151.0,12,24072.0,32480.0,36436.0,38776.0
"Electrical, Electronics and Communications Engineering.",8,Graduate/Professional Certificate,Có thể hoàn thành trực tuyến,121.0,98.0,42,,,,
Public Health.,2,Associate's Degree,Một phần có thể hoàn thành trực tuyến,121.0,127.0,5,27722.0,36992.0,34576.0,37767.0
Neurobiology and Neurosciences.,3,Bachelor's Degree,Một phần có thể hoàn thành trực tuyến,121.0,99.0,1,21754.0,25460.0,50184.0,62984.0
Communication Disorders Sciences and Services.,1,Undergraduate Certificate or Diploma,Một phần có thể hoàn thành trực tuyến,121.0,115.0,2,20192.0,31339.0,45902.0,51562.0
"Human Development, Family Studies, and Related Services.",6,Doctoral Degree,Có thể hoàn thành trực tuyến,121.0,163.0,39,,,,
Security Science and Technology.,1,Undergraduate Certificate or Diploma,Một phần có thể hoàn thành trực tuyến,121.0,130.0,15,30666.0,57588.0,,
Graphic Communications.,2,Associate's Degree,Không xác định,121.0,120.0,10,,,,
Medical Illustration and Informatics.,3,Bachelor's Degree,Có thể hoàn thành trực tuyến,121.0,141.0,23,23529.5,38978.0,48566.0,69096.0
Geological and Earth Sciences/Geosciences.,3,Bachelor's Degree,Không xác định,120.0,102.0,3,24757.0,40691.0,50033.0,53189.0
Gerontology.,1,Undergraduate Certificate or Diploma,Có thể hoàn thành trực tuyến,120.0,144.0,43,,,,
"Science, Technology and Society.",5,Master's Degree,Có thể hoàn thành trực tuyến,120.0,119.0,17,,166469.0,91659.0,98956.0
Social and Philosophical Foundations of Education.,6,Doctoral Degree,Có thể hoàn thành trực tuyến,120.0,112.0,26,,81546.0,86970.0,92925.0
Pastoral Counseling and Specialized Ministries.,2,Associate's Degree,Có thể hoàn thành trực tuyến,120.0,106.0,17,21986.5,32653.5,29861.0,33853.0
Animal Sciences.,1,Undergraduate Certificate or Diploma,Có thể hoàn thành trực tuyến,120.0,127.0,20,,,24914.0,29970.0
Information Science/Studies.,8,Graduate/Professional Certificate,Có thể hoàn thành trực tuyến,120.0,117.0,30,,,,
Construction Management.,1,Undergraduate Certificate or Diploma,Có thể hoàn thành trực tuyến,119.0,96.0,35,,,,
Pharmacology and Toxicology.,5,Master's Degree,Một phần có thể hoàn thành trực tuyến,119.0,132.0,4,,82128.0,80355.0,100592.0
Natural Resources Management and Policy.,5,Master's Degree,Một phần có thể hoàn thành trực tuyến,119.0,133.0,4,,62487.0,66889.5,74329.5
Health and Physical Education/Fitness.,1,Undergraduate Certificate or Diploma,Một phần có thể hoàn thành trực tuyến,119.0,91.0,10,,,,
Geography and Cartography.,1,Undergraduate Certificate or Diploma,Không xác định,118.0,119.0,23,19691.0,41627.0,,
International Relations and National Security Studies.,3,Bachelor's Degree,Không xác định,118.0,73.0,5,12238.0,50694.0,63766.0,64125.0
Management Sciences and Quantitative Methods.,2,Associate's Degree,Có thể hoàn thành trực tuyến,117.0,28.0,7,,,,
Hospitality Administration/Management.,5,Master's Degree,Một phần có thể hoàn thành trực tuyến,117.0,92.0,9,,64304.0,53307.0,56710.5
Mathematics.,5,Master's Degree,Một phần có thể hoàn thành trực tuyến,117.0,133.0,14,,55063.0,60835.0,64246.0
Behavioral Sciences.,1,Undergraduate Certificate or Diploma,Không xác định,117.0,0.0,1,,,,
"Business/Commerce, General.",8,Graduate/Professional Certificate,Có thể hoàn thành trực tuyến,117.0,150.0,32,,71676.0,,
Computer Engineering.,8,Graduate/Professional Certificate,Một phần có thể hoàn thành trực tuyến,117.0,67.0,8,,,,
"Public Administration and Social Service Professions, Other.",3,Bachelor's Degree,Có thể hoàn thành trực tuyến,117.0,165.0,13,30255.0,42482.0,54353.0,62710.0
"Physical Sciences, Other.",3,Bachelor's Degree,Không xác định,117.0,154.0,1,23976.0,59562.0,,
Human Resources Management and Services.,6,Doctoral Degree,Có thể hoàn thành trực tuyến,116.0,121.0,25,,158012.0,147956.0,154126.0
Drama/Theatre Arts and Stagecraft.,3,Bachelor's Degree,Một phần có thể hoàn thành trực tuyến,116.0,132.0,11,26950.0,21585.0,27675.0,29855.0
Drafting/Design Engineering Technologies/Technicians.,3,Bachelor's Degree,Không xác định,116.0,123.0,3,36000.0,56995.5,75195.0,81146.0
Geological and Earth Sciences/Geosciences.,5,Master's Degree,Một phần có thể hoàn thành trực tuyến,116.0,118.0,6,,63904.0,46107.0,68809.0
Forestry.,6,Doctoral Degree,Có thể hoàn thành trực tuyến,116.0,97.0,27,,,,
Engineering Mechanics.,3,Bachelor's Degree,Có thể hoàn thành trực tuyến,116.0,89.0,7,26966.0,77173.5,85261.0,94052.5
Fire Protection.,3,Bachelor's Degree,Một phần có thể hoàn thành trực tuyến,116.0,169.0,5,21379.5,50977.0,70785.0,80033.0
Engineering-Related Fields.,3,Bachelor's Degree,Một phần có thể hoàn thành trực tuyến,115.0,137.0,5,26702.0,64163.0,56663.0,62437.0
Engineering Science.,6,Doctoral Degree,Có thể hoàn thành trực tuyến,115.0,127.0,21,,,,
Bioethics/Medical Ethics.,8,Graduate/Professional Certificate,Một phần có thể hoàn thành trực tuyến,115.0,74.0,14,,,,
Natural Resources Conservation and Research.,8,Graduate/Professional Certificate,Có thể hoàn thành trực tuyến,115.0,105.0,46,,,,
"Linguistic, Comparative, and Related Language Studies and Services.",2,Associate's Degree,Một phần có thể hoàn thành trực tuyến,115.0,131.0,8,,,,
"Family and Consumer Sciences/Human Sciences, Other.",3,Bachelor's Degree,Một phần có thể hoàn thành trực tuyến,115.0,67.0,2,22855.0,34802.0,,
Systems Science and Theory.,5,Master's Degree,Một phần có thể hoàn thành trực tuyến,115.0,134.0,2,,97856.0,,
Health/Medical Preparatory Programs.,1,Undergraduate Certificate or Diploma,Không xác định,115.0,65.0,3,14740.0,61828.0,,
Family and Consumer Economics and Related Studies.,3,Bachelor's Degree,Một phần có thể hoàn thành trực tuyến,114.0,119.0,2,21750.0,39605.0,43234.0,50393.0
Civil Engineering.,2,Associate's Degree,Có thể hoàn thành trực tuyến,114.0,91.0,20,,,,
Educational Administration and Supervision.,1,Undergraduate Certificate or Diploma,Có thể hoàn thành trực tuyến,114.0,187.0,39,19872.0,25395.0,,
Management Sciences and Quantitative Methods.,6,Doctoral Degree,Có thể hoàn thành trực tuyến,114.0,105.0,30,,,,
"Registered Nursing, Nursing Administration, Nursing Research and Clinical Nursing.",1,Undergraduate Certificate or Diploma,Không xác định,113.0,47.0,7,27000.0,,,
Public Administration.,1,Undergraduate Certificate or Diploma,Có thể hoàn thành trực tuyến,113.0,128.0,19,,,,
Cultural Studies/Critical Theory and Analysis.,3,Bachelor's Degree,Không xác định,113.0,121.0,3,,,,
Social Work.,8,Graduate/Professional Certificate,Một phần có thể hoàn thành trực tuyến,113.0,81.0,3,,,,
Computer Programming.,5,Master's Degree,Có thể hoàn thành trực tuyến,113.0,104.0,8,,105265.0,,
Electrical and Computer Engineering.,6,Doctoral Degree,Có thể hoàn thành trực tuyến,112.0,22.0,13,,,,
Computer Systems Analysis.,1,Undergraduate Certificate or Diploma,Không xác định,112.0,105.0,7,,,,
Area Studies.,3,Bachelor's Degree,Một phần có thể hoàn thành trực tuyến,112.0,111.0,5,20397.0,19457.0,28070.0,
Intercultural/Multicultural and Diversity Studies.,3,Bachelor's Degree,Có thể hoàn thành trực tuyến,112.0,119.0,35,27593.0,,29103.0,40469.0
Architectural Sciences and Technology.,5,Master's Degree,Không xác định,112.0,136.0,5,,60986.0,,
Materials Engineering,5,Master's Degree,Không xác định,112.0,85.0,7,,108956.0,,
Operations Research.,8,Graduate/Professional Certificate,Một phần có thể hoàn thành trực tuyến,112.0,105.0,2,,,,
"Theology and Religious Vocations, Other.",7,First Professional Degree,Có thể hoàn thành trực tuyến,111.0,115.0,6,,,,
Vehicle Maintenance and Repair Technologies.,3,Bachelor's Degree,Không xác định,111.0,87.0,2,16452.0,81436.0,85596.0,89361.0
Industrial Engineering.,3,Bachelor's Degree,Một phần có thể hoàn thành trực tuyến,111.0,125.0,5,28351.0,72686.5,79859.0,88090.0
Legal Support Services.,8,Graduate/Professional Certificate,Không xác định,111.0,66.0,5,,36676.0,,
Agricultural Business and Management.,3,Bachelor's Degree,Một phần có thể hoàn thành trực tuyến,111.0,88.0,8,17666.0,52031.0,63336.0,71577.0
Museology/Museum Studies.,5,Master's Degree,Một phần có thể hoàn thành trực tuyến,111.0,92.0,2,,41463.0,48296.0,51619.0
"Library Science, Other.",5,Master's Degree,Có thể hoàn thành trực tuyến,111.0,102.0,8,,51407.0,56621.0,62833.0
Biological and Physical Sciences.,3,Bachelor's Degree,Không xác định,110.0,115.0,1,18500.0,69480.0,68255.0,72470.0
Nuclear and Industrial Radiologic Technologies/Technicians.,2,Associate's Degree,Có thể hoàn thành trực tuyến,110.0,92.0,14,,49762.0,96153.0,100699.5
Computer Science.,8,Graduate/Professional Certificate,Có thể hoàn thành trực tuyến,110.0,63.0,24,,,,
"Bilingual, Multilingual, and Multicultural Education.",8,Graduate/Professional Certificate,Một phần có thể hoàn thành trực tuyến,110.0,107.0,7,,,70881.0,82232.0
"Education, Other.",6,Doctoral Degree,Một phần có thể hoàn thành trực tuyến,109.0,62.0,8,,89678.5,88939.0,90945.0
"City/Urban, Community and Regional Planning.",8,Graduate/Professional Certificate,Có thể hoàn thành trực tuyến,109.0,93.0,28,,,,
Clinical/Medical Laboratory Science/Research and Allied Professions.,8,Graduate/Professional Certificate,Một phần có thể hoàn thành trực tuyến,109.0,112.0,4,,,,
Military Systems and Maintenance Technology.,2,Associate's Degree,Có thể hoàn thành trực tuyến,109.0,82.0,1,17322.0,39428.0,,
Rhetoric and Composition/Writing Studies.,6,Doctoral Degree,Có thể hoàn thành trực tuyến,109.0,119.0,29,,70110.0,76468.0,93319.0
Mechanical Engineering.,3,Bachelor's Degree,Không xác định,108.0,127.0,3,17872.0,75146.0,80032.0,94291.0
"Allied Health Diagnostic, Intervention, and Treatment Professions.",5,Master's Degree,Không xác định,108.0,102.0,10,,104372.5,,
Historic Preservation and Conservation.,3,Bachelor's Degree,Có thể hoàn thành trực tuyến,108.0,103.0,11,22812.5,35326.0,40767.5,48223.5
Criminal Justice and Corrections.,6,Doctoral Degree,Không xác định,108.0,90.0,8,,79647.0,79205.0,89626.0
"Business Administration, Management and Operations.",7,First Professional Degree,Không xác định,107.0,88.0,3,,,,
"Communication, Journalism, and Related Programs, Other.",5,Master's Degree,Một phần có thể hoàn thành trực tuyến,107.0,112.0,2,,63849.0,82813.0,88458.0
Communication and Media Studies.,8,Graduate/Professional Certificate,Một phần có thể hoàn thành trực tuyến,107.0,152.0,9,,67808.0,68336.0,75918.0
Public Health.,6,Doctoral Degree,Một phần có thể hoàn thành trực tuyến,107.0,122.0,6,,103531.0,91182.5,101973.0
Computer/Information Technology Administration and Management.,6,Doctoral Degree,Không xác định,107.0,101.0,5,,152737.0,137264.0,136244.0
Human Resources Management and Services.,6,Doctoral Degree,Một phần có thể hoàn thành trực tuyến,107.0,109.0,2,,90098.0,92347.0,99593.0
Bible/Biblical Studies.,8,Graduate/Professional Certificate,Không xác định,106.0,71.0,16,,,,
Sustainability Studies.,8,Graduate/Professional Certificate,Không xác định,106.0,86.0,9,,,,
"Computer and Information Sciences, General.",6,Doctoral Degree,Không xác định,106.0,88.0,7,,123164.0,140196.0,137254.0
Literature.,5,Master's Degree,Có thể hoàn thành trực tuyến,106.0,93.0,14,,,55766.0,61490.0
Medical Illustration and Informatics.,8,Graduate/Professional Certificate,Không xác định,106.0,85.0,23,,86983.0,,
Hospitality Administration/Management.,8,Graduate/Professional Certificate,Một phần có thể hoàn thành trực tuyến,106.0,69.0,1,,,,
"Science Technologies/Technicians, Other.",3,Bachelor's Degree,Không xác định,105.0,93.0,2,28312.0,60661.0,66007.0,73181.0
Communication Disorders Sciences and Services.,8,Graduate/Professional Certificate,Không xác định,105.0,5.0,5,,,,
Pastoral Counseling and Specialized Ministries.,1,Undergraduate Certificate or Diploma,Có thể hoàn thành trực tuyến,105.0,134.0,20,,,,
Management Information Systems and Services.,8,Graduate/Professional Certificate,Một phần có thể hoàn thành trực tuyến,105.0,68.0,11,,,,
Military Applied Sciences.,3,Bachelor's Degree,Có thể hoàn thành trực tuyến,105.0,74.0,2,,,,
Sociology.,1,Undergraduate Certificate or Diploma,Có thể hoàn thành trực tuyến,105.0,83.0,19,26000.0,45893.0,,
Anthropology.,1,Undergraduate Certificate or Diploma,Có thể hoàn thành trực tuyến,105.0,86.0,18,,,,
Industrial Production Technologies/Technicians.,1,Undergraduate Certificate or Diploma,Không xác định,105.0,134.0,20,,32063.0,50984.0,53559.0
Economics.,2,Associate's Degree,Không xác định,104.0,63.0,26,,,,
"Arts, Entertainment,and Media Management.",5,Master's Degree,Không xác định,104.0,101.0,7,,44821.0,51243.0,54180.0
"Health Professions and Related Clinical Sciences, Other.",1,Undergraduate Certificate or Diploma,Không xác định,104.0,106.0,3,,,,
"Romance Languages, Literatures, and Linguistics.",3,Bachelor's Degree,Không xác định,104.0,73.0,8,21534.0,42436.0,40840.0,53459.0
"Social Sciences, Other.",2,Associate's Degree,Không xác định,104.0,131.0,2,11204.0,31127.0,42651.0,46402.0
Petroleum Engineering.,5,Master's Degree,Có thể hoàn thành trực tuyến,104.0,101.0,15,,,,
"Business/Commerce, General.",8,Graduate/Professional Certificate,Một phần có thể hoàn thành trực tuyến,103.0,144.0,5,,102888.0,,
"Bilingual, Multilingual, and Multicultural Education.",1,Undergraduate Certificate or Diploma,Có thể hoàn thành trực tuyến,103.0,42.0,18,,,,
"Linguistic, Comparative, and Related Language Studies and Services.",5,Master's Degree,Một phần có thể hoàn thành trực tuyến,103.0,104.0,5,,59206.0,55632.5,65510.5
"Natural Resources and Conservation, Other.",3,Bachelor's Degree,Có thể hoàn thành trực tuyến,103.0,92.0,11,25489.5,34422.0,41621.0,46912.5
Alternative and Complementary Medical Support Services.,1,Undergraduate Certificate or Diploma,Có thể hoàn thành trực tuyến,103.0,59.0,6,,,29990.0,38727.0
Political Science and Government.,5,Master's Degree,Không xác định,103.0,88.0,8,,59698.0,78460.0,82713.0
Dietetics and Clinical Nutrition Services.,8,Graduate/Professional Certificate,Một phần có thể hoàn thành trực tuyến,103.0,73.0,4,,50889.0,61943.0,66724.0
"Education, General.",2,Associate's Degree,Một phần có thể hoàn thành trực tuyến,102.0,155.0,12,18750.0,,36093.0,44601.5
Behavioral Sciences.,6,Doctoral Degree,Có thể hoàn thành trực tuyến,102.0,34.0,20,,,,
Engineering Physics.,8,Graduate/Professional Certificate,Không xác định,102.0,59.0,1,,,,
Air Transportation.,5,Master's Degree,Một phần có thể hoàn thành trực tuyến,102.0,103.0,5,,86991.5,,81030.0
"Mechatronics, Robotics, and Automation Engineering.",1,Undergraduate Certificate or Diploma,Có thể hoàn thành trực tuyến,102.0,106.0,34,,,,
Architecture.,5,Master's Degree,Không xác định,101.0,94.0,2,,60299.5,70205.0,74483.0
Industrial Production Technologies/Technicians.,5,Master's Degree,Một phần có thể hoàn thành trực tuyến,101.0,70.0,5,,,,
International Relations and National Security Studies.,1,Undergraduate Certificate or Diploma,Có thể hoàn thành trực tuyến,101.0,115.0,20,,,,
"Radio, Television, and Digital Communication.",8,Graduate/Professional Certificate,Không xác định,101.0,107.0,14,,,,
"Multi/Interdisciplinary Studies, Other.",8,Graduate/Professional Certificate,Một phần có thể hoàn thành trực tuyến,101.0,28.0,6,,,,
Construction Management.,8,Graduate/Professional Certificate,Một phần có thể hoàn thành trực tuyến,101.0,85.0,3,,,,
Music.,1,Undergraduate Certificate or Diploma,Một phần có thể hoàn thành trực tuyến,101.0,150.0,10,9413.0,24551.0,19320.0,24762.0
Theological and Ministerial Studies.,6,Doctoral Degree,Không xác định,100.0,66.0,13,,,,
Library and Archives Assisting.,1,Undergraduate Certificate or Diploma,Một phần có thể hoàn thành trực tuyến,100.0,40.0,8,,,,
"Homeland Security, Law Enforcement, Firefighting and Related Protective Services, Other.",2,Associate's Degree,Có thể hoàn thành trực tuyến,100.0,110.0,28,,,46855.0,57682.0
Data Processing.,3,Bachelor's Degree,Có thể hoàn thành trực tuyến,100.0,118.0,8,21122.5,59813.0,52187.0,62901.0
Electrical and Power Transmission Installers.,1,Undergraduate Certificate or Diploma,Không xác định,99.0,17.0,2,7125.0,25267.0,,
"Education, Other.",1,Undergraduate Certificate or Diploma,Không xác định,99.0,81.0,9,,,,
"Social Sciences, General.",8,Graduate/Professional Certificate,Có thể hoàn thành trực tuyến,99.0,72.0,34,,,,
Rhetoric and Composition/Writing Studies.,8,Graduate/Professional Certificate,Có thể hoàn thành trực tuyến,99.0,75.0,66,,,,
Social Work.,8,Graduate/Professional Certificate,Không xác định,99.0,121.0,9,,54127.0,,
Graphic Communications.,5,Master's Degree,Không xác định,99.0,103.0,2,,,50072.0,67772.0
Graphic Communications.,5,Master's Degree,Một phần có thể hoàn thành trực tuyến,99.0,109.0,1,,41411.0,67816.0,
Museology/Museum Studies.,8,Graduate/Professional Certificate,Có thể hoàn thành trực tuyến,99.0,110.0,34,,37453.0,,
Rehabilitation and Therapeutic Professions.,8,Graduate/Professional Certificate,Không xác định,99.0,90.0,12,,,,
Mental and Social Health Services and Allied Professions.,8,Graduate/Professional Certificate,Một phần có thể hoàn thành trực tuyến,98.0,95.0,15,,48028.0,,
"Architecture and Related Services, Other.",3,Bachelor's Degree,Có thể hoàn thành trực tuyến,98.0,92.0,14,26750.0,29900.0,52788.5,58358.0
Real Estate.,8,Graduate/Professional Certificate,Không xác định,98.0,75.0,1,,,,
Military Applied Sciences.,5,Master's Degree,Một phần có thể hoàn thành trực tuyến,98.0,49.0,2,,89751.0,,
Movement and Mind-Body Therapies and Education.,1,Undergraduate Certificate or Diploma,Không xác định,98.0,116.0,2,9500.0,23000.0,19262.0,25811.0
Dispute Resolution.,1,Undergraduate Certificate or Diploma,Không xác định,98.0,19.0,3,,,,
Entrepreneurial and Small Business Operations.,8,Graduate/Professional Certificate,Có thể hoàn thành trực tuyến,97.0,94.0,42,,,,
"Social Sciences, Other.",5,Master's Degree,Không xác định,97.0,108.0,5,,41543.0,44185.0,49158.0
"Physiology, Pathology and Related Sciences.",1,Undergraduate Certificate or Diploma,Có thể hoàn thành trực tuyến,97.0,14.0,4,,,,
Insurance.,1,Undergraduate Certificate or Diploma,Có thể hoàn thành trực tuyến,97.0,64.0,27,,62377.0,,
"Ethnic, Cultural Minority, Gender, and Group Studies.",6,Doctoral Degree,Có thể hoàn thành trực tuyến,97.0,148.0,41,,68501.0,64881.0,
Natural Resources Management and Policy.,8,Graduate/Professional Certificate,Có thể hoàn thành trực tuyến,97.0,71.0,28,,,,
Religious Education.,5,Master's Degree,Một phần có thể hoàn thành trực tuyến,97.0,72.0,11,,43867.0,45352.0,55914.0
Computer Programming.,5,Master's Degree,Không xác định,96.0,67.0,5,,75810.0,,
Petroleum Engineering.,5,Master's Degree,Một phần có thể hoàn thành trực tuyến,96.0,111.0,6,,,101837.0,120257.0
Bible/Biblical Studies.,5,Master's Degree,Có thể hoàn thành trực tuyến,96.0,97.0,27,,,,
"Parks, Recreation, Leisure, and Fitness Studies, Other.",3,Bachelor's Degree,Có thể hoàn thành trực tuyến,96.0,101.0,23,23226.0,26969.0,39120.5,47311.0
Data Analytics.,8,Graduate/Professional Certificate,Có thể hoàn thành trực tuyến,96.0,33.0,17,,,,
Rehabilitation and Therapeutic Professions.,3,Bachelor's Degree,Không xác định,96.0,103.0,4,24039.0,35176.0,43336.0,47650.0
Business/Managerial Economics.,5,Master's Degree,Có thể hoàn thành trực tuyến,96.0,129.0,33,,66698.5,97593.0,95371.0
Gerontology.,1,Undergraduate Certificate or Diploma,Một phần có thể hoàn thành trực tuyến,95.0,78.0,6,11137.0,,,30644.0
Architecture.,6,Doctoral Degree,Có thể hoàn thành trực tuyến,95.0,83.0,23,,,,
"Mechatronics, Robotics, and Automation Engineering.",2,Associate's Degree,Có thể hoàn thành trực tuyến,95.0,144.0,18,17000.0,55781.5,,
"Biomathematics, Bioinformatics, and Computational Biology.",8,Graduate/Professional Certificate,Có thể hoàn thành trực tuyến,95.0,94.0,38,,97522.0,,120640.0
Communication Disorders Sciences and Services.,2,Associate's Degree,Có thể hoàn thành trực tuyến,95.0,97.0,23,,,,
"Parks, Recreation and Leisure Studies.",5,Master's Degree,Có thể hoàn thành trực tuyến,95.0,64.0,20,,,,
"Multi-/Interdisciplinary Studies, General.",5,Master's Degree,Một phần có thể hoàn thành trực tuyến,95.0,39.0,6,,43840.0,,
"Public Relations, Advertising, and Applied Communication.",1,Undergraduate Certificate or Diploma,Không xác định,95.0,7.0,12,,,,
Health Aides/Attendants/Orderlies.,1,Undergraduate Certificate or Diploma,Một phần có thể hoàn thành trực tuyến,95.0,71.0,3,,,,
Geography and Cartography.,5,Master's Degree,Một phần có thể hoàn thành trực tuyến,94.0,99.0,9,,56801.0,67175.0,70004.0
Housing and Human Environments.,1,Undergraduate Certificate or Diploma,Có thể hoàn thành trực tuyến,94.0,660.0,7,5677.0,12355.0,,
Publishing.,5,Master's Degree,Có thể hoàn thành trực tuyến,94.0,91.0,4,,41812.0,55684.0,61204.5
Architectural History and Criticism.,3,Bachelor's Degree,Có thể hoàn thành trực tuyến,94.0,119.0,21,25000.0,30189.0,,
Film/Video and Photographic Arts.,5,Master's Degree,Không xác định,94.0,106.0,3,,45437.5,49593.0,53584.0
Library Science and Administration.,3,Bachelor's Degree,Không xác định,94.0,101.0,3,34536.0,29163.0,33499.0,35850.0
Applied Statistics.,3,Bachelor's Degree,Có thể hoàn thành trực tuyến,94.0,36.0,6,,,,
Fine and Studio Arts.,5,Master's Degree,Không xác định,93.0,94.0,5,,53206.0,46774.0,51846.5
Human Computer Interaction.,5,Master's Degree,Không xác định,93.0,93.0,4,,57492.0,,
"Computer and Information Sciences and Support Services, Other.",1,Undergraduate Certificate or Diploma,Một phần có thể hoàn thành trực tuyến,92.0,37.0,3,,,,
Data Entry/Microcomputer Applications.,1,Undergraduate Certificate or Diploma,Không xác định,92.0,102.0,14,,,,
"Human Development, Family Studies, and Related Services.",8,Graduate/Professional Certificate,Một phần có thể hoàn thành trực tuyến,92.0,103.0,9,,57292.5,54401.0,62491.0
Veterinary Biomedical and Clinical Sciences.,6,Doctoral Degree,Có thể hoàn thành trực tuyến,92.0,104.0,23,,,,
Dispute Resolution.,5,Master's Degree,Có thể hoàn thành trực tuyến,92.0,97.0,10,,72887.0,89804.0,105031.0
Apparel and Textiles.,5,Master's Degree,Có thể hoàn thành trực tuyến,92.0,129.0,25,,,54072.0,53305.0
"Health Services/Allied Health/Health Sciences, General.",6,Doctoral Degree,Không xác định,92.0,139.0,4,,98482.0,117936.0,109213.0
Library and Archives Assisting.,1,Undergraduate Certificate or Diploma,Không xác định,92.0,36.0,7,,,,
Educational/Instructional Media Design.,1,Undergraduate Certificate or Diploma,Có thể hoàn thành trực tuyến,92.0,86.0,23,,,28463.0,32276.0
Rhetoric and Composition/Writing Studies.,8,Graduate/Professional Certificate,Một phần có thể hoàn thành trực tuyến,91.0,87.0,10,,,,
Energy Systems Technologies/Technicians.,3,Bachelor's Degree,Có thể hoàn thành trực tuyến,91.0,94.0,13,17750.0,46992.0,78665.5,84542.5
Systems Engineering.,6,Doctoral Degree,Có thể hoàn thành trực tuyến,91.0,97.0,27,,,,
Health and Medical Administrative Services.,6,Doctoral Degree,Có thể hoàn thành trực tuyến,91.0,74.0,19,,107267.0,,
Environmental/Environmental Health Engineering.,5,Master's Degree,Không xác định,90.0,101.0,6,,89742.5,88220.0,101617.5
Veterinary Biomedical and Clinical Sciences.,8,Graduate/Professional Certificate,Có thể hoàn thành trực tuyến,90.0,67.0,6,,,,
Public Policy Analysis.,1,Undergraduate Certificate or Diploma,Có thể hoàn thành trực tuyến,90.0,52.0,6,,,,
"Public Administration and Social Service Professions, Other.",5,Master's Degree,Có thể hoàn thành trực tuyến,90.0,81.0,16,,99865.5,61173.0,91759.0
Health and Physical Education/Fitness.,8,Graduate/Professional Certificate,Không xác định,90.0,55.0,20,,,,
Graphic Communications.,1,Undergraduate Certificate or Diploma,Không xác định,90.0,104.0,11,5724.0,,,
"Engineering, General.",6,Doctoral Degree,Một phần có thể hoàn thành trực tuyến,90.0,80.0,3,,,,
Woodworking.,2,Associate's Degree,Có thể hoàn thành trực tuyến,90.0,86.0,25,9373.0,38305.0,48678.0,53411.0
Engineering-Related Fields.,6,Doctoral Degree,Có thể hoàn thành trực tuyến,89.0,59.0,12,,,,
"Educational Assessment, Evaluation, and Research.",8,Graduate/Professional Certificate,Không xác định,89.0,85.0,16,,,,
International/Global Studies.,3,Bachelor's Degree,Một phần có thể hoàn thành trực tuyến,89.0,97.0,9,26000.0,29781.5,39781.0,52535.0
Rehabilitation and Therapeutic Professions.,6,Doctoral Degree,Không xác định,89.0,4.0,4,,75622.0,77953.0,82921.0
Human Resources Management and Services.,2,Associate's Degree,Một phần có thể hoàn thành trực tuyến,89.0,95.0,14,,,,
Second Language Learning.,1,Undergraduate Certificate or Diploma,Có thể hoàn thành trực tuyến,89.0,19.0,10,,,,
Medical Clinical Sciences/Graduate Medical Studies.,8,Graduate/Professional Certificate,Có thể hoàn thành trực tuyến,89.0,72.0,25,,,,
"City/Urban, Community and Regional Planning.",3,Bachelor's Degree,Không xác định,89.0,75.0,1,27009.0,46954.0,52445.0,61411.0
Cell/Cellular Biology and Anatomical Sciences.,3,Bachelor's Degree,Một phần có thể hoàn thành trực tuyến,89.0,133.0,2,21000.0,43903.0,,
Research and Experimental Psychology.,8,Graduate/Professional Certificate,Có thể hoàn thành trực tuyến,89.0,67.0,22,,59052.0,76806.0,
Sustainability Studies.,5,Master's Degree,Không xác định,88.0,77.0,15,,,,
"Germanic Languages, Literatures, and Linguistics.",5,Master's Degree,Có thể hoàn thành trực tuyến,88.0,86.0,74,,,,
Biochemical Engineering.,3,Bachelor's Degree,Có thể hoàn thành trực tuyến,88.0,102.0,3,19344.5,68934.5,83236.0,99194.0
"Theology and Religious Vocations, Other.",6,Doctoral Degree,Có thể hoàn thành trực tuyến,88.0,84.0,13,,60324.0,71352.0,84447.0
"Engineering, Other.",1,Undergraduate Certificate or Diploma,Có thể hoàn thành trực tuyến,88.0,76.0,14,27000.0,80250.0,,
"Visual and Performing Arts, Other.",2,Associate's Degree,Có thể hoàn thành trực tuyến,88.0,88.0,10,5000.0,20781.0,26049.0,
Rhetoric and Composition/Writing Studies.,1,Undergraduate Certificate or Diploma,Một phần có thể hoàn thành trực tuyến,88.0,87.0,10,29334.0,59882.0,80598.0,102625.0
Public Policy Analysis.,8,Graduate/Professional Certificate,Không xác định,88.0,79.0,14,,,,
Publishing.,3,Bachelor's Degree,Có thể hoàn thành trực tuyến,87.0,57.0,9,27000.0,17585.0,,
"Health Professions and Related Clinical Sciences, Other.",8,Graduate/Professional Certificate,Có thể hoàn thành trực tuyến,87.0,74.0,34,,52645.5,,
Special Education and Teaching.,2,Associate's Degree,Một phần có thể hoàn thành trực tuyến,87.0,76.0,5,9250.0,,43079.0,41808.0
"Parks, Recreation and Leisure Facilities Management.",1,Undergraduate Certificate or Diploma,Có thể hoàn thành trực tuyến,87.0,121.0,30,,,,
Educational/Instructional Media Design.,6,Doctoral Degree,Không xác định,86.0,81.0,12,,77532.0,81130.0,89757.0
Nutrition Sciences.,8,Graduate/Professional Certificate,Có thể hoàn thành trực tuyến,86.0,39.0,16,,,49899.0,56905.0
Social Work.,1,Undergraduate Certificate or Diploma,Không xác định,86.0,62.0,3,,,,
"Aerospace, Aeronautical and Astronautical Engineering.",3,Bachelor's Degree,Một phần có thể hoàn thành trực tuyến,86.0,92.0,2,22823.0,69285.0,82825.5,97495.0
Economics.,8,Graduate/Professional Certificate,Có thể hoàn thành trực tuyến,86.0,73.0,38,,,,
Cell/Cellular Biology and Anatomical Sciences.,8,Graduate/Professional Certificate,Có thể hoàn thành trực tuyến,86.0,96.0,11,,65677.0,,
"City/Urban, Community and Regional Planning.",6,Doctoral Degree,Có thể hoàn thành trực tuyến,86.0,111.0,27,,,63539.0,76157.0
"Allied Health Diagnostic, Intervention, and Treatment Professions.",6,Doctoral Degree,Không xác định,85.0,0.0,3,,73437.0,,
Finance and Financial Management Services.,1,Undergraduate Certificate or Diploma,Một phần có thể hoàn thành trực tuyến,85.0,85.0,14,,,,
Management Information Systems and Services.,8,Graduate/Professional Certificate,Có thể hoàn thành trực tuyến,85.0,80.0,57,,,82397.0,87039.0
Polymer/Plastics Engineering.,5,Master's Degree,Có thể hoàn thành trực tuyến,85.0,78.0,10,,89021.0,,
Behavioral Sciences.,1,Undergraduate Certificate or Diploma,Có thể hoàn thành trực tuyến,85.0,68.0,5,24721.0,26331.0,40245.0,51727.0
"Liberal Arts and Sciences, General Studies and Humanities.",6,Doctoral Degree,Có thể hoàn thành trực tuyến,85.0,105.0,24,,64534.0,,
"Agriculture, General.",1,Undergraduate Certificate or Diploma,Có thể hoàn thành trực tuyến,85.0,56.0,23,,,,
Real Estate.,2,Associate's Degree,Không xác định,85.0,44.0,8,23765.0,43251.0,,
Electrical Engineering Technologies/Technicians.,3,Bachelor's Degree,Một phần có thể hoàn thành trực tuyến,84.0,124.0,9,53062.0,67395.0,75968.0,85005.0
Architectural Engineering Technologies/Technicians.,3,Bachelor's Degree,Một phần có thể hoàn thành trực tuyến,84.0,75.0,1,25000.0,76114.0,66725.0,66146.0
Construction Engineering Technologies.,5,Master's Degree,Có thể hoàn thành trực tuyến,84.0,92.0,8,,88786.0,92914.0,102552.0
Chemistry.,1,Undergraduate Certificate or Diploma,Có thể hoàn thành trực tuyến,84.0,217.0,17,,,,
Clinical/Medical Laboratory Science/Research and Allied Professions.,1,Undergraduate Certificate or Diploma,Một phần có thể hoàn thành trực tuyến,84.0,86.0,10,20093.0,,33730.5,39862.5
Chemistry.,5,Master's Degree,Một phần có thể hoàn thành trực tuyến,84.0,40.0,5,,59387.0,,
"Foreign Languages, Literatures, and Linguistics, Other.",1,Undergraduate Certificate or Diploma,Không xác định,84.0,82.0,2,,,62808.0,59599.0
"Parks, Recreation and Leisure Studies.",1,Undergraduate Certificate or Diploma,Không xác định,84.0,117.0,2,,,,
Criminal Justice and Corrections.,6,Doctoral Degree,Có thể hoàn thành trực tuyến,83.0,103.0,27,,68763.0,104278.0,
Religious/Sacred Music.,5,Master's Degree,Có thể hoàn thành trực tuyến,83.0,87.0,36,,,,
Natural Resources Management and Policy.,8,Graduate/Professional Certificate,Một phần có thể hoàn thành trực tuyến,83.0,51.0,4,,,,
Fishing and Fisheries Sciences and Management.,3,Bachelor's Degree,Một phần có thể hoàn thành trực tuyến,83.0,75.0,2,33518.0,33314.0,43598.0,49281.0
"Social Sciences, General.",1,Undergraduate Certificate or Diploma,Có thể hoàn thành trực tuyến,83.0,52.0,21,,,,
"Engineering Technology, General.",3,Bachelor's Degree,Một phần có thể hoàn thành trực tuyến,82.0,101.0,1,27274.0,62117.0,74294.0,85470.0
History.,8,Graduate/Professional Certificate,Có thể hoàn thành trực tuyến,82.0,78.0,49,,,,
Allied Health and Medical Assisting Services.,5,Master's Degree,Không xác định,82.0,78.0,1,,110880.0,115379.0,126346.0
Chemical Engineering.,5,Master's Degree,Không xác định,82.0,93.0,5,,,,
Quality Control and Safety Technologies/Technicians.,1,Undergraduate Certificate or Diploma,Không xác định,82.0,80.0,11,16426.0,,71697.0,85911.0
"Mechatronics, Robotics, and Automation Engineering.",5,Master's Degree,Không xác định,82.0,63.0,2,,90263.0,,
Medical Illustration and Informatics.,1,Undergraduate Certificate or Diploma,Có thể hoàn thành trực tuyến,82.0,15.0,14,,45144.0,,75295.0
Physics.,5,Master's Degree,Một phần có thể hoàn thành trực tuyến,82.0,76.0,3,,105584.0,119407.0,131926.0
"Educational Assessment, Evaluation, and Research.",3,Bachelor's Degree,Một phần có thể hoàn thành trực tuyến,82.0,91.0,2,22500.0,26457.0,41978.0,48576.0
"Computer and Information Sciences and Support Services, Other.",2,Associate's Degree,Không xác định,82.0,65.0,3,18653.0,40810.0,50255.0,54617.0
Religion/Religious Studies.,2,Associate's Degree,Một phần có thể hoàn thành trực tuyến,82.0,110.0,8,29375.0,36966.0,42532.0,44195.0
Audiovisual Communications Technologies/Technicians.,5,Master's Degree,Có thể hoàn thành trực tuyến,82.0,99.0,7,,56703.0,42984.5,42975.5
Agricultural Production Operations.,1,Undergraduate Certificate or Diploma,Một phần có thể hoàn thành trực tuyến,82.0,66.0,10,,,,
Pastoral Counseling and Specialized Ministries.,8,Graduate/Professional Certificate,Không xác định,82.0,82.0,7,,,45637.0,49857.0
Computer Engineering.,2,Associate's Degree,Có thể hoàn thành trực tuyến,81.0,82.0,22,23635.0,48263.0,56172.0,72251.0
Insurance.,3,Bachelor's Degree,Không xác định,81.0,67.0,6,22957.0,49294.0,57719.0,66337.0
Geological and Earth Sciences/Geosciences.,1,Undergraduate Certificate or Diploma,Có thể hoàn thành trực tuyến,81.0,61.0,21,,,,
Architecture.,8,Graduate/Professional Certificate,Có thể hoàn thành trực tuyến,81.0,40.0,17,,,,
"Agriculture, General.",5,Master's Degree,Một phần có thể hoàn thành trực tuyến,81.0,79.0,4,,54807.0,,
Accounting and Related Services.,8,Graduate/Professional Certificate,Một phần có thể hoàn thành trực tuyến,81.0,100.0,17,,58112.0,67831.0,71145.0
Cultural Studies/Critical Theory and Analysis.,3,Bachelor's Degree,Có thể hoàn thành trực tuyến,81.0,76.0,22,21125.0,21458.0,39833.0,44050.5
"Parks, Recreation and Leisure Studies.",5,Master's Degree,Một phần có thể hoàn thành trực tuyến,81.0,71.0,4,,42697.0,49753.5,54137.5
Alternative and Complementary Medicine and Medical Systems.,5,Master's Degree,Không xác định,81.0,70.0,6,,,,
Agricultural and Food Products Processing.,3,Bachelor's Degree,Có thể hoàn thành trực tuyến,80.0,102.0,8,25109.5,62278.5,66954.0,71906.0
Computer Engineering Technologies/Technicians.,3,Bachelor's Degree,Một phần có thể hoàn thành trực tuyến,80.0,78.0,11,55425.0,48829.0,72749.0,81090.0
"Human Services, General.",6,Doctoral Degree,Không xác định,80.0,62.0,3,,73929.5,70357.0,84711.0
Religion/Religious Studies.,2,Associate's Degree,Không xác định,80.0,73.0,11,26500.0,31593.0,,
"Agriculture, Agriculture Operations, and Related Sciences, Other.",5,Master's Degree,Không xác định,80.0,58.0,1,,57089.0,,
Electrical and Power Transmission Installers.,1,Undergraduate Certificate or Diploma,Một phần có thể hoàn thành trực tuyến,80.0,227.0,7,5500.0,57103.0,,89729.0
"Visual and Performing Arts, General.",1,Undergraduate Certificate or Diploma,Một phần có thể hoàn thành trực tuyến,80.0,53.0,4,20000.0,28514.0,,
"Specialized Sales, Merchandising and  Marketing Operations.",5,Master's Degree,Không xác định,80.0,91.0,3,,94838.5,178231.0,195908.0
Bible/Biblical Studies.,2,Associate's Degree,Một phần có thể hoàn thành trực tuyến,80.0,69.0,17,40475.0,39106.0,28801.0,34150.5
"Romance Languages, Literatures, and Linguistics.",5,Master's Degree,Không xác định,80.0,81.0,6,,55566.0,,
Data Analytics.,1,Undergraduate Certificate or Diploma,Có thể hoàn thành trực tuyến,80.0,9.0,18,,,,
"Personal and Culinary Services, Other.",1,Undergraduate Certificate or Diploma,Có thể hoàn thành trực tuyến,80.0,108.0,4,10870.0,25873.0,,
Geological and Earth Sciences/Geosciences.,8,Graduate/Professional Certificate,Có thể hoàn thành trực tuyến,80.0,94.0,31,,,,
Zoology/Animal Biology.,3,Bachelor's Degree,Một phần có thể hoàn thành trực tuyến,79.0,64.0,3,25500.0,27491.0,30402.0,36871.0
Educational/Instructional Media Design.,6,Doctoral Degree,Có thể hoàn thành trực tuyến,79.0,88.0,26,,,,
Theological and Ministerial Studies.,1,Undergraduate Certificate or Diploma,Một phần có thể hoàn thành trực tuyến,79.0,77.0,12,18054.0,,37207.0,38611.0
Sustainability Studies.,5,Master's Degree,Một phần có thể hoàn thành trực tuyến,79.0,92.0,2,,43302.0,46015.0,49173.0
Engineering-Related Fields.,8,Graduate/Professional Certificate,Có thể hoàn thành trực tuyến,79.0,48.0,31,,,,
Geography and Cartography.,2,Associate's Degree,Một phần có thể hoàn thành trực tuyến,79.0,88.0,13,,,,
Social and Philosophical Foundations of Education.,5,Master's Degree,Không xác định,79.0,78.0,4,,62913.5,66173.0,76293.0
"Foreign Languages, Literatures, and Linguistics, Other.",1,Undergraduate Certificate or Diploma,Có thể hoàn thành trực tuyến,79.0,84.0,12,,,,
Security Science and Technology.,8,Graduate/Professional Certificate,Một phần có thể hoàn thành trực tuyến,78.0,36.0,9,,,,
International Business.,2,Associate's Degree,Có thể hoàn thành trực tuyến,78.0,94.0,39,,,,
Mechanical Engineering.,8,Graduate/Professional Certificate,Một phần có thể hoàn thành trực tuyến,78.0,50.0,4,,,,
Clinical/Medical Laboratory Science/Research and Allied Professions.,5,Master's Degree,Một phần có thể hoàn thành trực tuyến,78.0,58.0,6,,65946.0,62499.0,76110.0
"Engineering Technologies/Technicians, Other.",5,Master's Degree,Có thể hoàn thành trực tuyến,78.0,146.0,10,,61477.0,84926.0,89100.5
"Homeland Security, Law Enforcement, Firefighting and Related Protective Services, Other.",3,Bachelor's Degree,Một phần có thể hoàn thành trực tuyến,78.0,86.0,3,25111.0,48118.0,50679.0,56127.0
"General Sales, Merchandising and Related Marketing Operations.",3,Bachelor's Degree,Một phần có thể hoàn thành trực tuyến,77.0,34.0,5,,,,
History.,8,Graduate/Professional Certificate,Không xác định,77.0,70.0,8,,57508.0,62029.0,60401.0
"Business, Management, Marketing, and Related Support Services, Other.",2,Associate's Degree,Một phần có thể hoàn thành trực tuyến,77.0,46.0,4,21001.0,,34754.0,39775.0
Computer Engineering Technologies/Technicians.,1,Undergraduate Certificate or Diploma,Một phần có thể hoàn thành trực tuyến,77.0,46.0,5,,,,
"Philosophy and Religious Studies, Other.",5,Master's Degree,Có thể hoàn thành trực tuyến,77.0,56.0,5,,54958.0,56657.0,76926.0
Alternative and Complementary Medicine and Medical Systems.,6,Doctoral Degree,Có thể hoàn thành trực tuyến,77.0,55.0,9,,39251.0,65689.0,56857.0
Educational/Instructional Media Design.,2,Associate's Degree,Có thể hoàn thành trực tuyến,77.0,81.0,5,,24321.0,26440.0,27565.0
Architecture.,2,Associate's Degree,Có thể hoàn thành trực tuyến,77.0,70.0,13,,,32973.0,37121.0
Agricultural Business and Management.,6,Doctoral Degree,Có thể hoàn thành trực tuyến,76.0,134.0,27,,,,
Materials Engineering,5,Master's Degree,Một phần có thể hoàn thành trực tuyến,76.0,97.0,4,,,,
Vehicle Maintenance and Repair Technologies.,3,Bachelor's Degree,Có thể hoàn thành trực tuyến,76.0,97.0,14,23215.0,53308.0,70594.0,72181.0
"Parks, Recreation and Leisure Facilities Management.",5,Master's Degree,Một phần có thể hoàn thành trực tuyến,76.0,90.0,3,,44371.5,36089.0,43992.0
Business/Managerial Economics.,1,Undergraduate Certificate or Diploma,Có thể hoàn thành trực tuyến,76.0,88.0,7,21367.0,51329.0,56818.0,
"Psychology, Other.",8,Graduate/Professional Certificate,Có thể hoàn thành trực tuyến,76.0,79.0,18,,,43496.0,
Veterinary Biomedical and Clinical Sciences.,5,Master's Degree,Không xác định,76.0,67.0,3,,60387.0,80092.0,86986.0
Dietetics and Clinical Nutrition Services.,3,Bachelor's Degree,Một phần có thể hoàn thành trực tuyến,76.0,79.0,4,26990.0,40093.0,54944.0,55794.0
"Teacher Education and Professional Development, Specific Subject Areas.",2,Associate's Degree,Một phần có thể hoàn thành trực tuyến,76.0,105.0,3,9000.0,30830.0,28214.0,30146.5
"City/Urban, Community and Regional Planning.",3,Bachelor's Degree,Một phần có thể hoàn thành trực tuyến,76.0,79.0,1,25000.0,40037.0,64631.0,85914.0
"Computer and Information Sciences, General.",8,Graduate/Professional Certificate,Một phần có thể hoàn thành trực tuyến,76.0,46.0,15,,,,
"Social Sciences, Other.",5,Master's Degree,Một phần có thể hoàn thành trực tuyến,76.0,84.0,2,,46440.0,48663.5,54925.0
Data Analytics.,5,Master's Degree,Không xác định,76.0,27.0,10,,,,
Research and Experimental Psychology.,8,Graduate/Professional Certificate,Không xác định,75.0,64.0,7,,,,57947.0
Real Estate.,8,Graduate/Professional Certificate,Có thể hoàn thành trực tuyến,75.0,35.0,19,,,,
Religious/Sacred Music.,3,Bachelor's Degree,Không xác định,75.0,55.0,6,27000.0,33284.0,35910.0,37322.0
Energy Systems Technologies/Technicians.,3,Bachelor's Degree,Không xác định,75.0,35.0,3,33328.0,110398.0,,
Dispute Resolution.,1,Undergraduate Certificate or Diploma,Có thể hoàn thành trực tuyến,75.0,87.0,6,,,53904.0,59649.0
Mental and Social Health Services and Allied Professions.,6,Doctoral Degree,Không xác định,75.0,66.0,9,,,,
Soil Sciences.,5,Master's Degree,Có thể hoàn thành trực tuyến,75.0,92.0,22,,,,
"Health Professions and Related Clinical Sciences, Other.",5,Master's Degree,Không xác định,75.0,87.0,11,,58476.0,,
"Homeland Security, Law Enforcement, Firefighting and Related Protective Services, Other.",5,Master's Degree,Không xác định,75.0,80.0,6,,67469.0,86486.5,99382.0
Health and Physical Education/Fitness.,6,Doctoral Degree,Không xác định,75.0,44.0,4,,74272.5,78231.0,85250.0
Anthropology.,2,Associate's Degree,Không xác định,75.0,74.0,13,,,29534.0,
"Foods, Nutrition, and Related Services.",8,Graduate/Professional Certificate,Có thể hoàn thành trực tuyến,75.0,72.0,17,,,,
Ceramic Sciences and Engineering.,3,Bachelor's Degree,Có thể hoàn thành trực tuyến,74.0,92.0,5,23375.0,71644.0,,
Natural Resources Management and Policy.,1,Undergraduate Certificate or Diploma,Một phần có thể hoàn thành trực tuyến,74.0,3.0,2,,,51899.0,59935.0
Health/Medical Preparatory Programs.,8,Graduate/Professional Certificate,Một phần có thể hoàn thành trực tuyến,74.0,30.0,4,,43984.0,,64499.0
Apparel and Textiles.,3,Bachelor's Degree,Không xác định,74.0,90.0,3,28500.0,28604.0,42656.0,51884.0
Geography and Cartography.,3,Bachelor's Degree,Một phần có thể hoàn thành trực tuyến,74.0,64.0,7,27000.0,,39328.0,47993.0
Ground Transportation.,1,Undergraduate Certificate or Diploma,Không xác định,74.0,105.0,2,5677.0,34746.0,,
International Agriculture.,3,Bachelor's Degree,Có thể hoàn thành trực tuyến,74.0,97.0,8,16900.0,52068.0,46231.0,51601.0
Drama/Theatre Arts and Stagecraft.,5,Master's Degree,Một phần có thể hoàn thành trực tuyến,74.0,67.0,5,,39309.0,45306.0,
Applied Horticulture and Horticultural Business Services.,1,Undergraduate Certificate or Diploma,Một phần có thể hoàn thành trực tuyến,73.0,76.0,9,,,,
"Ecology, Evolution, Systematics, and Population Biology.",3,Bachelor's Degree,Một phần có thể hoàn thành trực tuyến,73.0,66.0,6,26093.0,24572.5,31588.5,39427.0
Biological and Physical Sciences.,5,Master's Degree,Một phần có thể hoàn thành trực tuyến,73.0,77.0,2,,96037.0,114392.0,142232.0
Energy Systems Maintenance and Repair Technologies/Technicians.,1,Undergraduate Certificate or Diploma,Có thể hoàn thành trực tuyến,73.0,34.0,7,,,,
"Public Relations, Advertising, and Applied Communication.",8,Graduate/Professional Certificate,Không xác định,73.0,46.0,22,,,,
"Health Services/Allied Health/Health Sciences, General.",8,Graduate/Professional Certificate,Có thể hoàn thành trực tuyến,73.0,47.0,30,,50047.0,59884.0,63574.0
"Allied Health Diagnostic, Intervention, and Treatment Professions.",8,Graduate/Professional Certificate,Có thể hoàn thành trực tuyến,73.0,99.0,31,,114146.0,,
Biological and Physical Sciences.,6,Doctoral Degree,Có thể hoàn thành trực tuyến,72.0,85.0,17,,,,
Criminal Justice and Corrections.,8,Graduate/Professional Certificate,Một phần có thể hoàn thành trực tuyến,72.0,51.0,8,,,54470.0,75403.0
"Physical Sciences, Other.",2,Associate's Degree,Không xác định,72.0,81.0,2,17500.0,,34644.0,41513.0
Mathematics and Computer Science.,5,Master's Degree,Không xác định,72.0,73.0,2,,,,
Operations Research.,6,Doctoral Degree,Có thể hoàn thành trực tuyến,72.0,90.0,15,,,,
Sustainability Studies.,3,Bachelor's Degree,Một phần có thể hoàn thành trực tuyến,72.0,54.0,7,,,65133.0,
Natural Sciences.,2,Associate's Degree,Một phần có thể hoàn thành trực tuyến,72.0,73.0,3,21610.0,25713.0,28078.0,33996.0
"Social Sciences, Other.",6,Doctoral Degree,Không xác định,72.0,37.0,2,,66133.0,,
Philosophy.,1,Undergraduate Certificate or Diploma,Có thể hoàn thành trực tuyến,72.0,61.0,34,,,,
Music.,7,First Professional Degree,Có thể hoàn thành trực tuyến,72.0,64.0,5,,,,
Community Organization and Advocacy.,2,Associate's Degree,Không xác định,72.0,73.0,2,28623.0,,40609.0,48453.0
Bioethics/Medical Ethics.,2,Associate's Degree,Có thể hoàn thành trực tuyến,72.0,32.0,4,21475.0,75609.0,89596.0,92660.0
American Sign Language.,3,Bachelor's Degree,Một phần có thể hoàn thành trực tuyến,72.0,65.0,4,24020.0,39919.0,38193.0,44471.0
"Visual and Performing Arts, Other.",1,Undergraduate Certificate or Diploma,Có thể hoàn thành trực tuyến,71.0,68.0,15,,15667.0,,
Museology/Museum Studies.,1,Undergraduate Certificate or Diploma,Có thể hoàn thành trực tuyến,71.0,81.0,11,,,,
"Crafts/Craft Design, Folk Art and Artisanry.",3,Bachelor's Degree,Có thể hoàn thành trực tuyến,71.0,76.0,15,25060.0,25027.0,34971.0,39210.0
"City/Urban, Community and Regional Planning.",5,Master's Degree,Không xác định,71.0,82.0,4,,68534.0,73396.5,85374.5
Neurobiology and Neurosciences.,8,Graduate/Professional Certificate,Có thể hoàn thành trực tuyến,71.0,40.0,16,,,,
Data Science.,5,Master's Degree,Có thể hoàn thành trực tuyến,71.0,52.0,16,,,,
Computational Science.,1,Undergraduate Certificate or Diploma,Có thể hoàn thành trực tuyến,71.0,72.0,6,27000.0,57656.0,,
"Psychology, General.",8,Graduate/Professional Certificate,Một phần có thể hoàn thành trực tuyến,71.0,90.0,6,,57601.0,65507.0,69621.0
Community Organization and Advocacy.,1,Undergraduate Certificate or Diploma,Có thể hoàn thành trực tuyến,71.0,96.0,22,,,,
International Business.,5,Master's Degree,Một phần có thể hoàn thành trực tuyến,71.0,92.0,16,,72980.0,116475.0,141924.0
Agricultural Production Operations.,5,Master's Degree,Có thể hoàn thành trực tuyến,71.0,75.0,14,,37698.0,,
Quality Control and Safety Technologies/Technicians.,5,Master's Degree,Có thể hoàn thành trực tuyến,70.0,85.0,12,,77782.0,81142.0,95936.5
Real Estate.,5,Master's Degree,Một phần có thể hoàn thành trực tuyến,70.0,65.0,3,,88178.5,112553.0,141181.0
Mathematics.,3,Bachelor's Degree,Không xác định,70.0,72.0,16,,,63618.0,71698.0
Food Science and Technology.,1,Undergraduate Certificate or Diploma,Một phần có thể hoàn thành trực tuyến,70.0,36.0,6,21250.0,49123.0,,
Teaching Assistants/Aides.,2,Associate's Degree,Một phần có thể hoàn thành trực tuyến,70.0,74.0,5,9216.0,35369.0,25487.0,
Finance and Financial Management Services.,2,Associate's Degree,Không xác định,70.0,56.0,23,,,,
"English Language and Literature, General.",8,Graduate/Professional Certificate,Có thể hoàn thành trực tuyến,70.0,59.0,39,,,,
Graphic Communications.,3,Bachelor's Degree,Một phần có thể hoàn thành trực tuyến,70.0,69.0,3,33250.0,15529.0,,
Communication and Media Studies.,8,Graduate/Professional Certificate,Có thể hoàn thành trực tuyến,70.0,68.0,37,,,,
"Physiology, Pathology and Related Sciences.",2,Associate's Degree,Có thể hoàn thành trực tuyến,70.0,78.0,4,,,,
"Radio, Television, and Digital Communication.",1,Undergraduate Certificate or Diploma,Một phần có thể hoàn thành trực tuyến,70.0,104.0,7,,,,
Movement and Mind-Body Therapies and Education.,3,Bachelor's Degree,Có thể hoàn thành trực tuyến,70.0,54.0,3,25166.0,,38364.0,
Computer Science.,7,First Professional Degree,Không xác định,70.0,47.0,1,,,,
"Health Services/Allied Health/Health Sciences, General.",6,Doctoral Degree,Có thể hoàn thành trực tuyến,70.0,77.0,10,,105792.0,103238.0,112315.0
Computer Science.,8,Graduate/Professional Certificate,Không xác định,69.0,69.0,9,,,,
Fine and Studio Arts.,8,Graduate/Professional Certificate,Có thể hoàn thành trực tuyến,69.0,95.0,33,,,,
Business/Managerial Economics.,2,Associate's Degree,Có thể hoàn thành trực tuyến,69.0,49.0,2,13500.0,58072.0,,
Geography and Cartography.,5,Master's Degree,Không xác định,69.0,78.0,12,,75503.0,,
"Social Sciences, Other.",3,Bachelor's Degree,Một phần có thể hoàn thành trực tuyến,69.0,86.0,4,24825.0,35418.0,36300.0,42725.0
Nuclear Engineering Technologies/Technicians.,2,Associate's Degree,Có thể hoàn thành trực tuyến,69.0,75.0,9,,74249.0,95618.0,137971.5
Architectural Engineering.,8,Graduate/Professional Certificate,Có thể hoàn thành trực tuyến,69.0,65.0,1,,,,
"Linguistic, Comparative, and Related Language Studies and Services.",3,Bachelor's Degree,Một phần có thể hoàn thành trực tuyến,69.0,64.0,3,,,54378.5,74778.0
Cell/Cellular Biology and Anatomical Sciences.,2,Associate's Degree,Không xác định,69.0,54.0,1,14280.0,,,
"Engineering Technologies/Technicians, Other.",8,Graduate/Professional Certificate,Có thể hoàn thành trực tuyến,69.0,67.0,2,,,,
Natural Resources Management and Policy.,3,Bachelor's Degree,Không xác định,69.0,72.0,5,34017.0,40312.5,,52247.0
Alternative and Complementary Medicine and Medical Systems.,8,Graduate/Professional Certificate,Có thể hoàn thành trực tuyến,69.0,35.0,11,,,,
"Social Sciences, Other.",1,Undergraduate Certificate or Diploma,Có thể hoàn thành trực tuyến,69.0,96.0,9,,,,
Agricultural Business and Management.,5,Master's Degree,Một phần có thể hoàn thành trực tuyến,69.0,60.0,3,,115200.5,,
Mechanical Engineering.,8,Graduate/Professional Certificate,Có thể hoàn thành trực tuyến,69.0,98.0,32,,,,
Drama/Theatre Arts and Stagecraft.,6,Doctoral Degree,Có thể hoàn thành trực tuyến,69.0,65.0,38,,,51656.0,
"Pharmacy, Pharmaceutical Sciences, and Administration.",3,Bachelor's Degree,Không xác định,68.0,84.0,1,,,,
Public Policy Analysis.,8,Graduate/Professional Certificate,Một phần có thể hoàn thành trực tuyến,68.0,46.0,4,,67461.0,79966.0,95677.0
Marine Sciences.,5,Master's Degree,Có thể hoàn thành trực tuyến,68.0,93.0,16,,,,
Veterinary Medicine.,8,Graduate/Professional Certificate,Có thể hoàn thành trực tuyến,68.0,88.0,3,,,,
Nanotechnology.,5,Master's Degree,Có thể hoàn thành trực tuyến,68.0,61.0,10,,,,
"Philosophy, Politics, and Economics.",3,Bachelor's Degree,Có thể hoàn thành trực tuyến,68.0,18.0,11,,,,
Agricultural Public Services.,5,Master's Degree,Không xác định,68.0,60.0,4,,49216.0,49969.0,52880.0
"Pharmacy, Pharmaceutical Sciences, and Administration.",8,Graduate/Professional Certificate,Có thể hoàn thành trực tuyến,67.0,49.0,15,,,,
"Specialized Sales, Merchandising and  Marketing Operations.",5,Master's Degree,Có thể hoàn thành trực tuyến,67.0,71.0,7,,,46908.0,60274.0
"Psychology, General.",1,Undergraduate Certificate or Diploma,Có thể hoàn thành trực tuyến,67.0,90.0,14,22662.0,,,
Air Transportation.,5,Master's Degree,Có thể hoàn thành trực tuyến,67.0,59.0,4,,91764.0,92094.0,105418.0
Rhetoric and Composition/Writing Studies.,2,Associate's Degree,Một phần có thể hoàn thành trực tuyến,67.0,105.0,7,24362.0,30802.0,33928.0,42392.0
Real Estate.,3,Bachelor's Degree,Không xác định,67.0,53.0,1,37312.0,49261.0,43375.0,51763.0
"Biochemistry, Biophysics and Molecular Biology.",3,Bachelor's Degree,Không xác định,67.0,34.0,1,20250.0,43333.0,48808.0,66602.0
Computer Engineering.,3,Bachelor's Degree,Một phần có thể hoàn thành trực tuyến,66.0,55.0,11,34471.0,53503.0,53768.0,61152.0
Security Science and Technology.,8,Graduate/Professional Certificate,Không xác định,66.0,57.0,18,,,,
Biomedical/Medical Engineering.,8,Graduate/Professional Certificate,Có thể hoàn thành trực tuyến,66.0,44.0,18,,,,
Construction Management.,1,Undergraduate Certificate or Diploma,Một phần có thể hoàn thành trực tuyến,66.0,48.0,4,,,,
Drama/Theatre Arts and Stagecraft.,2,Associate's Degree,Một phần có thể hoàn thành trực tuyến,66.0,58.0,13,,,,
Air Transportation.,1,Undergraduate Certificate or Diploma,Một phần có thể hoàn thành trực tuyến,66.0,32.0,5,,,,
Veterinary Biomedical and Clinical Sciences.,3,Bachelor's Degree,Có thể hoàn thành trực tuyến,66.0,56.0,4,26187.0,35700.0,,74662.0
"Public Administration and Social Service Professions, Other.",1,Undergraduate Certificate or Diploma,Có thể hoàn thành trực tuyến,65.0,124.0,17,14119.0,56567.0,37701.0,42085.0
Ophthalmic and Optometric Support Services and Allied Professions.,2,Associate's Degree,Một phần có thể hoàn thành trực tuyến,65.0,61.0,2,19464.0,40979.5,36863.0,35978.0
"Engineering, General.",3,Bachelor's Degree,Một phần có thể hoàn thành trực tuyến,65.0,69.0,7,,,,
Clinical/Medical Laboratory Science/Research and Allied Professions.,8,Graduate/Professional Certificate,Không xác định,65.0,43.0,3,,,,
Military Systems and Maintenance Technology.,3,Bachelor's Degree,Không xác định,65.0,44.0,1,19407.0,66126.0,,
"Psychology, General.",8,Graduate/Professional Certificate,Không xác định,64.0,61.0,6,,,,
Library and Archives Assisting.,2,Associate's Degree,Một phần có thể hoàn thành trực tuyến,64.0,57.0,6,,,21685.0,26675.0
American Sign Language.,5,Master's Degree,Một phần có thể hoàn thành trực tuyến,64.0,66.0,2,,59910.5,67993.0,69491.0
"Health Professions and Related Clinical Sciences, Other.",6,Doctoral Degree,Có thể hoàn thành trực tuyến,64.0,73.0,21,,195019.0,,
Petroleum Engineering.,5,Master's Degree,Không xác định,64.0,72.0,3,,171571.0,,
"Classics and Classical Languages, Literatures, and Linguistics.",6,Doctoral Degree,Có thể hoàn thành trực tuyến,64.0,82.0,42,,,,
Legal Support Services.,5,Master's Degree,Không xác định,64.0,70.0,2,,52174.0,,
Engineering Mechanics.,6,Doctoral Degree,Có thể hoàn thành trực tuyến,64.0,72.0,13,,,,
Electrical/Electronics Maintenance and Repair Technology.,1,Undergraduate Certificate or Diploma,Một phần có thể hoàn thành trực tuyến,64.0,92.0,6,,,,
Physical Sciences.,5,Master's Degree,Có thể hoàn thành trực tuyến,64.0,23.0,10,,,,
Veterinary Administrative Services.,1,Undergraduate Certificate or Diploma,Một phần có thể hoàn thành trực tuyến,64.0,52.0,1,,,,
"Agriculture, General.",2,Associate's Degree,Không xác định,64.0,48.0,8,12000.0,,,
Peace Studies and Conflict Resolution.,1,Undergraduate Certificate or Diploma,Có thể hoàn thành trực tuyến,63.0,67.0,12,,,,
Agricultural Business and Management.,2,Associate's Degree,Không xác định,63.0,87.0,12,27773.0,22309.0,37579.0,41268.0
Engineering Mechanics.,5,Master's Degree,Có thể hoàn thành trực tuyến,63.0,77.0,18,,,,
"Radio, Television, and Digital Communication.",6,Doctoral Degree,Có thể hoàn thành trực tuyến,63.0,53.0,11,,,,
Archeology.,1,Undergraduate Certificate or Diploma,Có thể hoàn thành trực tuyến,63.0,20.0,14,,,,
"Homeland Security, Law Enforcement, Firefighting and Related Protective Services, Other.",1,Undergraduate Certificate or Diploma,Một phần có thể hoàn thành trực tuyến,63.0,19.0,3,,,,
International Relations and National Security Studies.,6,Doctoral Degree,Có thể hoàn thành trực tuyến,63.0,62.0,17,,,,
Agricultural Public Services.,5,Master's Degree,Một phần có thể hoàn thành trực tuyến,63.0,67.0,3,,53489.0,54116.0,67006.0
"Public Administration and Social Service Professions, Other.",5,Master's Degree,Một phần có thể hoàn thành trực tuyến,63.0,61.0,3,,51788.5,52935.0,65533.0
"Clinical, Counseling and Applied Psychology.",2,Associate's Degree,Có thể hoàn thành trực tuyến,63.0,70.0,11,,,,
Pastoral Counseling and Specialized Ministries.,2,Associate's Degree,Không xác định,63.0,68.0,10,21782.0,33522.0,,36399.0
"Ethnic, Cultural Minority, Gender, and Group Studies.",2,Associate's Degree,Một phần có thể hoàn thành trực tuyến,63.0,58.0,15,,,,
Gerontology.,5,Master's Degree,Không xác định,63.0,55.0,8,,44966.0,53656.5,58317.0
Bible/Biblical Studies.,6,Doctoral Degree,Có thể hoàn thành trực tuyến,63.0,54.0,13,,,,
Chemistry.,3,Bachelor's Degree,Một phần có thể hoàn thành trực tuyến,63.0,62.0,9,,,52908.0,63244.0
Biology Technician/Biotechnology Laboratory Technician.,3,Bachelor's Degree,Có thể hoàn thành trực tuyến,63.0,51.0,8,,,,
Quality Control and Safety Technologies/Technicians.,3,Bachelor's Degree,Một phần có thể hoàn thành trực tuyến,62.0,53.0,2,21189.0,49321.0,61917.0,68684.0
Textile Sciences and Engineering.,5,Master's Degree,Một phần có thể hoàn thành trực tuyến,61.0,60.0,1,,63645.0,,
"Teacher Education and Professional Development, Specific Subject Areas.",2,Associate's Degree,Không xác định,61.0,85.0,6,9247.0,,29083.5,33899.5
Military Applied Sciences.,8,Graduate/Professional Certificate,Một phần có thể hoàn thành trực tuyến,61.0,110.0,1,,,,
Industrial Production Technologies/Technicians.,2,Associate's Degree,Không xác định,61.0,49.0,9,,,49161.0,60408.0
Missions/Missionary Studies and Missiology.,3,Bachelor's Degree,Một phần có thể hoàn thành trực tuyến,61.0,70.0,15,23542.5,32832.5,,26001.0
Natural Resources Conservation and Research.,8,Graduate/Professional Certificate,Không xác định,61.0,44.0,9,,,,
Business/Managerial Economics.,3,Bachelor's Degree,Không xác định,61.0,57.0,8,36551.0,66360.0,70643.0,86666.0
"Agriculture, General.",5,Master's Degree,Không xác định,61.0,66.0,4,,54701.5,49577.0,63434.0
Agricultural Business and Management.,2,Associate's Degree,Một phần có thể hoàn thành trực tuyến,61.0,55.0,10,,,41838.0,44396.0
Biological and Physical Sciences.,8,Graduate/Professional Certificate,Một phần có thể hoàn thành trực tuyến,61.0,99.0,1,,,,
"Agriculture, General.",2,Associate's Degree,Một phần có thể hoàn thành trực tuyến,60.0,70.0,7,,,47837.0,
"Foods, Nutrition, and Related Services.",1,Undergraduate Certificate or Diploma,Một phần có thể hoàn thành trực tuyến,60.0,45.0,4,,,,
"Public Administration and Social Service Professions, Other.",5,Master's Degree,Không xác định,60.0,60.0,8,,56123.0,30333.0,44245.0
Library and Archives Assisting.,2,Associate's Degree,Có thể hoàn thành trực tuyến,60.0,78.0,17,,,,
"Agriculture, Agriculture Operations, and Related Sciences, Other.",2,Associate's Degree,Có thể hoàn thành trực tuyến,60.0,81.0,14,,,,
Dental Support Services and Allied Professions.,5,Master's Degree,Không xác định,60.0,32.0,4,,75871.0,,
Publishing.,5,Master's Degree,Không xác định,60.0,38.0,2,,58819.0,75094.0,84103.0
Student Counseling and Personnel Services.,6,Doctoral Degree,Không xác định,60.0,34.0,6,,86919.0,,
Wildlife and Wildlands Science and Management.,5,Master's Degree,Một phần có thể hoàn thành trực tuyến,60.0,38.0,2,,47225.0,,
Film/Video and Photographic Arts.,1,Undergraduate Certificate or Diploma,Một phần có thể hoàn thành trực tuyến,60.0,82.0,9,7853.0,21610.0,18752.0,22872.0
Systems Science and Theory.,8,Graduate/Professional Certificate,Một phần có thể hoàn thành trực tuyến,60.0,77.0,2,,,,
Political Science and Government.,8,Graduate/Professional Certificate,Có thể hoàn thành trực tuyến,59.0,65.0,34,,,,
Energy Systems Engineering.,3,Bachelor's Degree,Có thể hoàn thành trực tuyến,59.0,4.0,4,,,,
"Intelligence, Command Control and Information Operations.",1,Undergraduate Certificate or Diploma,Một phần có thể hoàn thành trực tuyến,59.0,13.0,2,,,,
"Military Technologies and Applied Sciences, Other.",2,Associate's Degree,Không xác định,59.0,55.0,3,7500.0,75492.0,69645.0,74586.0
Cognitive Science.,5,Master's Degree,Có thể hoàn thành trực tuyến,59.0,105.0,15,,44752.0,67906.0,75620.0
Data Processing.,2,Associate's Degree,Một phần có thể hoàn thành trực tuyến,59.0,64.0,5,,,32489.0,29262.0
Medical Clinical Sciences/Graduate Medical Studies.,6,Doctoral Degree,Có thể hoàn thành trực tuyến,59.0,54.0,33,,78125.0,,
"Business Administration, Management and Operations.",7,First Professional Degree,Có thể hoàn thành trực tuyến,59.0,57.0,10,,,,
Mathematics.,8,Graduate/Professional Certificate,Có thể hoàn thành trực tuyến,59.0,62.0,31,,,,
Mechanical Engineering Related Technologies/Technicians.,5,Master's Degree,Không xác định,59.0,64.0,1,,91754.0,93995.0,109839.0
Mechanical Engineering Related Technologies/Technicians.,2,Associate's Degree,Không xác định,59.0,51.0,4,29810.0,64003.0,,
"English Language and Literature, General.",1,Undergraduate Certificate or Diploma,Không xác định,58.0,37.0,3,,,,
Medical Illustration and Informatics.,8,Graduate/Professional Certificate,Có thể hoàn thành trực tuyến,58.0,50.0,34,,,,
"Business, Management, Marketing, and Related Support Services, Other.",8,Graduate/Professional Certificate,Có thể hoàn thành trực tuyến,58.0,53.0,22,,,,
American Sign Language.,2,Associate's Degree,Một phần có thể hoàn thành trực tuyến,58.0,58.0,5,,,,
"Middle/Near Eastern and Semitic Languages, Literatures, and Linguistics.",5,Master's Degree,Có thể hoàn thành trực tuyến,58.0,71.0,23,,,,
Museology/Museum Studies.,8,Graduate/Professional Certificate,Không xác định,58.0,32.0,2,,,,
Insurance.,5,Master's Degree,Không xác định,58.0,36.0,6,,90536.0,,
Dispute Resolution.,1,Undergraduate Certificate or Diploma,Một phần có thể hoàn thành trực tuyến,58.0,58.0,2,21250.0,41622.0,,
Educational Administration and Supervision.,7,First Professional Degree,Không xác định,58.0,18.0,4,,,,
Quality Control and Safety Technologies/Technicians.,5,Master's Degree,Một phần có thể hoàn thành trực tuyến,57.0,73.0,4,,120947.0,,
"Radio, Television, and Digital Communication.",2,Associate's Degree,Không xác định,57.0,51.0,13,,,,
Air Transportation.,2,Associate's Degree,Một phần có thể hoàn thành trực tuyến,57.0,32.0,8,,,42432.0,35525.0
Geological/Geophysical Engineering.,5,Master's Degree,Không xác định,57.0,79.0,1,,83636.0,85275.0,99724.0
"East Asian Languages, Literatures, and Linguistics.",6,Doctoral Degree,Có thể hoàn thành trực tuyến,57.0,69.0,22,,,,
Area Studies.,3,Bachelor's Degree,Không xác định,57.0,50.0,2,,48650.0,,
Intercultural/Multicultural and Diversity Studies.,5,Master's Degree,Có thể hoàn thành trực tuyến,57.0,66.0,12,,52900.0,,
Environmental Control Technologies/Technicians.,5,Master's Degree,Không xác định,57.0,40.0,2,,91740.0,,
Music.,3,Bachelor's Degree,Không xác định,56.0,58.0,8,30949.0,,,38890.0
Energy Systems Technologies/Technicians.,5,Master's Degree,Không xác định,56.0,49.0,3,,98934.0,138007.0,169295.0
Criminology.,6,Doctoral Degree,Có thể hoàn thành trực tuyến,56.0,47.0,16,,,,
Missions/Missionary Studies and Missiology.,6,Doctoral Degree,Có thể hoàn thành trực tuyến,56.0,48.0,9,,,,
Wildlife and Wildlands Science and Management.,6,Doctoral Degree,Có thể hoàn thành trực tuyến,56.0,38.0,18,,,,
Public Administration.,2,Associate's Degree,Có thể hoàn thành trực tuyến,56.0,84.0,18,,,,48183.0
Data Processing.,3,Bachelor's Degree,Một phần có thể hoàn thành trực tuyến,56.0,39.0,2,21750.0,44431.0,,
Fishing and Fisheries Sciences and Management.,8,Graduate/Professional Certificate,Một phần có thể hoàn thành trực tuyến,56.0,50.0,3,,,,
Medical Illustration and Informatics.,3,Bachelor's Degree,Một phần có thể hoàn thành trực tuyến,56.0,27.0,4,23500.0,,62434.0,69645.0
Natural Sciences.,5,Master's Degree,Có thể hoàn thành trực tuyến,56.0,48.0,15,,,,
Drama/Theatre Arts and Stagecraft.,1,Undergraduate Certificate or Diploma,Một phần có thể hoàn thành trực tuyến,56.0,97.0,7,,,,
Special Education and Teaching.,2,Associate's Degree,Không xác định,56.0,44.0,6,24087.0,32829.0,35870.0,40592.0
Health and Physical Education/Fitness.,8,Graduate/Professional Certificate,Có thể hoàn thành trực tuyến,56.0,33.0,38,,,,
International Business.,1,Undergraduate Certificate or Diploma,Một phần có thể hoàn thành trực tuyến,56.0,35.0,6,,,,
Biotechnology.,8,Graduate/Professional Certificate,Có thể hoàn thành trực tuyến,56.0,46.0,23,,,,
Dispute Resolution.,8,Graduate/Professional Certificate,Một phần có thể hoàn thành trực tuyến,56.0,36.0,7,,,46849.0,50194.0
Sociology.,5,Master's Degree,Một phần có thể hoàn thành trực tuyến,56.0,43.0,6,,44892.0,,
Publishing.,5,Master's Degree,Một phần có thể hoàn thành trực tuyến,56.0,56.0,3,,44046.0,52651.0,57769.0
"Education, Other.",8,Graduate/Professional Certificate,Một phần có thể hoàn thành trực tuyến,55.0,64.0,10,,232960.0,,
Forestry.,3,Bachelor's Degree,Một phần có thể hoàn thành trực tuyến,55.0,48.0,1,19750.0,40219.0,54330.0,65848.0
Graphic Communications.,2,Associate's Degree,Một phần có thể hoàn thành trực tuyến,55.0,60.0,9,13275.0,24989.0,36117.5,41274.0
Computer Systems Analysis.,2,Associate's Degree,Có thể hoàn thành trực tuyến,55.0,78.0,20,,,51363.0,58744.0
"Communications Technologies/Technicians and Support Services, Other.",2,Associate's Degree,Có thể hoàn thành trực tuyến,55.0,65.0,11,,,,
Heavy/Industrial Equipment Maintenance Technologies.,1,Undergraduate Certificate or Diploma,Một phần có thể hoàn thành trực tuyến,55.0,72.0,6,11000.0,55793.0,,
"Social Sciences, General.",5,Master's Degree,Một phần có thể hoàn thành trực tuyến,55.0,59.0,5,,77025.5,,
Plant Sciences.,3,Bachelor's Degree,Một phần có thể hoàn thành trực tuyến,55.0,54.0,2,25096.0,38397.0,44549.0,53355.0
"Human Development, Family Studies, and Related Services.",8,Graduate/Professional Certificate,Có thể hoàn thành trực tuyến,55.0,39.0,34,,,,
Missions/Missionary Studies and Missiology.,5,Master's Degree,Một phần có thể hoàn thành trực tuyến,55.0,60.0,10,,,,
"Germanic Languages, Literatures, and Linguistics.",6,Doctoral Degree,Có thể hoàn thành trực tuyến,55.0,56.0,47,,,,
"Arts, Entertainment,and Media Management.",1,Undergraduate Certificate or Diploma,Một phần có thể hoàn thành trực tuyến,55.0,46.0,7,,,,
"Arts, Entertainment,and Media Management.",8,Graduate/Professional Certificate,Có thể hoàn thành trực tuyến,55.0,41.0,22,,,135536.0,145157.0
Business/Corporate Communications.,8,Graduate/Professional Certificate,Không xác định,55.0,45.0,3,,,,
Human Resources Management and Services.,6,Doctoral Degree,Không xác định,55.0,58.0,6,,84192.0,59669.0,83336.0
Environmental Control Technologies/Technicians.,1,Undergraduate Certificate or Diploma,Một phần có thể hoàn thành trực tuyến,55.0,32.0,11,,,,
Engineering Physics.,6,Doctoral Degree,Có thể hoàn thành trực tuyến,55.0,74.0,18,,,,
Electrical and Power Transmission Installers.,2,Associate's Degree,Một phần có thể hoàn thành trực tuyến,54.0,51.0,7,,57325.0,,
"Theology and Religious Vocations, Other.",5,Master's Degree,Không xác định,54.0,103.0,14,,,44342.0,52226.0
Teaching English or French as a Second or Foreign Language.,3,Bachelor's Degree,Không xác định,54.0,49.0,4,31195.5,28566.5,27375.0,34199.0
"Theology and Religious Vocations, Other.",3,Bachelor's Degree,Không xác định,54.0,55.0,10,32291.0,,,
"Engineering, General.",8,Graduate/Professional Certificate,Không xác định,54.0,56.0,4,,,,
Precision Metal Working.,1,Undergraduate Certificate or Diploma,Không xác định,54.0,58.0,4,12674.0,43656.0,41363.0,38446.0
"Business/Commerce, General.",7,First Professional Degree,Không xác định,54.0,56.0,1,,,,
"Clinical, Counseling and Applied Psychology.",1,Undergraduate Certificate or Diploma,Không xác định,54.0,44.0,10,,,,
"Family and Consumer Sciences/Human Sciences, General.",2,Associate's Degree,Có thể hoàn thành trực tuyến,54.0,53.0,15,,,,
Leatherworking and Upholstery.,1,Undergraduate Certificate or Diploma,Có thể hoàn thành trực tuyến,54.0,99.0,10,,18872.0,,
"Homeland Security, Law Enforcement, Firefighting and Related Protective Services, Other.",1,Undergraduate Certificate or Diploma,Không xác định,54.0,41.0,2,,,,
Molecular Medicine.,6,Doctoral Degree,Có thể hoàn thành trực tuyến,53.0,44.0,13,,,,
Missions/Missionary Studies and Missiology.,5,Master's Degree,Không xác định,53.0,66.0,13,,,,
"Educational Assessment, Evaluation, and Research.",8,Graduate/Professional Certificate,Một phần có thể hoàn thành trực tuyến,53.0,48.0,7,,,,
Health and Physical Education/Fitness.,8,Graduate/Professional Certificate,Một phần có thể hoàn thành trực tuyến,53.0,34.0,9,,,,
Computer Engineering.,1,Undergraduate Certificate or Diploma,Một phần có thể hoàn thành trực tuyến,53.0,24.0,2,,77403.0,,
Public Policy Analysis.,5,Master's Degree,Một phần có thể hoàn thành trực tuyến,53.0,60.0,7,,60750.0,58806.0,73938.0
Behavioral Sciences.,8,Graduate/Professional Certificate,Không xác định,53.0,24.0,3,,,,
Drama/Theatre Arts and Stagecraft.,5,Master's Degree,Không xác định,53.0,38.0,5,,32294.0,,
Engineering Science.,5,Master's Degree,Một phần có thể hoàn thành trực tuyến,53.0,66.0,2,,,,
Insurance.,8,Graduate/Professional Certificate,Có thể hoàn thành trực tuyến,53.0,60.0,5,,,,
Culinary Arts and Related Services.,1,Undergraduate Certificate or Diploma,Không xác định,53.0,59.0,4,,,,
Cultural Studies/Critical Theory and Analysis.,5,Master's Degree,Có thể hoàn thành trực tuyến,53.0,38.0,16,,,44390.0,
Alternative and Complementary Medical Support Services.,5,Master's Degree,Một phần có thể hoàn thành trực tuyến,53.0,56.0,1,,51348.0,,
Communication Disorders Sciences and Services.,6,Doctoral Degree,Một phần có thể hoàn thành trực tuyến,53.0,76.0,2,,74963.0,,
"Educational Assessment, Evaluation, and Research.",6,Doctoral Degree,Không xác định,52.0,48.0,4,,95363.0,81534.0,105886.0
Educational Administration and Supervision.,2,Associate's Degree,Có thể hoàn thành trực tuyến,52.0,35.0,6,,,,
Computer Systems Analysis.,8,Graduate/Professional Certificate,Không xác định,52.0,45.0,3,,,,
Energy Systems Engineering.,5,Master's Degree,Một phần có thể hoàn thành trực tuyến,51.0,19.0,3,,,,
Public Health.,7,First Professional Degree,Có thể hoàn thành trực tuyến,51.0,33.0,15,,,67815.0,83289.0
"Middle/Near Eastern and Semitic Languages, Literatures, and Linguistics.",6,Doctoral Degree,Có thể hoàn thành trực tuyến,51.0,56.0,15,,,,
Alternative and Complementary Medicine and Medical Systems.,6,Doctoral Degree,Một phần có thể hoàn thành trực tuyến,51.0,69.0,1,,26308.0,,
Journalism.,2,Associate's Degree,Một phần có thể hoàn thành trực tuyến,51.0,57.0,5,8007.0,,,
Cultural Studies/Critical Theory and Analysis.,8,Graduate/Professional Certificate,Không xác định,51.0,40.0,3,,,,
Applied Mathematics.,3,Bachelor's Degree,Không xác định,51.0,54.0,5,30599.0,54697.0,,
Data Science.,8,Graduate/Professional Certificate,Có thể hoàn thành trực tuyến,51.0,2.0,18,,,,
Public Administration.,2,Associate's Degree,Một phần có thể hoàn thành trực tuyến,51.0,37.0,3,,,,
Business/Corporate Communications.,3,Bachelor's Degree,Không xác định,51.0,39.0,5,30619.0,42454.5,61522.0,68484.5
Systems Engineering.,1,Undergraduate Certificate or Diploma,Có thể hoàn thành trực tuyến,51.0,17.0,4,,,,
Animal Sciences.,5,Master's Degree,Một phần có thể hoàn thành trực tuyến,50.0,60.0,3,,55258.0,,
Pastoral Counseling and Specialized Ministries.,8,Graduate/Professional Certificate,Một phần có thể hoàn thành trực tuyến,50.0,26.0,6,,,,
"Pharmacy, Pharmaceutical Sciences, and Administration.",3,Bachelor's Degree,Một phần có thể hoàn thành trực tuyến,50.0,53.0,3,23065.0,54919.0,68854.0,85735.0
Graphic Communications.,8,Graduate/Professional Certificate,Có thể hoàn thành trực tuyến,50.0,38.0,4,,,77192.0,95731.0
Non-Professional General Legal Studies (Undergraduate).,3,Bachelor's Degree,Một phần có thể hoàn thành trực tuyến,50.0,61.0,7,40720.0,32433.0,44631.0,53515.0
Data Science.,8,Graduate/Professional Certificate,Không xác định,50.0,46.0,4,,,,
Food Science and Technology.,5,Master's Degree,Không xác định,50.0,50.0,3,,50941.0,,
"Mathematics and Statistics, Other.",5,Master's Degree,Có thể hoàn thành trực tuyến,50.0,47.0,7,,,,
Advanced/Graduate Dentistry and Oral Sciences.,6,Doctoral Degree,Có thể hoàn thành trực tuyến,50.0,71.0,23,,,,
Materials Engineering,1,Undergraduate Certificate or Diploma,Một phần có thể hoàn thành trực tuyến,50.0,43.0,1,,,,
Geological/Geophysical Engineering.,8,Graduate/Professional Certificate,Một phần có thể hoàn thành trực tuyến,50.0,56.0,2,,,84830.0,99304.0
"Engineering, Other.",3,Bachelor's Degree,Một phần có thể hoàn thành trực tuyến,50.0,38.0,2,19469.0,68045.0,59760.0,68271.0
"Electrical, Electronics and Communications Engineering.",6,Doctoral Degree,Một phần có thể hoàn thành trực tuyến,50.0,66.0,5,,,,
International and Comparative Education.,5,Master's Degree,Không xác định,50.0,52.0,5,,59211.0,66996.0,79565.0
Systems Science and Theory.,3,Bachelor's Degree,Một phần có thể hoàn thành trực tuyến,50.0,45.0,1,20600.0,35239.0,48863.0,59488.0
Allied Health and Medical Assisting Services.,3,Bachelor's Degree,Không xác định,49.0,38.0,3,31252.0,52866.0,55349.0,60205.0
"Middle/Near Eastern and Semitic Languages, Literatures, and Linguistics.",1,Undergraduate Certificate or Diploma,Có thể hoàn thành trực tuyến,49.0,59.0,13,,,,
Finance and Financial Management Services.,2,Associate's Degree,Một phần có thể hoàn thành trực tuyến,49.0,44.0,9,17374.0,40070.0,38219.0,39173.0
Demography and Population Studies.,5,Master's Degree,Có thể hoàn thành trực tuyến,49.0,43.0,10,,,,
Engineering-Related Fields.,7,First Professional Degree,Không xác định,49.0,28.0,1,,,,
"Bilingual, Multilingual, and Multicultural Education.",5,Master's Degree,Một phần có thể hoàn thành trực tuyến,49.0,47.0,8,,54988.0,55260.0,62443.0
Medical Illustration and Informatics.,6,Doctoral Degree,Có thể hoàn thành trực tuyến,49.0,27.0,17,,,,
Environmental Design.,8,Graduate/Professional Certificate,Có thể hoàn thành trực tuyến,49.0,43.0,9,,,,
Industrial Production Technologies/Technicians.,5,Master's Degree,Không xác định,49.0,51.0,4,,,,
Criminology.,8,Graduate/Professional Certificate,Có thể hoàn thành trực tuyến,49.0,36.0,6,,,,
"Theology and Religious Vocations, Other.",3,Bachelor's Degree,Một phần có thể hoàn thành trực tuyến,49.0,37.0,10,33727.0,,,
Museology/Museum Studies.,8,Graduate/Professional Certificate,Một phần có thể hoàn thành trực tuyến,49.0,41.0,3,,,,
"Human Services, General.",1,Undergraduate Certificate or Diploma,Một phần có thể hoàn thành trực tuyến,49.0,34.0,10,,,,
Biological and Physical Sciences.,5,Master's Degree,Không xác định,49.0,27.0,3,,60746.0,,
Theological and Ministerial Studies.,1,Undergraduate Certificate or Diploma,Không xác định,49.0,89.0,12,,,,
Health/Medical Preparatory Programs.,2,Associate's Degree,Một phần có thể hoàn thành trực tuyến,49.0,80.0,9,15875.0,,69098.0,64797.0
Real Estate.,2,Associate's Degree,Một phần có thể hoàn thành trực tuyến,49.0,40.0,8,27140.0,,,
"Slavic, Baltic and Albanian Languages, Literatures, and Linguistics.",5,Master's Degree,Có thể hoàn thành trực tuyến,49.0,48.0,28,,,,
Bible/Biblical Studies.,1,Undergraduate Certificate or Diploma,Một phần có thể hoàn thành trực tuyến,49.0,72.0,16,,,15579.0,
Energy Systems Technologies/Technicians.,2,Associate's Degree,Không xác định,48.0,33.0,7,,,,
Natural Resources Management and Policy.,8,Graduate/Professional Certificate,Không xác định,48.0,40.0,6,,,,
Polymer/Plastics Engineering.,6,Doctoral Degree,Có thể hoàn thành trực tuyến,48.0,61.0,9,,,,
Intercultural/Multicultural and Diversity Studies.,8,Graduate/Professional Certificate,Có thể hoàn thành trực tuyến,48.0,28.0,16,,,,
Business/Managerial Economics.,3,Bachelor's Degree,Một phần có thể hoàn thành trực tuyến,48.0,50.0,8,27000.0,42816.0,,
Medical Clinical Sciences/Graduate Medical Studies.,6,Doctoral Degree,Một phần có thể hoàn thành trực tuyến,48.0,0.0,1,,,,
Funeral Service and Mortuary Science.,3,Bachelor's Degree,Không xác định,48.0,36.0,2,27601.5,45057.5,47058.0,57664.0
Archeology.,5,Master's Degree,Có thể hoàn thành trực tuyến,48.0,52.0,19,,,,
Human Computer Interaction.,8,Graduate/Professional Certificate,Không xác định,48.0,55.0,2,,62857.0,,
Educational/Instructional Media Design.,3,Bachelor's Degree,Có thể hoàn thành trực tuyến,48.0,35.0,9,29500.0,40786.0,,
Business/Corporate Communications.,5,Master's Degree,Có thể hoàn thành trực tuyến,48.0,35.0,7,,,54523.0,68476.0
"Biochemistry, Biophysics and Molecular Biology.",5,Master's Degree,Một phần có thể hoàn thành trực tuyến,48.0,48.0,4,,59887.0,,
Chemical Engineering.,2,Associate's Degree,Có thể hoàn thành trực tuyến,47.0,37.0,24,,,,
"Foods, Nutrition, and Related Services.",1,Undergraduate Certificate or Diploma,Không xác định,47.0,56.0,5,12363.0,28738.0,,
"Ecology, Evolution, Systematics, and Population Biology.",2,Associate's Degree,Có thể hoàn thành trực tuyến,47.0,32.0,8,,,,
Entrepreneurial and Small Business Operations.,2,Associate's Degree,Một phần có thể hoàn thành trực tuyến,47.0,39.0,14,,,25347.0,27597.0
Soil Sciences.,6,Doctoral Degree,Có thể hoàn thành trực tuyến,47.0,53.0,23,,,,
Pastoral Counseling and Specialized Ministries.,8,Graduate/Professional Certificate,Có thể hoàn thành trực tuyến,47.0,20.0,24,,,,
Taxation.,1,Undergraduate Certificate or Diploma,Không xác định,47.0,29.0,5,,,,
Marketing.,8,Graduate/Professional Certificate,Một phần có thể hoàn thành trực tuyến,47.0,50.0,9,,,,
"Arts, Entertainment,and Media Management.",2,Associate's Degree,Một phần có thể hoàn thành trực tuyến,47.0,32.0,5,32718.0,25184.0,,
Agricultural Engineering.,5,Master's Degree,Một phần có thể hoàn thành trực tuyến,47.0,82.0,2,,,,
Computer Systems Networking and Telecommunications.,5,Master's Degree,Một phần có thể hoàn thành trực tuyến,47.0,36.0,5,,74141.0,78296.0,94974.0
Wildlife and Wildlands Science and Management.,8,Graduate/Professional Certificate,Một phần có thể hoàn thành trực tuyến,47.0,32.0,2,,,,
Computational Science.,8,Graduate/Professional Certificate,Có thể hoàn thành trực tuyến,46.0,47.0,12,,,,
Alternative and Complementary Medicine and Medical Systems.,3,Bachelor's Degree,Có thể hoàn thành trực tuyến,46.0,42.0,6,27452.0,33302.0,34261.0,30727.0
"Multi/Interdisciplinary Studies, Other.",1,Undergraduate Certificate or Diploma,Một phần có thể hoàn thành trực tuyến,46.0,142.0,2,,,,
"Multi-/Interdisciplinary Studies, General.",8,Graduate/Professional Certificate,Có thể hoàn thành trực tuyến,46.0,54.0,13,,,,
"Engineering, Other.",8,Graduate/Professional Certificate,Một phần có thể hoàn thành trực tuyến,46.0,40.0,6,,,,
Animal Sciences.,3,Bachelor's Degree,Một phần có thể hoàn thành trực tuyến,46.0,45.0,1,18870.0,25661.0,37885.0,45343.0
Communication Disorders Sciences and Services.,7,First Professional Degree,Một phần có thể hoàn thành trực tuyến,46.0,53.0,1,,,,
Engineering Science.,5,Master's Degree,Không xác định,46.0,48.0,2,,94870.0,,
"Psychology, Other.",1,Undergraduate Certificate or Diploma,Có thể hoàn thành trực tuyến,46.0,48.0,5,,,,
Data Processing.,5,Master's Degree,Một phần có thể hoàn thành trực tuyến,46.0,8.0,2,,,,
"Multi/Interdisciplinary Studies, Other.",8,Graduate/Professional Certificate,Không xác định,46.0,36.0,9,,42043.0,49238.0,56527.0
"Homeland Security, Law Enforcement, Firefighting and Related Protective Services, Other.",2,Associate's Degree,Một phần có thể hoàn thành trực tuyến,46.0,31.0,2,17000.0,30636.0,35660.0,44612.0
"Family and Consumer Sciences/Human Sciences, General.",5,Master's Degree,Không xác định,46.0,60.0,7,,47335.0,47717.0,46803.0
Film/Video and Photographic Arts.,6,Doctoral Degree,Có thể hoàn thành trực tuyến,46.0,33.0,18,,,,
Movement and Mind-Body Therapies and Education.,1,Undergraduate Certificate or Diploma,Có thể hoàn thành trực tuyến,46.0,32.0,7,,,,
"Pharmacy, Pharmaceutical Sciences, and Administration.",1,Undergraduate Certificate or Diploma,Có thể hoàn thành trực tuyến,45.0,20.0,5,,48013.0,,
Computer Engineering.,1,Undergraduate Certificate or Diploma,Có thể hoàn thành trực tuyến,45.0,63.0,7,7917.0,31111.0,,
"General Sales, Merchandising and Related Marketing Operations.",8,Graduate/Professional Certificate,Có thể hoàn thành trực tuyến,45.0,45.0,7,,,,
Alternative and Complementary Medicine and Medical Systems.,2,Associate's Degree,Không xác định,45.0,37.0,1,40164.0,35289.0,,
Computer Programming.,8,Graduate/Professional Certificate,Không xác định,45.0,27.0,7,,,,
Quality Control and Safety Technologies/Technicians.,2,Associate's Degree,Một phần có thể hoàn thành trực tuyến,45.0,43.0,5,,,,
Civil Engineering Technologies/Technicians.,1,Undergraduate Certificate or Diploma,Không xác định,45.0,47.0,3,,,,
Neurobiology and Neurosciences.,1,Undergraduate Certificate or Diploma,Có thể hoàn thành trực tuyến,45.0,49.0,8,,,,
"Communications Technologies/Technicians and Support Services, Other.",3,Bachelor's Degree,Có thể hoàn thành trực tuyến,45.0,51.0,9,25000.0,30890.5,44672.0,53368.0
Urban Studies/Affairs.,8,Graduate/Professional Certificate,Có thể hoàn thành trực tuyến,45.0,32.0,16,,,,
Microbiological Sciences and Immunology.,5,Master's Degree,Một phần có thể hoàn thành trực tuyến,45.0,30.0,2,,72281.0,,
International/Global Studies.,8,Graduate/Professional Certificate,Có thể hoàn thành trực tuyến,45.0,43.0,20,,,,
Community Organization and Advocacy.,1,Undergraduate Certificate or Diploma,Không xác định,45.0,55.0,4,5988.0,,30777.0,33191.0
"Psychology, General.",6,Doctoral Degree,Một phần có thể hoàn thành trực tuyến,44.0,30.0,4,,52771.0,72672.0,70831.0
Ocean Engineering.,5,Master's Degree,Có thể hoàn thành trực tuyến,44.0,39.0,9,,,,
Insurance.,1,Undergraduate Certificate or Diploma,Không xác định,44.0,31.0,8,,,,
"Intelligence, Command Control and Information Operations.",1,Undergraduate Certificate or Diploma,Có thể hoàn thành trực tuyến,44.0,54.0,9,,,,
Cognitive Science.,6,Doctoral Degree,Có thể hoàn thành trực tuyến,44.0,39.0,15,,,,
Construction Management.,5,Master's Degree,Một phần có thể hoàn thành trực tuyến,44.0,55.0,5,,61030.0,,
Gerontology.,1,Undergraduate Certificate or Diploma,Không xác định,44.0,40.0,8,,,,
Public Policy Analysis.,3,Bachelor's Degree,Một phần có thể hoàn thành trực tuyến,44.0,31.0,4,24500.0,38546.0,,
Theological and Ministerial Studies.,8,Graduate/Professional Certificate,Không xác định,44.0,31.0,24,,,,
Cultural Studies/Critical Theory and Analysis.,8,Graduate/Professional Certificate,Có thể hoàn thành trực tuyến,44.0,30.0,13,,,,
"Mechatronics, Robotics, and Automation Engineering.",6,Doctoral Degree,Có thể hoàn thành trực tuyến,44.0,39.0,7,,,,
"Health Professions and Related Clinical Sciences, Other.",1,Undergraduate Certificate or Diploma,Một phần có thể hoàn thành trực tuyến,44.0,21.0,1,,,,
"Teacher Education and Professional Development, Specific Subject Areas.",1,Undergraduate Certificate or Diploma,Một phần có thể hoàn thành trực tuyến,44.0,23.0,6,,,,
"Business, Management, Marketing, and Related Support Services, Other.",2,Associate's Degree,Có thể hoàn thành trực tuyến,44.0,212.0,27,,,28756.0,32900.0
Cosmetology and Related Personal Grooming Services.,2,Associate's Degree,Một phần có thể hoàn thành trực tuyến,44.0,26.0,6,,,,
Nuclear Engineering.,5,Master's Degree,Một phần có thể hoàn thành trực tuyến,44.0,58.0,3,,,108686.0,129767.0
Food Science and Technology.,1,Undergraduate Certificate or Diploma,Không xác định,43.0,10.0,5,,,,
Forestry.,8,Graduate/Professional Certificate,Không xác định,43.0,23.0,7,,,,
Agriculture/Veterinary Preparatory Programs.,2,Associate's Degree,Có thể hoàn thành trực tuyến,43.0,32.0,20,,,42465.0,47201.0
Mining and Petroleum Technologies/Technicians.,2,Associate's Degree,Không xác định,43.0,54.0,1,18848.0,63555.0,72936.0,75285.0
Applied Horticulture and Horticultural Business Services.,2,Associate's Degree,Không xác định,43.0,25.0,2,30716.0,46115.0,,
Natural Resources Conservation and Research.,2,Associate's Degree,Không xác định,43.0,39.0,7,,,,
Construction Engineering.,5,Master's Degree,Một phần có thể hoàn thành trực tuyến,43.0,22.0,4,,,,
Historic Preservation and Conservation.,8,Graduate/Professional Certificate,Có thể hoàn thành trực tuyến,43.0,40.0,30,,,,
"Mechanics and Repairers, General.",2,Associate's Degree,Không xác định,43.0,41.0,1,9857.0,,,
Film/Video and Photographic Arts.,2,Associate's Degree,Một phần có thể hoàn thành trực tuyến,43.0,46.0,11,,,,
History and Political Science.,3,Bachelor's Degree,Có thể hoàn thành trực tuyến,43.0,28.0,8,,,,
Military Applied Sciences.,1,Undergraduate Certificate or Diploma,Có thể hoàn thành trực tuyến,43.0,9.0,3,,,,
Energy Systems Maintenance and Repair Technologies/Technicians.,2,Associate's Degree,Có thể hoàn thành trực tuyến,43.0,18.0,5,,,,
Chemistry.,5,Master's Degree,Không xác định,43.0,27.0,6,,63856.0,78337.0,85818.0
"Communications Technologies/Technicians and Support Services, Other.",1,Undergraduate Certificate or Diploma,Có thể hoàn thành trực tuyến,43.0,67.0,8,9500.0,19841.0,19780.0,25002.0
"Radio, Television, and Digital Communication.",2,Associate's Degree,Một phần có thể hoàn thành trực tuyến,43.0,29.0,10,,,,
Dental Support Services and Allied Professions.,5,Master's Degree,Có thể hoàn thành trực tuyến,43.0,35.0,11,,68774.0,56498.0,66286.0
"Clinical, Counseling and Applied Psychology.",7,First Professional Degree,Một phần có thể hoàn thành trực tuyến,43.0,43.0,2,,,,
Teaching Assistants/Aides.,1,Undergraduate Certificate or Diploma,Một phần có thể hoàn thành trực tuyến,43.0,38.0,7,,,,
"Middle/Near Eastern and Semitic Languages, Literatures, and Linguistics.",3,Bachelor's Degree,Không xác định,43.0,35.0,1,,,,
Construction Engineering Technologies.,3,Bachelor's Degree,Không xác định,42.0,38.0,3,20250.0,71845.0,72268.0,75135.0
Criminology.,8,Graduate/Professional Certificate,Không xác định,42.0,80.0,5,,,58893.0,68024.0
Communication and Media Studies.,8,Graduate/Professional Certificate,Không xác định,42.0,49.0,15,,,,
Computer Engineering.,1,Undergraduate Certificate or Diploma,Không xác định,42.0,25.0,3,,,,
Management Information Systems and Services.,6,Doctoral Degree,Không xác định,42.0,39.0,3,,122899.0,123175.0,151215.0
Operations Research.,8,Graduate/Professional Certificate,Có thể hoàn thành trực tuyến,42.0,29.0,5,,,,
Systems Science and Theory.,5,Master's Degree,Không xác định,42.0,43.0,2,,73688.0,140641.0,148357.0
Biological/Biosystems Engineering.,5,Master's Degree,Có thể hoàn thành trực tuyến,42.0,22.0,8,,,,
"Public Administration and Social Service Professions, Other.",2,Associate's Degree,Không xác định,42.0,37.0,5,,38216.0,28443.0,35099.0
"Parks, Recreation and Leisure Facilities Management.",2,Associate's Degree,Một phần có thể hoàn thành trực tuyến,42.0,54.0,2,16625.0,29471.0,34162.0,33980.0
"Communication, Journalism, and Related Programs, Other.",3,Bachelor's Degree,Một phần có thể hoàn thành trực tuyến,42.0,48.0,3,20474.0,43969.0,57825.0,
Marine Transportation.,2,Associate's Degree,Có thể hoàn thành trực tuyến,42.0,51.0,11,,,,
Carpenters.,1,Undergraduate Certificate or Diploma,Một phần có thể hoàn thành trực tuyến,42.0,74.0,5,,,,
"Multi-/Interdisciplinary Studies, General.",6,Doctoral Degree,Có thể hoàn thành trực tuyến,42.0,3.0,7,,,,
Dance.,3,Bachelor's Degree,Một phần có thể hoàn thành trực tuyến,42.0,40.0,3,27000.0,21540.0,25240.0,25211.0
"Electrical, Electronics and Communications Engineering.",8,Graduate/Professional Certificate,Một phần có thể hoàn thành trực tuyến,42.0,37.0,12,,,,
Legal Research and Advanced Professional Studies.,8,Graduate/Professional Certificate,Không xác định,42.0,32.0,9,,,,
Film/Video and Photographic Arts.,5,Master's Degree,Một phần có thể hoàn thành trực tuyến,42.0,33.0,1,,44205.0,,
Mechanical Engineering.,6,Doctoral Degree,Một phần có thể hoàn thành trực tuyến,41.0,40.0,4,,,,
Forest Engineering.,3,Bachelor's Degree,Có thể hoàn thành trực tuyến,41.0,53.0,3,20750.0,51279.0,68687.0,78198.0
Peace Studies and Conflict Resolution.,8,Graduate/Professional Certificate,Có thể hoàn thành trực tuyến,41.0,51.0,26,,,61694.0,68059.0
Film/Video and Photographic Arts.,8,Graduate/Professional Certificate,Có thể hoàn thành trực tuyến,41.0,47.0,21,,,,
"Parks, Recreation and Leisure Studies.",1,Undergraduate Certificate or Diploma,Có thể hoàn thành trực tuyến,41.0,41.0,18,,,,
Homeland Security.,8,Graduate/Professional Certificate,Một phần có thể hoàn thành trực tuyến,41.0,28.0,5,,,,
"Multi-/Interdisciplinary Studies, General.",5,Master's Degree,Không xác định,41.0,22.0,4,,48932.0,53985.0,61002.0
Non-Professional General Legal Studies (Undergraduate).,2,Associate's Degree,Một phần có thể hoàn thành trực tuyến,41.0,46.0,6,22831.0,,,
Historic Preservation and Conservation.,1,Undergraduate Certificate or Diploma,Có thể hoàn thành trực tuyến,41.0,31.0,16,,,,
"Area, Ethnic, Cultural, and Gender Studies, Other.",3,Bachelor's Degree,Có thể hoàn thành trực tuyến,41.0,0.0,1,,,,
Theological and Ministerial Studies.,2,Associate's Degree,Một phần có thể hoàn thành trực tuyến,41.0,55.0,13,18938.0,,,
"Theology and Religious Vocations, Other.",1,Undergraduate Certificate or Diploma,Có thể hoàn thành trực tuyến,41.0,44.0,3,,,,
Health and Medical Administrative Services.,6,Doctoral Degree,Một phần có thể hoàn thành trực tuyến,41.0,46.0,3,,129472.0,,
"Engineering, General.",8,Graduate/Professional Certificate,Có thể hoàn thành trực tuyến,41.0,26.0,21,,,,
"Radio, Television, and Digital Communication.",8,Graduate/Professional Certificate,Có thể hoàn thành trực tuyến,41.0,31.0,28,,,,
"Business, Management, Marketing, and Related Support Services, Other.",2,Associate's Degree,Không xác định,40.0,24.0,4,21497.0,,42727.0,52254.0
"Communication, Journalism, and Related Programs, Other.",3,Bachelor's Degree,Không xác định,40.0,23.0,3,26500.0,39582.0,48181.0,62022.0
Food Science and Technology.,3,Bachelor's Degree,Không xác định,40.0,51.0,3,24844.0,62479.0,62746.0,62917.0
Marine Sciences.,2,Associate's Degree,Có thể hoàn thành trực tuyến,40.0,30.0,4,,,,
Genetics.,8,Graduate/Professional Certificate,Có thể hoàn thành trực tuyến,40.0,34.0,16,,,,
Geological/Geophysical Engineering.,5,Master's Degree,Có thể hoàn thành trực tuyến,40.0,37.0,10,,81719.0,115565.0,
Social Work.,6,Doctoral Degree,Một phần có thể hoàn thành trực tuyến,40.0,60.0,6,,,,
Bioethics/Medical Ethics.,6,Doctoral Degree,Có thể hoàn thành trực tuyến,40.0,36.0,10,,85666.0,120329.0,116810.0
Social and Philosophical Foundations of Education.,1,Undergraduate Certificate or Diploma,Có thể hoàn thành trực tuyến,40.0,59.0,3,,,,
Natural Sciences.,3,Bachelor's Degree,Không xác định,40.0,22.0,2,,,,
"Science Technologies/Technicians, General.",2,Associate's Degree,Có thể hoàn thành trực tuyến,40.0,65.0,7,,,,
Security Science and Technology.,2,Associate's Degree,Một phần có thể hoàn thành trực tuyến,40.0,39.0,8,23500.0,27693.0,34602.0,35215.0
Applied Horticulture and Horticultural Business Services.,2,Associate's Degree,Một phần có thể hoàn thành trực tuyến,40.0,62.0,8,,,,
Biotechnology.,8,Graduate/Professional Certificate,Không xác định,40.0,55.0,5,,,,
Applied Statistics.,8,Graduate/Professional Certificate,Không xác định,40.0,12.0,3,,,,
Educational/Instructional Media Design.,6,Doctoral Degree,Một phần có thể hoàn thành trực tuyến,39.0,40.0,4,,,,
International/Global Studies.,2,Associate's Degree,Có thể hoàn thành trực tuyến,39.0,25.0,18,,,,
"Teacher Education and Professional Development, Specific Subject Areas.",6,Doctoral Degree,Không xác định,39.0,41.0,4,,92675.0,72199.0,74275.5
Social Work.,7,First Professional Degree,Có thể hoàn thành trực tuyến,39.0,20.0,7,,,,
Philosophy.,2,Associate's Degree,Một phần có thể hoàn thành trực tuyến,39.0,48.0,13,,,,
Medieval and Renaissance Studies.,3,Bachelor's Degree,Có thể hoàn thành trực tuyến,39.0,40.0,42,,,,
Computer Programming.,8,Graduate/Professional Certificate,Một phần có thể hoàn thành trực tuyến,39.0,0.0,2,,,,
Veterinary/Animal Health Technologies/Technicians.,3,Bachelor's Degree,Không xác định,39.0,12.0,3,33091.0,48287.0,42382.0,48198.0
Mental and Social Health Services and Allied Professions.,7,First Professional Degree,Có thể hoàn thành trực tuyến,39.0,34.0,13,,,,
Nuclear and Industrial Radiologic Technologies/Technicians.,2,Associate's Degree,Không xác định,39.0,28.0,1,10625.0,42232.0,56546.0,67551.0
Bioethics/Medical Ethics.,1,Undergraduate Certificate or Diploma,Có thể hoàn thành trực tuyến,39.0,21.0,10,,,11604.0,11954.0
Communication Disorders Sciences and Services.,1,Undergraduate Certificate or Diploma,Có thể hoàn thành trực tuyến,39.0,29.0,10,,,,
Applied Mathematics.,8,Graduate/Professional Certificate,Không xác định,39.0,19.0,3,,,,
"Ethnic, Cultural Minority, Gender, and Group Studies.",8,Graduate/Professional Certificate,Một phần có thể hoàn thành trực tuyến,38.0,28.0,10,,,,
Agricultural Production Operations.,3,Bachelor's Degree,Không xác định,38.0,31.0,1,23250.0,25439.0,,33420.0
"Romance Languages, Literatures, and Linguistics.",5,Master's Degree,Một phần có thể hoàn thành trực tuyến,38.0,41.0,4,,,,
American Sign Language.,1,Undergraduate Certificate or Diploma,Không xác định,38.0,37.0,6,,,,
"Liberal Arts and Sciences, General Studies and Humanities.",8,Graduate/Professional Certificate,Không xác định,38.0,35.0,9,,,,
Teaching English or French as a Second or Foreign Language.,6,Doctoral Degree,Có thể hoàn thành trực tuyến,38.0,31.0,9,,,,
Research and Experimental Psychology.,1,Undergraduate Certificate or Diploma,Có thể hoàn thành trực tuyến,38.0,26.0,8,,,,
Pastoral Counseling and Specialized Ministries.,2,Associate's Degree,Một phần có thể hoàn thành trực tuyến,38.0,17.0,3,26338.0,35736.0,29861.0,37185.0
"Architecture and Related Services, Other.",1,Undergraduate Certificate or Diploma,Một phần có thể hoàn thành trực tuyến,38.0,28.0,1,,,,
Natural Resources Conservation and Research.,1,Undergraduate Certificate or Diploma,Không xác định,38.0,104.0,7,18409.0,,73072.0,80703.0
"Social Sciences, Other.",1,Undergraduate Certificate or Diploma,Không xác định,38.0,21.0,2,,,,
Dental Support Services and Allied Professions.,2,Associate's Degree,Không xác định,38.0,53.0,5,18010.0,54584.0,47366.0,50139.0
Hospitality Administration/Management.,8,Graduate/Professional Certificate,Không xác định,38.0,11.0,9,,,,
Social Work.,1,Undergraduate Certificate or Diploma,Một phần có thể hoàn thành trực tuyến,38.0,39.0,6,,,,
Environmental Design.,5,Master's Degree,Có thể hoàn thành trực tuyến,38.0,43.0,9,,,69259.0,75519.0
Business/Managerial Economics.,6,Doctoral Degree,Có thể hoàn thành trực tuyến,38.0,39.0,15,,,,
Economics.,1,Undergraduate Certificate or Diploma,Có thể hoàn thành trực tuyến,38.0,19.0,14,,,,
Applied Mathematics.,8,Graduate/Professional Certificate,Một phần có thể hoàn thành trực tuyến,38.0,32.0,3,,,,
"City/Urban, Community and Regional Planning.",8,Graduate/Professional Certificate,Không xác định,38.0,40.0,4,,,,
Outdoor Education.,1,Undergraduate Certificate or Diploma,Có thể hoàn thành trực tuyến,38.0,21.0,8,,,,
"Human Services, General.",5,Master's Degree,Một phần có thể hoàn thành trực tuyến,38.0,51.0,5,,46123.5,52626.0,60700.0
Religious/Sacred Music.,5,Master's Degree,Không xác định,38.0,35.0,4,,43737.0,,61340.0
Environmental/Environmental Health Engineering.,1,Undergraduate Certificate or Diploma,Có thể hoàn thành trực tuyến,38.0,22.0,2,,,,
"Military Technologies and Applied Sciences, Other.",3,Bachelor's Degree,Không xác định,37.0,44.0,1,,,,
Apparel and Textiles.,5,Master's Degree,Không xác định,37.0,27.0,3,,,,
"Communication, Journalism, and Related Programs, Other.",2,Associate's Degree,Có thể hoàn thành trực tuyến,37.0,26.0,10,,,,
"Social Sciences, Other.",8,Graduate/Professional Certificate,Có thể hoàn thành trực tuyến,37.0,20.0,12,,,,
Mechanical Engineering.,1,Undergraduate Certificate or Diploma,Có thể hoàn thành trực tuyến,37.0,13.0,5,,,,
"Multi/Interdisciplinary Studies, Other.",2,Associate's Degree,Một phần có thể hoàn thành trực tuyến,37.0,52.0,15,,,28097.0,
"Visual and Performing Arts, General.",5,Master's Degree,Không xác định,37.0,52.0,2,,69907.0,,
"Ethnic, Cultural Minority, Gender, and Group Studies.",3,Bachelor's Degree,Không xác định,37.0,41.0,8,27500.0,40719.0,41617.0,51370.0
"Linguistic, Comparative, and Related Language Studies and Services.",3,Bachelor's Degree,Không xác định,37.0,35.0,3,43603.0,37853.0,39808.0,41222.0
Philosophy.,5,Master's Degree,Không xác định,37.0,23.0,6,,,,
Surveying Engineering.,3,Bachelor's Degree,Có thể hoàn thành trực tuyến,37.0,31.0,7,,72931.0,,
Data Analytics.,8,Graduate/Professional Certificate,Một phần có thể hoàn thành trực tuyến,37.0,21.0,2,,,,
Mechanical Engineering Related Technologies/Technicians.,3,Bachelor's Degree,Một phần có thể hoàn thành trực tuyến,37.0,32.0,1,27000.0,53234.0,,63067.0
"Public Administration and Social Service Professions, Other.",3,Bachelor's Degree,Không xác định,37.0,45.0,5,,,42994.0,72314.5
"Foreign Languages, Literatures, and Linguistics, Other.",2,Associate's Degree,Có thể hoàn thành trực tuyến,37.0,27.0,8,,,,
Architectural Engineering Technologies/Technicians.,5,Master's Degree,Một phần có thể hoàn thành trực tuyến,37.0,21.0,1,,,,
"Engineering Technology, General.",1,Undergraduate Certificate or Diploma,Không xác định,37.0,3.0,2,,,,
Construction Engineering Technologies.,5,Master's Degree,Một phần có thể hoàn thành trực tuyến,37.0,18.0,2,,,,
Maritime Studies.,3,Bachelor's Degree,Có thể hoàn thành trực tuyến,37.0,36.0,3,23478.0,32325.0,,
"Psychology, General.",1,Undergraduate Certificate or Diploma,Không xác định,37.0,26.0,4,,,,
Behavioral Sciences.,7,First Professional Degree,Có thể hoàn thành trực tuyến,36.0,37.0,1,,67670.0,,
"Agriculture, Agriculture Operations, and Related Sciences, Other.",1,Undergraduate Certificate or Diploma,Có thể hoàn thành trực tuyến,36.0,54.0,10,,,,
Physics.,2,Associate's Degree,Không xác định,36.0,28.0,5,,,,
Marine Sciences.,6,Doctoral Degree,Có thể hoàn thành trực tuyến,36.0,26.0,7,,,,
Mining and Mineral Engineering.,5,Master's Degree,Có thể hoàn thành trực tuyến,36.0,34.0,12,,,,
Computer Systems Analysis.,1,Undergraduate Certificate or Diploma,Một phần có thể hoàn thành trực tuyến,36.0,44.0,5,,,,
Alternative and Complementary Medicine and Medical Systems.,2,Associate's Degree,Có thể hoàn thành trực tuyến,36.0,31.0,6,19250.0,22884.0,30897.0,36429.0
International and Comparative Education.,3,Bachelor's Degree,Có thể hoàn thành trực tuyến,36.0,36.0,3,8000.0,40723.0,57321.0,66024.0
Data Analytics.,3,Bachelor's Degree,Không xác định,36.0,3.0,3,,,,
Plant Sciences.,3,Bachelor's Degree,Không xác định,36.0,35.0,1,,,,
International Business.,2,Associate's Degree,Không xác định,36.0,30.0,12,,,,
"Ethnic, Cultural Minority, Gender, and Group Studies.",5,Master's Degree,Không xác định,36.0,34.0,4,,62250.0,,
Business/Corporate Communications.,1,Undergraduate Certificate or Diploma,Có thể hoàn thành trực tuyến,36.0,50.0,8,,,,
Mechanical Engineering Related Technologies/Technicians.,1,Undergraduate Certificate or Diploma,Không xác định,36.0,72.0,5,,,,
Religious Education.,6,Doctoral Degree,Có thể hoàn thành trực tuyến,36.0,30.0,9,,,,
"Public Administration and Social Service Professions, Other.",6,Doctoral Degree,Có thể hoàn thành trực tuyến,36.0,39.0,5,,,,
Industrial Engineering.,8,Graduate/Professional Certificate,Không xác định,36.0,38.0,4,,,,
Electrical/Electronics Maintenance and Repair Technology.,3,Bachelor's Degree,Có thể hoàn thành trực tuyến,36.0,32.0,6,,25583.0,,
Animal Sciences.,2,Associate's Degree,Một phần có thể hoàn thành trực tuyến,36.0,62.0,2,19890.0,24833.0,31074.0,
Nuclear Engineering.,8,Graduate/Professional Certificate,Không xác định,36.0,5.0,5,,,,
"Business, Management, Marketing, and Related Support Services, Other.",7,First Professional Degree,Không xác định,36.0,56.0,2,,,,
Architectural Sciences and Technology.,5,Master's Degree,Một phần có thể hoàn thành trực tuyến,36.0,31.0,2,,66707.0,,
Journalism.,8,Graduate/Professional Certificate,Có thể hoàn thành trực tuyến,36.0,46.0,13,,,,
Theological and Ministerial Studies.,7,First Professional Degree,Không xác định,35.0,34.0,6,,,,
"Public Administration and Social Service Professions, Other.",8,Graduate/Professional Certificate,Có thể hoàn thành trực tuyến,35.0,42.0,17,,,,
"Computer and Information Sciences, General.",6,Doctoral Degree,Một phần có thể hoàn thành trực tuyến,35.0,23.0,3,,,,
"Precision Production, Other.",2,Associate's Degree,Có thể hoàn thành trực tuyến,35.0,34.0,11,12375.0,29500.0,,
Manufacturing Engineering.,5,Master's Degree,Một phần có thể hoàn thành trực tuyến,35.0,52.0,3,,93432.0,,
Environmental Control Technologies/Technicians.,2,Associate's Degree,Một phần có thể hoàn thành trực tuyến,35.0,18.0,8,,,,
"Slavic, Baltic and Albanian Languages, Literatures, and Linguistics.",1,Undergraduate Certificate or Diploma,Có thể hoàn thành trực tuyến,35.0,27.0,8,,,,
"Health Professions and Related Clinical Sciences, Other.",8,Graduate/Professional Certificate,Một phần có thể hoàn thành trực tuyến,35.0,44.0,8,,,,
"Linguistic, Comparative, and Related Language Studies and Services.",1,Undergraduate Certificate or Diploma,Không xác định,35.0,60.0,5,,,,
Architectural Sciences and Technology.,2,Associate's Degree,Một phần có thể hoàn thành trực tuyến,35.0,60.0,4,9875.0,36265.0,,
Civil Engineering.,8,Graduate/Professional Certificate,Có thể hoàn thành trực tuyến,35.0,20.0,34,,,,
Research and Experimental Psychology.,6,Doctoral Degree,Một phần có thể hoàn thành trực tuyến,35.0,38.0,2,,,,
Gerontology.,8,Graduate/Professional Certificate,Không xác định,35.0,38.0,15,,,,
Publishing.,1,Undergraduate Certificate or Diploma,Có thể hoàn thành trực tuyến,35.0,14.0,6,,,,
Animal Sciences.,1,Undergraduate Certificate or Diploma,Không xác định,35.0,40.0,5,17480.0,20690.0,,
Geography and Environmental Studies.,3,Bachelor's Degree,Có thể hoàn thành trực tuyến,35.0,21.0,11,,,,
Urban Studies/Affairs.,3,Bachelor's Degree,Không xác định,35.0,27.0,1,30500.0,46712.0,,
Educational/Instructional Media Design.,3,Bachelor's Degree,Không xác định,35.0,26.0,4,37758.0,,64574.0,
Bible/Biblical Studies.,1,Undergraduate Certificate or Diploma,Có thể hoàn thành trực tuyến,35.0,36.0,22,,,,
Zoology/Animal Biology.,2,Associate's Degree,Có thể hoàn thành trực tuyến,35.0,27.0,7,,23733.0,,
"Computer and Information Sciences and Support Services, Other.",8,Graduate/Professional Certificate,Có thể hoàn thành trực tuyến,35.0,53.0,10,,,,
"Family and Consumer Sciences/Human Sciences, Other.",3,Bachelor's Degree,Có thể hoàn thành trực tuyến,34.0,42.0,4,,,,
Pastoral Counseling and Specialized Ministries.,1,Undergraduate Certificate or Diploma,Một phần có thể hoàn thành trực tuyến,34.0,21.0,7,,,,
"Building/Construction Finishing, Management, and Inspection.",3,Bachelor's Degree,Không xác định,34.0,26.0,1,30070.0,85630.0,,
Curriculum and Instruction.,3,Bachelor's Degree,Có thể hoàn thành trực tuyến,34.0,26.0,10,26000.0,,,
Quality Control and Safety Technologies/Technicians.,8,Graduate/Professional Certificate,Không xác định,34.0,29.0,8,,,,
Heavy/Industrial Equipment Maintenance Technologies.,2,Associate's Degree,Một phần có thể hoàn thành trực tuyến,34.0,43.0,5,,,,
Zoology/Animal Biology.,5,Master's Degree,Không xác định,34.0,39.0,2,,44711.0,,
Applied Horticulture and Horticultural Business Services.,3,Bachelor's Degree,Một phần có thể hoàn thành trực tuyến,34.0,31.0,1,12749.0,26238.0,39352.0,43287.0
Architectural Engineering.,5,Master's Degree,Không xác định,34.0,28.0,2,,103273.0,97640.0,109639.0
Plant Sciences.,1,Undergraduate Certificate or Diploma,Không xác định,34.0,21.0,1,,,,
Atmospheric Sciences and Meteorology.,1,Undergraduate Certificate or Diploma,Không xác định,34.0,37.0,2,,,,
Materials Sciences.,8,Graduate/Professional Certificate,Có thể hoàn thành trực tuyến,34.0,18.0,10,,,,
Applied Statistics.,3,Bachelor's Degree,Không xác định,34.0,0.0,1,,,,
Hospitality Administration/Management.,6,Doctoral Degree,Có thể hoàn thành trực tuyến,34.0,54.0,16,,,,
Computer Systems Analysis.,5,Master's Degree,Không xác định,34.0,20.0,2,,,,
Medical Illustration and Informatics.,3,Bachelor's Degree,Không xác định,34.0,24.0,7,31014.5,74026.0,77929.0,89508.0
Research and Experimental Psychology.,2,Associate's Degree,Không xác định,34.0,31.0,1,21320.0,,,
Clinical/Medical Laboratory Science/Research and Allied Professions.,5,Master's Degree,Không xác định,34.0,29.0,3,,85028.0,,
"Allied Health Diagnostic, Intervention, and Treatment Professions.",6,Doctoral Degree,Có thể hoàn thành trực tuyến,34.0,40.0,7,,,,
"Teacher Education and Professional Development, Specific Levels and Methods.",6,Doctoral Degree,Một phần có thể hoàn thành trực tuyến,34.0,28.0,7,,,,
Chemistry.,8,Graduate/Professional Certificate,Có thể hoàn thành trực tuyến,34.0,38.0,23,,,,
Mason/Masonry.,2,Associate's Degree,Có thể hoàn thành trực tuyến,34.0,50.0,8,,33525.0,,
Materials Sciences.,5,Master's Degree,Một phần có thể hoàn thành trực tuyến,34.0,44.0,2,,,,
"Physical Sciences, Other.",6,Doctoral Degree,Có thể hoàn thành trực tuyến,34.0,28.0,12,,,,
Sustainability Studies.,6,Doctoral Degree,Có thể hoàn thành trực tuyến,33.0,26.0,13,,,,
Statistics.,8,Graduate/Professional Certificate,Không xác định,33.0,49.0,7,,,,
Construction Management.,2,Associate's Degree,Không xác định,33.0,44.0,6,20000.0,53053.0,68179.0,76663.0
"Health Professions and Related Clinical Sciences, Other.",8,Graduate/Professional Certificate,Không xác định,33.0,22.0,5,,,,
Computational Science.,6,Doctoral Degree,Có thể hoàn thành trực tuyến,33.0,34.0,13,,,,
Family and Consumer Economics and Related Studies.,5,Master's Degree,Một phần có thể hoàn thành trực tuyến,33.0,13.0,2,,,,
Biological/Biosystems Engineering.,6,Doctoral Degree,Có thể hoàn thành trực tuyến,33.0,30.0,11,,,,
"Communication, Journalism, and Related Programs, Other.",2,Associate's Degree,Không xác định,33.0,27.0,2,18375.0,41282.0,,
Mining and Mineral Engineering.,5,Master's Degree,Một phần có thể hoàn thành trực tuyến,33.0,28.0,3,,,,
"Science, Technology and Society.",8,Graduate/Professional Certificate,Có thể hoàn thành trực tuyến,33.0,22.0,7,,,,
"Middle/Near Eastern and Semitic Languages, Literatures, and Linguistics.",2,Associate's Degree,Có thể hoàn thành trực tuyến,33.0,20.0,6,,,,
"Parks, Recreation and Leisure Studies.",3,Bachelor's Degree,Không xác định,33.0,17.0,3,22396.0,43149.0,49007.0,56982.0
Systems Science and Theory.,6,Doctoral Degree,Có thể hoàn thành trực tuyến,33.0,26.0,15,,,,
"Psychology, General.",8,Graduate/Professional Certificate,Có thể hoàn thành trực tuyến,32.0,42.0,27,,,,
Statistics.,8,Graduate/Professional Certificate,Một phần có thể hoàn thành trực tuyến,32.0,22.0,7,,,,
Materials Engineering,1,Undergraduate Certificate or Diploma,Có thể hoàn thành trực tuyến,32.0,36.0,5,,,35080.0,25178.0
"Biology, General.",6,Doctoral Degree,Một phần có thể hoàn thành trực tuyến,32.0,34.0,4,,96695.0,,
Fire Protection.,5,Master's Degree,Có thể hoàn thành trực tuyến,32.0,29.0,5,,,117125.0,141848.0
Architectural History and Criticism.,5,Master's Degree,Có thể hoàn thành trực tuyến,32.0,26.0,11,,,,
Physical Sciences.,6,Doctoral Degree,Có thể hoàn thành trực tuyến,32.0,33.0,4,,,,
Soil Sciences.,1,Undergraduate Certificate or Diploma,Có thể hoàn thành trực tuyến,32.0,11.0,4,,,,
Military Systems and Maintenance Technology.,3,Bachelor's Degree,Có thể hoàn thành trực tuyến,32.0,21.0,1,25625.0,52897.0,,
Design and Applied Arts.,8,Graduate/Professional Certificate,Không xác định,32.0,22.0,5,,,,
Behavioral Sciences.,2,Associate's Degree,Một phần có thể hoàn thành trực tuyến,32.0,28.0,1,11371.0,,38342.0,37094.0
Chiropractic.,6,Doctoral Degree,Có thể hoàn thành trực tuyến,32.0,18.0,1,,,,
Political Science and Government.,1,Undergraduate Certificate or Diploma,Không xác định,32.0,0.0,2,,,,
"Biomathematics, Bioinformatics, and Computational Biology.",8,Graduate/Professional Certificate,Không xác định,32.0,30.0,5,,,,
"Human Development, Family Studies, and Related Services.",8,Graduate/Professional Certificate,Không xác định,32.0,34.0,10,,,49921.0,51296.0
"Social Sciences, Other.",3,Bachelor's Degree,Không xác định,32.0,45.0,2,29750.0,42347.0,39241.0,40162.0
Business/Corporate Communications.,3,Bachelor's Degree,Một phần có thể hoàn thành trực tuyến,32.0,17.0,1,,,,
"Pharmacy, Pharmaceutical Sciences, and Administration.",2,Associate's Degree,Có thể hoàn thành trực tuyến,32.0,35.0,10,,,15540.0,18775.0
"Engineering Technology, General.",2,Associate's Degree,Một phần có thể hoàn thành trực tuyến,32.0,18.0,7,,,50796.0,58400.0
"Visual and Performing Arts, General.",6,Doctoral Degree,Có thể hoàn thành trực tuyến,32.0,23.0,7,,,,
Religious Education.,8,Graduate/Professional Certificate,Có thể hoàn thành trực tuyến,32.0,16.0,8,,,,
Finance and Financial Management Services.,6,Doctoral Degree,Có thể hoàn thành trực tuyến,31.0,32.0,22,,,,
Museology/Museum Studies.,3,Bachelor's Degree,Có thể hoàn thành trực tuyến,31.0,42.0,15,,,,
Fine and Studio Arts.,2,Associate's Degree,Không xác định,31.0,44.0,6,,,,
"Engineering Technology, General.",2,Associate's Degree,Không xác định,31.0,13.0,6,,,,
Missions/Missionary Studies and Missiology.,7,First Professional Degree,Có thể hoàn thành trực tuyến,31.0,46.0,2,,,,
Naval Architecture and Marine Engineering.,5,Master's Degree,Có thể hoàn thành trực tuyến,31.0,26.0,3,,87749.0,92535.0,100670.0
"Pharmacy, Pharmaceutical Sciences, and Administration.",8,Graduate/Professional Certificate,Không xác định,31.0,13.0,4,,,,
Earth Systems Science.,3,Bachelor's Degree,Có thể hoàn thành trực tuyến,31.0,12.0,2,,,,
Communication Disorders Sciences and Services.,2,Associate's Degree,Một phần có thể hoàn thành trực tuyến,31.0,40.0,3,,,40604.0,45689.0
Energy Systems Technologies/Technicians.,3,Bachelor's Degree,Một phần có thể hoàn thành trực tuyến,31.0,26.0,1,20308.0,67764.0,74933.0,91184.0
Quality Control and Safety Technologies/Technicians.,8,Graduate/Professional Certificate,Có thể hoàn thành trực tuyến,31.0,33.0,16,,,,
Housing and Human Environments.,5,Master's Degree,Một phần có thể hoàn thành trực tuyến,31.0,33.0,1,,67913.0,,
International Relations and National Security Studies.,2,Associate's Degree,Có thể hoàn thành trực tuyến,31.0,48.0,20,,,,
Family and Consumer Economics and Related Studies.,8,Graduate/Professional Certificate,Không xác định,31.0,49.0,2,,,,
Alternative and Complementary Medicine and Medical Systems.,8,Graduate/Professional Certificate,Không xác định,31.0,28.0,5,,,,
Social and Philosophical Foundations of Education.,5,Master's Degree,Một phần có thể hoàn thành trực tuyến,31.0,43.0,6,,,63797.0,65073.0
Chemical Engineering.,1,Undergraduate Certificate or Diploma,Có thể hoàn thành trực tuyến,31.0,24.0,2,,,,
"Intelligence, Command Control and Information Operations.",1,Undergraduate Certificate or Diploma,Không xác định,31.0,19.0,5,,,,
Mathematics and Computer Science.,3,Bachelor's Degree,Không xác định,31.0,30.0,1,27000.0,53179.0,,
"Biology, General.",8,Graduate/Professional Certificate,Không xác định,31.0,11.0,6,,,,
Nutrition Sciences.,8,Graduate/Professional Certificate,Không xác định,31.0,40.0,6,,58524.0,,
Medical Illustration and Informatics.,2,Associate's Degree,Có thể hoàn thành trực tuyến,31.0,25.0,13,,47775.0,,
"Foods, Nutrition, and Related Services.",6,Doctoral Degree,Có thể hoàn thành trực tuyến,31.0,28.0,19,,,,
"Human Services, General.",8,Graduate/Professional Certificate,Có thể hoàn thành trực tuyến,31.0,15.0,8,,,,
"Construction Trades, Other.",2,Associate's Degree,Có thể hoàn thành trực tuyến,31.0,30.0,22,,,62876.5,69028.0
Health Aides/Attendants/Orderlies.,2,Associate's Degree,Có thể hoàn thành trực tuyến,31.0,24.0,7,,,31088.0,36538.0
Rehabilitation and Therapeutic Professions.,8,Graduate/Professional Certificate,Một phần có thể hoàn thành trực tuyến,31.0,44.0,8,,,,
"Ecology, Evolution, Systematics, and Population Biology.",6,Doctoral Degree,Một phần có thể hoàn thành trực tuyến,30.0,32.0,2,,91570.0,,
Architecture.,3,Bachelor's Degree,Một phần có thể hoàn thành trực tuyến,30.0,42.0,1,30500.0,26282.0,55263.0,62170.0
Funeral Service and Mortuary Science.,3,Bachelor's Degree,Một phần có thể hoàn thành trực tuyến,30.0,24.0,1,23648.0,52829.0,,
Marketing.,6,Doctoral Degree,Có thể hoàn thành trực tuyến,30.0,20.0,19,,,,
"Intelligence, Command Control and Information Operations.",8,Graduate/Professional Certificate,Có thể hoàn thành trực tuyến,30.0,4.0,6,,,,
"Science, Technology and Society.",1,Undergraduate Certificate or Diploma,Có thể hoàn thành trực tuyến,30.0,20.0,7,,,,
Construction Engineering Technologies.,2,Associate's Degree,Không xác định,30.0,15.0,3,,,,
Community Organization and Advocacy.,8,Graduate/Professional Certificate,Có thể hoàn thành trực tuyến,30.0,35.0,17,,,,
Library Science and Administration.,8,Graduate/Professional Certificate,Không xác định,30.0,38.0,9,,,,
"Health Professions and Related Clinical Sciences, Other.",6,Doctoral Degree,Không xác định,30.0,36.0,5,,,,
"Middle/Near Eastern and Semitic Languages, Literatures, and Linguistics.",5,Master's Degree,Không xác định,30.0,21.0,2,,,,
"Mechatronics, Robotics, and Automation Engineering.",8,Graduate/Professional Certificate,Có thể hoàn thành trực tuyến,30.0,10.0,7,,,,
"English Language and Literature/Letters, Other.",1,Undergraduate Certificate or Diploma,Có thể hoàn thành trực tuyến,30.0,37.0,6,,,,
Insurance.,5,Master's Degree,Một phần có thể hoàn thành trực tuyến,30.0,38.0,2,,108240.5,112522.0,116202.5
"Education, General.",1,Undergraduate Certificate or Diploma,Không xác định,30.0,28.0,8,,,,
Civil Engineering.,6,Doctoral Degree,Một phần có thể hoàn thành trực tuyến,30.0,27.0,6,,,,
Architectural Sciences and Technology.,6,Doctoral Degree,Có thể hoàn thành trực tuyến,30.0,21.0,8,,,,
Taxation.,8,Graduate/Professional Certificate,Có thể hoàn thành trực tuyến,30.0,38.0,16,,,,
"Mathematics and Statistics, Other.",6,Doctoral Degree,Có thể hoàn thành trực tuyến,30.0,21.0,8,,,,
American Sign Language.,1,Undergraduate Certificate or Diploma,Một phần có thể hoàn thành trực tuyến,29.0,38.0,4,,,,
Legal Support Services.,5,Master's Degree,Một phần có thể hoàn thành trực tuyến,29.0,50.0,1,,66963.0,69745.0,76042.0
Gerontology.,8,Graduate/Professional Certificate,Một phần có thể hoàn thành trực tuyến,29.0,54.0,9,,,,
"Military Technologies and Applied Sciences, Other.",3,Bachelor's Degree,Có thể hoàn thành trực tuyến,29.0,22.0,1,,,,
Forestry.,1,Undergraduate Certificate or Diploma,Một phần có thể hoàn thành trực tuyến,29.0,32.0,3,,,,
Neurobiology and Neurosciences.,5,Master's Degree,Không xác định,29.0,18.0,1,,,,
"Linguistic, Comparative, and Related Language Studies and Services.",5,Master's Degree,Không xác định,29.0,9.0,2,,,,
"Science Technologies/Technicians, Other.",1,Undergraduate Certificate or Diploma,Không xác định,29.0,1.0,3,,,26980.0,32615.0
"Pharmacy, Pharmaceutical Sciences, and Administration.",6,Doctoral Degree,Một phần có thể hoàn thành trực tuyến,29.0,20.0,1,,122882.0,187313.0,194000.0
Applied Mathematics.,8,Graduate/Professional Certificate,Có thể hoàn thành trực tuyến,29.0,35.0,30,,,,
"Philosophy, Politics, and Economics.",3,Bachelor's Degree,Một phần có thể hoàn thành trực tuyến,29.0,30.0,1,,,,
Human Computer Interaction.,1,Undergraduate Certificate or Diploma,Có thể hoàn thành trực tuyến,29.0,4.0,3,,,,
"Family and Consumer Sciences/Human Sciences, General.",6,Doctoral Degree,Có thể hoàn thành trực tuyến,29.0,31.0,8,,61403.0,,
Environmental Control Technologies/Technicians.,5,Master's Degree,Có thể hoàn thành trực tuyến,29.0,19.0,5,,,,
Accounting and Computer Science.,1,Undergraduate Certificate or Diploma,Không xác định,28.0,32.0,1,,,,
Systems Science and Theory.,3,Bachelor's Degree,Không xác định,28.0,27.0,1,,,,
"Social Sciences, General.",8,Graduate/Professional Certificate,Không xác định,28.0,48.0,4,,,,
Community Organization and Advocacy.,8,Graduate/Professional Certificate,Một phần có thể hoàn thành trực tuyến,28.0,15.0,5,,,,
Library and Archives Assisting.,2,Associate's Degree,Không xác định,28.0,30.0,9,,,,
Textile Sciences and Engineering.,6,Doctoral Degree,Có thể hoàn thành trực tuyến,28.0,28.0,3,,,,
Dentistry.,8,Graduate/Professional Certificate,Có thể hoàn thành trực tuyến,28.0,23.0,4,,,,
Area Studies.,5,Master's Degree,Một phần có thể hoàn thành trực tuyến,28.0,16.0,3,,,,
Philosophy.,8,Graduate/Professional Certificate,Có thể hoàn thành trực tuyến,28.0,39.0,34,,,,
Computer Science.,6,Doctoral Degree,Một phần có thể hoàn thành trực tuyến,28.0,30.0,2,,,,
"Germanic Languages, Literatures, and Linguistics.",3,Bachelor's Degree,Một phần có thể hoàn thành trực tuyến,28.0,19.0,6,,,,
Classical and Ancient Studies.,1,Undergraduate Certificate or Diploma,Có thể hoàn thành trực tuyến,28.0,20.0,5,,,,
Agricultural Production Operations.,1,Undergraduate Certificate or Diploma,Không xác định,28.0,41.0,4,,,,
Literature.,1,Undergraduate Certificate or Diploma,Có thể hoàn thành trực tuyến,28.0,36.0,4,27000.0,30253.0,45185.0,51844.0
Mining and Petroleum Technologies/Technicians.,2,Associate's Degree,Một phần có thể hoàn thành trực tuyến,28.0,24.0,4,,,61778.5,86196.0
"Mathematics and Statistics, Other.",1,Undergraduate Certificate or Diploma,Không xác định,28.0,12.0,1,,,,
Engineering-Related Technologies.,3,Bachelor's Degree,Một phần có thể hoàn thành trực tuyến,28.0,10.0,3,,,,
Computer Programming.,8,Graduate/Professional Certificate,Có thể hoàn thành trực tuyến,28.0,0.0,15,,,,
Mechanical Engineering Related Technologies/Technicians.,5,Master's Degree,Có thể hoàn thành trực tuyến,28.0,25.0,4,,93115.0,,
Petroleum Engineering.,3,Bachelor's Degree,Một phần có thể hoàn thành trực tuyến,28.0,32.0,1,27000.0,73821.0,86097.0,95721.0
Data Entry/Microcomputer Applications.,1,Undergraduate Certificate or Diploma,Một phần có thể hoàn thành trực tuyến,27.0,55.0,15,,,,
Health and Physical Education/Fitness.,6,Doctoral Degree,Một phần có thể hoàn thành trực tuyến,27.0,19.0,3,,71670.0,,
International Business.,2,Associate's Degree,Một phần có thể hoàn thành trực tuyến,27.0,35.0,4,,,,
"Parks, Recreation and Leisure Studies.",2,Associate's Degree,Không xác định,27.0,9.0,5,,,,
Ocean Engineering.,6,Doctoral Degree,Có thể hoàn thành trực tuyến,27.0,13.0,9,,,,
Gerontology.,3,Bachelor's Degree,Không xác định,27.0,33.0,2,35870.0,38773.0,33615.0,47142.5
Environmental Design.,6,Doctoral Degree,Có thể hoàn thành trực tuyến,27.0,21.0,8,,,,
Dispute Resolution.,8,Graduate/Professional Certificate,Không xác định,27.0,40.0,9,,,,
Community Organization and Advocacy.,8,Graduate/Professional Certificate,Không xác định,27.0,21.0,8,,,,
Educational Administration and Supervision.,1,Undergraduate Certificate or Diploma,Một phần có thể hoàn thành trực tuyến,27.0,8.0,2,,,,
"Romance Languages, Literatures, and Linguistics.",8,Graduate/Professional Certificate,Có thể hoàn thành trực tuyến,27.0,36.0,28,,,,
"Biochemistry, Biophysics and Molecular Biology.",3,Bachelor's Degree,Một phần có thể hoàn thành trực tuyến,27.0,27.0,5,,,,
"Social Sciences, Other.",6,Doctoral Degree,Có thể hoàn thành trực tuyến,27.0,20.0,14,,,,
"Engineering, General.",6,Doctoral Degree,Không xác định,27.0,36.0,3,,,,
Physics.,1,Undergraduate Certificate or Diploma,Có thể hoàn thành trực tuyến,27.0,83.0,9,,,,
Educational/Instructional Media Design.,1,Undergraduate Certificate or Diploma,Không xác định,27.0,20.0,7,,,,
Legal Support Services.,8,Graduate/Professional Certificate,Một phần có thể hoàn thành trực tuyến,27.0,39.0,5,,61174.0,,
Metallurgical Engineering.,5,Master's Degree,Có thể hoàn thành trực tuyến,27.0,26.0,10,,,,
Forestry.,5,Master's Degree,Một phần có thể hoàn thành trực tuyến,27.0,26.0,2,,,,
Forestry.,5,Master's Degree,Không xác định,27.0,40.0,1,,60468.0,68073.0,75601.0
Genetics.,1,Undergraduate Certificate or Diploma,Có thể hoàn thành trực tuyến,27.0,16.0,2,,,,
"Public Administration and Social Service Professions, Other.",2,Associate's Degree,Có thể hoàn thành trực tuyến,27.0,23.0,18,,,29257.0,31310.0
Movement and Mind-Body Therapies and Education.,5,Master's Degree,Một phần có thể hoàn thành trực tuyến,27.0,17.0,1,,,,
Sociology.,8,Graduate/Professional Certificate,Có thể hoàn thành trực tuyến,27.0,24.0,22,,,,
Advanced/Graduate Dentistry and Oral Sciences.,5,Master's Degree,Một phần có thể hoàn thành trực tuyến,27.0,28.0,1,,178854.0,155493.0,
"Computer and Information Sciences and Support Services, Other.",3,Bachelor's Degree,Một phần có thể hoàn thành trực tuyến,27.0,22.0,4,,,,
"Science, Technology and Society.",6,Doctoral Degree,Có thể hoàn thành trực tuyến,27.0,27.0,9,,,,
Fishing and Fisheries Sciences and Management.,2,Associate's Degree,Có thể hoàn thành trực tuyến,27.0,23.0,3,,,,
"Aerospace, Aeronautical and Astronautical Engineering.",2,Associate's Degree,Không xác định,27.0,31.0,1,,,,
Communication Disorders Sciences and Services.,2,Associate's Degree,Không xác định,27.0,26.0,7,,,,
Economics.,8,Graduate/Professional Certificate,Không xác định,27.0,25.0,10,,,,
Biomedical/Medical Engineering.,2,Associate's Degree,Có thể hoàn thành trực tuyến,27.0,30.0,8,21409.0,63642.0,69739.0,81975.0
Family and Consumer Sciences/Human Sciences Business Services.,1,Undergraduate Certificate or Diploma,Không xác định,26.0,13.0,1,,58733.0,,
Agricultural Production Operations.,5,Master's Degree,Không xác định,26.0,24.0,4,,,,
"Registered Nursing, Nursing Administration, Nursing Research and Clinical Nursing.",1,Undergraduate Certificate or Diploma,Một phần có thể hoàn thành trực tuyến,26.0,2.0,3,,,60910.0,74431.0
Architectural Engineering Technologies/Technicians.,2,Associate's Degree,Không xác định,26.0,23.0,3,,,,
Electromechanical Instrumentation and Maintenance Technologies/Technicians.,5,Master's Degree,Có thể hoàn thành trực tuyến,26.0,16.0,4,,,,
Genetics.,5,Master's Degree,Một phần có thể hoàn thành trực tuyến,26.0,24.0,1,,55367.0,,
Sustainability Studies.,3,Bachelor's Degree,Không xác định,26.0,23.0,9,,,56345.0,61946.0
Natural Resources Conservation and Research.,2,Associate's Degree,Một phần có thể hoàn thành trực tuyến,26.0,25.0,7,,,,
Outdoor Education.,2,Associate's Degree,Có thể hoàn thành trực tuyến,26.0,22.0,9,,,,
Civil Engineering.,3,Bachelor's Degree,Không xác định,26.0,26.0,1,,,,80521.0
Criminology.,2,Associate's Degree,Có thể hoàn thành trực tuyến,26.0,22.0,4,,,32820.0,51424.0
International Agriculture.,5,Master's Degree,Không xác định,26.0,24.0,1,,52415.0,,
Computational Science.,8,Graduate/Professional Certificate,Không xác định,26.0,23.0,2,,,,
Construction Management.,2,Associate's Degree,Một phần có thể hoàn thành trực tuyến,26.0,23.0,3,,,56447.0,64292.0
Civil Engineering.,1,Undergraduate Certificate or Diploma,Có thể hoàn thành trực tuyến,26.0,17.0,8,,,,
Fishing and Fisheries Sciences and Management.,1,Undergraduate Certificate or Diploma,Có thể hoàn thành trực tuyến,26.0,1.0,2,,,,
Religious/Sacred Music.,3,Bachelor's Degree,Một phần có thể hoàn thành trực tuyến,26.0,17.0,3,27500.0,29713.0,,
Energy Systems Engineering.,8,Graduate/Professional Certificate,Một phần có thể hoàn thành trực tuyến,26.0,2.0,2,,,,
"Science Technologies/Technicians, Other.",5,Master's Degree,Có thể hoàn thành trực tuyến,26.0,21.0,3,,,,
"Romance Languages, Literatures, and Linguistics.",1,Undergraduate Certificate or Diploma,Không xác định,26.0,23.0,7,,,,
"Specialized Sales, Merchandising and  Marketing Operations.",8,Graduate/Professional Certificate,Có thể hoàn thành trực tuyến,26.0,38.0,5,,71243.0,,
Holocaust and Related Studies.,8,Graduate/Professional Certificate,Có thể hoàn thành trực tuyến,26.0,7.0,5,,,,
"Ecology, Evolution, Systematics, and Population Biology.",5,Master's Degree,Không xác định,26.0,26.0,3,,,,
"Clinical, Counseling and Applied Psychology.",7,First Professional Degree,Không xác định,26.0,8.0,5,,,,
Woodworking.,3,Bachelor's Degree,Có thể hoàn thành trực tuyến,25.0,36.0,5,26912.0,19151.0,51606.0,46712.0
Vehicle Maintenance and Repair Technologies.,5,Master's Degree,Không xác định,25.0,22.0,1,,,,
Gerontology.,6,Doctoral Degree,Có thể hoàn thành trực tuyến,25.0,25.0,14,,,,
"Southeast Asian and Australasian/Pacific Languages, Literatures, and Linguistics.",3,Bachelor's Degree,Có thể hoàn thành trực tuyến,25.0,4.0,2,,,,
Peace Studies and Conflict Resolution.,5,Master's Degree,Một phần có thể hoàn thành trực tuyến,25.0,26.0,2,,64709.0,86865.0,97885.0
Intercultural/Multicultural and Diversity Studies.,5,Master's Degree,Một phần có thể hoàn thành trực tuyến,25.0,34.0,3,,,,
Anthropology.,5,Master's Degree,Không xác định,25.0,32.0,4,,,55347.0,60285.0
International/Global Studies.,1,Undergraduate Certificate or Diploma,Không xác định,25.0,39.0,7,,,,
"Heating, Air Conditioning, Ventilation and Refrigeration Maintenance Technology/Technician (HAC, HACR, HVAC, HVACR).",1,Undergraduate Certificate or Diploma,Không xác định,25.0,48.0,1,15905.0,38761.0,36781.0,44860.0
Public Health.,1,Undergraduate Certificate or Diploma,Một phần có thể hoàn thành trực tuyến,25.0,27.0,5,,,,
Mining and Petroleum Technologies/Technicians.,3,Bachelor's Degree,Có thể hoàn thành trực tuyến,25.0,40.0,2,19125.0,52842.0,68486.0,71690.0
"Psychology, General.",1,Undergraduate Certificate or Diploma,Một phần có thể hoàn thành trực tuyến,25.0,20.0,4,26010.0,30134.0,,
Rhetoric and Composition/Writing Studies.,2,Associate's Degree,Không xác định,25.0,26.0,9,25250.0,,34718.0,39080.0
Agricultural Public Services.,5,Master's Degree,Có thể hoàn thành trực tuyến,25.0,34.0,7,,,,
Neurobiology and Neurosciences.,8,Graduate/Professional Certificate,Không xác định,25.0,13.0,1,,,,
"Foreign Languages, Literatures, and Linguistics, Other.",5,Master's Degree,Có thể hoàn thành trực tuyến,25.0,31.0,10,,,,
Applied Statistics.,8,Graduate/Professional Certificate,Có thể hoàn thành trực tuyến,25.0,1.0,6,,,,
"Legal Professions and Studies, Other.",6,Doctoral Degree,Có thể hoàn thành trực tuyến,25.0,43.0,9,,,,
"Legal Professions and Studies, Other.",2,Associate's Degree,Không xác định,25.0,29.0,3,29518.0,,,
"Legal Professions and Studies, Other.",7,First Professional Degree,Không xác định,25.0,41.0,1,,104329.0,81691.0,93725.0
"Bilingual, Multilingual, and Multicultural Education.",6,Doctoral Degree,Có thể hoàn thành trực tuyến,25.0,32.0,8,,,,
"Theology and Religious Vocations, Other.",2,Associate's Degree,Không xác định,24.0,36.0,3,19738.0,19238.0,,
"Psychology, Other.",3,Bachelor's Degree,Không xác định,24.0,20.0,3,,,,
Homeland Security.,6,Doctoral Degree,Không xác định,24.0,32.0,3,,127306.0,114509.0,114357.0
"Computer and Information Sciences and Support Services, Other.",3,Bachelor's Degree,Không xác định,24.0,21.0,4,35623.5,79090.0,86789.0,93222.0
Agricultural and Food Products Processing.,2,Associate's Degree,Có thể hoàn thành trực tuyến,24.0,51.0,14,,,,
Alternative and Complementary Medical Support Services.,3,Bachelor's Degree,Không xác định,24.0,11.0,1,,,,
Veterinary Administrative Services.,1,Undergraduate Certificate or Diploma,Có thể hoàn thành trực tuyến,24.0,0.0,2,,,,
Food Science and Technology.,8,Graduate/Professional Certificate,Có thể hoàn thành trực tuyến,24.0,16.0,10,,,,
Intercultural/Multicultural and Diversity Studies.,5,Master's Degree,Không xác định,24.0,26.0,2,,,,
Industrial Production Technologies/Technicians.,8,Graduate/Professional Certificate,Có thể hoàn thành trực tuyến,24.0,19.0,7,,,,
Mining and Mineral Engineering.,8,Graduate/Professional Certificate,Không xác định,24.0,26.0,1,,,,
American Sign Language.,5,Master's Degree,Có thể hoàn thành trực tuyến,24.0,31.0,3,,63623.0,,
"Architecture and Related Services, Other.",3,Bachelor's Degree,Một phần có thể hoàn thành trực tuyến,24.0,24.0,1,26500.0,25676.0,53644.0,62908.0
"Family and Consumer Sciences/Human Sciences, General.",2,Associate's Degree,Không xác định,24.0,0.0,1,,,,
"Germanic Languages, Literatures, and Linguistics.",2,Associate's Degree,Có thể hoàn thành trực tuyến,24.0,14.0,16,,,,
Urban Studies/Affairs.,6,Doctoral Degree,Có thể hoàn thành trực tuyến,24.0,32.0,11,,,,
Telecommunications Management.,1,Undergraduate Certificate or Diploma,Không xác định,24.0,20.0,2,18514.0,,,
Agricultural Production Operations.,6,Doctoral Degree,Có thể hoàn thành trực tuyến,24.0,22.0,7,,,,
Mining and Mineral Engineering.,6,Doctoral Degree,Có thể hoàn thành trực tuyến,24.0,22.0,8,,,,
American Sign Language.,5,Master's Degree,Không xác định,24.0,15.0,2,,,,
Architectural Sciences and Technology.,1,Undergraduate Certificate or Diploma,Một phần có thể hoàn thành trực tuyến,24.0,28.0,4,,,,
Forestry.,8,Graduate/Professional Certificate,Một phần có thể hoàn thành trực tuyến,24.0,31.0,2,,,,
Anthropology.,1,Undergraduate Certificate or Diploma,Một phần có thể hoàn thành trực tuyến,24.0,9.0,1,,37781.0,,
Educational/Instructional Media Design.,3,Bachelor's Degree,Một phần có thể hoàn thành trực tuyến,24.0,20.0,2,40840.0,,,
Accounting and Related Services.,6,Doctoral Degree,Có thể hoàn thành trực tuyến,23.0,28.0,27,,,,
Petroleum Engineering.,1,Undergraduate Certificate or Diploma,Có thể hoàn thành trực tuyến,23.0,28.0,1,,,,
Data Entry/Microcomputer Applications.,2,Associate's Degree,Một phần có thể hoàn thành trực tuyến,23.0,14.0,5,,,,
Peace Studies and Conflict Resolution.,6,Doctoral Degree,Có thể hoàn thành trực tuyến,23.0,34.0,4,,,,
Real Estate Development.,1,Undergraduate Certificate or Diploma,Có thể hoàn thành trực tuyến,23.0,0.0,1,,,,
Family and Consumer Sciences/Human Sciences Business Services.,3,Bachelor's Degree,Một phần có thể hoàn thành trực tuyến,23.0,7.0,1,,,,
Nanotechnology.,6,Doctoral Degree,Có thể hoàn thành trực tuyến,23.0,18.0,4,,,,
Dispute Resolution.,6,Doctoral Degree,Có thể hoàn thành trực tuyến,23.0,29.0,1,,84585.0,72069.0,87357.0
"Public Relations, Advertising, and Applied Communication.",8,Graduate/Professional Certificate,Một phần có thể hoàn thành trực tuyến,23.0,22.0,5,,,,
"Parks, Recreation and Leisure Studies.",1,Undergraduate Certificate or Diploma,Một phần có thể hoàn thành trực tuyến,23.0,21.0,2,,,,
Dental Support Services and Allied Professions.,1,Undergraduate Certificate or Diploma,Không xác định,23.0,19.0,1,8737.0,28937.0,,
Electrical Engineering Technologies/Technicians.,5,Master's Degree,Không xác định,23.0,30.0,2,,,,
Astronomy and Astrophysics.,2,Associate's Degree,Có thể hoàn thành trực tuyến,23.0,13.0,28,,,,
Chemistry.,2,Associate's Degree,Không xác định,23.0,22.0,10,,,,
"Ethnic, Cultural Minority, Gender, and Group Studies.",1,Undergraduate Certificate or Diploma,Không xác định,23.0,31.0,11,,,,
Plumbing and Related Water Supply Services.,1,Undergraduate Certificate or Diploma,Một phần có thể hoàn thành trực tuyến,23.0,20.0,2,,,,
"Precision Production Trades, General.",1,Undergraduate Certificate or Diploma,Có thể hoàn thành trực tuyến,23.0,26.0,7,,,,
"Educational Assessment, Evaluation, and Research.",3,Bachelor's Degree,Có thể hoàn thành trực tuyến,23.0,25.0,7,26000.0,,,
Mathematics.,8,Graduate/Professional Certificate,Không xác định,23.0,11.0,6,,,,
Bible/Biblical Studies.,8,Graduate/Professional Certificate,Một phần có thể hoàn thành trực tuyến,23.0,14.0,5,,,,
Special Education and Teaching.,6,Doctoral Degree,Một phần có thể hoàn thành trực tuyến,23.0,35.0,6,,,,
Energy and Biologically Based Therapies.,8,Graduate/Professional Certificate,Một phần có thể hoàn thành trực tuyến,23.0,19.0,1,,,,
"Mechatronics, Robotics, and Automation Engineering.",8,Graduate/Professional Certificate,Một phần có thể hoàn thành trực tuyến,23.0,2.0,1,,,,
Medical Clinical Sciences/Graduate Medical Studies.,8,Graduate/Professional Certificate,Một phần có thể hoàn thành trực tuyến,23.0,38.0,3,,,,
"Business, Management, Marketing, and Related Support Services, Other.",8,Graduate/Professional Certificate,Không xác định,23.0,17.0,9,,,,
Agricultural Production Operations.,3,Bachelor's Degree,Một phần có thể hoàn thành trực tuyến,23.0,15.0,1,,,46778.0,58091.0
Engineering-Related Technologies.,2,Associate's Degree,Không xác định,23.0,28.0,3,,,,
Applied Mathematics.,1,Undergraduate Certificate or Diploma,Có thể hoàn thành trực tuyến,23.0,14.0,13,,,,
"Romance Languages, Literatures, and Linguistics.",2,Associate's Degree,Không xác định,23.0,14.0,6,,,,
Homeland Security.,2,Associate's Degree,Một phần có thể hoàn thành trực tuyến,23.0,28.0,5,29750.0,,,
Data Analytics.,3,Bachelor's Degree,Một phần có thể hoàn thành trực tuyến,23.0,40.0,2,,,,
"Electrical, Electronics and Communications Engineering.",2,Associate's Degree,Không xác định,23.0,16.0,2,,,,
"Visual and Performing Arts, Other.",8,Graduate/Professional Certificate,Có thể hoàn thành trực tuyến,23.0,33.0,9,,,,
Wildlife and Wildlands Science and Management.,1,Undergraduate Certificate or Diploma,Không xác định,23.0,22.0,1,,,,
Veterinary Biomedical and Clinical Sciences.,5,Master's Degree,Một phần có thể hoàn thành trực tuyến,22.0,6.0,2,,117057.0,68675.0,75502.0
Agricultural Public Services.,3,Bachelor's Degree,Một phần có thể hoàn thành trực tuyến,22.0,14.0,1,19500.0,43324.0,39079.0,51673.0
Electrical and Computer Engineering.,5,Master's Degree,Một phần có thể hoàn thành trực tuyến,22.0,18.0,1,,,,
Culinary Arts and Related Services.,5,Master's Degree,Có thể hoàn thành trực tuyến,22.0,20.0,5,,,29481.0,42738.0
Environmental/Environmental Health Engineering.,8,Graduate/Professional Certificate,Có thể hoàn thành trực tuyến,22.0,23.0,11,,,,
Movement and Mind-Body Therapies and Education.,1,Undergraduate Certificate or Diploma,Một phần có thể hoàn thành trực tuyến,22.0,41.0,1,13007.0,23768.0,14939.0,29021.0
Religious Institution Administration and Law.,5,Master's Degree,Một phần có thể hoàn thành trực tuyến,22.0,18.0,2,,,,
"Communication, Journalism, and Related Programs, Other.",1,Undergraduate Certificate or Diploma,Có thể hoàn thành trực tuyến,22.0,37.0,8,,,,
Industrial Production Technologies/Technicians.,8,Graduate/Professional Certificate,Một phần có thể hoàn thành trực tuyến,22.0,16.0,1,,,,
Civil Engineering.,8,Graduate/Professional Certificate,Một phần có thể hoàn thành trực tuyến,22.0,14.0,7,,,,
Construction Management.,8,Graduate/Professional Certificate,Có thể hoàn thành trực tuyến,22.0,10.0,9,,,,
"Clinical, Counseling and Applied Psychology.",1,Undergraduate Certificate or Diploma,Một phần có thể hoàn thành trực tuyến,22.0,13.0,3,,,,
Mathematics and Computer Science.,6,Doctoral Degree,Có thể hoàn thành trực tuyến,22.0,14.0,7,,,,
Precision Metal Working.,2,Associate's Degree,Không xác định,22.0,10.0,4,,,,
"Electrical, Electronics and Communications Engineering.",8,Graduate/Professional Certificate,Không xác định,22.0,22.0,9,,,,
Military Technology and Applied Sciences Management.,3,Bachelor's Degree,Không xác định,22.0,19.0,1,,,,
Air Transportation.,1,Undergraduate Certificate or Diploma,Không xác định,22.0,17.0,4,,,,
Dietetics and Clinical Nutrition Services.,7,First Professional Degree,Một phần có thể hoàn thành trực tuyến,22.0,18.0,2,,,,
Anthropology.,8,Graduate/Professional Certificate,Có thể hoàn thành trực tuyến,22.0,20.0,18,,,,
Medical Clinical Sciences/Graduate Medical Studies.,5,Master's Degree,Không xác định,22.0,17.0,4,,,,
Communication and Media Studies.,6,Doctoral Degree,Một phần có thể hoàn thành trực tuyến,22.0,30.0,3,,72990.0,72626.0,72337.0
Pastoral Counseling and Specialized Ministries.,6,Doctoral Degree,Một phần có thể hoàn thành trực tuyến,22.0,28.0,4,,,,
Pastoral Counseling and Specialized Ministries.,6,Doctoral Degree,Không xác định,22.0,15.0,6,,,,
"Parks, Recreation and Leisure Studies.",5,Master's Degree,Không xác định,22.0,23.0,3,,,,
"Engineering Technology, General.",5,Master's Degree,Một phần có thể hoàn thành trực tuyến,22.0,25.0,1,,92148.0,,
Computer Engineering.,8,Graduate/Professional Certificate,Không xác định,22.0,11.0,10,,,,
Public Health.,1,Undergraduate Certificate or Diploma,Không xác định,22.0,17.0,14,17726.0,28528.0,,
"Pharmacy, Pharmaceutical Sciences, and Administration.",1,Undergraduate Certificate or Diploma,Không xác định,22.0,2.0,2,,,,
"Philosophy and Religious Studies, Other.",5,Master's Degree,Một phần có thể hoàn thành trực tuyến,21.0,30.0,2,,,,
Energy Systems Technologies/Technicians.,5,Master's Degree,Có thể hoàn thành trực tuyến,21.0,35.0,3,,,,
Philosophy.,2,Associate's Degree,Không xác định,21.0,21.0,9,,,,
Chemistry.,1,Undergraduate Certificate or Diploma,Không xác định,21.0,26.0,2,13818.0,29339.0,,
Manufacturing Engineering.,8,Graduate/Professional Certificate,Có thể hoàn thành trực tuyến,21.0,27.0,6,,,105430.0,
Fishing and Fisheries Sciences and Management.,5,Master's Degree,Không xác định,21.0,20.0,1,,53216.0,,
"Science Technologies/Technicians, Other.",1,Undergraduate Certificate or Diploma,Có thể hoàn thành trực tuyến,21.0,602.0,9,,,,
"Business Administration, Management and Operations.",7,First Professional Degree,Một phần có thể hoàn thành trực tuyến,21.0,4.0,1,,,,
"Theology and Religious Vocations, Other.",6,Doctoral Degree,Một phần có thể hoàn thành trực tuyến,21.0,8.0,2,,,,
Pharmacology and Toxicology.,8,Graduate/Professional Certificate,Có thể hoàn thành trực tuyến,21.0,25.0,7,,,,
Outdoor Education.,5,Master's Degree,Có thể hoàn thành trực tuyến,21.0,20.0,3,,,46136.0,47445.0
Agricultural Production Operations.,2,Associate's Degree,Không xác định,21.0,26.0,4,,,,
Food Science and Technology.,2,Associate's Degree,Một phần có thể hoàn thành trực tuyến,21.0,27.0,4,,,,
Systems Science and Theory.,8,Graduate/Professional Certificate,Có thể hoàn thành trực tuyến,21.0,18.0,7,,,,
Family and Consumer Sciences/Human Sciences Business Services.,5,Master's Degree,Một phần có thể hoàn thành trực tuyến,21.0,17.0,1,,,,
Heavy/Industrial Equipment Maintenance Technologies.,1,Undergraduate Certificate or Diploma,Không xác định,21.0,25.0,2,,,,
Dispute Resolution.,5,Master's Degree,Không xác định,21.0,23.0,4,,,,
Computer Systems Analysis.,2,Associate's Degree,Một phần có thể hoàn thành trực tuyến,21.0,24.0,6,,,,
"Psychology, Other.",3,Bachelor's Degree,Một phần có thể hoàn thành trực tuyến,21.0,25.0,4,35173.0,,,
International and Comparative Education.,8,Graduate/Professional Certificate,Có thể hoàn thành trực tuyến,21.0,46.0,11,,,,
Family and Consumer Sciences/Human Sciences Business Services.,5,Master's Degree,Có thể hoàn thành trực tuyến,21.0,6.0,5,,,,
Anthropology.,5,Master's Degree,Một phần có thể hoàn thành trực tuyến,21.0,16.0,4,,,,
Literature.,8,Graduate/Professional Certificate,Không xác định,21.0,5.0,4,,,,
Drafting/Design Engineering Technologies/Technicians.,5,Master's Degree,Có thể hoàn thành trực tuyến,21.0,20.0,6,,,,
"Public Relations, Advertising, and Applied Communication.",2,Associate's Degree,Không xác định,21.0,10.0,4,,,,
"Psychology, Other.",2,Associate's Degree,Có thể hoàn thành trực tuyến,21.0,35.0,11,,,27817.0,31147.0
Alternative and Complementary Medicine and Medical Systems.,8,Graduate/Professional Certificate,Một phần có thể hoàn thành trực tuyến,20.0,20.0,1,,,,
Literature.,6,Doctoral Degree,Có thể hoàn thành trực tuyến,20.0,24.0,3,,,,
"Slavic, Baltic and Albanian Languages, Literatures, and Linguistics.",6,Doctoral Degree,Có thể hoàn thành trực tuyến,20.0,31.0,21,,,,
"Health Services/Allied Health/Health Sciences, General.",6,Doctoral Degree,Một phần có thể hoàn thành trực tuyến,20.0,11.0,4,,,,
Neurobiology and Neurosciences.,1,Undergraduate Certificate or Diploma,Không xác định,20.0,0.0,1,,,,
Vehicle Maintenance and Repair Technologies.,3,Bachelor's Degree,Một phần có thể hoàn thành trực tuyến,20.0,18.0,3,27000.0,47286.0,65565.0,77085.0
International Agriculture.,5,Master's Degree,Có thể hoàn thành trực tuyến,20.0,37.0,5,,,,68183.0
"Multi/Interdisciplinary Studies, Other.",6,Doctoral Degree,Không xác định,20.0,30.0,3,,79121.5,,
Music.,6,Doctoral Degree,Một phần có thể hoàn thành trực tuyến,20.0,38.0,1,,29274.0,58852.0,
Physics.,5,Master's Degree,Không xác định,20.0,27.0,1,,65563.0,,
Missions/Missionary Studies and Missiology.,8,Graduate/Professional Certificate,Một phần có thể hoàn thành trực tuyến,20.0,16.0,7,,,,
Materials Engineering,6,Doctoral Degree,Không xác định,20.0,18.0,1,,,,
Statistics.,1,Undergraduate Certificate or Diploma,Không xác định,20.0,8.0,4,,,,
Engineering Physics.,2,Associate's Degree,Có thể hoàn thành trực tuyến,20.0,16.0,1,,,,
Quality Control and Safety Technologies/Technicians.,1,Undergraduate Certificate or Diploma,Một phần có thể hoàn thành trực tuyến,20.0,27.0,4,,,,
"Construction Trades, General.",2,Associate's Degree,Không xác định,20.0,22.0,4,13862.0,52820.0,41319.0,44307.0
Missions/Missionary Studies and Missiology.,2,Associate's Degree,Có thể hoàn thành trực tuyến,20.0,27.0,19,,,,
"Computer and Information Sciences and Support Services, Other.",6,Doctoral Degree,Có thể hoàn thành trực tuyến,20.0,15.0,5,,,,
Materials Sciences.,3,Bachelor's Degree,Một phần có thể hoàn thành trực tuyến,20.0,17.0,1,,,83498.0,99030.0
Fishing and Fisheries Sciences and Management.,5,Master's Degree,Có thể hoàn thành trực tuyến,20.0,16.0,9,,,,
Engineering-Related Technologies.,3,Bachelor's Degree,Không xác định,20.0,19.0,4,,,,
Medical Illustration and Informatics.,6,Doctoral Degree,Không xác định,20.0,21.0,2,,156890.0,,
Surveying Engineering.,1,Undergraduate Certificate or Diploma,Có thể hoàn thành trực tuyến,20.0,17.0,11,,,,
Cognitive Science.,8,Graduate/Professional Certificate,Có thể hoàn thành trực tuyến,20.0,9.0,8,,,,
Religious/Sacred Music.,6,Doctoral Degree,Không xác định,20.0,24.0,1,,,,
Computer Software and Media Applications.,8,Graduate/Professional Certificate,Một phần có thể hoàn thành trực tuyến,20.0,34.0,3,,,,
"Biomathematics, Bioinformatics, and Computational Biology.",1,Undergraduate Certificate or Diploma,Có thể hoàn thành trực tuyến,20.0,11.0,5,,,,
Alternative and Complementary Medicine and Medical Systems.,2,Associate's Degree,Một phần có thể hoàn thành trực tuyến,20.0,22.0,1,26701.0,28076.0,18063.0,30132.0
Zoology/Animal Biology.,5,Master's Degree,Một phần có thể hoàn thành trực tuyến,20.0,20.0,2,,,57957.0,68827.0
"Parks, Recreation, Leisure, and Fitness Studies, Other.",5,Master's Degree,Có thể hoàn thành trực tuyến,19.0,16.0,4,,39638.0,,
"Aerospace, Aeronautical and Astronautical Engineering.",3,Bachelor's Degree,Không xác định,19.0,13.0,1,26995.0,75483.0,86529.0,97915.0
Rhetoric and Composition/Writing Studies.,6,Doctoral Degree,Không xác định,19.0,20.0,2,,,,
Energy and Biologically Based Therapies.,1,Undergraduate Certificate or Diploma,Có thể hoàn thành trực tuyến,19.0,13.0,7,,,,
Mechanical Engineering.,6,Doctoral Degree,Không xác định,19.0,24.0,2,,,,
Mathematics and Computer Science.,2,Associate's Degree,Có thể hoàn thành trực tuyến,19.0,9.0,5,,,,
"Public Relations, Advertising, and Applied Communication.",6,Doctoral Degree,Có thể hoàn thành trực tuyến,19.0,27.0,8,,,76612.0,91668.0
Biotechnology.,5,Master's Degree,Một phần có thể hoàn thành trực tuyến,19.0,20.0,3,,,,
Behavioral Sciences.,8,Graduate/Professional Certificate,Có thể hoàn thành trực tuyến,19.0,32.0,12,,65683.0,,
Medieval and Renaissance Studies.,8,Graduate/Professional Certificate,Có thể hoàn thành trực tuyến,19.0,16.0,15,,,,
Medieval and Renaissance Studies.,1,Undergraduate Certificate or Diploma,Có thể hoàn thành trực tuyến,19.0,21.0,7,,,,
Agricultural Production Operations.,5,Master's Degree,Một phần có thể hoàn thành trực tuyến,19.0,14.0,2,,,,
"Legal Professions and Studies, Other.",8,Graduate/Professional Certificate,Không xác định,19.0,21.0,3,,,,
"Psychology, General.",7,First Professional Degree,Có thể hoàn thành trực tuyến,19.0,14.0,5,,,,
Communication Disorders Sciences and Services.,8,Graduate/Professional Certificate,Một phần có thể hoàn thành trực tuyến,19.0,14.0,3,,,,
Natural Resources Management and Policy.,6,Doctoral Degree,Có thể hoàn thành trực tuyến,19.0,33.0,19,,,,
"South Asian Languages, Literatures, and Linguistics.",5,Master's Degree,Có thể hoàn thành trực tuyến,19.0,1.0,3,,,,
Optometry.,8,Graduate/Professional Certificate,Có thể hoàn thành trực tuyến,19.0,0.0,1,,,,
American Sign Language.,3,Bachelor's Degree,Không xác định,19.0,15.0,2,20500.0,35336.0,,
"General Sales, Merchandising and Related Marketing Operations.",5,Master's Degree,Không xác định,19.0,20.0,3,,,,
Molecular Medicine.,5,Master's Degree,Một phần có thể hoàn thành trực tuyến,19.0,12.0,1,,,,
"English Language and Literature, General.",8,Graduate/Professional Certificate,Không xác định,19.0,12.0,9,,,,
Ocean Engineering.,5,Master's Degree,Không xác định,19.0,29.0,2,,,,
International/Global Studies.,8,Graduate/Professional Certificate,Không xác định,19.0,17.0,2,,59642.0,78131.0,96648.0
Plant Sciences.,5,Master's Degree,Không xác định,19.0,17.0,1,,,,
"Precision Production, Other.",2,Associate's Degree,Không xác định,19.0,17.0,1,,,,
Second Language Learning.,5,Master's Degree,Có thể hoàn thành trực tuyến,19.0,23.0,3,,,,
Natural Resources Conservation and Research.,1,Undergraduate Certificate or Diploma,Một phần có thể hoàn thành trực tuyến,19.0,26.0,9,,,,
Culinary Arts and Related Services.,3,Bachelor's Degree,Một phần có thể hoàn thành trực tuyến,19.0,21.0,3,,20213.0,,
Computational Science.,3,Bachelor's Degree,Một phần có thể hoàn thành trực tuyến,19.0,17.0,1,,,,
Biology Technician/Biotechnology Laboratory Technician.,2,Associate's Degree,Một phần có thể hoàn thành trực tuyến,19.0,20.0,4,,,,
"English Language and Literature/Letters, Other.",5,Master's Degree,Một phần có thể hoàn thành trực tuyến,19.0,17.0,1,,49438.0,,
"English Language and Literature/Letters, Other.",6,Doctoral Degree,Có thể hoàn thành trực tuyến,19.0,28.0,8,,,,
Non-Professional General Legal Studies (Undergraduate).,8,Graduate/Professional Certificate,Có thể hoàn thành trực tuyến,19.0,41.0,7,,,,
Polymer/Plastics Engineering.,8,Graduate/Professional Certificate,Một phần có thể hoàn thành trực tuyến,18.0,11.0,2,,,,
Geological/Geophysical Engineering.,6,Doctoral Degree,Có thể hoàn thành trực tuyến,18.0,22.0,8,,,,
Nuclear Engineering.,1,Undergraduate Certificate or Diploma,Có thể hoàn thành trực tuyến,18.0,26.0,2,27000.0,70326.0,81957.0,94224.0
Nutrition Sciences.,2,Associate's Degree,Có thể hoàn thành trực tuyến,18.0,12.0,3,,,,
Computer Science.,8,Graduate/Professional Certificate,Một phần có thể hoàn thành trực tuyến,18.0,12.0,4,,,,
Natural Sciences.,2,Associate's Degree,Không xác định,18.0,19.0,3,,,,
Dental Support Services and Allied Professions.,5,Master's Degree,Một phần có thể hoàn thành trực tuyến,18.0,24.0,4,,,,
Behavioral Sciences.,3,Bachelor's Degree,Một phần có thể hoàn thành trực tuyến,18.0,9.0,1,47439.0,,,
Cultural Studies and Comparative Literature.,8,Graduate/Professional Certificate,Không xác định,18.0,11.0,1,,,,
Engineering-Related Fields.,2,Associate's Degree,Không xác định,18.0,12.0,2,,,,
"Allied Health Diagnostic, Intervention, and Treatment Professions.",6,Doctoral Degree,Một phần có thể hoàn thành trực tuyến,18.0,11.0,1,,92348.0,,
"Mathematics and Statistics, Other.",8,Graduate/Professional Certificate,Có thể hoàn thành trực tuyến,18.0,21.0,1,,,,
Public Administration.,1,Undergraduate Certificate or Diploma,Không xác định,18.0,2.0,7,,,,
Dispute Resolution.,8,Graduate/Professional Certificate,Có thể hoàn thành trực tuyến,18.0,32.0,7,,,,
Library Science and Administration.,2,Associate's Degree,Không xác định,18.0,18.0,3,,,,
Student Counseling and Personnel Services.,6,Doctoral Degree,Một phần có thể hoàn thành trực tuyến,18.0,14.0,2,,,,
"Homeland Security, Law Enforcement, Firefighting and Related Protective Services, Other.",8,Graduate/Professional Certificate,Một phần có thể hoàn thành trực tuyến,18.0,31.0,1,,,,
"City/Urban, Community and Regional Planning.",1,Undergraduate Certificate or Diploma,Có thể hoàn thành trực tuyến,18.0,35.0,6,21375.0,35960.0,,
Health Aides/Attendants/Orderlies.,1,Undergraduate Certificate or Diploma,Không xác định,18.0,6.0,3,,,,
"Aerospace, Aeronautical and Astronautical Engineering.",1,Undergraduate Certificate or Diploma,Có thể hoàn thành trực tuyến,18.0,13.0,6,,,,
Religious Education.,6,Doctoral Degree,Không xác định,18.0,11.0,1,,,,
Biomedical/Medical Engineering.,6,Doctoral Degree,Một phần có thể hoàn thành trực tuyến,18.0,17.0,1,,,130224.0,168482.0
"Parks, Recreation, Leisure, and Fitness Studies, Other.",1,Undergraduate Certificate or Diploma,Có thể hoàn thành trực tuyến,18.0,20.0,6,,,,
Alternative and Complementary Medicine and Medical Systems.,5,Master's Degree,Một phần có thể hoàn thành trực tuyến,18.0,25.0,1,,,30879.0,
"Parks, Recreation, Leisure, and Fitness Studies, Other.",2,Associate's Degree,Có thể hoàn thành trực tuyến,18.0,15.0,3,,,,
Industrial Engineering.,2,Associate's Degree,Không xác định,18.0,11.0,1,,,,
Literature.,2,Associate's Degree,Có thể hoàn thành trực tuyến,18.0,17.0,22,,,,
Landscape Architecture.,1,Undergraduate Certificate or Diploma,Có thể hoàn thành trực tuyến,18.0,17.0,5,,,,
Mechanical Engineering Related Technologies/Technicians.,8,Graduate/Professional Certificate,Không xác định,17.0,12.0,2,,,,
Food Science and Technology.,3,Bachelor's Degree,Một phần có thể hoàn thành trực tuyến,17.0,12.0,2,,,,
"Parks, Recreation and Leisure Facilities Management.",8,Graduate/Professional Certificate,Không xác định,17.0,23.0,2,,,48866.0,51583.0
Legal Research and Advanced Professional Studies.,2,Associate's Degree,Có thể hoàn thành trực tuyến,17.0,18.0,3,,,,
Philosophy.,6,Doctoral Degree,Không xác định,17.0,13.0,2,,123153.0,,
Medieval and Renaissance Studies.,5,Master's Degree,Có thể hoàn thành trực tuyến,17.0,19.0,13,,,,
Taxation.,8,Graduate/Professional Certificate,Một phần có thể hoàn thành trực tuyến,17.0,19.0,5,,,,
"Architecture and Related Services, Other.",5,Master's Degree,Có thể hoàn thành trực tuyến,17.0,49.0,9,,56087.0,47953.0,54780.0
Drafting/Design Engineering Technologies/Technicians.,3,Bachelor's Degree,Một phần có thể hoàn thành trực tuyến,17.0,31.0,1,31000.0,60153.0,74805.0,80748.0
"Homeland Security, Law Enforcement, Firefighting and Related Protective Services, Other.",8,Graduate/Professional Certificate,Không xác định,17.0,22.0,4,,,,
Energy Systems Technologies/Technicians.,1,Undergraduate Certificate or Diploma,Một phần có thể hoàn thành trực tuyến,17.0,22.0,2,,,,
Construction Engineering Technologies.,1,Undergraduate Certificate or Diploma,Không xác định,17.0,7.0,2,,,,
Engineering-Related Fields.,1,Undergraduate Certificate or Diploma,Có thể hoàn thành trực tuyến,17.0,20.0,9,17625.0,68551.0,,
"Parks, Recreation and Leisure Studies.",2,Associate's Degree,Một phần có thể hoàn thành trực tuyến,17.0,18.0,1,,,,
Health and Medical Administrative Services.,7,First Professional Degree,Có thể hoàn thành trực tuyến,17.0,4.0,3,,,,116970.0
Physics.,8,Graduate/Professional Certificate,Có thể hoàn thành trực tuyến,17.0,47.0,10,,,,
Culinary Arts and Related Services.,2,Associate's Degree,Không xác định,17.0,14.0,4,,27514.0,,36778.0
Apparel and Textiles.,1,Undergraduate Certificate or Diploma,Một phần có thể hoàn thành trực tuyến,17.0,15.0,3,,,,
Community Organization and Advocacy.,6,Doctoral Degree,Có thể hoàn thành trực tuyến,17.0,5.0,5,,,,
Social and Philosophical Foundations of Education.,8,Graduate/Professional Certificate,Không xác định,17.0,8.0,3,,,,
International Relations and National Security Studies.,8,Graduate/Professional Certificate,Một phần có thể hoàn thành trực tuyến,17.0,22.0,6,,,,
Pastoral Counseling and Specialized Ministries.,1,Undergraduate Certificate or Diploma,Không xác định,17.0,8.0,8,,,,
Wildlife and Wildlands Science and Management.,3,Bachelor's Degree,Một phần có thể hoàn thành trực tuyến,17.0,22.0,1,,39896.0,,
Manufacturing Engineering.,8,Graduate/Professional Certificate,Không xác định,17.0,18.0,3,,,,
Missions/Missionary Studies and Missiology.,6,Doctoral Degree,Một phần có thể hoàn thành trực tuyến,17.0,15.0,1,,,,
International/Global Studies.,1,Undergraduate Certificate or Diploma,Một phần có thể hoàn thành trực tuyến,17.0,34.0,2,,,,
American Sign Language.,2,Associate's Degree,Không xác định,17.0,15.0,5,,,,
International/Global Studies.,6,Doctoral Degree,Có thể hoàn thành trực tuyến,17.0,11.0,6,,,,
"Engineering, Other.",8,Graduate/Professional Certificate,Không xác định,17.0,23.0,4,,,,
"Theology and Religious Vocations, Other.",8,Graduate/Professional Certificate,Có thể hoàn thành trực tuyến,17.0,20.0,12,,,,
Chemistry.,2,Associate's Degree,Một phần có thể hoàn thành trực tuyến,17.0,26.0,7,,,,
"Ecology, Evolution, Systematics, and Population Biology.",8,Graduate/Professional Certificate,Không xác định,17.0,19.0,5,,,,
Pastoral Counseling and Specialized Ministries.,7,First Professional Degree,Có thể hoàn thành trực tuyến,17.0,13.0,6,,,,
Religious/Sacred Music.,2,Associate's Degree,Có thể hoàn thành trực tuyến,17.0,19.0,19,,,,
Gerontology.,3,Bachelor's Degree,Một phần có thể hoàn thành trực tuyến,17.0,17.0,3,,,,
Sociology and Anthropology.,3,Bachelor's Degree,Một phần có thể hoàn thành trực tuyến,16.0,18.0,2,27000.0,34388.0,,
Outdoor Education.,3,Bachelor's Degree,Một phần có thể hoàn thành trực tuyến,16.0,7.0,1,,,,
"Biological and Biomedical Sciences, Other.",7,First Professional Degree,Có thể hoàn thành trực tuyến,16.0,12.0,1,,,,
Cell/Cellular Biology and Anatomical Sciences.,5,Master's Degree,Một phần có thể hoàn thành trực tuyến,16.0,11.0,1,,,,
Wildlife and Wildlands Science and Management.,5,Master's Degree,Không xác định,16.0,10.0,1,,,,
International Business.,8,Graduate/Professional Certificate,Không xác định,16.0,6.0,10,,,,
Architecture.,7,First Professional Degree,Có thể hoàn thành trực tuyến,16.0,14.0,1,,,,
"Natural Resources and Conservation, Other.",5,Master's Degree,Một phần có thể hoàn thành trực tuyến,16.0,4.0,3,,,,
Veterinary/Animal Health Technologies/Technicians.,1,Undergraduate Certificate or Diploma,Một phần có thể hoàn thành trực tuyến,16.0,20.0,2,,,,
"Allied Health Diagnostic, Intervention, and Treatment Professions.",8,Graduate/Professional Certificate,Không xác định,16.0,11.0,6,,,,
"Social Sciences, General.",8,Graduate/Professional Certificate,Một phần có thể hoàn thành trực tuyến,16.0,4.0,4,,,,
"Linguistic, Comparative, and Related Language Studies and Services.",2,Associate's Degree,Không xác định,16.0,29.0,4,,,,
Journalism.,6,Doctoral Degree,Có thể hoàn thành trực tuyến,16.0,22.0,6,,,,
"Romance Languages, Literatures, and Linguistics.",1,Undergraduate Certificate or Diploma,Một phần có thể hoàn thành trực tuyến,16.0,14.0,3,,,,
"Business, Management, Marketing, and Related Support Services, Other.",6,Doctoral Degree,Có thể hoàn thành trực tuyến,16.0,10.0,4,,,,
Historic Preservation and Conservation.,5,Master's Degree,Không xác định,16.0,17.0,3,,43784.0,56791.0,61992.0
"Ethnic, Cultural Minority, Gender, and Group Studies.",8,Graduate/Professional Certificate,Không xác định,16.0,3.0,6,,,,
Architectural Sciences and Technology.,8,Graduate/Professional Certificate,Có thể hoàn thành trực tuyến,16.0,29.0,8,,,,
Air Transportation.,6,Doctoral Degree,Không xác định,16.0,14.0,5,,,,
"Health Professions and Related Clinical Sciences, Other.",2,Associate's Degree,Một phần có thể hoàn thành trực tuyến,16.0,21.0,2,,,,
Gerontology.,2,Associate's Degree,Có thể hoàn thành trực tuyến,16.0,22.0,11,,,,
Engineering Mechanics.,8,Graduate/Professional Certificate,Không xác định,16.0,10.0,1,,,,
Soil Sciences.,5,Master's Degree,Không xác định,16.0,17.0,1,,61827.0,,
Intercultural/Multicultural and Diversity Studies.,3,Bachelor's Degree,Một phần có thể hoàn thành trực tuyến,16.0,15.0,2,24500.0,25750.0,40435.0,43599.0
Sociology and Anthropology.,3,Bachelor's Degree,Không xác định,16.0,8.0,1,,,,
"Visual and Performing Arts, Other.",6,Doctoral Degree,Có thể hoàn thành trực tuyến,16.0,19.0,8,,,,
Social and Philosophical Foundations of Education.,8,Graduate/Professional Certificate,Có thể hoàn thành trực tuyến,16.0,16.0,11,,,,
Environmental Control Technologies/Technicians.,2,Associate's Degree,Không xác định,16.0,20.0,6,,,,
Polymer/Plastics Engineering.,5,Master's Degree,Một phần có thể hoàn thành trực tuyến,16.0,5.0,1,,,,
Electromechanical Instrumentation and Maintenance Technologies/Technicians.,5,Master's Degree,Không xác định,16.0,10.0,2,,,,
"Clinical, Counseling and Applied Psychology.",2,Associate's Degree,Không xác định,16.0,65.0,3,12000.0,22268.0,,
"Legal Professions and Studies, Other.",2,Associate's Degree,Có thể hoàn thành trực tuyến,16.0,36.0,6,,,42933.0,50642.0
Agricultural Public Services.,2,Associate's Degree,Có thể hoàn thành trực tuyến,16.0,12.0,7,,,,
Natural Resources Management and Policy.,2,Associate's Degree,Không xác định,16.0,7.0,2,,,,
Electromechanical Engineering.,2,Associate's Degree,Có thể hoàn thành trực tuyến,15.0,10.0,2,,,,
Physics and Astronomy.,3,Bachelor's Degree,Có thể hoàn thành trực tuyến,15.0,13.0,2,,,,
Computer Systems Networking and Telecommunications.,8,Graduate/Professional Certificate,Một phần có thể hoàn thành trực tuyến,15.0,6.0,3,,72251.0,71949.0,86388.0
Public Administration.,2,Associate's Degree,Không xác định,15.0,12.0,6,,,,
Philosophy.,8,Graduate/Professional Certificate,Không xác định,15.0,15.0,2,,,,
"Agriculture, Agriculture Operations, and Related Sciences, Other.",2,Associate's Degree,Không xác định,15.0,23.0,3,,,,
Business/Managerial Economics.,8,Graduate/Professional Certificate,Không xác định,15.0,16.0,1,,,,
Demography and Population Studies.,3,Bachelor's Degree,Có thể hoàn thành trực tuyến,15.0,2.0,3,,,,
Agricultural Public Services.,6,Doctoral Degree,Có thể hoàn thành trực tuyến,15.0,19.0,5,,,,
Plumbing and Related Water Supply Services.,2,Associate's Degree,Không xác định,15.0,24.0,1,,,,
Mining and Mineral Engineering.,8,Graduate/Professional Certificate,Một phần có thể hoàn thành trực tuyến,15.0,16.0,2,,,,
Dietetics and Clinical Nutrition Services.,2,Associate's Degree,Không xác định,15.0,19.0,5,,,,
Ceramic Sciences and Engineering.,5,Master's Degree,Có thể hoàn thành trực tuyến,15.0,14.0,4,,,,
Religious Education.,7,First Professional Degree,Có thể hoàn thành trực tuyến,15.0,16.0,3,,,,
Alternative and Complementary Medical Support Services.,5,Master's Degree,Có thể hoàn thành trực tuyến,15.0,10.0,2,,,,
Legal Research and Advanced Professional Studies.,7,First Professional Degree,Có thể hoàn thành trực tuyến,15.0,36.0,7,,,,
"Construction Trades, General.",2,Associate's Degree,Một phần có thể hoàn thành trực tuyến,15.0,9.0,1,,,,
Civil Engineering.,8,Graduate/Professional Certificate,Không xác định,15.0,38.0,6,,,,
Cultural Studies/Critical Theory and Analysis.,2,Associate's Degree,Có thể hoàn thành trực tuyến,15.0,24.0,2,,,,
Museology/Museum Studies.,5,Master's Degree,Không xác định,15.0,10.0,2,,,,
"Multi/Interdisciplinary Studies, Other.",6,Doctoral Degree,Một phần có thể hoàn thành trực tuyến,15.0,13.0,2,,86179.0,,
Operations Research.,1,Undergraduate Certificate or Diploma,Có thể hoàn thành trực tuyến,15.0,4.0,1,,,,
Genetics.,8,Graduate/Professional Certificate,Không xác định,15.0,7.0,4,,,,
"Ethnic, Cultural Minority, Gender, and Group Studies.",1,Undergraduate Certificate or Diploma,Một phần có thể hoàn thành trực tuyến,15.0,8.0,7,,,,
"Foods, Nutrition, and Related Services.",8,Graduate/Professional Certificate,Một phần có thể hoàn thành trực tuyến,15.0,15.0,1,,,,
Engineering-Related Fields.,2,Associate's Degree,Có thể hoàn thành trực tuyến,15.0,24.0,6,,,,
Military Systems and Maintenance Technology.,2,Associate's Degree,Không xác định,15.0,14.0,1,,,,
Religious Education.,2,Associate's Degree,Không xác định,15.0,7.0,6,,,,
"Arts, Entertainment,and Media Management.",3,Bachelor's Degree,Không xác định,15.0,20.0,3,,,45796.0,32596.0
Paper Science and Engineering.,3,Bachelor's Degree,Có thể hoàn thành trực tuyến,15.0,17.0,2,,,,
Fire Protection.,8,Graduate/Professional Certificate,Không xác định,15.0,13.0,1,,,,
Systems Engineering.,6,Doctoral Degree,Không xác định,15.0,11.0,3,,,195597.0,182661.0
Interior Architecture.,5,Master's Degree,Một phần có thể hoàn thành trực tuyến,15.0,19.0,1,,,,
Biological/Biosystems Engineering.,1,Undergraduate Certificate or Diploma,Có thể hoàn thành trực tuyến,15.0,8.0,2,,,,
"Biomathematics, Bioinformatics, and Computational Biology.",6,Doctoral Degree,Một phần có thể hoàn thành trực tuyến,14.0,18.0,1,,,,
"Philosophy and Religious Studies, General.",6,Doctoral Degree,Có thể hoàn thành trực tuyến,14.0,15.0,4,,,,
Electromechanical Engineering.,8,Graduate/Professional Certificate,Không xác định,14.0,15.0,2,,,,
Architectural Engineering Technologies/Technicians.,2,Associate's Degree,Một phần có thể hoàn thành trực tuyến,14.0,13.0,3,,,,
Drama/Theatre Arts and Stagecraft.,8,Graduate/Professional Certificate,Có thể hoàn thành trực tuyến,14.0,19.0,20,,,,
Research and Experimental Psychology.,1,Undergraduate Certificate or Diploma,Một phần có thể hoàn thành trực tuyến,14.0,4.0,1,,,,
Research and Experimental Psychology.,1,Undergraduate Certificate or Diploma,Không xác định,14.0,8.0,1,,,,
Astronomy and Astrophysics.,8,Graduate/Professional Certificate,Có thể hoàn thành trực tuyến,14.0,14.0,3,,,,
Data Processing.,3,Bachelor's Degree,Không xác định,14.0,11.0,1,,,,
Library Science and Administration.,3,Bachelor's Degree,Một phần có thể hoàn thành trực tuyến,14.0,9.0,1,,25054.0,,
Computer/Information Technology Administration and Management.,6,Doctoral Degree,Có thể hoàn thành trực tuyến,14.0,1.0,7,,,,
Chemical Engineering.,8,Graduate/Professional Certificate,Có thể hoàn thành trực tuyến,14.0,11.0,16,,,,
Sustainability Studies.,1,Undergraduate Certificate or Diploma,Không xác định,14.0,12.0,5,,,,
Archeology.,6,Doctoral Degree,Có thể hoàn thành trực tuyến,14.0,9.0,9,,,,
"Mathematics and Statistics, Other.",3,Bachelor's Degree,Một phần có thể hoàn thành trực tuyến,14.0,10.0,1,,,,
Mathematics.,1,Undergraduate Certificate or Diploma,Không xác định,14.0,7.0,3,,,,
"Science Technologies/Technicians, Other.",5,Master's Degree,Một phần có thể hoàn thành trực tuyến,14.0,23.0,2,,83471.0,119303.0,143062.0
Heavy/Industrial Equipment Maintenance Technologies.,3,Bachelor's Degree,Có thể hoàn thành trực tuyến,14.0,13.0,2,23250.0,65331.0,70652.0,80009.0
Real Estate Development.,8,Graduate/Professional Certificate,Có thể hoàn thành trực tuyến,14.0,15.0,2,,,,
"Construction Trades, General.",1,Undergraduate Certificate or Diploma,Một phần có thể hoàn thành trực tuyến,14.0,18.0,2,,,,
"Radio, Television, and Digital Communication.",8,Graduate/Professional Certificate,Một phần có thể hoàn thành trực tuyến,14.0,27.0,3,,,,
History and Political Science.,1,Undergraduate Certificate or Diploma,Có thể hoàn thành trực tuyến,14.0,0.0,1,,,,
Electrical and Computer Engineering.,5,Master's Degree,Không xác định,14.0,0.0,1,,,,
Environmental Control Technologies/Technicians.,1,Undergraduate Certificate or Diploma,Không xác định,14.0,21.0,6,,,,
"Agriculture, Agriculture Operations, and Related Sciences, Other.",5,Master's Degree,Có thể hoàn thành trực tuyến,14.0,16.0,8,,,,
Non-Professional General Legal Studies (Undergraduate).,1,Undergraduate Certificate or Diploma,Một phần có thể hoàn thành trực tuyến,14.0,0.0,3,,,,
Cultural Studies and Comparative Literature.,3,Bachelor's Degree,Có thể hoàn thành trực tuyến,14.0,13.0,1,,,,
Physics and Astronomy.,6,Doctoral Degree,Có thể hoàn thành trực tuyến,14.0,5.0,1,,,,
Peace Studies and Conflict Resolution.,3,Bachelor's Degree,Không xác định,14.0,24.0,1,30739.0,,,
Environmental Geosciences.,3,Bachelor's Degree,Có thể hoàn thành trực tuyến,14.0,11.0,6,,,,
Apparel and Textiles.,2,Associate's Degree,Không xác định,14.0,16.0,1,21500.0,,,
Audiovisual Communications Technologies/Technicians.,3,Bachelor's Degree,Không xác định,14.0,19.0,2,48000.0,,30767.0,26688.0
Electromechanical Engineering.,3,Bachelor's Degree,Có thể hoàn thành trực tuyến,14.0,23.0,1,31000.0,84375.0,84177.0,96906.0
Wildlife and Wildlands Science and Management.,8,Graduate/Professional Certificate,Không xác định,14.0,9.0,1,,,,
"Heating, Air Conditioning, Ventilation and Refrigeration Maintenance Technology/Technician (HAC, HACR, HVAC, HVACR).",2,Associate's Degree,Không xác định,14.0,21.0,2,,37724.0,38965.5,45632.5
Ophthalmic and Optometric Support Services and Allied Professions.,1,Undergraduate Certificate or Diploma,Một phần có thể hoàn thành trực tuyến,14.0,6.0,2,,,,
"American Indian/Native American Languages, Literatures, and Linguistics.",1,Undergraduate Certificate or Diploma,Có thể hoàn thành trực tuyến,14.0,21.0,11,,,,
Literature.,2,Associate's Degree,Không xác định,14.0,10.0,2,,,,
Human Biology.,2,Associate's Degree,Có thể hoàn thành trực tuyến,14.0,13.0,2,,,,
"Education, Other.",7,First Professional Degree,Có thể hoàn thành trực tuyến,14.0,16.0,2,,,,
"Science, Technology and Society.",5,Master's Degree,Không xác định,14.0,6.0,4,,,,
Fishing and Fisheries Sciences and Management.,2,Associate's Degree,Một phần có thể hoàn thành trực tuyến,14.0,8.0,1,,,,
Somatic Bodywork and Related Therapeutic Services.,3,Bachelor's Degree,Một phần có thể hoàn thành trực tuyến,14.0,10.0,1,30232.0,,,
"Precision Production, Other.",1,Undergraduate Certificate or Diploma,Có thể hoàn thành trực tuyến,14.0,56.0,9,10471.0,19829.0,,59183.0
"Crafts/Craft Design, Folk Art and Artisanry.",2,Associate's Degree,Có thể hoàn thành trực tuyến,14.0,21.0,6,,,,
Ophthalmic and Optometric Support Services and Allied Professions.,3,Bachelor's Degree,Có thể hoàn thành trực tuyến,14.0,2.0,3,,,,
Energy and Biologically Based Therapies.,5,Master's Degree,Một phần có thể hoàn thành trực tuyến,13.0,20.0,1,,16376.0,,
Engineering Chemistry.,3,Bachelor's Degree,Có thể hoàn thành trực tuyến,13.0,5.0,3,,,,
Dance.,1,Undergraduate Certificate or Diploma,Một phần có thể hoàn thành trực tuyến,13.0,8.0,2,,,,
Urban Studies/Affairs.,1,Undergraduate Certificate or Diploma,Có thể hoàn thành trực tuyến,13.0,25.0,4,,,,
"Visual and Performing Arts, General.",1,Undergraduate Certificate or Diploma,Không xác định,13.0,11.0,4,,,,
Dance.,5,Master's Degree,Một phần có thể hoàn thành trực tuyến,13.0,19.0,2,,46274.0,,
Agricultural Business and Management.,1,Undergraduate Certificate or Diploma,Không xác định,13.0,4.0,5,,,,
"Foreign Languages, Literatures, and Linguistics, Other.",6,Doctoral Degree,Có thể hoàn thành trực tuyến,13.0,14.0,5,,,,
"Agriculture, General.",8,Graduate/Professional Certificate,Có thể hoàn thành trực tuyến,13.0,0.0,2,,,,
"Public Relations, Advertising, and Applied Communication.",2,Associate's Degree,Một phần có thể hoàn thành trực tuyến,13.0,13.0,3,,,,
Quality Control and Safety Technologies/Technicians.,8,Graduate/Professional Certificate,Một phần có thể hoàn thành trực tuyến,13.0,17.0,3,,,,
Engineering-Related Fields.,2,Associate's Degree,Một phần có thể hoàn thành trực tuyến,13.0,21.0,1,,,,
"Linguistic, Comparative, and Related Language Studies and Services.",6,Doctoral Degree,Một phần có thể hoàn thành trực tuyến,13.0,13.0,4,,,,
Sustainability Studies.,2,Associate's Degree,Có thể hoàn thành trực tuyến,13.0,3.0,13,,,,
Cultural Studies/Critical Theory and Analysis.,6,Doctoral Degree,Có thể hoàn thành trực tuyến,13.0,9.0,7,,,,
"Engineering Technology, General.",1,Undergraduate Certificate or Diploma,Một phần có thể hoàn thành trực tuyến,13.0,13.0,3,,,,
Agricultural Mechanization.,1,Undergraduate Certificate or Diploma,Một phần có thể hoàn thành trực tuyến,13.0,0.0,1,,,,
Legal Support Services.,5,Master's Degree,Có thể hoàn thành trực tuyến,13.0,0.0,2,,45778.0,48398.0,57742.0
Civil Engineering.,2,Associate's Degree,Không xác định,13.0,21.0,1,,,,
"Classics and Classical Languages, Literatures, and Linguistics.",5,Master's Degree,Một phần có thể hoàn thành trực tuyến,13.0,3.0,2,,,,
Criminal Justice and Corrections.,7,First Professional Degree,Không xác định,13.0,16.0,1,,,,
Agricultural Business and Management.,5,Master's Degree,Không xác định,13.0,21.0,3,,,,
Public Administration.,7,First Professional Degree,Không xác định,13.0,12.0,1,,,,
"Crafts/Craft Design, Folk Art and Artisanry.",5,Master's Degree,Có thể hoàn thành trực tuyến,13.0,6.0,2,,,,
Biomedical/Medical Engineering.,1,Undergraduate Certificate or Diploma,Có thể hoàn thành trực tuyến,13.0,15.0,3,,,,
"Health Professions and Related Clinical Sciences, Other.",7,First Professional Degree,Có thể hoàn thành trực tuyến,13.0,7.0,1,,,,
Architecture.,2,Associate's Degree,Không xác định,13.0,7.0,3,,,,
Management Information Systems and Services.,6,Doctoral Degree,Có thể hoàn thành trực tuyến,13.0,6.0,11,,,,
"Psychology, Other.",2,Associate's Degree,Một phần có thể hoàn thành trực tuyến,13.0,19.0,1,,,31813.0,34110.0
"Communication, Journalism, and Related Programs, Other.",8,Graduate/Professional Certificate,Một phần có thể hoàn thành trực tuyến,13.0,9.0,1,,,,
Family and Consumer Economics and Related Studies.,6,Doctoral Degree,Có thể hoàn thành trực tuyến,13.0,8.0,3,,,,
"Psychology, Other.",6,Doctoral Degree,Không xác định,13.0,14.0,2,,85587.0,,71196.0
Marine Transportation.,1,Undergraduate Certificate or Diploma,Không xác định,13.0,4.0,1,,,,
Work and Family Studies.,1,Undergraduate Certificate or Diploma,Có thể hoàn thành trực tuyến,13.0,0.0,2,,,,
"Natural Resources and Conservation, Other.",2,Associate's Degree,Có thể hoàn thành trực tuyến,13.0,16.0,3,,,,
Cultural Studies/Critical Theory and Analysis.,1,Undergraduate Certificate or Diploma,Không xác định,13.0,0.0,1,,,,
"Classics and Classical Languages, Literatures, and Linguistics.",8,Graduate/Professional Certificate,Có thể hoàn thành trực tuyến,13.0,14.0,12,,,,
Anthrozoology.,3,Bachelor's Degree,Có thể hoàn thành trực tuyến,13.0,9.0,1,,,,
Communications Technology/Technician.,5,Master's Degree,Có thể hoàn thành trực tuyến,13.0,13.0,2,,,53690.0,64303.0
Industrial Engineering.,6,Doctoral Degree,Một phần có thể hoàn thành trực tuyến,13.0,16.0,4,,,,
Urban Studies/Affairs.,8,Graduate/Professional Certificate,Một phần có thể hoàn thành trực tuyến,12.0,16.0,1,,,,
"Visual and Performing Arts, General.",8,Graduate/Professional Certificate,Không xác định,12.0,13.0,1,,,,
Botany/Plant Biology.,3,Bachelor's Degree,Một phần có thể hoàn thành trực tuyến,12.0,15.0,2,,,,
Music.,1,Undergraduate Certificate or Diploma,Không xác định,12.0,7.0,4,,,,
Physics.,3,Bachelor's Degree,Một phần có thể hoàn thành trực tuyến,12.0,17.0,3,,,,
Ocean Engineering.,8,Graduate/Professional Certificate,Có thể hoàn thành trực tuyến,12.0,22.0,4,,,,
Alternative and Complementary Medical Support Services.,8,Graduate/Professional Certificate,Một phần có thể hoàn thành trực tuyến,12.0,25.0,1,,,,
Teaching Assistants/Aides.,5,Master's Degree,Có thể hoàn thành trực tuyến,12.0,21.0,5,,,,
Engineering Mechanics.,2,Associate's Degree,Có thể hoàn thành trực tuyến,12.0,8.0,3,,,,
Computer Engineering Technologies/Technicians.,5,Master's Degree,Có thể hoàn thành trực tuyến,12.0,6.0,1,,,,
Mining and Mineral Engineering.,1,Undergraduate Certificate or Diploma,Có thể hoàn thành trực tuyến,12.0,7.0,1,,,,
Architectural History and Criticism.,8,Graduate/Professional Certificate,Có thể hoàn thành trực tuyến,12.0,9.0,4,,,,
Digital Humanities and Textual Studies.,3,Bachelor's Degree,Có thể hoàn thành trực tuyến,12.0,1.0,5,,,,
Construction Engineering Technologies.,2,Associate's Degree,Một phần có thể hoàn thành trực tuyến,12.0,10.0,3,,,,
Military Applied Sciences.,2,Associate's Degree,Không xác định,12.0,14.0,2,,,,67424.0
"Middle/Near Eastern and Semitic Languages, Literatures, and Linguistics.",8,Graduate/Professional Certificate,Không xác định,12.0,2.0,2,,,,
Educational Administration and Supervision.,7,First Professional Degree,Một phần có thể hoàn thành trực tuyến,12.0,12.0,2,,,,
Metallurgical Engineering.,6,Doctoral Degree,Có thể hoàn thành trực tuyến,12.0,18.0,6,,,,
Microbiological Sciences and Immunology.,8,Graduate/Professional Certificate,Có thể hoàn thành trực tuyến,12.0,10.0,8,,,,
"Foods, Nutrition, and Related Services.",2,Associate's Degree,Không xác định,12.0,13.0,2,,,,
Religion/Religious Studies.,6,Doctoral Degree,Một phần có thể hoàn thành trực tuyến,12.0,21.0,2,,,,
Engineering-Related Technologies.,1,Undergraduate Certificate or Diploma,Không xác định,12.0,8.0,3,,,,
Bioethics/Medical Ethics.,6,Doctoral Degree,Một phần có thể hoàn thành trực tuyến,12.0,14.0,4,,,,
Energy and Biologically Based Therapies.,3,Bachelor's Degree,Có thể hoàn thành trực tuyến,12.0,9.0,1,29166.0,,,
"East Asian Languages, Literatures, and Linguistics.",2,Associate's Degree,Một phần có thể hoàn thành trực tuyến,12.0,7.0,3,,,,
"Ecology, Evolution, Systematics, and Population Biology.",1,Undergraduate Certificate or Diploma,Có thể hoàn thành trực tuyến,12.0,9.0,8,,,,
Holocaust and Related Studies.,3,Bachelor's Degree,Có thể hoàn thành trực tuyến,12.0,17.0,1,,,,
Religious Education.,6,Doctoral Degree,Một phần có thể hoàn thành trực tuyến,12.0,25.0,3,,,,
Clinical/Medical Laboratory Science/Research and Allied Professions.,6,Doctoral Degree,Có thể hoàn thành trực tuyến,12.0,12.0,5,,,,
Computer Engineering.,8,Graduate/Professional Certificate,Có thể hoàn thành trực tuyến,12.0,25.0,24,,,,
"Biology, General.",8,Graduate/Professional Certificate,Một phần có thể hoàn thành trực tuyến,12.0,9.0,3,,,,
"Library Science, Other.",8,Graduate/Professional Certificate,Một phần có thể hoàn thành trực tuyến,12.0,15.0,2,,,,
Soil Sciences.,3,Bachelor's Degree,Một phần có thể hoàn thành trực tuyến,12.0,12.0,1,,,,70044.0
"Agriculture, General.",8,Graduate/Professional Certificate,Một phần có thể hoàn thành trực tuyến,12.0,0.0,1,,,,
Mathematics and Computer Science.,5,Master's Degree,Một phần có thể hoàn thành trực tuyến,12.0,17.0,1,,,,
Finance and Financial Management Services.,6,Doctoral Degree,Không xác định,12.0,15.0,2,,,,
Housing and Human Environments.,5,Master's Degree,Có thể hoàn thành trực tuyến,12.0,14.0,4,,,,
"Philosophy and Religious Studies, General.",5,Master's Degree,Có thể hoàn thành trực tuyến,12.0,6.0,6,,,,
"Visual and Performing Arts, Other.",5,Master's Degree,Không xác định,12.0,20.0,1,,,,
"Parks, Recreation, Leisure, and Fitness Studies, Other.",5,Master's Degree,Không xác định,11.0,9.0,1,,,,
Marine Sciences.,1,Undergraduate Certificate or Diploma,Có thể hoàn thành trực tuyến,11.0,10.0,4,,,,
Cultural Studies/Critical Theory and Analysis.,3,Bachelor's Degree,Một phần có thể hoàn thành trực tuyến,11.0,16.0,1,,,,
"Engineering Technology, General.",5,Master's Degree,Không xác định,11.0,5.0,3,,,,
"Parks, Recreation and Leisure Facilities Management.",8,Graduate/Professional Certificate,Có thể hoàn thành trực tuyến,11.0,16.0,5,,,,
Dance.,2,Associate's Degree,Một phần có thể hoàn thành trực tuyến,11.0,7.0,6,,,,
Apparel and Textiles.,2,Associate's Degree,Một phần có thể hoàn thành trực tuyến,11.0,12.0,2,,,,
Somatic Bodywork and Related Therapeutic Services.,1,Undergraduate Certificate or Diploma,Một phần có thể hoàn thành trực tuyến,11.0,8.0,1,,,,
Business/Corporate Communications.,5,Master's Degree,Không xác định,11.0,8.0,4,,,,
"Multi-/Interdisciplinary Studies, General.",2,Associate's Degree,Một phần có thể hoàn thành trực tuyến,11.0,24.0,6,,,,
Molecular Medicine.,5,Master's Degree,Có thể hoàn thành trực tuyến,11.0,11.0,11,,,,
Cosmetology and Related Personal Grooming Services.,1,Undergraduate Certificate or Diploma,Không xác định,11.0,13.0,2,,,,
"Crafts/Craft Design, Folk Art and Artisanry.",1,Undergraduate Certificate or Diploma,Có thể hoàn thành trực tuyến,11.0,11.0,7,,,,
Religious/Sacred Music.,8,Graduate/Professional Certificate,Có thể hoàn thành trực tuyến,11.0,8.0,7,,,,
Applied Statistics.,6,Doctoral Degree,Có thể hoàn thành trực tuyến,11.0,8.0,3,,,,
Systems Science and Theory.,2,Associate's Degree,Có thể hoàn thành trực tuyến,11.0,12.0,1,,,,
Heavy/Industrial Equipment Maintenance Technologies.,2,Associate's Degree,Không xác định,11.0,10.0,1,,,,
Geography and Cartography.,6,Doctoral Degree,Một phần có thể hoàn thành trực tuyến,11.0,10.0,1,,,,
Business/Corporate Communications.,1,Undergraduate Certificate or Diploma,Không xác định,11.0,2.0,5,,,,
Telecommunications Management.,5,Master's Degree,Có thể hoàn thành trực tuyến,11.0,16.0,3,,,,
Computer Science.,6,Doctoral Degree,Không xác định,11.0,7.0,3,,,,
"Linguistic, Comparative, and Related Language Studies and Services.",1,Undergraduate Certificate or Diploma,Một phần có thể hoàn thành trực tuyến,11.0,14.0,3,,,,
Holocaust and Related Studies.,5,Master's Degree,Không xác định,11.0,17.0,1,,,,
Geological and Earth Sciences/Geosciences.,8,Graduate/Professional Certificate,Không xác định,11.0,4.0,6,,,,
Classical and Ancient Studies.,5,Master's Degree,Có thể hoàn thành trực tuyến,11.0,11.0,10,,,,
"Human Development, Family Studies, and Related Services.",6,Doctoral Degree,Không xác định,11.0,8.0,1,,,66955.0,74835.0
Physical Science Technologies/Technicians.,2,Associate's Degree,Không xác định,11.0,17.0,1,,,42259.0,44840.0
"Arts, Entertainment,and Media Management.",2,Associate's Degree,Không xác định,11.0,8.0,3,,,,
Philosophy.,5,Master's Degree,Một phần có thể hoàn thành trực tuyến,11.0,14.0,3,,,,
Physical Science Technologies/Technicians.,5,Master's Degree,Có thể hoàn thành trực tuyến,11.0,0.0,2,,,,
Audiovisual Communications Technologies/Technicians.,1,Undergraduate Certificate or Diploma,Không xác định,11.0,9.0,3,,,,
Urban Studies/Affairs.,3,Bachelor's Degree,Một phần có thể hoàn thành trực tuyến,11.0,12.0,2,,,,
Urban Studies/Affairs.,2,Associate's Degree,Có thể hoàn thành trực tuyến,11.0,19.0,2,,,,
Fine and Studio Arts.,8,Graduate/Professional Certificate,Một phần có thể hoàn thành trực tuyến,11.0,1.0,2,,,,
Library Science and Administration.,3,Bachelor's Degree,Có thể hoàn thành trực tuyến,11.0,8.0,6,,,,
Agricultural and Domestic Animal Services.,3,Bachelor's Degree,Không xác định,11.0,5.0,1,,,,
Environmental Design.,2,Associate's Degree,Có thể hoàn thành trực tuyến,10.0,9.0,3,,,,
"Engineering, Other.",2,Associate's Degree,Có thể hoàn thành trực tuyến,10.0,14.0,8,,,,
Bible/Biblical Studies.,6,Doctoral Degree,Không xác định,10.0,8.0,3,,,,
"Natural Resources and Conservation, Other.",8,Graduate/Professional Certificate,Có thể hoàn thành trực tuyến,10.0,12.0,1,,,,
"Mechatronics, Robotics, and Automation Engineering.",8,Graduate/Professional Certificate,Không xác định,10.0,2.0,2,,,,
Curriculum and Instruction.,7,First Professional Degree,Có thể hoàn thành trực tuyến,10.0,10.0,1,,,,
Manufacturing Engineering.,1,Undergraduate Certificate or Diploma,Có thể hoàn thành trực tuyến,10.0,5.0,10,,,,
"Agriculture, Agriculture Operations, and Related Sciences, Other.",6,Doctoral Degree,Có thể hoàn thành trực tuyến,10.0,10.0,6,,,,
"Crafts/Craft Design, Folk Art and Artisanry.",1,Undergraduate Certificate or Diploma,Một phần có thể hoàn thành trực tuyến,10.0,15.0,1,,,,
Electrical Engineering Technologies/Technicians.,5,Master's Degree,Có thể hoàn thành trực tuyến,10.0,69.0,7,,,,
"Education, General.",7,First Professional Degree,Một phần có thể hoàn thành trực tuyến,10.0,9.0,2,,,,
Housing and Human Environments.,3,Bachelor's Degree,Một phần có thể hoàn thành trực tuyến,10.0,16.0,6,25683.0,38637.0,48770.0,51755.0
Economics.,6,Doctoral Degree,Một phần có thể hoàn thành trực tuyến,10.0,7.0,2,,,,
"Engineering Technologies/Technicians, Other.",5,Master's Degree,Không xác định,10.0,15.0,3,,61477.0,67822.0,77064.0
Manufacturing Engineering.,3,Bachelor's Degree,Không xác định,10.0,18.0,1,,,,
"Biochemistry, Biophysics and Molecular Biology.",2,Associate's Degree,Có thể hoàn thành trực tuyến,10.0,9.0,10,,,,
"Engineering Technologies/Technicians, Other.",2,Associate's Degree,Không xác định,10.0,13.0,2,,,,
Housing and Human Environments.,6,Doctoral Degree,Có thể hoàn thành trực tuyến,10.0,9.0,3,,,,
Gerontology.,2,Associate's Degree,Không xác định,10.0,6.0,2,,,,
"Engineering Technology, General.",6,Doctoral Degree,Có thể hoàn thành trực tuyến,10.0,6.0,2,,,,
"Biomathematics, Bioinformatics, and Computational Biology.",8,Graduate/Professional Certificate,Một phần có thể hoàn thành trực tuyến,10.0,8.0,2,,,,
Finance and Financial Management Services.,8,Graduate/Professional Certificate,Một phần có thể hoàn thành trực tuyến,10.0,8.0,8,,,,
"Education, General.",7,First Professional Degree,Có thể hoàn thành trực tuyến,10.0,16.0,6,,50568.0,51957.0,58073.0
"Engineering Technologies/Technicians, Other.",2,Associate's Degree,Một phần có thể hoàn thành trực tuyến,10.0,19.0,2,,,,
Soil Sciences.,8,Graduate/Professional Certificate,Một phần có thể hoàn thành trực tuyến,10.0,10.0,1,,,,
Mathematics.,1,Undergraduate Certificate or Diploma,Một phần có thể hoàn thành trực tuyến,10.0,0.0,1,,,,
"Science Technologies/Technicians, General.",1,Undergraduate Certificate or Diploma,Có thể hoàn thành trực tuyến,10.0,9.0,3,,,,
Mechanical Engineering Related Technologies/Technicians.,2,Associate's Degree,Một phần có thể hoàn thành trực tuyến,10.0,12.0,3,,,,
Biochemical Engineering.,5,Master's Degree,Một phần có thể hoàn thành trực tuyến,10.0,5.0,1,,,,
Mathematical Economics.,3,Bachelor's Degree,Có thể hoàn thành trực tuyến,10.0,11.0,3,,,,
Cultural Studies and Comparative Literature.,6,Doctoral Degree,Có thể hoàn thành trực tuyến,10.0,8.0,1,,,,
Naval Architecture and Marine Engineering.,1,Undergraduate Certificate or Diploma,Có thể hoàn thành trực tuyến,10.0,11.0,1,,,,
Fishing and Fisheries Sciences and Management.,1,Undergraduate Certificate or Diploma,Không xác định,10.0,8.0,1,,,,
"Building/Construction Finishing, Management, and Inspection.",1,Undergraduate Certificate or Diploma,Không xác định,10.0,11.0,2,,,,
International Relations and National Security Studies.,7,First Professional Degree,Có thể hoàn thành trực tuyến,10.0,0.0,1,,,,
Theological and Ministerial Studies.,2,Associate's Degree,Có thể hoàn thành trực tuyến,10.0,12.0,18,18938.0,,,
"Building/Construction Finishing, Management, and Inspection.",2,Associate's Degree,Không xác định,10.0,12.0,3,,,,
"Foods, Nutrition, and Related Services.",8,Graduate/Professional Certificate,Không xác định,10.0,7.0,7,,,,
Intercultural/Multicultural and Diversity Studies.,6,Doctoral Degree,Có thể hoàn thành trực tuyến,10.0,3.0,4,,,,
"Architecture and Related Services, Other.",8,Graduate/Professional Certificate,Có thể hoàn thành trực tuyến,10.0,14.0,6,,,,
Boilermaking/Boilermaker.,1,Undergraduate Certificate or Diploma,Có thể hoàn thành trực tuyến,10.0,34.0,4,,,,
Political Science and Government.,8,Graduate/Professional Certificate,Không xác định,10.0,20.0,5,,70803.0,,
Architectural Engineering Technologies/Technicians.,1,Undergraduate Certificate or Diploma,Một phần có thể hoàn thành trực tuyến,10.0,9.0,1,,,,
Plant Sciences.,8,Graduate/Professional Certificate,Không xác định,10.0,3.0,8,,,,
Historic Preservation and Conservation.,8,Graduate/Professional Certificate,Một phần có thể hoàn thành trực tuyến,10.0,16.0,2,,,,
Military Applied Sciences.,3,Bachelor's Degree,Không xác định,10.0,9.0,1,,,,50150.0
"Communication, Journalism, and Related Programs, Other.",5,Master's Degree,Không xác định,10.0,4.0,3,,,,
Holocaust and Related Studies.,5,Master's Degree,Một phần có thể hoàn thành trực tuyến,10.0,7.0,1,,,,
Medical Illustration and Informatics.,2,Associate's Degree,Không xác định,10.0,12.0,2,,,,
Energy Systems Technologies/Technicians.,8,Graduate/Professional Certificate,Không xác định,10.0,7.0,2,,,,
Religion/Religious Studies.,1,Undergraduate Certificate or Diploma,Không xác định,10.0,5.0,6,,,,
Physics.,3,Bachelor's Degree,Không xác định,10.0,11.0,2,,30503.0,,73544.0
Natural Sciences.,8,Graduate/Professional Certificate,Có thể hoàn thành trực tuyến,10.0,12.0,2,,,,
Human Biology.,6,Doctoral Degree,Có thể hoàn thành trực tuyến,10.0,5.0,4,,,,
Ocean Engineering.,8,Graduate/Professional Certificate,Không xác định,10.0,6.0,1,,,,
Operations Research.,5,Master's Degree,Không xác định,10.0,22.0,2,,,,
"Health Professions and Related Clinical Sciences, Other.",7,First Professional Degree,Một phần có thể hoàn thành trực tuyến,10.0,3.0,2,,,,
Apparel and Textiles.,5,Master's Degree,Một phần có thể hoàn thành trực tuyến,10.0,13.0,3,,,,
International Business.,1,Undergraduate Certificate or Diploma,Không xác định,10.0,6.0,10,,,,
International Business.,8,Graduate/Professional Certificate,Một phần có thể hoàn thành trực tuyến,10.0,3.0,4,,,,
Nuclear Engineering.,5,Master's Degree,Không xác định,10.0,4.0,3,,,,
"Theology and Religious Vocations, Other.",7,First Professional Degree,Một phần có thể hoàn thành trực tuyến,10.0,32.0,3,,,,
Legal Research and Advanced Professional Studies.,3,Bachelor's Degree,Không xác định,10.0,15.0,1,,,57055.0,54604.0
Dietetics and Clinical Nutrition Services.,6,Doctoral Degree,Có thể hoàn thành trực tuyến,10.0,14.0,3,,,,
Design and Applied Arts.,8,Graduate/Professional Certificate,Có thể hoàn thành trực tuyến,10.0,10.0,30,,,,
Economics.,8,Graduate/Professional Certificate,Một phần có thể hoàn thành trực tuyến,9.0,5.0,3,,,,
"English Language and Literature/Letters, Other.",8,Graduate/Professional Certificate,Có thể hoàn thành trực tuyến,9.0,25.0,5,,,,
Computer Software and Media Applications.,6,Doctoral Degree,Có thể hoàn thành trực tuyến,9.0,6.0,7,,,,
Intercultural/Multicultural and Diversity Studies.,2,Associate's Degree,Không xác định,9.0,2.0,3,,,,
"Southeast Asian and Australasian/Pacific Languages, Literatures, and Linguistics.",1,Undergraduate Certificate or Diploma,Có thể hoàn thành trực tuyến,9.0,6.0,3,,,,
"Social Sciences, Other.",6,Doctoral Degree,Một phần có thể hoàn thành trực tuyến,9.0,10.0,1,,,,
Data Processing.,5,Master's Degree,Không xác định,9.0,2.0,1,,,,
"Theology and Religious Vocations, Other.",8,Graduate/Professional Certificate,Một phần có thể hoàn thành trực tuyến,9.0,8.0,3,,,,
"East Asian Languages, Literatures, and Linguistics.",8,Graduate/Professional Certificate,Có thể hoàn thành trực tuyến,9.0,14.0,6,,,,
"Physiology, Pathology and Related Sciences.",7,First Professional Degree,Có thể hoàn thành trực tuyến,9.0,4.0,2,,,,
Human Computer Interaction.,6,Doctoral Degree,Có thể hoàn thành trực tuyến,9.0,9.0,4,,,,
Bioethics/Medical Ethics.,3,Bachelor's Degree,Không xác định,9.0,11.0,2,,,,
Literature.,5,Master's Degree,Một phần có thể hoàn thành trực tuyến,9.0,5.0,1,,,,
"Theology and Religious Vocations, Other.",8,Graduate/Professional Certificate,Không xác định,9.0,13.0,4,,,,
Business/Managerial Economics.,5,Master's Degree,Một phần có thể hoàn thành trực tuyến,9.0,10.0,2,,,,
International Business.,6,Doctoral Degree,Có thể hoàn thành trực tuyến,9.0,12.0,7,,,,
"Social Sciences, Other.",8,Graduate/Professional Certificate,Không xác định,9.0,9.0,2,,,,
Communication Disorders Sciences and Services.,7,First Professional Degree,Không xác định,9.0,31.0,1,,,,
Alternative and Complementary Medical Support Services.,2,Associate's Degree,Có thể hoàn thành trực tuyến,9.0,14.0,2,,,,
Nutrition Sciences.,3,Bachelor's Degree,Không xác định,9.0,6.0,1,,,,
Demography and Population Studies.,6,Doctoral Degree,Có thể hoàn thành trực tuyến,9.0,17.0,5,,,,
Geological and Earth Sciences/Geosciences.,6,Doctoral Degree,Một phần có thể hoàn thành trực tuyến,9.0,8.0,2,,,,
Physics and Astronomy.,5,Master's Degree,Có thể hoàn thành trực tuyến,9.0,37.0,1,,,,
Physical Sciences.,5,Master's Degree,Một phần có thể hoàn thành trực tuyến,9.0,11.0,2,,,,
Environmental/Environmental Health Engineering.,6,Doctoral Degree,Một phần có thể hoàn thành trực tuyến,9.0,14.0,3,,,,
Energy Systems Technologies/Technicians.,1,Undergraduate Certificate or Diploma,Không xác định,9.0,0.0,4,,,,
"Physical Sciences, Other.",8,Graduate/Professional Certificate,Có thể hoàn thành trực tuyến,9.0,15.0,3,,,,
"Mathematics and Statistics, Other.",1,Undergraduate Certificate or Diploma,Có thể hoàn thành trực tuyến,9.0,12.0,4,,,,
Applied Horticulture and Horticultural Business Services.,5,Master's Degree,Có thể hoàn thành trực tuyến,9.0,18.0,7,,,,
Research and Experimental Psychology.,6,Doctoral Degree,Không xác định,9.0,3.0,3,,,,
"Engineering Technology, General.",8,Graduate/Professional Certificate,Không xác định,9.0,21.0,2,,,,
Cultural Studies/Critical Theory and Analysis.,2,Associate's Degree,Không xác định,9.0,5.0,1,,,,
Movement and Mind-Body Therapies and Education.,5,Master's Degree,Không xác định,9.0,6.0,1,,,45510.0,50468.0
Archeology.,2,Associate's Degree,Có thể hoàn thành trực tuyến,9.0,7.0,6,,,,
Human Computer Interaction.,8,Graduate/Professional Certificate,Có thể hoàn thành trực tuyến,9.0,4.0,3,,,,
Earth Systems Science.,6,Doctoral Degree,Có thể hoàn thành trực tuyến,9.0,11.0,1,,,,
Medical Clinical Sciences/Graduate Medical Studies.,5,Master's Degree,Một phần có thể hoàn thành trực tuyến,9.0,7.0,1,,,,
"Engineering, General.",3,Bachelor's Degree,Không xác định,9.0,10.0,1,,,,
Religious Institution Administration and Law.,2,Associate's Degree,Không xác định,9.0,13.0,1,,,,
"Biological and Biomedical Sciences, Other.",8,Graduate/Professional Certificate,Có thể hoàn thành trực tuyến,9.0,2.0,8,,,,67678.0
Industrial Engineering.,2,Associate's Degree,Có thể hoàn thành trực tuyến,9.0,13.0,7,,,,
"Aerospace, Aeronautical and Astronautical Engineering.",8,Graduate/Professional Certificate,Có thể hoàn thành trực tuyến,9.0,10.0,7,,,,
"Precision Production Trades, General.",1,Undergraduate Certificate or Diploma,Không xác định,9.0,10.0,1,,,,
"Foreign Languages, Literatures, and Linguistics, Other.",8,Graduate/Professional Certificate,Không xác định,9.0,6.0,1,,,,
Alternative and Complementary Medical Support Services.,2,Associate's Degree,Không xác định,9.0,8.0,1,,,,
Missions/Missionary Studies and Missiology.,3,Bachelor's Degree,Không xác định,9.0,20.0,8,,,,
Construction Engineering.,3,Bachelor's Degree,Không xác định,9.0,11.0,1,,,,
Real Estate Development.,5,Master's Degree,Một phần có thể hoàn thành trực tuyến,9.0,12.0,2,,,,
Forestry.,2,Associate's Degree,Một phần có thể hoàn thành trực tuyến,9.0,13.0,4,,,,
Computer Engineering.,2,Associate's Degree,Một phần có thể hoàn thành trực tuyến,9.0,4.0,2,,,,
"Military Technologies and Applied Sciences, Other.",1,Undergraduate Certificate or Diploma,Không xác định,9.0,6.0,1,,,,
Family and Consumer Sciences/Human Sciences Business Services.,5,Master's Degree,Không xác định,9.0,17.0,3,,,,
"Family and Consumer Sciences/Human Sciences, General.",1,Undergraduate Certificate or Diploma,Có thể hoàn thành trực tuyến,9.0,3.0,4,,,,
Biotechnology.,6,Doctoral Degree,Có thể hoàn thành trực tuyến,9.0,15.0,10,,,,
Microbiological Sciences and Immunology.,2,Associate's Degree,Có thể hoàn thành trực tuyến,9.0,6.0,5,,,,
Botany/Plant Biology.,1,Undergraduate Certificate or Diploma,Có thể hoàn thành trực tuyến,9.0,1.0,2,,,,
"Public Administration and Social Service Professions, Other.",8,Graduate/Professional Certificate,Không xác định,9.0,11.0,3,,,,
Information Science/Studies.,8,Graduate/Professional Certificate,Một phần có thể hoàn thành trực tuyến,9.0,17.0,6,,,,
Communications Technology/Technician.,1,Undergraduate Certificate or Diploma,Không xác định,9.0,6.0,1,,,,
Agricultural Production Operations.,6,Doctoral Degree,Một phần có thể hoàn thành trực tuyến,9.0,10.0,1,,,,
Community/Environmental/Socially-Engaged Art.,3,Bachelor's Degree,Có thể hoàn thành trực tuyến,9.0,3.0,2,,,,
Intercultural/Multicultural and Diversity Studies.,1,Undergraduate Certificate or Diploma,Một phần có thể hoàn thành trực tuyến,8.0,5.0,1,,,,
Intercultural/Multicultural and Diversity Studies.,6,Doctoral Degree,Một phần có thể hoàn thành trực tuyến,8.0,4.0,2,,,,
Communications Technology/Technician.,5,Master's Degree,Một phần có thể hoàn thành trực tuyến,8.0,5.0,1,,,,
Movement and Mind-Body Therapies and Education.,8,Graduate/Professional Certificate,Có thể hoàn thành trực tuyến,8.0,6.0,8,,,,
Insurance.,1,Undergraduate Certificate or Diploma,Một phần có thể hoàn thành trực tuyến,8.0,1.0,3,,,,
Agricultural Production Operations.,2,Associate's Degree,Một phần có thể hoàn thành trực tuyến,8.0,11.0,4,,,,
"Heating, Air Conditioning, Ventilation and Refrigeration Maintenance Technology/Technician (HAC, HACR, HVAC, HVACR).",2,Associate's Degree,Một phần có thể hoàn thành trực tuyến,8.0,6.0,3,,,,
Architectural History and Criticism.,2,Associate's Degree,Có thể hoàn thành trực tuyến,8.0,3.0,1,,,,
"Legal Professions and Studies, Other.",1,Undergraduate Certificate or Diploma,Một phần có thể hoàn thành trực tuyến,8.0,9.0,1,,,,
"Legal Professions and Studies, Other.",1,Undergraduate Certificate or Diploma,Có thể hoàn thành trực tuyến,8.0,12.0,5,,,,
Accounting and Related Services.,6,Doctoral Degree,Không xác định,8.0,11.0,1,,,,
Military Systems and Maintenance Technology.,1,Undergraduate Certificate or Diploma,Không xác định,8.0,8.0,1,,,,
"Foods, Nutrition, and Related Services.",2,Associate's Degree,Một phần có thể hoàn thành trực tuyến,8.0,2.0,5,,,,
Public Policy Analysis.,6,Doctoral Degree,Không xác định,8.0,0.0,1,,,,
Microbiological Sciences and Immunology.,8,Graduate/Professional Certificate,Không xác định,8.0,3.0,2,,,,
"Family and Consumer Sciences/Human Sciences, General.",6,Doctoral Degree,Không xác định,8.0,14.0,1,,,,
"Family and Consumer Sciences/Human Sciences, Other.",5,Master's Degree,Có thể hoàn thành trực tuyến,8.0,5.0,3,,,,
"Mechanic and Repair Technologies/Technicians, Other.",2,Associate's Degree,Một phần có thể hoàn thành trực tuyến,8.0,9.0,1,,,55921.0,72369.0
Religious/Sacred Music.,6,Doctoral Degree,Có thể hoàn thành trực tuyến,8.0,12.0,7,,,,
Fine and Studio Arts.,1,Undergraduate Certificate or Diploma,Một phần có thể hoàn thành trực tuyến,8.0,10.0,4,,,,
Woodworking.,5,Master's Degree,Có thể hoàn thành trực tuyến,8.0,11.0,2,,,,
Manufacturing Engineering.,6,Doctoral Degree,Có thể hoàn thành trực tuyến,8.0,7.0,4,,,,
"Germanic Languages, Literatures, and Linguistics.",1,Undergraduate Certificate or Diploma,Một phần có thể hoàn thành trực tuyến,8.0,6.0,1,,,,
Soil Sciences.,5,Master's Degree,Một phần có thể hoàn thành trực tuyến,8.0,6.0,1,,,,
Maritime Studies.,5,Master's Degree,Có thể hoàn thành trực tuyến,8.0,15.0,2,,,,
"Engineering Technology, General.",8,Graduate/Professional Certificate,Có thể hoàn thành trực tuyến,8.0,7.0,2,,,,
Dance.,6,Doctoral Degree,Có thể hoàn thành trực tuyến,8.0,9.0,4,,,,
Management Sciences and Quantitative Methods.,6,Doctoral Degree,Một phần có thể hoàn thành trực tuyến,8.0,8.0,1,,,,
"Philosophy and Religious Studies, General.",6,Doctoral Degree,Một phần có thể hoàn thành trực tuyến,8.0,2.0,1,,,,
"Allied Health Diagnostic, Intervention, and Treatment Professions.",7,First Professional Degree,Có thể hoàn thành trực tuyến,8.0,9.0,2,,,,
Operations Research.,8,Graduate/Professional Certificate,Không xác định,8.0,7.0,1,,,,
Data Science.,3,Bachelor's Degree,Không xác định,8.0,0.0,2,,,,
Ophthalmic and Optometric Support Services and Allied Professions.,1,Undergraduate Certificate or Diploma,Không xác định,8.0,9.0,1,,,,
"Parks, Recreation and Leisure Facilities Management.",6,Doctoral Degree,Có thể hoàn thành trực tuyến,8.0,10.0,5,,,,
Electrical/Electronics Maintenance and Repair Technology.,2,Associate's Degree,Một phần có thể hoàn thành trực tuyến,8.0,13.0,3,,,,
Biochemical Engineering.,5,Master's Degree,Có thể hoàn thành trực tuyến,8.0,8.0,4,,,,
International Business.,6,Doctoral Degree,Không xác định,8.0,2.0,1,,,,
International and Comparative Education.,5,Master's Degree,Một phần có thể hoàn thành trực tuyến,8.0,1.0,2,,,,
Anthropology.,8,Graduate/Professional Certificate,Không xác định,8.0,2.0,3,,,,
Mathematics and Computer Science.,8,Graduate/Professional Certificate,Không xác định,8.0,2.0,2,,,,
Management Sciences and Quantitative Methods.,2,Associate's Degree,Không xác định,8.0,59.0,2,21380.0,40459.0,30359.0,24637.0
"Agriculture, General.",6,Doctoral Degree,Có thể hoàn thành trực tuyến,8.0,10.0,5,,,,
Management Information Systems and Services.,1,Undergraduate Certificate or Diploma,Một phần có thể hoàn thành trực tuyến,8.0,5.0,3,,,,
Agricultural Engineering.,2,Associate's Degree,Có thể hoàn thành trực tuyến,8.0,12.0,4,,,,
Natural Sciences.,6,Doctoral Degree,Có thể hoàn thành trực tuyến,8.0,10.0,3,,,,
Mechanical Engineering.,8,Graduate/Professional Certificate,Không xác định,8.0,10.0,5,,,,
Music.,2,Associate's Degree,Không xác định,8.0,24.0,8,,,,
Advanced/Graduate Dentistry and Oral Sciences.,1,Undergraduate Certificate or Diploma,Không xác định,8.0,25.0,1,,,,
Journalism.,1,Undergraduate Certificate or Diploma,Không xác định,8.0,5.0,1,,,,
Area Studies.,5,Master's Degree,Không xác định,8.0,8.0,2,,,,
Engineering-Related Technologies.,1,Undergraduate Certificate or Diploma,Một phần có thể hoàn thành trực tuyến,8.0,5.0,2,,,,
Agricultural Public Services.,8,Graduate/Professional Certificate,Không xác định,8.0,5.0,3,,,,
Music.,6,Doctoral Degree,Không xác định,8.0,0.0,1,,,,
Museology/Museum Studies.,3,Bachelor's Degree,Một phần có thể hoàn thành trực tuyến,8.0,3.0,1,,,,
Energy Systems Technologies/Technicians.,8,Graduate/Professional Certificate,Có thể hoàn thành trực tuyến,8.0,8.0,5,,,,
Religion/Religious Studies.,8,Graduate/Professional Certificate,Không xác định,8.0,8.0,7,,,,
Library Science and Administration.,6,Doctoral Degree,Một phần có thể hoàn thành trực tuyến,8.0,4.0,3,,,,
"Education, Other.",7,First Professional Degree,Không xác định,8.0,7.0,2,,,,
"Electrical, Electronics and Communications Engineering.",6,Doctoral Degree,Không xác định,7.0,4.0,1,,,,
Industrial Production Technologies/Technicians.,6,Doctoral Degree,Không xác định,7.0,9.0,1,,,,
Mining and Petroleum Technologies/Technicians.,1,Undergraduate Certificate or Diploma,Một phần có thể hoàn thành trực tuyến,7.0,6.0,3,,,42729.0,54529.0
Interior Architecture.,1,Undergraduate Certificate or Diploma,Có thể hoàn thành trực tuyến,7.0,3.0,2,,,,
Woodworking.,1,Undergraduate Certificate or Diploma,Một phần có thể hoàn thành trực tuyến,7.0,12.0,2,,,,
Data Analytics.,1,Undergraduate Certificate or Diploma,Không xác định,7.0,0.0,4,,,,
Atmospheric Sciences and Meteorology.,1,Undergraduate Certificate or Diploma,Có thể hoàn thành trực tuyến,7.0,3.0,2,,,,
Management Sciences and Quantitative Methods.,1,Undergraduate Certificate or Diploma,Một phần có thể hoàn thành trực tuyến,7.0,5.0,3,,,,
"Philosophy and Religious Studies, General.",3,Bachelor's Degree,Không xác định,7.0,3.0,2,,,,
Engineering-Related Technologies.,8,Graduate/Professional Certificate,Không xác định,7.0,4.0,1,,,,
Pharmacology and Toxicology.,8,Graduate/Professional Certificate,Không xác định,7.0,3.0,3,,,,
Pastoral Counseling and Specialized Ministries.,7,First Professional Degree,Một phần có thể hoàn thành trực tuyến,7.0,0.0,1,,,,
Gerontology.,2,Associate's Degree,Một phần có thể hoàn thành trực tuyến,7.0,5.0,2,,,,
"Visual and Performing Arts, Other.",2,Associate's Degree,Một phần có thể hoàn thành trực tuyến,7.0,10.0,1,,,,
Wildlife and Wildlands Science and Management.,2,Associate's Degree,Không xác định,7.0,9.0,2,,,,
"Business/Commerce, General.",6,Doctoral Degree,Một phần có thể hoàn thành trực tuyến,7.0,7.0,1,,,,
"Parks, Recreation and Leisure Studies.",6,Doctoral Degree,Có thể hoàn thành trực tuyến,7.0,14.0,7,,,,
Outdoor Education.,5,Master's Degree,Một phần có thể hoàn thành trực tuyến,7.0,0.0,1,,,,
Ophthalmic and Optometric Support Services and Allied Professions.,8,Graduate/Professional Certificate,Có thể hoàn thành trực tuyến,7.0,6.0,4,,,,
"Parks, Recreation, Leisure, and Fitness Studies, Other.",3,Bachelor's Degree,Một phần có thể hoàn thành trực tuyến,7.0,2.0,1,,,,
Materials Engineering,8,Graduate/Professional Certificate,Có thể hoàn thành trực tuyến,7.0,8.0,13,,,,
"Human Services, General.",8,Graduate/Professional Certificate,Không xác định,7.0,2.0,4,,,,
"Health Services/Allied Health/Health Sciences, General.",7,First Professional Degree,Không xác định,7.0,11.0,2,,,,
"Science Technologies/Technicians, Other.",5,Master's Degree,Không xác định,7.0,5.0,1,,,,
Health/Medical Preparatory Programs.,1,Undergraduate Certificate or Diploma,Một phần có thể hoàn thành trực tuyến,7.0,6.0,1,,,,
Cosmetology and Related Personal Grooming Services.,2,Associate's Degree,Không xác định,7.0,7.0,3,,,,
Law.,6,Doctoral Degree,Có thể hoàn thành trực tuyến,7.0,9.0,11,,69917.0,86758.0,104847.0
Entrepreneurial and Small Business Operations.,6,Doctoral Degree,Có thể hoàn thành trực tuyến,7.0,0.0,5,,,,
"Business, Management, Marketing, and Related Support Services, Other.",6,Doctoral Degree,Không xác định,7.0,1.0,4,,,,
"Engineering, General.",8,Graduate/Professional Certificate,Một phần có thể hoàn thành trực tuyến,7.0,0.0,3,,,,
Construction Management.,8,Graduate/Professional Certificate,Không xác định,7.0,6.0,3,,,,
Missions/Missionary Studies and Missiology.,2,Associate's Degree,Không xác định,7.0,9.0,4,,,,
Family and Consumer Sciences/Human Sciences Business Services.,6,Doctoral Degree,Có thể hoàn thành trực tuyến,7.0,5.0,1,,,,
Medieval and Renaissance Studies.,6,Doctoral Degree,Có thể hoàn thành trực tuyến,7.0,16.0,9,,,,
"Middle/Near Eastern and Semitic Languages, Literatures, and Linguistics.",8,Graduate/Professional Certificate,Có thể hoàn thành trực tuyến,7.0,7.0,5,,,,
Systems Engineering.,6,Doctoral Degree,Một phần có thể hoàn thành trực tuyến,7.0,6.0,2,,,,
Interior Architecture.,2,Associate's Degree,Có thể hoàn thành trực tuyến,7.0,4.0,3,,,,
Agricultural Production Operations.,8,Graduate/Professional Certificate,Có thể hoàn thành trực tuyến,7.0,4.0,7,,,,
Biological and Physical Sciences.,3,Bachelor's Degree,Một phần có thể hoàn thành trực tuyến,7.0,8.0,3,,,,
Veterinary Biomedical and Clinical Sciences.,8,Graduate/Professional Certificate,Không xác định,7.0,2.0,2,,,,
Insurance.,3,Bachelor's Degree,Một phần có thể hoàn thành trực tuyến,7.0,4.0,3,,,,
"Arts, Entertainment,and Media Management.",6,Doctoral Degree,Có thể hoàn thành trực tuyến,7.0,8.0,1,,,,
Peace Studies and Conflict Resolution.,8,Graduate/Professional Certificate,Không xác định,7.0,9.0,1,,,,
Intercultural/Multicultural and Diversity Studies.,1,Undergraduate Certificate or Diploma,Không xác định,7.0,4.0,5,,,,
Accounting and Computer Science.,3,Bachelor's Degree,Có thể hoàn thành trực tuyến,7.0,5.0,1,,,,
Health/Medical Preparatory Programs.,5,Master's Degree,Không xác định,7.0,8.0,2,,,,
Insurance.,2,Associate's Degree,Không xác định,7.0,6.0,8,,,,
"Education, Other.",2,Associate's Degree,Có thể hoàn thành trực tuyến,7.0,13.0,10,,,30761.0,34732.0
Physics.,8,Graduate/Professional Certificate,Một phần có thể hoàn thành trực tuyến,7.0,4.0,2,,,,
"Biochemistry, Biophysics and Molecular Biology.",8,Graduate/Professional Certificate,Một phần có thể hoàn thành trực tuyến,7.0,6.0,1,,,,
Industrial Engineering.,3,Bachelor's Degree,Không xác định,7.0,11.0,1,,,,
Audiovisual Communications Technologies/Technicians.,5,Master's Degree,Không xác định,7.0,16.0,1,,,,
Homeland Security.,6,Doctoral Degree,Có thể hoàn thành trực tuyến,7.0,0.0,2,,,,
"Communications Technologies/Technicians and Support Services, Other.",5,Master's Degree,Một phần có thể hoàn thành trực tuyến,7.0,2.0,1,,,,
"Linguistic, Comparative, and Related Language Studies and Services.",8,Graduate/Professional Certificate,Một phần có thể hoàn thành trực tuyến,7.0,0.0,1,,,,
Special Education and Teaching.,6,Doctoral Degree,Không xác định,7.0,8.0,4,,,,
Civil Engineering Technologies/Technicians.,2,Associate's Degree,Một phần có thể hoàn thành trực tuyến,7.0,9.0,3,,,,
Plant Sciences.,8,Graduate/Professional Certificate,Một phần có thể hoàn thành trực tuyến,7.0,13.0,2,,,,
Geography and Cartography.,2,Associate's Degree,Không xác định,7.0,12.0,7,,,,
Family and Consumer Economics and Related Studies.,2,Associate's Degree,Có thể hoàn thành trực tuyến,7.0,9.0,2,,,,
"Multi/Interdisciplinary Studies, Other.",1,Undergraduate Certificate or Diploma,Không xác định,7.0,6.0,6,,,,
"Business, Management, Marketing, and Related Support Services, Other.",1,Undergraduate Certificate or Diploma,Không xác định,7.0,16.0,5,,,,
"Precision Production Trades, General.",2,Associate's Degree,Có thể hoàn thành trực tuyến,7.0,3.0,3,,,,
Human Computer Interaction.,8,Graduate/Professional Certificate,Một phần có thể hoàn thành trực tuyến,7.0,3.0,2,,,,
Construction Engineering Technologies.,6,Doctoral Degree,Có thể hoàn thành trực tuyến,7.0,2.0,1,,,,
Rehabilitation and Therapeutic Professions.,2,Associate's Degree,Không xác định,7.0,7.0,2,,,,
Air Transportation.,8,Graduate/Professional Certificate,Không xác định,7.0,0.0,3,,,,
"Liberal Arts and Sciences, General Studies and Humanities.",8,Graduate/Professional Certificate,Một phần có thể hoàn thành trực tuyến,7.0,8.0,2,,,,
Applied Mathematics.,3,Bachelor's Degree,Một phần có thể hoàn thành trực tuyến,7.0,7.0,2,,,,
Materials Sciences.,1,Undergraduate Certificate or Diploma,Có thể hoàn thành trực tuyến,7.0,3.0,1,,,,
"Science Technologies/Technicians, General.",3,Bachelor's Degree,Có thể hoàn thành trực tuyến,7.0,3.0,4,,,,
Demography and Population Studies.,1,Undergraduate Certificate or Diploma,Có thể hoàn thành trực tuyến,7.0,6.0,2,,,,
Animal Sciences.,8,Graduate/Professional Certificate,Có thể hoàn thành trực tuyến,7.0,5.0,3,,,,
Educational Administration and Supervision.,2,Associate's Degree,Một phần có thể hoàn thành trực tuyến,7.0,6.0,1,,,,
Engineering Physics.,8,Graduate/Professional Certificate,Có thể hoàn thành trực tuyến,7.0,1.0,3,,,,
Energy Systems Technologies/Technicians.,2,Associate's Degree,Một phần có thể hoàn thành trực tuyến,7.0,9.0,3,,,,
Taxation.,8,Graduate/Professional Certificate,Không xác định,6.0,9.0,3,,,,
Mental and Social Health Services and Allied Professions.,7,First Professional Degree,Một phần có thể hoàn thành trực tuyến,6.0,0.0,1,,,,
Historic Preservation and Conservation.,2,Associate's Degree,Có thể hoàn thành trực tuyến,6.0,8.0,5,,,,
Historic Preservation and Conservation.,1,Undergraduate Certificate or Diploma,Không xác định,6.0,3.0,1,,,,
"Psychology, Other.",6,Doctoral Degree,Một phần có thể hoàn thành trực tuyến,6.0,15.0,1,,,,
Wildlife and Wildlands Science and Management.,8,Graduate/Professional Certificate,Có thể hoàn thành trực tuyến,6.0,2.0,4,,,,
Biological and Physical Sciences.,8,Graduate/Professional Certificate,Không xác định,6.0,6.0,1,,,,
"Architecture and Related Services, Other.",5,Master's Degree,Không xác định,6.0,8.0,1,,,,
"Arts, Entertainment,and Media Management.",8,Graduate/Professional Certificate,Một phần có thể hoàn thành trực tuyến,6.0,4.0,1,,,,
"Classics and Classical Languages, Literatures, and Linguistics.",8,Graduate/Professional Certificate,Không xác định,6.0,3.0,1,,,,
Community Organization and Advocacy.,6,Doctoral Degree,Một phần có thể hoàn thành trực tuyến,6.0,11.0,1,,,,
Environmental Geosciences.,5,Master's Degree,Có thể hoàn thành trực tuyến,6.0,0.0,1,,,,
Agriculture/Veterinary Preparatory Programs.,2,Associate's Degree,Một phần có thể hoàn thành trực tuyến,6.0,14.0,2,,,,
Architectural Engineering.,6,Doctoral Degree,Có thể hoàn thành trực tuyến,6.0,16.0,5,,,,
Military Applied Sciences.,2,Associate's Degree,Có thể hoàn thành trực tuyến,6.0,8.0,1,,,,
Computer Engineering Technologies/Technicians.,8,Graduate/Professional Certificate,Có thể hoàn thành trực tuyến,6.0,3.0,3,,,,
Construction Engineering.,8,Graduate/Professional Certificate,Có thể hoàn thành trực tuyến,6.0,15.0,9,,,,
"General Sales, Merchandising and Related Marketing Operations.",8,Graduate/Professional Certificate,Không xác định,6.0,1.0,3,,,,
Electrical Engineering Technologies/Technicians.,5,Master's Degree,Một phần có thể hoàn thành trực tuyến,6.0,14.0,1,,,,
Pastoral Counseling and Specialized Ministries.,7,First Professional Degree,Không xác định,6.0,2.0,1,,,,
Computer Science.,1,Undergraduate Certificate or Diploma,Không xác định,6.0,0.0,1,,,,
"Specialized Sales, Merchandising and  Marketing Operations.",5,Master's Degree,Một phần có thể hoàn thành trực tuyến,6.0,7.0,3,,,,
Movement and Mind-Body Therapies and Education.,5,Master's Degree,Có thể hoàn thành trực tuyến,6.0,22.0,4,,47970.0,,49342.0
Plant Sciences.,7,First Professional Degree,Có thể hoàn thành trực tuyến,6.0,2.0,1,,,,
Telecommunications Management.,3,Bachelor's Degree,Có thể hoàn thành trực tuyến,6.0,3.0,3,,,,
Biology Technician/Biotechnology Laboratory Technician.,3,Bachelor's Degree,Không xác định,6.0,8.0,1,,,,
Naval Architecture and Marine Engineering.,8,Graduate/Professional Certificate,Không xác định,6.0,12.0,1,,,,
Linguistics and Computer Science.,5,Master's Degree,Có thể hoàn thành trực tuyến,6.0,6.0,1,,,,
"Physiology, Pathology and Related Sciences.",8,Graduate/Professional Certificate,Có thể hoàn thành trực tuyến,6.0,14.0,10,,,,
Agricultural Engineering.,8,Graduate/Professional Certificate,Có thể hoàn thành trực tuyến,6.0,1.0,4,,,,
Bible/Biblical Studies.,8,Graduate/Professional Certificate,Có thể hoàn thành trực tuyến,6.0,10.0,9,,,,
Atmospheric Sciences and Meteorology.,5,Master's Degree,Một phần có thể hoàn thành trực tuyến,6.0,13.0,1,,,,
Surveying Engineering.,5,Master's Degree,Có thể hoàn thành trực tuyến,6.0,7.0,2,,,,
Student Counseling and Personnel Services.,1,Undergraduate Certificate or Diploma,Không xác định,6.0,5.0,2,,,,
Medicine.,8,Graduate/Professional Certificate,Không xác định,6.0,0.0,1,,,,
Medical Illustration and Informatics.,1,Undergraduate Certificate or Diploma,Không xác định,6.0,12.0,3,,,,
"Natural Resources and Conservation, Other.",8,Graduate/Professional Certificate,Không xác định,6.0,0.0,2,,,,
Classical and Ancient Studies.,6,Doctoral Degree,Có thể hoàn thành trực tuyến,6.0,12.0,7,,,,
Agricultural and Food Products Processing.,1,Undergraduate Certificate or Diploma,Không xác định,6.0,8.0,1,,,,
Student Counseling and Personnel Services.,2,Associate's Degree,Có thể hoàn thành trực tuyến,6.0,0.0,1,,,,
"Social Sciences, General.",6,Doctoral Degree,Có thể hoàn thành trực tuyến,6.0,17.0,9,,,,
Apparel and Textiles.,6,Doctoral Degree,Có thể hoàn thành trực tuyến,6.0,12.0,8,,,,
Security Science and Technology.,6,Doctoral Degree,Có thể hoàn thành trực tuyến,6.0,19.0,5,,,,
"Building/Construction Finishing, Management, and Inspection.",3,Bachelor's Degree,Một phần có thể hoàn thành trực tuyến,6.0,5.0,1,,,,
"Communications Technologies/Technicians and Support Services, Other.",5,Master's Degree,Có thể hoàn thành trực tuyến,6.0,12.0,2,,,,
"Computer and Information Sciences and Support Services, Other.",2,Associate's Degree,Một phần có thể hoàn thành trực tuyến,6.0,3.0,2,,,,
"Science, Technology and Society.",2,Associate's Degree,Có thể hoàn thành trực tuyến,6.0,3.0,5,,,,
"Science Technologies/Technicians, Other.",8,Graduate/Professional Certificate,Có thể hoàn thành trực tuyến,6.0,9.0,3,,,,
Fishing and Fisheries Sciences and Management.,6,Doctoral Degree,Một phần có thể hoàn thành trực tuyến,6.0,7.0,1,,,,
"Communications Technologies/Technicians and Support Services, Other.",3,Bachelor's Degree,Một phần có thể hoàn thành trực tuyến,6.0,1.0,2,,,,
Telecommunications Management.,8,Graduate/Professional Certificate,Không xác định,6.0,1.0,3,,,,
"Germanic Languages, Literatures, and Linguistics.",8,Graduate/Professional Certificate,Có thể hoàn thành trực tuyến,6.0,4.0,5,,,,
Curriculum and Instruction.,7,First Professional Degree,Không xác định,6.0,28.0,1,,,,
Peace Studies and Conflict Resolution.,1,Undergraduate Certificate or Diploma,Không xác định,6.0,9.0,1,35500.0,,,
Accounting and Computer Science.,5,Master's Degree,Có thể hoàn thành trực tuyến,6.0,6.0,3,,,,
Anthropology.,8,Graduate/Professional Certificate,Một phần có thể hoàn thành trực tuyến,6.0,3.0,4,,,,
Insurance.,2,Associate's Degree,Có thể hoàn thành trực tuyến,5.0,6.0,12,,,,
Biological/Biosystems Engineering.,5,Master's Degree,Không xác định,5.0,2.0,1,,,,
Sociology.,8,Graduate/Professional Certificate,Không xác định,5.0,7.0,1,,,,
Applied Horticulture and Horticultural Business Services.,1,Undergraduate Certificate or Diploma,Không xác định,5.0,1.0,2,,,,
Intercultural/Multicultural and Diversity Studies.,2,Associate's Degree,Có thể hoàn thành trực tuyến,5.0,6.0,5,,,,
Management Sciences and Quantitative Methods.,6,Doctoral Degree,Không xác định,5.0,6.0,2,,,,
Computer Systems Networking and Telecommunications.,8,Graduate/Professional Certificate,Có thể hoàn thành trực tuyến,5.0,4.0,14,,72251.0,71949.0,86388.0
Ceramic Sciences and Engineering.,6,Doctoral Degree,Có thể hoàn thành trực tuyến,5.0,5.0,4,,,,
"Family and Consumer Sciences/Human Sciences, General.",2,Associate's Degree,Một phần có thể hoàn thành trực tuyến,5.0,3.0,1,,,,
Literature.,8,Graduate/Professional Certificate,Có thể hoàn thành trực tuyến,5.0,5.0,6,,,,
"Mechatronics, Robotics, and Automation Engineering.",1,Undergraduate Certificate or Diploma,Một phần có thể hoàn thành trực tuyến,5.0,10.0,2,,,,
Human Biology.,5,Master's Degree,Có thể hoàn thành trực tuyến,5.0,1.0,2,,,,
Cell/Cellular Biology and Anatomical Sciences.,2,Associate's Degree,Có thể hoàn thành trực tuyến,5.0,5.0,1,,,,
Mathematics.,6,Doctoral Degree,Một phần có thể hoàn thành trực tuyến,5.0,2.0,1,,,,
"Slavic, Baltic and Albanian Languages, Literatures, and Linguistics.",8,Graduate/Professional Certificate,Có thể hoàn thành trực tuyến,5.0,9.0,3,,,,
Civil Engineering Technologies/Technicians.,5,Master's Degree,Một phần có thể hoàn thành trực tuyến,5.0,0.0,1,,,,
Marine Transportation.,2,Associate's Degree,Không xác định,5.0,7.0,1,,,,
"Biochemistry, Biophysics and Molecular Biology.",5,Master's Degree,Không xác định,5.0,9.0,1,,,,
Geological and Earth Sciences/Geosciences.,5,Master's Degree,Không xác định,5.0,9.0,1,,,,
"Area, Ethnic, Cultural, and Gender Studies, Other.",8,Graduate/Professional Certificate,Có thể hoàn thành trực tuyến,5.0,0.0,1,,,,
Paper Science and Engineering.,3,Bachelor's Degree,Một phần có thể hoàn thành trực tuyến,5.0,18.0,1,27379.0,86401.0,,
Museology/Museum Studies.,1,Undergraduate Certificate or Diploma,Không xác định,5.0,5.0,1,,,,
Computational Science.,8,Graduate/Professional Certificate,Một phần có thể hoàn thành trực tuyến,5.0,5.0,1,,,,
Biology Technician/Biotechnology Laboratory Technician.,2,Associate's Degree,Không xác định,5.0,8.0,1,,,,
Geological/Geophysical Engineering.,8,Graduate/Professional Certificate,Có thể hoàn thành trực tuyến,5.0,2.0,2,,,,
Telecommunications Management.,5,Master's Degree,Không xác định,5.0,2.0,2,,,,
Veterinary Administrative Services.,8,Graduate/Professional Certificate,Không xác định,5.0,0.0,1,,,,
Industrial Engineering.,8,Graduate/Professional Certificate,Một phần có thể hoàn thành trực tuyến,5.0,15.0,3,,,,
Veterinary Administrative Services.,3,Bachelor's Degree,Không xác định,5.0,45.0,1,,,,
Drama/Theatre Arts and Stagecraft.,8,Graduate/Professional Certificate,Một phần có thể hoàn thành trực tuyến,5.0,0.0,1,,,,
Cognitive Science.,3,Bachelor's Degree,Không xác định,5.0,0.0,1,,,,
Engineering-Related Technologies.,6,Doctoral Degree,Có thể hoàn thành trực tuyến,5.0,2.0,2,,,,
Chemical Engineering.,2,Associate's Degree,Không xác định,5.0,4.0,1,,,,
"Bilingual, Multilingual, and Multicultural Education.",2,Associate's Degree,Có thể hoàn thành trực tuyến,5.0,1.0,7,,,,
Drama/Theatre Arts and Stagecraft.,3,Bachelor's Degree,Không xác định,5.0,3.0,2,,,,
Agricultural Mechanization.,2,Associate's Degree,Một phần có thể hoàn thành trực tuyến,5.0,33.0,1,,,,53716.0
Missions/Missionary Studies and Missiology.,2,Associate's Degree,Một phần có thể hoàn thành trực tuyến,5.0,13.0,3,,,,
"Architecture and Related Services, Other.",2,Associate's Degree,Có thể hoàn thành trực tuyến,5.0,3.0,2,,,,
Public Administration.,1,Undergraduate Certificate or Diploma,Một phần có thể hoàn thành trực tuyến,5.0,10.0,1,,,,
Systems Science and Theory.,8,Graduate/Professional Certificate,Không xác định,5.0,4.0,1,,,,
Missions/Missionary Studies and Missiology.,1,Undergraduate Certificate or Diploma,Không xác định,5.0,6.0,5,,,,
Movement and Mind-Body Therapies and Education.,6,Doctoral Degree,Có thể hoàn thành trực tuyến,5.0,14.0,1,,,,
Taxation.,2,Associate's Degree,Không xác định,5.0,3.0,1,,,,
Taxation.,3,Bachelor's Degree,Có thể hoàn thành trực tuyến,5.0,4.0,3,,,,
"Communication, Journalism, and Related Programs, Other.",6,Doctoral Degree,Có thể hoàn thành trực tuyến,5.0,4.0,2,,,,
"Communication, Journalism, and Related Programs, Other.",6,Doctoral Degree,Một phần có thể hoàn thành trực tuyến,5.0,1.0,1,,,,
Construction Engineering.,5,Master's Degree,Không xác định,5.0,4.0,1,,,,
"Middle/Near Eastern and Semitic Languages, Literatures, and Linguistics.",1,Undergraduate Certificate or Diploma,Không xác định,5.0,0.0,1,,,,
"Liberal Arts and Sciences, General Studies and Humanities.",6,Doctoral Degree,Một phần có thể hoàn thành trực tuyến,5.0,8.0,3,,,,
Engineering-Related Technologies.,2,Associate's Degree,Một phần có thể hoàn thành trực tuyến,5.0,4.0,1,,,,
Teaching Assistants/Aides.,8,Graduate/Professional Certificate,Không xác định,5.0,5.0,1,,,,
Nanotechnology.,3,Bachelor's Degree,Có thể hoàn thành trực tuyến,5.0,10.0,3,,,,
Nanotechnology.,2,Associate's Degree,Có thể hoàn thành trực tuyến,5.0,12.0,11,,,,
Nanotechnology.,8,Graduate/Professional Certificate,Có thể hoàn thành trực tuyến,5.0,6.0,5,,,,
Journalism.,8,Graduate/Professional Certificate,Không xác định,5.0,3.0,3,,,,
Alternative and Complementary Medicine and Medical Systems.,7,First Professional Degree,Không xác định,5.0,2.0,1,,,,
Journalism.,2,Associate's Degree,Không xác định,5.0,8.0,5,,,,
Political Science and Government.,8,Graduate/Professional Certificate,Một phần có thể hoàn thành trực tuyến,5.0,5.0,2,,,,
"Parks, Recreation, Leisure, and Fitness Studies, Other.",6,Doctoral Degree,Có thể hoàn thành trực tuyến,5.0,5.0,1,,,,
Petroleum Engineering.,8,Graduate/Professional Certificate,Có thể hoàn thành trực tuyến,5.0,5.0,7,,,,
"Parks, Recreation and Leisure Facilities Management.",6,Doctoral Degree,Một phần có thể hoàn thành trực tuyến,5.0,14.0,1,,,,
Astronomy and Astrophysics.,3,Bachelor's Degree,Một phần có thể hoàn thành trực tuyến,5.0,2.0,1,,,,
Philosophy.,6,Doctoral Degree,Một phần có thể hoàn thành trực tuyến,5.0,2.0,1,,,,
Industrial Production Technologies/Technicians.,6,Doctoral Degree,Có thể hoàn thành trực tuyến,4.0,5.0,2,,,,
Community Organization and Advocacy.,1,Undergraduate Certificate or Diploma,Một phần có thể hoàn thành trực tuyến,4.0,0.0,1,,,,
Biological and Physical Sciences.,8,Graduate/Professional Certificate,Có thể hoàn thành trực tuyến,4.0,14.0,9,,,,
Materials Engineering,2,Associate's Degree,Có thể hoàn thành trực tuyến,4.0,7.0,2,,,,
"Biochemistry, Biophysics and Molecular Biology.",1,Undergraduate Certificate or Diploma,Có thể hoàn thành trực tuyến,4.0,4.0,4,,,,
"Education, General.",1,Undergraduate Certificate or Diploma,Một phần có thể hoàn thành trực tuyến,4.0,5.0,1,,,,
Somatic Bodywork and Related Therapeutic Services.,2,Associate's Degree,Không xác định,4.0,2.0,1,,,,
"Agriculture, General.",1,Undergraduate Certificate or Diploma,Một phần có thể hoàn thành trực tuyến,4.0,13.0,3,,,,
Intercultural/Multicultural and Diversity Studies.,8,Graduate/Professional Certificate,Không xác định,4.0,2.0,4,,,,48444.0
Zoology/Animal Biology.,8,Graduate/Professional Certificate,Một phần có thể hoàn thành trực tuyến,4.0,7.0,1,,,,
Zoology/Animal Biology.,1,Undergraduate Certificate or Diploma,Một phần có thể hoàn thành trực tuyến,4.0,2.0,1,,,,
Holocaust and Related Studies.,8,Graduate/Professional Certificate,Không xác định,4.0,7.0,2,,,,
Religious Education.,8,Graduate/Professional Certificate,Không xác định,4.0,24.0,3,,,,
Earth Systems Science.,5,Master's Degree,Có thể hoàn thành trực tuyến,4.0,6.0,1,,,,
Statistics.,6,Doctoral Degree,Một phần có thể hoàn thành trực tuyến,4.0,2.0,2,,,,
Animal Sciences.,8,Graduate/Professional Certificate,Không xác định,4.0,4.0,1,,,,
Food Science and Technology.,2,Associate's Degree,Không xác định,4.0,0.0,2,,,,
Communication Disorders Sciences and Services.,1,Undergraduate Certificate or Diploma,Không xác định,4.0,3.0,2,,,,
"Communication, Journalism, and Related Programs, Other.",8,Graduate/Professional Certificate,Có thể hoàn thành trực tuyến,4.0,4.0,10,,,,
Political Science and Government.,6,Doctoral Degree,Một phần có thể hoàn thành trực tuyến,4.0,5.0,1,,,,
Geography and Cartography.,6,Doctoral Degree,Không xác định,4.0,5.0,1,,,,
Landscape Architecture.,5,Master's Degree,Không xác định,4.0,7.0,1,,,,
Advanced/Graduate Dentistry and Oral Sciences.,2,Associate's Degree,Có thể hoàn thành trực tuyến,4.0,0.0,1,,,,
"Legal Professions and Studies, Other.",7,First Professional Degree,Có thể hoàn thành trực tuyến,4.0,4.0,1,,,,
"Architecture and Related Services, Other.",1,Undergraduate Certificate or Diploma,Có thể hoàn thành trực tuyến,4.0,1.0,2,,,,
"Military Technologies and Applied Sciences, Other.",5,Master's Degree,Có thể hoàn thành trực tuyến,4.0,43.0,3,,,,
Public Administration.,6,Doctoral Degree,Một phần có thể hoàn thành trực tuyến,4.0,4.0,1,,,,
Library Science and Administration.,6,Doctoral Degree,Có thể hoàn thành trực tuyến,4.0,24.0,8,,,,
"East Asian Languages, Literatures, and Linguistics.",3,Bachelor's Degree,Một phần có thể hoàn thành trực tuyến,4.0,11.0,1,,,,
Religious Education.,1,Undergraduate Certificate or Diploma,Có thể hoàn thành trực tuyến,4.0,1.0,10,,,,
Architectural Engineering Technologies/Technicians.,1,Undergraduate Certificate or Diploma,Không xác định,4.0,7.0,2,,,,
"Aerospace, Aeronautical and Astronautical Engineering.",6,Doctoral Degree,Một phần có thể hoàn thành trực tuyến,4.0,3.0,2,,,,
Archeology.,8,Graduate/Professional Certificate,Có thể hoàn thành trực tuyến,4.0,4.0,3,,,,
History and Political Science.,3,Bachelor's Degree,Một phần có thể hoàn thành trực tuyến,4.0,3.0,1,,,,
History and Political Science.,5,Master's Degree,Có thể hoàn thành trực tuyến,4.0,0.0,1,,,,
Air Transportation.,6,Doctoral Degree,Có thể hoàn thành trực tuyến,4.0,5.0,2,,,,
Mathematics and Computer Science.,8,Graduate/Professional Certificate,Có thể hoàn thành trực tuyến,4.0,5.0,4,,,,
Management Information Systems and Services.,2,Associate's Degree,Một phần có thể hoàn thành trực tuyến,4.0,8.0,4,,,,
Bioethics/Medical Ethics.,1,Undergraduate Certificate or Diploma,Không xác định,4.0,2.0,3,,,,
"Bilingual, Multilingual, and Multicultural Education.",6,Doctoral Degree,Một phần có thể hoàn thành trực tuyến,4.0,5.0,1,,,,
Maritime Studies.,1,Undergraduate Certificate or Diploma,Có thể hoàn thành trực tuyến,4.0,3.0,1,,,,
"Mathematics and Statistics, Other.",1,Undergraduate Certificate or Diploma,Một phần có thể hoàn thành trực tuyến,4.0,4.0,1,,,,
"Bilingual, Multilingual, and Multicultural Education.",1,Undergraduate Certificate or Diploma,Một phần có thể hoàn thành trực tuyến,4.0,3.0,1,,,,
Audiovisual Communications Technologies/Technicians.,2,Associate's Degree,Không xác định,4.0,8.0,2,,,,
"Human Services, General.",8,Graduate/Professional Certificate,Một phần có thể hoàn thành trực tuyến,4.0,1.0,3,,,,
"Iranian/Persian Languages, Literatures, and Linguistics.",3,Bachelor's Degree,Có thể hoàn thành trực tuyến,4.0,3.0,2,,,,
International and Comparative Education.,6,Doctoral Degree,Một phần có thể hoàn thành trực tuyến,4.0,3.0,1,,,,
Landscape Architecture.,8,Graduate/Professional Certificate,Có thể hoàn thành trực tuyến,4.0,5.0,6,,,,
Family and Consumer Economics and Related Studies.,5,Master's Degree,Có thể hoàn thành trực tuyến,4.0,12.0,4,,47736.0,50479.0,56495.0
"Practical Nursing, Vocational Nursing and Nursing Assistants.",7,First Professional Degree,Không xác định,4.0,0.0,1,,,,
Teaching English or French as a Second or Foreign Language.,3,Bachelor's Degree,Một phần có thể hoàn thành trực tuyến,4.0,7.0,3,,,,
"Physical Sciences, Other.",5,Master's Degree,Không xác định,4.0,8.0,2,,,,
Naval Architecture and Marine Engineering.,6,Doctoral Degree,Có thể hoàn thành trực tuyến,4.0,8.0,1,,,,
International Relations and National Security Studies.,2,Associate's Degree,Một phần có thể hoàn thành trực tuyến,4.0,3.0,3,,,,
Textile Sciences and Engineering.,8,Graduate/Professional Certificate,Không xác định,4.0,8.0,1,,,,
"Multi-/Interdisciplinary Studies, General.",6,Doctoral Degree,Không xác định,4.0,0.0,1,,,,
Culinary Arts and Related Services.,3,Bachelor's Degree,Không xác định,4.0,11.0,1,31109.0,36029.0,37703.0,42293.0
"Engineering, General.",7,First Professional Degree,Có thể hoàn thành trực tuyến,4.0,0.0,1,,,,
Agricultural Engineering.,5,Master's Degree,Không xác định,4.0,7.0,1,,,,
Design and Applied Arts.,6,Doctoral Degree,Có thể hoàn thành trực tuyến,4.0,11.0,6,,,,
"Classics and Classical Languages, Literatures, and Linguistics.",3,Bachelor's Degree,Một phần có thể hoàn thành trực tuyến,4.0,2.0,1,,,,
Botany/Plant Biology.,2,Associate's Degree,Có thể hoàn thành trực tuyến,4.0,3.0,3,,,,
Nuclear Engineering.,8,Graduate/Professional Certificate,Có thể hoàn thành trực tuyến,4.0,7.0,6,,,,
Demography and Population Studies.,8,Graduate/Professional Certificate,Có thể hoàn thành trực tuyến,4.0,2.0,6,,,,
Outdoor Education.,2,Associate's Degree,Một phần có thể hoàn thành trực tuyến,4.0,7.0,1,,,,
"Arts, Entertainment,and Media Management.",1,Undergraduate Certificate or Diploma,Không xác định,4.0,8.0,3,,,,
Physical Science Technologies/Technicians.,1,Undergraduate Certificate or Diploma,Một phần có thể hoàn thành trực tuyến,4.0,6.0,2,,,,
Paper Science and Engineering.,5,Master's Degree,Có thể hoàn thành trực tuyến,4.0,8.0,2,,,,
Alternative and Complementary Medicine and Medical Systems.,3,Bachelor's Degree,Một phần có thể hoàn thành trực tuyến,4.0,2.0,1,,,,
Carpenters.,1,Undergraduate Certificate or Diploma,Không xác định,4.0,0.0,1,,,,
Urban Studies/Affairs.,5,Master's Degree,Không xác định,4.0,3.0,1,,,,
Non-Professional General Legal Studies (Undergraduate).,8,Graduate/Professional Certificate,Không xác định,4.0,0.0,1,,,,
Nuclear Engineering Technologies/Technicians.,2,Associate's Degree,Không xác định,4.0,4.0,4,,,140386.0,
Ophthalmic and Optometric Support Services and Allied Professions.,5,Master's Degree,Có thể hoàn thành trực tuyến,4.0,11.0,1,,,,
"Philosophy and Religious Studies, General.",8,Graduate/Professional Certificate,Không xác định,4.0,2.0,3,,,,
"Parks, Recreation and Leisure Facilities Management.",8,Graduate/Professional Certificate,Một phần có thể hoàn thành trực tuyến,4.0,2.0,2,,,,
"Engineering Technologies/Technicians, Other.",8,Graduate/Professional Certificate,Không xác định,4.0,11.0,1,,,,
"Philosophy and Religious Studies, Other.",3,Bachelor's Degree,Một phần có thể hoàn thành trực tuyến,4.0,2.0,3,,,,
"Philosophy and Religious Studies, Other.",6,Doctoral Degree,Một phần có thể hoàn thành trực tuyến,4.0,9.0,1,,,,
Agricultural Production Operations.,8,Graduate/Professional Certificate,Một phần có thể hoàn thành trực tuyến,4.0,7.0,2,,,,
Dance.,8,Graduate/Professional Certificate,Có thể hoàn thành trực tuyến,4.0,1.0,6,,,,
"Biological and Biomedical Sciences, Other.",8,Graduate/Professional Certificate,Không xác định,4.0,1.0,1,,,,
"Visual and Performing Arts, General.",5,Master's Degree,Một phần có thể hoàn thành trực tuyến,4.0,8.0,1,,,,36357.0
Accounting and Computer Science.,1,Undergraduate Certificate or Diploma,Có thể hoàn thành trực tuyến,3.0,43.0,2,,,,
Environmental Control Technologies/Technicians.,5,Master's Degree,Một phần có thể hoàn thành trực tuyến,3.0,7.0,1,,,48619.0,53878.0
"Visual and Performing Arts, General.",8,Graduate/Professional Certificate,Có thể hoàn thành trực tuyến,3.0,7.0,8,,,,
Teaching English or French as a Second or Foreign Language.,2,Associate's Degree,Có thể hoàn thành trực tuyến,3.0,7.0,3,,,,
Textile Sciences and Engineering.,5,Master's Degree,Có thể hoàn thành trực tuyến,3.0,5.0,2,,,,
Computational Science.,2,Associate's Degree,Có thể hoàn thành trực tuyến,3.0,12.0,3,,,,
"Theology and Religious Vocations, Other.",2,Associate's Degree,Một phần có thể hoàn thành trực tuyến,3.0,3.0,5,,,,
"Theology and Religious Vocations, Other.",2,Associate's Degree,Có thể hoàn thành trực tuyến,3.0,5.0,7,,,,
"Transportation and Materials Moving, Other.",8,Graduate/Professional Certificate,Một phần có thể hoàn thành trực tuyến,3.0,1.0,1,,,,
Teaching English or French as a Second or Foreign Language.,2,Associate's Degree,Không xác định,3.0,4.0,2,,,,
Chemistry.,8,Graduate/Professional Certificate,Không xác định,3.0,0.0,2,,,,
Student Counseling and Personnel Services.,1,Undergraduate Certificate or Diploma,Có thể hoàn thành trực tuyến,3.0,3.0,4,,,,
Student Counseling and Personnel Services.,7,First Professional Degree,Có thể hoàn thành trực tuyến,3.0,0.0,2,,,,
Statistics.,3,Bachelor's Degree,Một phần có thể hoàn thành trực tuyến,3.0,4.0,2,,,,
Apparel and Textiles.,3,Bachelor's Degree,Một phần có thể hoàn thành trực tuyến,3.0,1.0,1,,,42065.0,47449.0
"South Asian Languages, Literatures, and Linguistics.",6,Doctoral Degree,Có thể hoàn thành trực tuyến,3.0,6.0,1,,,,
Somatic Bodywork and Related Therapeutic Services.,1,Undergraduate Certificate or Diploma,Không xác định,3.0,2.0,1,,,,
Animal Sciences.,1,Undergraduate Certificate or Diploma,Một phần có thể hoàn thành trực tuyến,3.0,6.0,4,,,,
Taxation.,2,Associate's Degree,Có thể hoàn thành trực tuyến,3.0,7.0,5,,,,
Chemistry.,6,Doctoral Degree,Một phần có thể hoàn thành trực tuyến,3.0,5.0,1,,,,
Sustainability Studies.,1,Undergraduate Certificate or Diploma,Một phần có thể hoàn thành trực tuyến,3.0,2.0,1,,,,
American Sign Language.,6,Doctoral Degree,Một phần có thể hoàn thành trực tuyến,3.0,3.0,1,,,,
Entrepreneurial and Small Business Operations.,6,Doctoral Degree,Không xác định,3.0,3.0,1,,,,
Teaching Assistants/Aides.,8,Graduate/Professional Certificate,Có thể hoàn thành trực tuyến,3.0,1.0,1,,,,
Family and Consumer Economics and Related Studies.,2,Associate's Degree,Không xác định,3.0,2.0,1,,,,
Soil Sciences.,2,Associate's Degree,Có thể hoàn thành trực tuyến,3.0,0.0,3,,,,
Surveying Engineering.,8,Graduate/Professional Certificate,Không xác định,3.0,4.0,1,,,,
Surveying Engineering.,2,Associate's Degree,Có thể hoàn thành trực tuyến,3.0,3.0,1,,,,
Quality Control and Safety Technologies/Technicians.,6,Doctoral Degree,Có thể hoàn thành trực tuyến,3.0,5.0,1,,,,
Religious Education.,2,Associate's Degree,Một phần có thể hoàn thành trực tuyến,3.0,5.0,3,,,,
Cognitive Science.,1,Undergraduate Certificate or Diploma,Có thể hoàn thành trực tuyến,3.0,3.0,2,,,,
"Clinical, Counseling and Applied Psychology.",2,Associate's Degree,Một phần có thể hoàn thành trực tuyến,3.0,4.0,3,,,,
"General Sales, Merchandising and Related Marketing Operations.",5,Master's Degree,Một phần có thể hoàn thành trực tuyến,3.0,5.0,2,,,,
"Physiology, Pathology and Related Sciences.",3,Bachelor's Degree,Một phần có thể hoàn thành trực tuyến,3.0,1.0,1,,,,
"Public Administration and Social Service Professions, Other.",3,Bachelor's Degree,Một phần có thể hoàn thành trực tuyến,3.0,7.0,1,,,39059.0,53810.0
Plant Sciences.,8,Graduate/Professional Certificate,Có thể hoàn thành trực tuyến,3.0,4.0,3,,,,
Geological and Earth Sciences/Geosciences.,8,Graduate/Professional Certificate,Một phần có thể hoàn thành trực tuyến,3.0,1.0,3,,,,
Publishing.,8,Graduate/Professional Certificate,Có thể hoàn thành trực tuyến,3.0,4.0,5,,,,
"Public Relations, Advertising, and Applied Communication.",1,Undergraduate Certificate or Diploma,Một phần có thể hoàn thành trực tuyến,3.0,9.0,4,,,,
Biology Technician/Biotechnology Laboratory Technician.,5,Master's Degree,Không xác định,3.0,4.0,1,,,,
Food Science and Technology.,8,Graduate/Professional Certificate,Không xác định,3.0,0.0,1,,,,
Fishing and Fisheries Sciences and Management.,6,Doctoral Degree,Có thể hoàn thành trực tuyến,3.0,11.0,6,,,,
Business/Corporate Communications.,2,Associate's Degree,Có thể hoàn thành trực tuyến,3.0,5.0,2,,,,
Religious/Sacred Music.,5,Master's Degree,Một phần có thể hoàn thành trực tuyến,3.0,1.0,1,,,,
Applied Mathematics.,6,Doctoral Degree,Một phần có thể hoàn thành trực tuyến,3.0,5.0,2,,,,
Religious/Sacred Music.,8,Graduate/Professional Certificate,Không xác định,3.0,4.0,2,,,,
Religious Institution Administration and Law.,3,Bachelor's Degree,Có thể hoàn thành trực tuyến,3.0,1.0,2,,,,
Religious/Sacred Music.,2,Associate's Degree,Không xác định,3.0,6.0,3,,,,
Religious/Sacred Music.,1,Undergraduate Certificate or Diploma,Có thể hoàn thành trực tuyến,3.0,2.0,8,,,,
Engineering-Related Technologies.,5,Master's Degree,Có thể hoàn thành trực tuyến,3.0,1.0,2,,,,
Religion/Religious Studies.,8,Graduate/Professional Certificate,Một phần có thể hoàn thành trực tuyến,3.0,1.0,3,,,,
"Science Technologies/Technicians, Other.",8,Graduate/Professional Certificate,Một phần có thể hoàn thành trực tuyến,3.0,2.0,1,,,,
Applied Horticulture and Horticultural Business Services.,5,Master's Degree,Không xác định,3.0,6.0,1,,,,
"Slavic, Baltic and Albanian Languages, Literatures, and Linguistics.",2,Associate's Degree,Có thể hoàn thành trực tuyến,3.0,5.0,5,,,,
Fire Protection.,6,Doctoral Degree,Có thể hoàn thành trực tuyến,3.0,3.0,1,,,,
Social Work.,7,First Professional Degree,Một phần có thể hoàn thành trực tuyến,3.0,3.0,1,,,,
Apparel and Textiles.,8,Graduate/Professional Certificate,Không xác định,3.0,0.0,2,,,,
Agricultural Production Operations.,8,Graduate/Professional Certificate,Không xác định,3.0,0.0,3,,,,
Movement and Mind-Body Therapies and Education.,2,Associate's Degree,Có thể hoàn thành trực tuyến,3.0,3.0,2,,,,
Boilermaking/Boilermaker.,2,Associate's Degree,Có thể hoàn thành trực tuyến,3.0,16.0,1,,,,
Missions/Missionary Studies and Missiology.,8,Graduate/Professional Certificate,Không xác định,3.0,2.0,2,,,,
Military Systems and Maintenance Technology.,5,Master's Degree,Có thể hoàn thành trực tuyến,3.0,5.0,1,,,,
Naval Architecture and Marine Engineering.,5,Master's Degree,Không xác định,3.0,6.0,2,,,,
International/Global Studies.,8,Graduate/Professional Certificate,Một phần có thể hoàn thành trực tuyến,3.0,3.0,2,,,,
Nuclear and Industrial Radiologic Technologies/Technicians.,8,Graduate/Professional Certificate,Có thể hoàn thành trực tuyến,3.0,3.0,2,,,,
Agricultural and Domestic Animal Services.,2,Associate's Degree,Không xác định,3.0,4.0,2,,,,
Atmospheric Sciences and Meteorology.,8,Graduate/Professional Certificate,Không xác định,3.0,1.0,2,,,,
"Natural Resources and Conservation, Other.",1,Undergraduate Certificate or Diploma,Có thể hoàn thành trực tuyến,3.0,0.0,3,,,,
Medieval and Renaissance Studies.,5,Master's Degree,Một phần có thể hoàn thành trực tuyến,3.0,4.0,1,,,,
History.,1,Undergraduate Certificate or Diploma,Không xác định,3.0,6.0,2,,,,
Health/Medical Preparatory Programs.,6,Doctoral Degree,Không xác định,3.0,1.0,1,,,,
Military Systems and Maintenance Technology.,1,Undergraduate Certificate or Diploma,Có thể hoàn thành trực tuyến,3.0,1.0,1,,,,
"Military Technologies and Applied Sciences, Other.",2,Associate's Degree,Có thể hoàn thành trực tuyến,3.0,3.0,3,,,,
Landscape Architecture.,3,Bachelor's Degree,Không xác định,3.0,1.0,1,,,,
Electromechanical Instrumentation and Maintenance Technologies/Technicians.,1,Undergraduate Certificate or Diploma,Không xác định,3.0,6.0,6,,,,
"Legal Professions and Studies, Other.",1,Undergraduate Certificate or Diploma,Không xác định,3.0,1.0,2,,,,
Energy Systems Maintenance and Repair Technologies/Technicians.,2,Associate's Degree,Một phần có thể hoàn thành trực tuyến,3.0,0.0,1,,,,
Energy Systems Maintenance and Repair Technologies/Technicians.,1,Undergraduate Certificate or Diploma,Một phần có thể hoàn thành trực tuyến,3.0,0.0,1,,,,
Manufacturing Engineering.,8,Graduate/Professional Certificate,Một phần có thể hoàn thành trực tuyến,3.0,2.0,2,,,,
Biochemical Engineering.,8,Graduate/Professional Certificate,Một phần có thể hoàn thành trực tuyến,3.0,0.0,1,,,,
"Educational Assessment, Evaluation, and Research.",6,Doctoral Degree,Một phần có thể hoàn thành trực tuyến,3.0,19.0,3,,,107218.0,121452.0
Library Science and Administration.,1,Undergraduate Certificate or Diploma,Có thể hoàn thành trực tuyến,3.0,7.0,5,,,,
Materials Sciences.,6,Doctoral Degree,Một phần có thể hoàn thành trực tuyến,3.0,2.0,1,,,,
History.,6,Doctoral Degree,Một phần có thể hoàn thành trực tuyến,3.0,7.0,2,,,,
Historic Preservation and Conservation.,6,Doctoral Degree,Có thể hoàn thành trực tuyến,3.0,5.0,3,,,,
Holocaust and Related Studies.,5,Master's Degree,Có thể hoàn thành trực tuyến,3.0,6.0,1,,,,
Medical Clinical Sciences/Graduate Medical Studies.,6,Doctoral Degree,Không xác định,3.0,0.0,1,,,,
Medical Illustration and Informatics.,8,Graduate/Professional Certificate,Một phần có thể hoàn thành trực tuyến,3.0,9.0,6,,,,
Biotechnology.,3,Bachelor's Degree,Một phần có thể hoàn thành trực tuyến,3.0,1.0,1,,,,
Museology/Museum Studies.,1,Undergraduate Certificate or Diploma,Một phần có thể hoàn thành trực tuyến,3.0,3.0,1,,,,
Nuclear and Industrial Radiologic Technologies/Technicians.,1,Undergraduate Certificate or Diploma,Không xác định,3.0,0.0,1,,,,
Nuclear and Industrial Radiologic Technologies/Technicians.,2,Associate's Degree,Một phần có thể hoàn thành trực tuyến,3.0,3.0,1,,,,
"Classics and Classical Languages, Literatures, and Linguistics.",6,Doctoral Degree,Không xác định,3.0,1.0,1,,,,
Data Processing.,8,Graduate/Professional Certificate,Không xác định,3.0,7.0,2,,,,
Biology Technician/Biotechnology Laboratory Technician.,1,Undergraduate Certificate or Diploma,Một phần có thể hoàn thành trực tuyến,3.0,8.0,3,,,,
Paper Science and Engineering.,6,Doctoral Degree,Có thể hoàn thành trực tuyến,3.0,2.0,2,,,,
Data Analytics.,2,Associate's Degree,Không xác định,3.0,5.0,1,,,,
"Germanic Languages, Literatures, and Linguistics.",1,Undergraduate Certificate or Diploma,Không xác định,3.0,3.0,1,,,,
Curriculum and Instruction.,2,Associate's Degree,Có thể hoàn thành trực tuyến,3.0,6.0,1,,,24581.0,35285.0
"Philosophy and Religious Studies, Other.",6,Doctoral Degree,Có thể hoàn thành trực tuyến,3.0,5.0,2,,,,
Natural Sciences.,3,Bachelor's Degree,Một phần có thể hoàn thành trực tuyến,3.0,3.0,1,,,,
Music.,8,Graduate/Professional Certificate,Không xác định,3.0,2.0,3,,,,
"Classics and Classical Languages, Literatures, and Linguistics.",1,Undergraduate Certificate or Diploma,Có thể hoàn thành trực tuyến,3.0,3.0,3,,,,
Non-Professional General Legal Studies (Undergraduate).,6,Doctoral Degree,Có thể hoàn thành trực tuyến,3.0,8.0,1,,,,
"Health Services/Allied Health/Health Sciences, General.",7,First Professional Degree,Có thể hoàn thành trực tuyến,3.0,7.0,3,,,,
Nutrition Sciences.,6,Doctoral Degree,Một phần có thể hoàn thành trực tuyến,3.0,0.0,1,,,,
Physics.,6,Doctoral Degree,Một phần có thể hoàn thành trực tuyến,3.0,5.0,1,,,,
Geological and Earth Sciences/Geosciences.,1,Undergraduate Certificate or Diploma,Một phần có thể hoàn thành trực tuyến,3.0,2.0,2,,,,
Philosophy.,1,Undergraduate Certificate or Diploma,Một phần có thể hoàn thành trực tuyến,3.0,3.0,2,,,,
Geological/Geophysical Engineering.,5,Master's Degree,Một phần có thể hoàn thành trực tuyến,3.0,3.0,2,,,,
Geography and Environmental Studies.,3,Bachelor's Degree,Một phần có thể hoàn thành trực tuyến,3.0,4.0,1,,,,
Business/Corporate Communications.,8,Graduate/Professional Certificate,Có thể hoàn thành trực tuyến,2.0,0.0,2,,,,
Soil Sciences.,8,Graduate/Professional Certificate,Có thể hoàn thành trực tuyến,2.0,0.0,1,,,,
Computer Engineering Technologies/Technicians.,6,Doctoral Degree,Có thể hoàn thành trực tuyến,2.0,2.0,2,,,,
"Communications Technologies/Technicians and Support Services, Other.",8,Graduate/Professional Certificate,Có thể hoàn thành trực tuyến,2.0,1.0,1,,,,
"Teacher Education and Professional Development, Specific Subject Areas.",7,First Professional Degree,Có thể hoàn thành trực tuyến,2.0,1.0,5,,,,
"South Asian Languages, Literatures, and Linguistics.",3,Bachelor's Degree,Có thể hoàn thành trực tuyến,2.0,3.0,4,,,,
Special Education and Teaching.,7,First Professional Degree,Có thể hoàn thành trực tuyến,2.0,2.0,2,,,,
"Southeast Asian and Australasian/Pacific Languages, Literatures, and Linguistics.",2,Associate's Degree,Có thể hoàn thành trực tuyến,2.0,2.0,1,,,,
Communication and Media Studies.,6,Doctoral Degree,Không xác định,2.0,0.0,1,,,,
Animal Sciences.,8,Graduate/Professional Certificate,Một phần có thể hoàn thành trực tuyến,2.0,2.0,1,,,,
Agricultural and Food Products Processing.,8,Graduate/Professional Certificate,Có thể hoàn thành trực tuyến,2.0,10.0,1,,,,
Political Science and Government.,1,Undergraduate Certificate or Diploma,Một phần có thể hoàn thành trực tuyến,2.0,0.0,3,,,,
International Relations and National Security Studies.,1,Undergraduate Certificate or Diploma,Một phần có thể hoàn thành trực tuyến,2.0,2.0,1,,,,
International Agriculture.,1,Undergraduate Certificate or Diploma,Có thể hoàn thành trực tuyến,2.0,3.0,2,,,,
Criminology.,1,Undergraduate Certificate or Diploma,Một phần có thể hoàn thành trực tuyến,2.0,8.0,1,,,,
Precision Metal Working.,3,Bachelor's Degree,Một phần có thể hoàn thành trực tuyến,2.0,2.0,1,,,,
Geography and Environmental Studies.,1,Undergraduate Certificate or Diploma,Một phần có thể hoàn thành trực tuyến,2.0,2.0,1,,,,
Area Studies.,1,Undergraduate Certificate or Diploma,Không xác định,2.0,3.0,5,,,,
Architectural Sciences and Technology.,8,Graduate/Professional Certificate,Không xác định,2.0,0.0,2,,,,
"Public Administration and Social Service Professions, Other.",1,Undergraduate Certificate or Diploma,Không xác định,2.0,0.0,1,,,,
Construction Management.,1,Undergraduate Certificate or Diploma,Không xác định,2.0,0.0,3,,,,
Forestry.,2,Associate's Degree,Không xác định,2.0,5.0,2,,,,
"Foreign Languages, Literatures, and Linguistics, Other.",8,Graduate/Professional Certificate,Có thể hoàn thành trực tuyến,2.0,3.0,3,,,,
Construction Engineering Technologies.,8,Graduate/Professional Certificate,Một phần có thể hoàn thành trực tuyến,2.0,5.0,1,,,,
Agricultural Public Services.,1,Undergraduate Certificate or Diploma,Có thể hoàn thành trực tuyến,2.0,6.0,3,,,,
"Construction Trades, Other.",2,Associate's Degree,Một phần có thể hoàn thành trực tuyến,2.0,0.0,1,,,,
"African Languages, Literatures, and Linguistics.",5,Master's Degree,Có thể hoàn thành trực tuyến,2.0,0.0,1,,,,
"Foreign Languages, Literatures, and Linguistics, Other.",5,Master's Degree,Không xác định,2.0,8.0,1,,42500.0,40200.0,
Real Estate Development.,8,Graduate/Professional Certificate,Một phần có thể hoàn thành trực tuyến,2.0,2.0,2,,,,
Architectural Engineering Technologies/Technicians.,8,Graduate/Professional Certificate,Không xác định,2.0,3.0,1,,,,
Communication Disorders Sciences and Services.,6,Doctoral Degree,Không xác định,2.0,4.0,1,,,,
Computer Systems Analysis.,6,Doctoral Degree,Có thể hoàn thành trực tuyến,2.0,0.0,1,,,,
Apparel and Textiles.,8,Graduate/Professional Certificate,Có thể hoàn thành trực tuyến,2.0,0.0,3,,,,
"Social Sciences, Other.",2,Associate's Degree,Một phần có thể hoàn thành trực tuyến,2.0,0.0,1,,,,
"English Language and Literature, General.",8,Graduate/Professional Certificate,Một phần có thể hoàn thành trực tuyến,2.0,4.0,3,,,,
"English Language and Literature/Letters, Other.",8,Graduate/Professional Certificate,Không xác định,2.0,0.0,2,,,,
Applied Horticulture and Horticultural Business Services.,6,Doctoral Degree,Có thể hoàn thành trực tuyến,2.0,4.0,6,,,,
"Science, Technology and Society.",8,Graduate/Professional Certificate,Một phần có thể hoàn thành trực tuyến,2.0,1.0,1,,,,
"Computer and Information Sciences and Support Services, Other.",8,Graduate/Professional Certificate,Không xác định,2.0,1.0,2,,,,
Fishing and Fisheries Sciences and Management.,2,Associate's Degree,Không xác định,2.0,6.0,1,,,,
Business/Corporate Communications.,2,Associate's Degree,Không xác định,2.0,1.0,1,,,,
"Celtic Languages, Literatures, and Linguistics.",5,Master's Degree,Có thể hoàn thành trực tuyến,2.0,0.0,1,,,,
"Science, Technology and Society.",5,Master's Degree,Một phần có thể hoàn thành trực tuyến,2.0,19.0,2,,,,
"Science Technologies/Technicians, General.",5,Master's Degree,Không xác định,2.0,12.0,1,,,,
Family and Consumer Sciences/Human Sciences Business Services.,1,Undergraduate Certificate or Diploma,Có thể hoàn thành trực tuyến,2.0,6.0,4,,,,
Information Science/Studies.,6,Doctoral Degree,Một phần có thể hoàn thành trực tuyến,2.0,0.0,1,,,,
Telecommunications Management.,3,Bachelor's Degree,Không xác định,2.0,0.0,1,,,,
Computational Science.,1,Undergraduate Certificate or Diploma,Một phần có thể hoàn thành trực tuyến,2.0,0.0,1,,,,
"American Indian/Native American Languages, Literatures, and Linguistics.",3,Bachelor's Degree,Có thể hoàn thành trực tuyến,2.0,4.0,5,,,,
Insurance.,5,Master's Degree,Có thể hoàn thành trực tuyến,2.0,10.0,5,,,,
Environmental/Environmental Health Engineering.,2,Associate's Degree,Có thể hoàn thành trực tuyến,2.0,0.0,5,,,,
Business/Managerial Economics.,8,Graduate/Professional Certificate,Có thể hoàn thành trực tuyến,2.0,3.0,5,,,,
Accounting and Computer Science.,2,Associate's Degree,Không xác định,2.0,2.0,1,,,,
Zoology/Animal Biology.,2,Associate's Degree,Một phần có thể hoàn thành trực tuyến,2.0,2.0,1,,,,
Business/Managerial Economics.,8,Graduate/Professional Certificate,Một phần có thể hoàn thành trực tuyến,2.0,2.0,1,,,,
Alternative and Complementary Medicine and Medical Systems.,6,Doctoral Degree,Không xác định,2.0,0.0,1,,,,
"Ethnic, Cultural Minority, Gender, and Group Studies.",6,Doctoral Degree,Không xác định,2.0,1.0,1,,,,
Environmental/Environmental Health Engineering.,8,Graduate/Professional Certificate,Một phần có thể hoàn thành trực tuyến,2.0,1.0,2,,,,
Information Science/Studies.,6,Doctoral Degree,Không xác định,2.0,7.0,1,,,,
Systems Science and Theory.,1,Undergraduate Certificate or Diploma,Có thể hoàn thành trực tuyến,2.0,4.0,1,,,,
Surveying Engineering.,5,Master's Degree,Một phần có thể hoàn thành trực tuyến,2.0,4.0,1,,,,
"Family and Consumer Sciences/Human Sciences, General.",8,Graduate/Professional Certificate,Không xác định,2.0,0.0,1,,,,
Teaching Assistants/Aides.,3,Bachelor's Degree,Có thể hoàn thành trực tuyến,2.0,2.0,3,,,,
Astronomy and Astrophysics.,1,Undergraduate Certificate or Diploma,Có thể hoàn thành trực tuyến,2.0,1.0,3,,,,
"Engineering Technologies/Technicians, Other.",1,Undergraduate Certificate or Diploma,Không xác định,2.0,0.0,2,,,,
Data Entry/Microcomputer Applications.,2,Associate's Degree,Không xác định,2.0,5.0,2,,,,
Data Processing.,6,Doctoral Degree,Không xác định,2.0,0.0,1,,,,
Data Science.,1,Undergraduate Certificate or Diploma,Có thể hoàn thành trực tuyến,2.0,1.0,8,,,,
Health Aides/Attendants/Orderlies.,2,Associate's Degree,Không xác định,2.0,0.0,1,,,,
"Philosophy and Religious Studies, General.",2,Associate's Degree,Không xác định,2.0,0.0,3,,,,
"Philosophy and Religious Studies, General.",5,Master's Degree,Không xác định,2.0,0.0,2,,,,
Cultural Studies/Critical Theory and Analysis.,1,Undergraduate Certificate or Diploma,Có thể hoàn thành trực tuyến,2.0,1.0,2,,,,
Physical Sciences.,5,Master's Degree,Không xác định,2.0,7.0,1,,,,
"Engineering, General.",1,Undergraduate Certificate or Diploma,Một phần có thể hoàn thành trực tuyến,2.0,7.0,3,,,,
Design and Applied Arts.,8,Graduate/Professional Certificate,Một phần có thể hoàn thành trực tuyến,2.0,0.0,2,,,,
Nanotechnology.,3,Bachelor's Degree,Không xác định,2.0,1.0,1,,,,
Educational/Instructional Media Design.,7,First Professional Degree,Một phần có thể hoàn thành trực tuyến,2.0,0.0,1,,,,
Nanotechnology.,1,Undergraduate Certificate or Diploma,Không xác định,2.0,2.0,1,,,,
Nanotechnology.,1,Undergraduate Certificate or Diploma,Có thể hoàn thành trực tuyến,2.0,8.0,8,,,,
Music.,8,Graduate/Professional Certificate,Một phần có thể hoàn thành trực tuyến,2.0,1.0,1,,,,
Nanotechnology.,8,Graduate/Professional Certificate,Không xác định,2.0,5.0,1,,,,
Dentistry.,6,Doctoral Degree,Có thể hoàn thành trực tuyến,2.0,3.0,1,,80541.0,147839.0,154560.0
"Classics and Classical Languages, Literatures, and Linguistics.",2,Associate's Degree,Có thể hoàn thành trực tuyến,2.0,1.0,2,,,,
Natural Resources Conservation and Research.,8,Graduate/Professional Certificate,Một phần có thể hoàn thành trực tuyến,2.0,2.0,2,,,,
Chemical Engineering.,8,Graduate/Professional Certificate,Không xác định,2.0,0.0,2,,,,
Natural Resources Management and Policy.,2,Associate's Degree,Một phần có thể hoàn thành trực tuyến,2.0,3.0,1,,,,
Demography and Population Studies.,5,Master's Degree,Một phần có thể hoàn thành trực tuyến,2.0,3.0,1,,,,
Nuclear Engineering Technologies/Technicians.,1,Undergraduate Certificate or Diploma,Có thể hoàn thành trực tuyến,2.0,0.0,1,,,,
Natural Sciences.,5,Master's Degree,Không xác định,2.0,2.0,1,,,,
International/Global Studies.,2,Associate's Degree,Không xác định,2.0,0.0,2,,,,
Nuclear and Industrial Radiologic Technologies/Technicians.,3,Bachelor's Degree,Một phần có thể hoàn thành trực tuyến,2.0,0.0,2,,,,
Demography and Population Studies.,8,Graduate/Professional Certificate,Không xác định,2.0,0.0,1,,,,
"Philosophy and Religious Studies, General.",1,Undergraduate Certificate or Diploma,Có thể hoàn thành trực tuyến,2.0,12.0,2,,,,
International and Comparative Education.,6,Doctoral Degree,Có thể hoàn thành trực tuyến,2.0,6.0,3,,,,
Physical Science Technologies/Technicians.,5,Master's Degree,Không xác định,2.0,0.0,1,,,,
Physics.,8,Graduate/Professional Certificate,Không xác định,2.0,0.0,1,,,,
Petroleum Engineering.,8,Graduate/Professional Certificate,Không xác định,2.0,1.0,2,,,,
"Pharmacy, Pharmaceutical Sciences, and Administration.",2,Associate's Degree,Không xác định,2.0,2.0,1,,,,
Peace Studies and Conflict Resolution.,8,Graduate/Professional Certificate,Một phần có thể hoàn thành trực tuyến,2.0,2.0,3,,,,
Gerontology.,6,Doctoral Degree,Không xác định,2.0,3.0,1,,,,
Missions/Missionary Studies and Missiology.,8,Graduate/Professional Certificate,Có thể hoàn thành trực tuyến,2.0,1.0,5,,,,
"Middle/Near Eastern and Semitic Languages, Literatures, and Linguistics.",8,Graduate/Professional Certificate,Một phần có thể hoàn thành trực tuyến,2.0,1.0,1,,,,
"East Asian Languages, Literatures, and Linguistics.",1,Undergraduate Certificate or Diploma,Không xác định,2.0,0.0,1,,,,
Medical Illustration and Informatics.,2,Associate's Degree,Một phần có thể hoàn thành trực tuyến,2.0,3.0,1,,,,
Medical Illustration and Informatics.,7,First Professional Degree,Không xác định,2.0,1.0,1,,,,
Modern Greek Language and Literature.,3,Bachelor's Degree,Có thể hoàn thành trực tuyến,2.0,2.0,4,,,,
"Homeland Security, Law Enforcement, Firefighting and Related Protective Services, Other.",6,Doctoral Degree,Không xác định,2.0,11.0,1,,,,
Energy Systems Maintenance and Repair Technologies/Technicians.,6,Doctoral Degree,Có thể hoàn thành trực tuyến,2.0,0.0,1,,,,
Energy Systems Maintenance and Repair Technologies/Technicians.,5,Master's Degree,Có thể hoàn thành trực tuyến,2.0,0.0,1,,,,
Economics and Computer Science.,3,Bachelor's Degree,Có thể hoàn thành trực tuyến,2.0,1.0,2,,,,
Educational/Instructional Media Design.,1,Undergraduate Certificate or Diploma,Một phần có thể hoàn thành trực tuyến,2.0,0.0,1,,,,
"Mechatronics, Robotics, and Automation Engineering.",2,Associate's Degree,Một phần có thể hoàn thành trực tuyến,2.0,6.0,2,,,,
"Ecology, Evolution, Systematics, and Population Biology.",1,Undergraduate Certificate or Diploma,Không xác định,2.0,9.0,1,,,,
History.,8,Graduate/Professional Certificate,Một phần có thể hoàn thành trực tuyến,2.0,1.0,3,,,,
Medical Illustration and Informatics.,6,Doctoral Degree,Một phần có thể hoàn thành trực tuyến,2.0,4.0,1,,,,
"Biochemistry, Biophysics and Molecular Biology.",2,Associate's Degree,Không xác định,2.0,1.0,3,,,,
Marketing.,6,Doctoral Degree,Không xác định,2.0,4.0,1,,,,
"Education, General.",7,First Professional Degree,Không xác định,2.0,0.0,1,,,,
Electromechanical Instrumentation and Maintenance Technologies/Technicians.,3,Bachelor's Degree,Một phần có thể hoàn thành trực tuyến,2.0,2.0,7,52062.0,62864.0,72119.0,83399.0
"Biochemistry, Biophysics and Molecular Biology.",1,Undergraduate Certificate or Diploma,Một phần có thể hoàn thành trực tuyến,2.0,6.0,1,,,,
"Homeland Security, Law Enforcement, Firefighting and Related Protective Services, Other.",8,Graduate/Professional Certificate,Có thể hoàn thành trực tuyến,2.0,4.0,7,,,,
Civil Engineering Technologies/Technicians.,2,Associate's Degree,Không xác định,2.0,2.0,1,,,,
"Human Development, Family Studies, and Related Services.",6,Doctoral Degree,Một phần có thể hoàn thành trực tuyến,2.0,5.0,2,,,,
Human Computer Interaction.,2,Associate's Degree,Có thể hoàn thành trực tuyến,2.0,2.0,1,,,,
Energy Systems Engineering.,8,Graduate/Professional Certificate,Không xác định,2.0,0.0,1,,,,
Biomedical/Medical Engineering.,2,Associate's Degree,Không xác định,2.0,1.0,1,,,,
Linguistics and Anthropology.,6,Doctoral Degree,Có thể hoàn thành trực tuyến,2.0,2.0,1,,,,
Linguistics and Anthropology.,3,Bachelor's Degree,Có thể hoàn thành trực tuyến,2.0,0.0,1,,,,
Electromechanical Engineering.,8,Graduate/Professional Certificate,Một phần có thể hoàn thành trực tuyến,2.0,0.0,1,,,,
Human Biology.,5,Master's Degree,Không xác định,2.0,0.0,1,,,,
"Biomathematics, Bioinformatics, and Computational Biology.",3,Bachelor's Degree,Không xác định,2.0,5.0,2,,,,
Alternative and Complementary Medical Support Services.,3,Bachelor's Degree,Có thể hoàn thành trực tuyến,2.0,7.0,1,,,,
Legal Research and Advanced Professional Studies.,1,Undergraduate Certificate or Diploma,Có thể hoàn thành trực tuyến,2.0,1.0,2,,,,
"Human Services, General.",6,Doctoral Degree,Có thể hoàn thành trực tuyến,2.0,3.0,1,,,,
Woodworking.,2,Associate's Degree,Một phần có thể hoàn thành trực tuyến,2.0,3.0,1,,,,
Zoology/Animal Biology.,1,Undergraduate Certificate or Diploma,Có thể hoàn thành trực tuyến,2.0,2.0,3,,,,
Zoology/Animal Biology.,2,Associate's Degree,Không xác định,2.0,0.0,1,,,,
Accounting and Computer Science.,8,Graduate/Professional Certificate,Có thể hoàn thành trực tuyến,2.0,0.0,2,,,,
"Parks, Recreation and Leisure Facilities Management.",1,Undergraduate Certificate or Diploma,Không xác định,1.0,3.0,3,,,,
Engineering Science.,8,Graduate/Professional Certificate,Có thể hoàn thành trực tuyến,1.0,1.0,1,,,,
Atmospheric Sciences and Meteorology.,2,Associate's Degree,Có thể hoàn thành trực tuyến,1.0,0.0,10,,,,
Nuclear Engineering.,8,Graduate/Professional Certificate,Một phần có thể hoàn thành trực tuyến,1.0,1.0,1,,,,
Neurobiology and Neurosciences.,7,First Professional Degree,Có thể hoàn thành trực tuyến,1.0,0.0,1,,,,
Materials Engineering,8,Graduate/Professional Certificate,Một phần có thể hoàn thành trực tuyến,1.0,0.0,1,,,,
"Parks, Recreation and Leisure Facilities Management.",2,Associate's Degree,Không xác định,1.0,4.0,2,,,,
Manufacturing Engineering.,2,Associate's Degree,Có thể hoàn thành trực tuyến,1.0,0.0,6,,,,
Agricultural and Domestic Animal Services.,1,Undergraduate Certificate or Diploma,Một phần có thể hoàn thành trực tuyến,1.0,0.0,1,,,,
Microbiological Sciences and Immunology.,1,Undergraduate Certificate or Diploma,Có thể hoàn thành trực tuyến,1.0,4.0,1,,,,
"Philosophy and Religious Studies, General.",5,Master's Degree,Một phần có thể hoàn thành trực tuyến,1.0,10.0,1,,,,
Data Science.,2,Associate's Degree,Có thể hoàn thành trực tuyến,1.0,0.0,4,,,,
Metallurgical Engineering.,8,Graduate/Professional Certificate,Có thể hoàn thành trực tuyến,1.0,0.0,1,,,,
History and Political Science.,2,Associate's Degree,Có thể hoàn thành trực tuyến,1.0,0.0,1,,,,
Chemistry.,8,Graduate/Professional Certificate,Một phần có thể hoàn thành trực tuyến,1.0,1.0,2,,,,
Engineering Science.,3,Bachelor's Degree,Một phần có thể hoàn thành trực tuyến,1.0,4.0,1,,,,
"Physical Sciences, Other.",2,Associate's Degree,Có thể hoàn thành trực tuyến,1.0,7.0,3,,,,
Health and Medical Administrative Services.,7,First Professional Degree,Một phần có thể hoàn thành trực tuyến,1.0,0.0,1,,,,
Data Science.,8,Graduate/Professional Certificate,Một phần có thể hoàn thành trực tuyến,1.0,0.0,2,,,,
"Engineering Technologies/Technicians, Other.",1,Undergraduate Certificate or Diploma,Một phần có thể hoàn thành trực tuyến,1.0,1.0,2,,,,
"Philosophy and Religious Studies, Other.",8,Graduate/Professional Certificate,Một phần có thể hoàn thành trực tuyến,1.0,0.0,2,,,,
"Military Technologies and Applied Sciences, Other.",1,Undergraduate Certificate or Diploma,Có thể hoàn thành trực tuyến,1.0,0.0,2,,,,
Military Systems and Maintenance Technology.,8,Graduate/Professional Certificate,Có thể hoàn thành trực tuyến,1.0,8.0,2,,,,
Housing and Human Environments.,5,Master's Degree,Không xác định,1.0,2.0,1,,,,
Geological/Geophysical Engineering.,2,Associate's Degree,Có thể hoàn thành trực tuyến,1.0,2.0,1,,,,
"Mechatronics, Robotics, and Automation Engineering.",6,Doctoral Degree,Không xác định,1.0,0.0,1,,,,
Housing and Human Environments.,2,Associate's Degree,Có thể hoàn thành trực tuyến,1.0,1.0,3,,,,
Biotechnology.,8,Graduate/Professional Certificate,Một phần có thể hoàn thành trực tuyến,1.0,0.0,1,,,,
Agricultural Engineering.,8,Graduate/Professional Certificate,Không xác định,1.0,3.0,2,,,,
Drafting/Design Engineering Technologies/Technicians.,6,Doctoral Degree,Có thể hoàn thành trực tuyến,1.0,0.0,1,,,,
Dental Support Services and Allied Professions.,8,Graduate/Professional Certificate,Không xác định,1.0,0.0,1,,,,
Botany/Plant Biology.,8,Graduate/Professional Certificate,Có thể hoàn thành trực tuyến,1.0,1.0,3,,,,
Electrical and Computer Engineering.,8,Graduate/Professional Certificate,Một phần có thể hoàn thành trực tuyến,1.0,4.0,1,,,,
"Homeland Security, Law Enforcement, Firefighting and Related Protective Services, Other.",2,Associate's Degree,Không xác định,1.0,0.0,1,,,,
Literature.,5,Master's Degree,Không xác định,1.0,4.0,1,,,,
Dispute Resolution.,3,Bachelor's Degree,Một phần có thể hoàn thành trực tuyến,1.0,0.0,1,,,,
Literature.,3,Bachelor's Degree,Không xác định,1.0,5.0,2,31000.0,,34574.0,41025.0
Energy and Biologically Based Therapies.,8,Graduate/Professional Certificate,Có thể hoàn thành trực tuyến,1.0,0.0,2,,,,
Literature.,2,Associate's Degree,Một phần có thể hoàn thành trực tuyến,1.0,0.0,2,,,,
Library Science and Administration.,2,Associate's Degree,Có thể hoàn thành trực tuyến,1.0,3.0,3,,,,
"Parks, Recreation and Leisure Studies.",8,Graduate/Professional Certificate,Có thể hoàn thành trực tuyến,1.0,0.0,3,,,,
Astronomy and Astrophysics.,3,Bachelor's Degree,Không xác định,1.0,0.0,1,,,,
Legal Research and Advanced Professional Studies.,1,Undergraduate Certificate or Diploma,Không xác định,1.0,2.0,3,,,,
Biomedical/Medical Engineering.,8,Graduate/Professional Certificate,Một phần có thể hoàn thành trực tuyến,1.0,0.0,2,,,,
Atmospheric Sciences and Meteorology.,8,Graduate/Professional Certificate,Có thể hoàn thành trực tuyến,1.0,2.0,4,,,,
Nutrition Sciences.,1,Undergraduate Certificate or Diploma,Có thể hoàn thành trực tuyến,1.0,3.0,1,,,,
"Arts, Entertainment,and Media Management.",8,Graduate/Professional Certificate,Không xác định,1.0,0.0,1,,,,
"Philosophy and Religious Studies, General.",1,Undergraduate Certificate or Diploma,Một phần có thể hoàn thành trực tuyến,1.0,1.0,1,,,,
Microbiological Sciences and Immunology.,8,Graduate/Professional Certificate,Một phần có thể hoàn thành trực tuyến,1.0,0.0,1,,,,
Curriculum and Instruction.,1,Undergraduate Certificate or Diploma,Không xác định,1.0,0.0,1,,,,
Museology/Museum Studies.,2,Associate's Degree,Một phần có thể hoàn thành trực tuyến,1.0,2.0,1,,,,
Bioethics/Medical Ethics.,7,First Professional Degree,Có thể hoàn thành trực tuyến,1.0,8.0,3,,,,
Economics.,1,Undergraduate Certificate or Diploma,Không xác định,1.0,2.0,2,,,,
Petroleum Engineering.,1,Undergraduate Certificate or Diploma,Không xác định,1.0,1.0,1,,,,
"Library Science, Other.",1,Undergraduate Certificate or Diploma,Có thể hoàn thành trực tuyến,1.0,5.0,3,,,,
Landscape Architecture.,2,Associate's Degree,Có thể hoàn thành trực tuyến,1.0,8.0,3,,,,
Maritime Studies.,5,Master's Degree,Một phần có thể hoàn thành trực tuyến,1.0,2.0,1,,,,
Mental and Social Health Services and Allied Professions.,6,Doctoral Degree,Một phần có thể hoàn thành trực tuyến,1.0,1.0,1,,,,
Atmospheric Sciences and Meteorology.,2,Associate's Degree,Không xác định,1.0,0.0,1,,,,
Engineering Mechanics.,8,Graduate/Professional Certificate,Một phần có thể hoàn thành trực tuyến,1.0,0.0,2,,,,
Nutrition Sciences.,8,Graduate/Professional Certificate,Một phần có thể hoàn thành trực tuyến,1.0,1.0,1,,,,
"Multi-/Interdisciplinary Studies, General.",8,Graduate/Professional Certificate,Một phần có thể hoàn thành trực tuyến,1.0,3.0,1,,,,
Modern Greek Language and Literature.,5,Master's Degree,Có thể hoàn thành trực tuyến,1.0,0.0,1,,,,
Data Processing.,8,Graduate/Professional Certificate,Một phần có thể hoàn thành trực tuyến,1.0,0.0,1,,,,
"Engineering Technologies/Technicians, Other.",7,First Professional Degree,Không xác định,1.0,0.0,1,,,,
Geological/Geophysical Engineering.,3,Bachelor's Degree,Không xác định,1.0,7.0,1,,,,
Human Computer Interaction.,6,Doctoral Degree,Không xác định,1.0,0.0,1,,,,
"Multi-/Interdisciplinary Studies, General.",6,Doctoral Degree,Một phần có thể hoàn thành trực tuyến,1.0,0.0,2,,,,
"Homeland Security, Law Enforcement, Firefighting and Related Protective Services, Other.",6,Doctoral Degree,Có thể hoàn thành trực tuyến,1.0,1.0,1,,,,
Electromechanical Instrumentation and Maintenance Technologies/Technicians.,8,Graduate/Professional Certificate,Không xác định,1.0,0.0,1,,,,
Pharmacology and Toxicology.,1,Undergraduate Certificate or Diploma,Có thể hoàn thành trực tuyến,1.0,0.0,1,,,,
"Educational Assessment, Evaluation, and Research.",1,Undergraduate Certificate or Diploma,Có thể hoàn thành trực tuyến,1.0,4.0,2,,,,
Human Biology.,8,Graduate/Professional Certificate,Có thể hoàn thành trực tuyến,1.0,0.0,2,,,,
"Biochemistry, Biophysics and Molecular Biology.",7,First Professional Degree,Có thể hoàn thành trực tuyến,1.0,4.0,2,,,,
Museology/Museum Studies.,2,Associate's Degree,Có thể hoàn thành trực tuyến,1.0,4.0,2,,,,
"Library Science, Other.",8,Graduate/Professional Certificate,Có thể hoàn thành trực tuyến,1.0,2.0,5,,,,
Drama/Theatre Arts and Stagecraft.,1,Undergraduate Certificate or Diploma,Không xác định,1.0,3.0,1,,,,
"Personal and Culinary Services, Other.",2,Associate's Degree,Có thể hoàn thành trực tuyến,1.0,3.0,4,,,,
Neurobiology and Neurosciences.,2,Associate's Degree,Có thể hoàn thành trực tuyến,1.0,4.0,1,,,,
Data Analytics.,6,Doctoral Degree,Có thể hoàn thành trực tuyến,1.0,7.0,1,,,,
"Biochemistry, Biophysics and Molecular Biology.",2,Associate's Degree,Một phần có thể hoàn thành trực tuyến,1.0,0.0,2,,,,
Allied Health and Medical Assisting Services.,8,Graduate/Professional Certificate,Có thể hoàn thành trực tuyến,1.0,0.0,3,,,,
Industrial Engineering.,1,Undergraduate Certificate or Diploma,Không xác định,1.0,0.0,1,,,,
Nuclear and Industrial Radiologic Technologies/Technicians.,8,Graduate/Professional Certificate,Không xác định,1.0,0.0,1,,,,
Chemical Engineering.,8,Graduate/Professional Certificate,Một phần có thể hoàn thành trực tuyến,1.0,0.0,2,,,,
Journalism.,1,Undergraduate Certificate or Diploma,Một phần có thể hoàn thành trực tuyến,1.0,0.0,1,,,,
Physical Sciences.,1,Undergraduate Certificate or Diploma,Một phần có thể hoàn thành trực tuyến,1.0,3.0,1,,,,
Nuclear and Industrial Radiologic Technologies/Technicians.,3,Bachelor's Degree,Không xác định,1.0,1.0,1,,,,
Agricultural Business and Management.,8,Graduate/Professional Certificate,Một phần có thể hoàn thành trực tuyến,1.0,0.0,1,,,,
Geological and Earth Sciences/Geosciences.,2,Associate's Degree,Một phần có thể hoàn thành trực tuyến,1.0,5.0,6,,,,
Geological and Earth Sciences/Geosciences.,2,Associate's Degree,Không xác định,1.0,1.0,3,,,,
"Physiology, Pathology and Related Sciences.",6,Doctoral Degree,Một phần có thể hoàn thành trực tuyến,1.0,0.0,1,,,,
Area Studies.,2,Associate's Degree,Không xác định,1.0,2.0,1,,,,
Plumbing and Related Water Supply Services.,1,Undergraduate Certificate or Diploma,Không xác định,1.0,11.0,1,,,,
Political Science and Government.,7,First Professional Degree,Có thể hoàn thành trực tuyến,1.0,1.0,1,,,,
Architecture.,8,Graduate/Professional Certificate,Không xác định,1.0,1.0,2,,,,
Precision Metal Working.,3,Bachelor's Degree,Có thể hoàn thành trực tuyến,1.0,1.0,2,,,,
"Psychology, General.",7,First Professional Degree,Một phần có thể hoàn thành trực tuyến,1.0,1.0,2,,,,
"Public Administration and Social Service Professions, Other.",8,Graduate/Professional Certificate,Một phần có thể hoàn thành trực tuyến,1.0,1.0,1,,,,
"Public Administration and Social Service Professions, Other.",6,Doctoral Degree,Không xác định,1.0,7.0,1,,49953.0,65627.0,68761.0
Architecture.,2,Associate's Degree,Một phần có thể hoàn thành trực tuyến,1.0,1.0,1,,,,
"General Sales, Merchandising and Related Marketing Operations.",6,Doctoral Degree,Có thể hoàn thành trực tuyến,1.0,1.0,1,,,,
Geobiology.,6,Doctoral Degree,Có thể hoàn thành trực tuyến,1.0,0.0,1,,,,
Genetics.,8,Graduate/Professional Certificate,Một phần có thể hoàn thành trực tuyến,1.0,1.0,1,,,,
Engineering-Related Fields.,6,Doctoral Degree,Một phần có thể hoàn thành trực tuyến,1.0,4.0,2,,162693.0,,
Engineering-Related Fields.,6,Doctoral Degree,Không xác định,1.0,2.0,2,,,,
Agricultural Business and Management.,8,Graduate/Professional Certificate,Có thể hoàn thành trực tuyến,1.0,7.0,4,,,,
Public Health.,7,First Professional Degree,Không xác định,1.0,0.0,2,,,,
Construction Management.,6,Doctoral Degree,Có thể hoàn thành trực tuyến,1.0,3.0,2,,,,
Forestry.,8,Graduate/Professional Certificate,Có thể hoàn thành trực tuyến,1.0,0.0,2,,,,
Architectural History and Criticism.,6,Doctoral Degree,Có thể hoàn thành trực tuyến,1.0,2.0,2,,,,
Publishing.,8,Graduate/Professional Certificate,Không xác định,1.0,2.0,1,,,,
"Foreign Languages, Literatures, and Linguistics, Other.",8,Graduate/Professional Certificate,Một phần có thể hoàn thành trực tuyến,1.0,0.0,1,,,,
Real Estate.,8,Graduate/Professional Certificate,Một phần có thể hoàn thành trực tuyến,1.0,0.0,2,,,,
Forestry.,1,Undergraduate Certificate or Diploma,Không xác định,1.0,0.0,3,,,,
Construction Engineering Technologies.,1,Undergraduate Certificate or Diploma,Một phần có thể hoàn thành trực tuyến,1.0,1.0,1,,,,
Rehabilitation and Therapeutic Professions.,1,Undergraduate Certificate or Diploma,Không xác định,1.0,5.0,2,,,,
Construction Engineering Technologies.,8,Graduate/Professional Certificate,Không xác định,1.0,0.0,2,,,,
"African Languages, Literatures, and Linguistics.",6,Doctoral Degree,Có thể hoàn thành trực tuyến,1.0,1.0,1,,,,
"African Languages, Literatures, and Linguistics.",3,Bachelor's Degree,Có thể hoàn thành trực tuyến,1.0,2.0,3,,,,
Air Transportation.,8,Graduate/Professional Certificate,Có thể hoàn thành trực tuyến,1.0,0.0,4,,,,
Religious Institution Administration and Law.,5,Master's Degree,Có thể hoàn thành trực tuyến,1.0,0.0,1,,,,
Religious/Sacred Music.,8,Graduate/Professional Certificate,Một phần có thể hoàn thành trực tuyến,1.0,3.0,2,,,,
"Celtic Languages, Literatures, and Linguistics.",6,Doctoral Degree,Có thể hoàn thành trực tuyến,1.0,2.0,1,,,,
Research and Experimental Psychology.,7,First Professional Degree,Có thể hoàn thành trực tuyến,1.0,0.0,1,,,,
Fire Protection.,8,Graduate/Professional Certificate,Một phần có thể hoàn thành trực tuyến,1.0,0.0,2,,,,
Rhetoric and Composition/Writing Studies.,6,Doctoral Degree,Một phần có thể hoàn thành trực tuyến,1.0,5.0,1,,,,
"Romance Languages, Literatures, and Linguistics.",8,Graduate/Professional Certificate,Không xác định,1.0,3.0,3,,,,
"Celtic Languages, Literatures, and Linguistics.",3,Bachelor's Degree,Có thể hoàn thành trực tuyến,1.0,3.0,3,,,,
"Science Technologies/Technicians, General.",5,Master's Degree,Có thể hoàn thành trực tuyến,1.0,0.0,1,,,,
Applied Mathematics.,1,Undergraduate Certificate or Diploma,Không xác định,1.0,4.0,3,,,,
Applied Horticulture and Horticultural Business Services.,8,Graduate/Professional Certificate,Không xác định,1.0,0.0,1,,,,
Interior Architecture.,8,Graduate/Professional Certificate,Có thể hoàn thành trực tuyến,1.0,0.0,3,,,,
"Slavic, Baltic and Albanian Languages, Literatures, and Linguistics.",1,Undergraduate Certificate or Diploma,Không xác định,1.0,0.0,1,,,,
"English Language and Literature, General.",6,Doctoral Degree,Một phần có thể hoàn thành trực tuyến,1.0,1.0,1,,,,
Computer Systems Analysis.,2,Associate's Degree,Không xác định,1.0,0.0,3,,,,
Sociology.,6,Doctoral Degree,Một phần có thể hoàn thành trực tuyến,1.0,5.0,2,,,,
"Intelligence, Command Control and Information Operations.",2,Associate's Degree,Không xác định,1.0,3.0,2,,,49533.0,55979.0
Business/Corporate Communications.,8,Graduate/Professional Certificate,Một phần có thể hoàn thành trực tuyến,1.0,7.0,1,,,,
Somatic Bodywork and Related Therapeutic Services.,2,Associate's Degree,Một phần có thể hoàn thành trực tuyến,1.0,3.0,1,,,,
"Southeast Asian and Australasian/Pacific Languages, Literatures, and Linguistics.",6,Doctoral Degree,Có thể hoàn thành trực tuyến,1.0,0.0,1,,,,
"Southeast Asian and Australasian/Pacific Languages, Literatures, and Linguistics.",5,Master's Degree,Có thể hoàn thành trực tuyến,1.0,0.0,1,,,,
"Communication, Journalism, and Related Programs, Other.",1,Undergraduate Certificate or Diploma,Một phần có thể hoàn thành trực tuyến,1.0,0.0,2,,,,
Anthropology.,6,Doctoral Degree,Một phần có thể hoàn thành trực tuyến,1.0,5.0,1,,,,
"Specialized Sales, Merchandising and  Marketing Operations.",8,Graduate/Professional Certificate,Không xác định,1.0,2.0,1,,,,
"English Language and Literature/Letters, Other.",2,Associate's Degree,Không xác định,1.0,3.0,1,,,,
Statistics.,2,Associate's Degree,Một phần có thể hoàn thành trực tuyến,1.0,0.0,2,,,,
Student Counseling and Personnel Services.,3,Bachelor's Degree,Không xác định,1.0,5.0,1,,,,
Student Counseling and Personnel Services.,3,Bachelor's Degree,Có thể hoàn thành trực tuyến,1.0,0.0,4,,,,
Student Counseling and Personnel Services.,1,Undergraduate Certificate or Diploma,Một phần có thể hoàn thành trực tuyến,1.0,0.0,1,,,,
Surveying Engineering.,1,Undergraduate Certificate or Diploma,Một phần có thể hoàn thành trực tuyến,1.0,2.0,1,,,,
Surveying Engineering.,1,Undergraduate Certificate or Diploma,Không xác định,1.0,0.0,1,,,,
"Family and Consumer Sciences/Human Sciences, Other.",1,Undergraduate Certificate or Diploma,Có thể hoàn thành trực tuyến,1.0,0.0,1,,,,
"Family and Consumer Sciences/Human Sciences, General.",8,Graduate/Professional Certificate,Một phần có thể hoàn thành trực tuyến,1.0,1.0,2,,,,
Computer Engineering.,6,Doctoral Degree,Không xác định,1.0,1.0,2,,,,
Sustainability Studies.,2,Associate's Degree,Một phần có thể hoàn thành trực tuyến,1.0,0.0,2,,,,
Systems Engineering.,1,Undergraduate Certificate or Diploma,Không xác định,1.0,0.0,1,,,,
Computer Engineering.,7,First Professional Degree,Có thể hoàn thành trực tuyến,1.0,0.0,1,,,,
"Communication, Journalism, and Related Programs, Other.",2,Associate's Degree,Một phần có thể hoàn thành trực tuyến,1.0,0.0,1,,,,
Family and Consumer Economics and Related Studies.,8,Graduate/Professional Certificate,Một phần có thể hoàn thành trực tuyến,1.0,0.0,1,,,,
Family and Consumer Economics and Related Studies.,8,Graduate/Professional Certificate,Có thể hoàn thành trực tuyến,1.0,5.0,2,,,,
Computer Engineering.,2,Associate's Degree,Không xác định,1.0,4.0,3,23635.0,48263.0,56172.0,72251.0
Animal Sciences.,2,Associate's Degree,Không xác định,1.0,7.0,1,,,,
Advanced/Graduate Dentistry and Oral Sciences.,1,Undergraduate Certificate or Diploma,Có thể hoàn thành trực tuyến,1.0,0.0,1,,,,
Teaching English or French as a Second or Foreign Language.,1,Undergraduate Certificate or Diploma,Một phần có thể hoàn thành trực tuyến,1.0,0.0,2,,,,
Telecommunications Management.,8,Graduate/Professional Certificate,Có thể hoàn thành trực tuyến,1.0,1.0,2,,,,
"Transportation and Materials Moving, Other.",5,Master's Degree,Có thể hoàn thành trực tuyến,1.0,0.0,2,,,,
Community/Environmental/Socially-Engaged Art.,1,Undergraduate Certificate or Diploma,Có thể hoàn thành trực tuyến,1.0,0.0,1,,,,
Veterinary Biomedical and Clinical Sciences.,1,Undergraduate Certificate or Diploma,Không xác định,1.0,0.0,1,,,,
Communications Technology/Technician.,3,Bachelor's Degree,Không xác định,1.0,0.0,1,,,,
Veterinary Biomedical and Clinical Sciences.,8,Graduate/Professional Certificate,Một phần có thể hoàn thành trực tuyến,1.0,0.0,1,,,,
Veterinary Biomedical and Clinical Sciences.,3,Bachelor's Degree,Một phần có thể hoàn thành trực tuyến,1.0,0.0,1,,,,
Environmental/Environmental Health Engineering.,1,Undergraduate Certificate or Diploma,Không xác định,1.0,5.0,1,,,,
Environmental Design.,1,Undergraduate Certificate or Diploma,Có thể hoàn thành trực tuyến,1.0,0.0,2,,,,
"Biology, General.",4,Post-baccalaureate Certificate,Không hoàn toàn trực tuyến,0.0,0.0,10,,,,
"Biology, General.",3,Bachelor's Degree,Không hoàn toàn trực tuyến,0.0,26.0,22,20513.0,35300.0,34355.0,53055.0
"Biology, General.",2,Associate's Degree,Không hoàn toàn trực tuyến,0.0,2.0,48,14516.0,,37779.0,45248.5
"Biology, General.",1,Undergraduate Certificate or Diploma,Không xác định,0.0,0.0,1,,,,
Human Resources Management and Services.,7,First Professional Degree,Không hoàn toàn trực tuyến,0.0,0.0,1,,,,
Human Resources Management and Services.,6,Doctoral Degree,Không hoàn toàn trực tuyến,0.0,1.0,4,,,,
Human Resources Management and Services.,5,Master's Degree,Không hoàn toàn trực tuyến,0.0,41.0,42,,55227.0,53433.0,61605.0
Legal Support Services.,6,Doctoral Degree,Có thể hoàn thành trực tuyến,0.0,0.0,1,,,,
Legal Support Services.,5,Master's Degree,Không hoàn toàn trực tuyến,0.0,0.0,2,,,,
Legal Support Services.,4,Post-baccalaureate Certificate,Không hoàn toàn trực tuyến,0.0,0.0,28,24621.0,43341.0,44307.0,51318.0
Legal Support Services.,3,Bachelor's Degree,Không hoàn toàn trực tuyến,0.0,32.0,31,48729.0,36900.0,38332.0,46159.0
Legal Support Services.,2,Associate's Degree,Không hoàn toàn trực tuyến,0.0,49.0,91,30263.0,27479.0,32726.0,36639.0
Legal Support Services.,1,Undergraduate Certificate or Diploma,Không hoàn toàn trực tuyến,0.0,52.0,71,30720.5,39740.0,33992.0,37283.0
Legal Research and Advanced Professional Studies.,8,Graduate/Professional Certificate,Không hoàn toàn trực tuyến,0.0,4.0,9,,,,
Educational Administration and Supervision.,7,First Professional Degree,Không hoàn toàn trực tuyến,0.0,19.0,31,,73012.0,76738.0,85277.0
Educational Administration and Supervision.,6,Doctoral Degree,Không hoàn toàn trực tuyến,0.0,18.0,27,,84655.0,73956.0,80557.0
Agricultural Production Operations.,5,Master's Degree,Không hoàn toàn trực tuyến,0.0,0.0,2,,56493.0,,
Agricultural Production Operations.,4,Post-baccalaureate Certificate,Không hoàn toàn trực tuyến,0.0,0.0,1,,,,
Agricultural Production Operations.,3,Bachelor's Degree,Không hoàn toàn trực tuyến,0.0,1.0,10,,,,
Agricultural Production Operations.,2,Associate's Degree,Không hoàn toàn trực tuyến,0.0,5.0,12,11814.5,29183.5,35670.0,41616.5
"Liberal Arts and Sciences, General Studies and Humanities.",1,Undergraduate Certificate or Diploma,Không hoàn toàn trực tuyến,0.0,49.0,136,13357.0,33648.0,36352.0,43132.0
Leisure and Recreational Activities.,6,Doctoral Degree,Không hoàn toàn trực tuyến,0.0,0.0,0,,,,
Leisure and Recreational Activities.,5,Master's Degree,Không hoàn toàn trực tuyến,0.0,0.0,5,,,,
Bioethics/Medical Ethics.,6,Doctoral Degree,Không hoàn toàn trực tuyến,0.0,6.0,4,,,,
"Liberal Arts and Sciences, General Studies and Humanities.",5,Master's Degree,Không hoàn toàn trực tuyến,0.0,3.0,65,,30418.0,60799.0,69713.0
"Liberal Arts and Sciences, General Studies and Humanities.",4,Post-baccalaureate Certificate,Không hoàn toàn trực tuyến,0.0,0.0,34,28249.0,59139.0,69062.5,82891.0
"Liberal Arts and Sciences, General Studies and Humanities.",3,Bachelor's Degree,Không hoàn toàn trực tuyến,0.0,46.0,208,25034.5,35768.0,41058.0,47890.5
"Liberal Arts and Sciences, General Studies and Humanities.",2,Associate's Degree,Không hoàn toàn trực tuyến,0.0,60.0,52,14000.0,28469.0,32948.5,41134.0
Agricultural Production Operations.,6,Doctoral Degree,Không hoàn toàn trực tuyến,0.0,0.0,1,,,,
Citizenship Activities.,5,Master's Degree,Không hoàn toàn trực tuyến,0.0,0.0,0,,,,
Citizenship Activities.,3,Bachelor's Degree,Không hoàn toàn trực tuyến,0.0,0.0,2,,,,
Citizenship Activities.,1,Undergraduate Certificate or Diploma,Không hoàn toàn trực tuyến,0.0,0.0,3,,,,
Chiropractic.,8,Graduate/Professional Certificate,Không hoàn toàn trực tuyến,0.0,0.0,0,,,,
Chiropractic.,6,Doctoral Degree,Không hoàn toàn trực tuyến,0.0,0.0,9,,48471.0,54844.0,65236.0
Chiropractic.,5,Master's Degree,Không hoàn toàn trực tuyến,0.0,0.0,1,,,,
Chiropractic.,3,Bachelor's Degree,Không hoàn toàn trực tuyến,0.0,0.0,1,,,,
Chiropractic.,2,Associate's Degree,Không hoàn toàn trực tuyến,0.0,0.0,1,,,,
Chiropractic.,1,Undergraduate Certificate or Diploma,Không hoàn toàn trực tuyến,0.0,0.0,3,,,,
Library Science and Administration.,1,Undergraduate Certificate or Diploma,Không hoàn toàn trực tuyến,0.0,0.0,3,,,,
"Liberal Arts and Sciences, General Studies and Humanities.",8,Graduate/Professional Certificate,Không hoàn toàn trực tuyến,0.0,9.0,38,,57958.0,54886.0,63293.5
"Liberal Arts and Sciences, General Studies and Humanities.",7,First Professional Degree,Không hoàn toàn trực tuyến,0.0,0.0,4,,,75278.0,95113.0
"Liberal Arts and Sciences, General Studies and Humanities.",7,First Professional Degree,Có thể hoàn thành trực tuyến,0.0,0.0,1,,,,
"Liberal Arts and Sciences, General Studies and Humanities.",6,Doctoral Degree,Không xác định,0.0,1.0,1,,,,
"Liberal Arts and Sciences, General Studies and Humanities.",6,Doctoral Degree,Không hoàn toàn trực tuyến,0.0,0.0,6,,,61991.0,70261.0
"Biological and Biomedical Sciences, Other.",1,Undergraduate Certificate or Diploma,Không hoàn toàn trực tuyến,0.0,7.0,4,,,,
Bioethics/Medical Ethics.,8,Graduate/Professional Certificate,Không hoàn toàn trực tuyến,0.0,0.0,12,,,,
Bioethics/Medical Ethics.,7,First Professional Degree,Không xác định,0.0,0.0,1,,,,
Bioethics/Medical Ethics.,7,First Professional Degree,Không hoàn toàn trực tuyến,0.0,2.0,3,,,,
"Library Science, Other.",2,Associate's Degree,Một phần có thể hoàn thành trực tuyến,0.0,0.0,1,,,,
"Library Science, Other.",2,Associate's Degree,Có thể hoàn thành trực tuyến,0.0,0.0,1,,,,
Library Science and Administration.,8,Graduate/Professional Certificate,Không hoàn toàn trực tuyến,0.0,0.0,4,,,,
Library Science and Administration.,7,First Professional Degree,Không hoàn toàn trực tuyến,0.0,0.0,3,,62949.0,55875.0,68647.5
Library Science and Administration.,6,Doctoral Degree,Không hoàn toàn trực tuyến,0.0,1.0,4,,,,
"Human Development, Family Studies, and Related Services.",6,Doctoral Degree,Không hoàn toàn trực tuyến,0.0,0.0,1,,,,
"Human Development, Family Studies, and Related Services.",5,Master's Degree,Không hoàn toàn trực tuyến,0.0,13.0,10,,61026.0,61337.0,68017.0
"Human Development, Family Studies, and Related Services.",4,Post-baccalaureate Certificate,Không hoàn toàn trực tuyến,0.0,0.0,6,,,,
"Human Development, Family Studies, and Related Services.",3,Bachelor's Degree,Không hoàn toàn trực tuyến,0.0,299.0,37,19380.5,31903.5,41685.0,47311.0
"Human Development, Family Studies, and Related Services.",2,Associate's Degree,Không hoàn toàn trực tuyến,0.0,2.0,58,,,28189.0,35073.0
"Human Development, Family Studies, and Related Services.",1,Undergraduate Certificate or Diploma,Không hoàn toàn trực tuyến,0.0,22.0,50,,,10762.0,19674.0
Electromechanical Instrumentation and Maintenance Technologies/Technicians.,3,Bachelor's Degree,Không hoàn toàn trực tuyến,0.0,0.0,4,,,,
Electromechanical Instrumentation and Maintenance Technologies/Technicians.,2,Associate's Degree,Không hoàn toàn trực tuyến,0.0,46.0,31,19572.0,44899.5,47096.0,51415.0
Electromechanical Instrumentation and Maintenance Technologies/Technicians.,1,Undergraduate Certificate or Diploma,Không hoàn toàn trực tuyến,0.0,101.0,29,17762.0,36618.0,38927.0,38269.0
Electromechanical Engineering.,6,Doctoral Degree,Không hoàn toàn trực tuyến,0.0,0.0,0,,,,
Human Resources Management and Services.,2,Associate's Degree,Không hoàn toàn trực tuyến,0.0,14.0,27,35666.0,,32251.0,35326.0
Library Science and Administration.,5,Master's Degree,Không hoàn toàn trực tuyến,0.0,0.0,7,,49316.0,52690.0,56547.0
Library Science and Administration.,4,Post-baccalaureate Certificate,Không hoàn toàn trực tuyến,0.0,0.0,7,25773.0,48329.0,53596.0,56864.0
Library Science and Administration.,3,Bachelor's Degree,Không hoàn toàn trực tuyến,0.0,0.0,3,,,45942.0,50054.0
Library Science and Administration.,2,Associate's Degree,Không hoàn toàn trực tuyến,0.0,16.0,4,,,,
"Library Science, Other.",8,Graduate/Professional Certificate,Không hoàn toàn trực tuyến,0.0,4.0,4,,,,
"Library Science, Other.",6,Doctoral Degree,Một phần có thể hoàn thành trực tuyến,0.0,0.0,1,,,,
"Library Science, Other.",6,Doctoral Degree,Có thể hoàn thành trực tuyến,0.0,0.0,1,,,,
"Library Science, Other.",5,Master's Degree,Không xác định,0.0,0.0,1,,,,
"Library Science, Other.",5,Master's Degree,Không hoàn toàn trực tuyến,0.0,0.0,2,,,,
Educational Administration and Supervision.,5,Master's Degree,Không hoàn toàn trực tuyến,0.0,38.0,47,,64038.0,67590.0,73795.0
Educational Administration and Supervision.,4,Post-baccalaureate Certificate,Không hoàn toàn trực tuyến,0.0,0.0,47,17125.0,89158.0,77224.0,83295.5
Educational Administration and Supervision.,3,Bachelor's Degree,Một phần có thể hoàn thành trực tuyến,0.0,0.0,1,,,,
Educational Administration and Supervision.,3,Bachelor's Degree,Không hoàn toàn trực tuyến,0.0,4.0,18,,,,
Educational Administration and Supervision.,2,Associate's Degree,Không hoàn toàn trực tuyến,0.0,0.0,4,,,,31622.0
Educational Administration and Supervision.,1,Undergraduate Certificate or Diploma,Không hoàn toàn trực tuyến,0.0,0.0,12,32447.0,78430.0,50647.0,58744.0
"Education, Other.",8,Graduate/Professional Certificate,Không hoàn toàn trực tuyến,0.0,3.0,21,,,68808.0,83860.0
"Education, Other.",1,Undergraduate Certificate or Diploma,Một phần có thể hoàn thành trực tuyến,0.0,8.0,1,,,,
"Education, Other.",1,Undergraduate Certificate or Diploma,Không hoàn toàn trực tuyến,0.0,0.0,9,,,,
"Education, General.",8,Graduate/Professional Certificate,Không hoàn toàn trực tuyến,0.0,10.0,22,,46894.0,55793.0,61120.0
"Linguistic, Comparative, and Related Language Studies and Services.",5,Master's Degree,Không hoàn toàn trực tuyến,0.0,2.0,10,,30439.0,67306.0,84793.0
"Linguistic, Comparative, and Related Language Studies and Services.",4,Post-baccalaureate Certificate,Không hoàn toàn trực tuyến,0.0,0.0,9,,,,
"Linguistic, Comparative, and Related Language Studies and Services.",3,Bachelor's Degree,Không hoàn toàn trực tuyến,0.0,15.0,28,16449.0,24961.0,,48691.0
"Linguistic, Comparative, and Related Language Studies and Services.",2,Associate's Degree,Không hoàn toàn trực tuyến,0.0,4.0,16,,,20318.0,
"Linguistic, Comparative, and Related Language Studies and Services.",1,Undergraduate Certificate or Diploma,Không hoàn toàn trực tuyến,0.0,1.0,13,19500.0,25630.0,45124.0,40991.0
Library and Archives Assisting.,8,Graduate/Professional Certificate,Một phần có thể hoàn thành trực tuyến,0.0,1.0,1,,,,
Library and Archives Assisting.,5,Master's Degree,Không hoàn toàn trực tuyến,0.0,0.0,0,,,,
Library and Archives Assisting.,3,Bachelor's Degree,Không hoàn toàn trực tuyến,0.0,0.0,0,,,,
Library and Archives Assisting.,2,Associate's Degree,Không hoàn toàn trực tuyến,0.0,0.0,5,,,,
Library and Archives Assisting.,1,Undergraduate Certificate or Diploma,Không hoàn toàn trực tuyến,0.0,0.0,6,,,,
Linguistics and Anthropology.,8,Graduate/Professional Certificate,Có thể hoàn thành trực tuyến,0.0,0.0,1,,,,
"Linguistic, Comparative, and Related Language Studies and Services.",8,Graduate/Professional Certificate,Không xác định,0.0,0.0,1,,,,
"Linguistic, Comparative, and Related Language Studies and Services.",8,Graduate/Professional Certificate,Không hoàn toàn trực tuyến,0.0,0.0,2,,,,
"Linguistic, Comparative, and Related Language Studies and Services.",7,First Professional Degree,Không hoàn toàn trực tuyến,0.0,0.0,1,,,,
Biomedical/Medical Engineering.,4,Post-baccalaureate Certificate,Không hoàn toàn trực tuyến,0.0,0.0,3,,,,
Biomedical/Medical Engineering.,3,Bachelor's Degree,Không hoàn toàn trực tuyến,0.0,0.0,3,,,,
Biomedical/Medical Engineering.,2,Associate's Degree,Không hoàn toàn trực tuyến,0.0,0.0,1,,,,
"Biology, General.",8,Graduate/Professional Certificate,Không hoàn toàn trực tuyến,0.0,0.0,3,,,,
Human Resources Management and Services.,1,Undergraduate Certificate or Diploma,Không hoàn toàn trực tuyến,0.0,17.0,32,12785.0,46304.0,63337.0,69835.0
"Human Development, Family Studies, and Related Services.",8,Graduate/Professional Certificate,Không hoàn toàn trực tuyến,0.0,1.0,8,,,41218.0,35280.0
"Human Development, Family Studies, and Related Services.",7,First Professional Degree,Không hoàn toàn trực tuyến,0.0,0.0,1,,,,
"Linguistic, Comparative, and Related Language Studies and Services.",6,Doctoral Degree,Không hoàn toàn trực tuyến,0.0,0.0,2,,,,
"Education, Other.",7,First Professional Degree,Không hoàn toàn trực tuyến,0.0,0.0,2,,,,
"Education, Other.",6,Doctoral Degree,Không hoàn toàn trực tuyến,0.0,5.0,12,,,,
"Education, Other.",5,Master's Degree,Không hoàn toàn trực tuyến,0.0,179.0,52,,59795.0,52996.0,62723.0
"Education, Other.",4,Post-baccalaureate Certificate,Không hoàn toàn trực tuyến,0.0,0.0,18,19625.0,55534.0,48174.0,50159.5
"Education, Other.",3,Bachelor's Degree,Không hoàn toàn trực tuyến,0.0,106.0,31,27000.0,32812.0,48964.0,57184.0
"Education, Other.",2,Associate's Degree,Không hoàn toàn trực tuyến,0.0,0.0,15,26539.0,68147.0,30761.0,34732.0
Literature.,8,Graduate/Professional Certificate,Một phần có thể hoàn thành trực tuyến,0.0,4.0,2,,,,
Literature.,8,Graduate/Professional Certificate,Không hoàn toàn trực tuyến,0.0,0.0,0,,,,
Literature.,6,Doctoral Degree,Không hoàn toàn trực tuyến,0.0,0.0,1,,,,
Literature.,5,Master's Degree,Không hoàn toàn trực tuyến,0.0,0.0,3,,,,
Literature.,3,Bachelor's Degree,Không hoàn toàn trực tuyến,0.0,0.0,17,,,,
Literature.,2,Associate's Degree,Không hoàn toàn trực tuyến,0.0,0.0,3,,,,
Bioethics/Medical Ethics.,5,Master's Degree,Không hoàn toàn trực tuyến,0.0,28.0,35,,84678.5,86250.5,83409.0
Bioethics/Medical Ethics.,4,Post-baccalaureate Certificate,Không hoàn toàn trực tuyến,0.0,0.0,10,,,,
Bioethics/Medical Ethics.,3,Bachelor's Degree,Không hoàn toàn trực tuyến,0.0,0.0,6,28148.0,106754.0,,
Bioethics/Medical Ethics.,2,Associate's Degree,Không hoàn toàn trực tuyến,0.0,9.0,9,24750.0,99851.0,78094.5,83287.0
Bioethics/Medical Ethics.,1,Undergraduate Certificate or Diploma,Không hoàn toàn trực tuyến,0.0,0.0,4,25430.0,,,
Human Biology.,1,Undergraduate Certificate or Diploma,Không hoàn toàn trực tuyến,0.0,0.0,1,,,,
Energy Systems Maintenance and Repair Technologies/Technicians.,2,Associate's Degree,Không hoàn toàn trực tuyến,0.0,0.0,1,,,,
Energy Systems Maintenance and Repair Technologies/Technicians.,1,Undergraduate Certificate or Diploma,Không hoàn toàn trực tuyến,0.0,9.0,1,,,,
Landscape Architecture.,2,Associate's Degree,Một phần có thể hoàn thành trực tuyến,0.0,1.0,1,,,,
Landscape Architecture.,2,Associate's Degree,Không xác định,0.0,0.0,1,,,,
Landscape Architecture.,2,Associate's Degree,Không hoàn toàn trực tuyến,0.0,2.0,2,,,,
Landscape Architecture.,1,Undergraduate Certificate or Diploma,Không hoàn toàn trực tuyến,0.0,4.0,4,,,,
"Legal Professions and Studies, Other.",1,Undergraduate Certificate or Diploma,Không hoàn toàn trực tuyến,0.0,0.0,4,16052.0,40846.0,,
Leatherworking and Upholstery.,2,Associate's Degree,Không hoàn toàn trực tuyến,0.0,0.0,1,,,,
Leatherworking and Upholstery.,2,Associate's Degree,Có thể hoàn thành trực tuyến,0.0,2.0,1,,,,
Leatherworking and Upholstery.,1,Undergraduate Certificate or Diploma,Không hoàn toàn trực tuyến,0.0,3.0,3,,,,
Human Resources Management and Services.,4,Post-baccalaureate Certificate,Không hoàn toàn trực tuyến,0.0,0.0,25,20250.0,74012.0,52510.0,61285.0
Human Resources Management and Services.,3,Bachelor's Degree,Không hoàn toàn trực tuyến,0.0,19.0,55,30736.0,57983.0,51907.0,58963.0
Electromechanical Instrumentation and Maintenance Technologies/Technicians.,8,Graduate/Professional Certificate,Không hoàn toàn trực tuyến,0.0,0.0,1,,,,
Electromechanical Instrumentation and Maintenance Technologies/Technicians.,8,Graduate/Professional Certificate,Có thể hoàn thành trực tuyến,0.0,0.0,2,,,,
Electromechanical Instrumentation and Maintenance Technologies/Technicians.,5,Master's Degree,Không hoàn toàn trực tuyến,0.0,0.0,1,,,,
Human Computer Interaction.,5,Master's Degree,Không hoàn toàn trực tuyến,0.0,1.0,2,,123979.0,,
Human Computer Interaction.,3,Bachelor's Degree,Không xác định,0.0,0.0,1,,,,
Human Computer Interaction.,2,Associate's Degree,Không xác định,0.0,0.0,1,,,,
Human Computer Interaction.,2,Associate's Degree,Không hoàn toàn trực tuyến,0.0,0.0,1,,,40780.0,46551.0
"Biochemistry, Biophysics and Molecular Biology.",6,Doctoral Degree,Không xác định,0.0,2.0,1,,,,
"Biochemistry, Biophysics and Molecular Biology.",6,Doctoral Degree,Không hoàn toàn trực tuyến,0.0,0.0,7,,,,
Management Information Systems and Services.,3,Bachelor's Degree,Không hoàn toàn trực tuyến,0.0,91.0,87,22138.0,61204.0,73371.0,84501.5
Management Information Systems and Services.,2,Associate's Degree,Không hoàn toàn trực tuyến,0.0,3.0,38,,38131.0,32020.0,42479.0
Management Information Systems and Services.,1,Undergraduate Certificate or Diploma,Không hoàn toàn trực tuyến,0.0,2.0,21,,,30708.5,28507.0
Management Sciences and Quantitative Methods.,1,Undergraduate Certificate or Diploma,Không hoàn toàn trực tuyến,0.0,1.0,5,,,,
Management Information Systems and Services.,8,Graduate/Professional Certificate,Không hoàn toàn trực tuyến,0.0,0.0,7,,,,
Management Information Systems and Services.,6,Doctoral Degree,Một phần có thể hoàn thành trực tuyến,0.0,0.0,1,,,,
Management Information Systems and Services.,6,Doctoral Degree,Không hoàn toàn trực tuyến,0.0,0.0,0,,,,
Management Information Systems and Services.,5,Master's Degree,Không hoàn toàn trực tuyến,0.0,266.0,50,,78444.0,113190.0,114526.0
Civil Engineering Technologies/Technicians.,1,Undergraduate Certificate or Diploma,Không hoàn toàn trực tuyến,0.0,0.0,7,,,,
"City/Urban, Community and Regional Planning.",8,Graduate/Professional Certificate,Một phần có thể hoàn thành trực tuyến,0.0,1.0,1,,,,
"City/Urban, Community and Regional Planning.",8,Graduate/Professional Certificate,Không hoàn toàn trực tuyến,0.0,0.0,4,,,,
"City/Urban, Community and Regional Planning.",7,First Professional Degree,Không hoàn toàn trực tuyến,0.0,0.0,4,,83099.0,,
"City/Urban, Community and Regional Planning.",6,Doctoral Degree,Không hoàn toàn trực tuyến,0.0,0.0,2,,,,
"City/Urban, Community and Regional Planning.",5,Master's Degree,Không hoàn toàn trực tuyến,0.0,2.0,11,,63496.0,64082.0,75762.0
"City/Urban, Community and Regional Planning.",4,Post-baccalaureate Certificate,Không hoàn toàn trực tuyến,0.0,0.0,5,,,,
Management Information Systems and Services.,4,Post-baccalaureate Certificate,Không hoàn toàn trực tuyến,0.0,0.0,10,,,,
Manufacturing Engineering.,3,Bachelor's Degree,Không hoàn toàn trực tuyến,0.0,1.0,3,,,,
Manufacturing Engineering.,2,Associate's Degree,Không hoàn toàn trực tuyến,0.0,0.0,4,,,,
Management Sciences and Quantitative Methods.,8,Graduate/Professional Certificate,Không hoàn toàn trực tuyến,0.0,0.0,7,,,,
Management Sciences and Quantitative Methods.,7,First Professional Degree,Không hoàn toàn trực tuyến,0.0,0.0,2,,171764.0,154143.0,149024.0
Management Sciences and Quantitative Methods.,6,Doctoral Degree,Không hoàn toàn trực tuyến,0.0,0.0,1,,,,
Management Sciences and Quantitative Methods.,5,Master's Degree,Không hoàn toàn trực tuyến,0.0,22.0,25,,82134.0,111830.0,118016.0
Management Sciences and Quantitative Methods.,4,Post-baccalaureate Certificate,Không hoàn toàn trực tuyến,0.0,0.0,17,20111.5,107322.5,,
Management Sciences and Quantitative Methods.,3,Bachelor's Degree,Không hoàn toàn trực tuyến,0.0,12.0,33,22750.0,45500.0,56465.0,62687.0
Management Sciences and Quantitative Methods.,2,Associate's Degree,Một phần có thể hoàn thành trực tuyến,0.0,1.0,1,,,,
Management Sciences and Quantitative Methods.,2,Associate's Degree,Không hoàn toàn trực tuyến,0.0,0.0,5,,,28092.0,39706.0
"Education, General.",1,Undergraduate Certificate or Diploma,Không hoàn toàn trực tuyến,0.0,0.0,25,8000.0,,29379.0,32383.0
Economics.,8,Graduate/Professional Certificate,Không hoàn toàn trực tuyến,0.0,0.0,4,,,,
Marine Sciences.,6,Doctoral Degree,Không hoàn toàn trực tuyến,0.0,0.0,0,,,,
Marine Sciences.,5,Master's Degree,Không hoàn toàn trực tuyến,0.0,0.0,0,,,,
Marine Sciences.,3,Bachelor's Degree,Không hoàn toàn trực tuyến,0.0,0.0,1,,,,
Housing and Human Environments.,7,First Professional Degree,Không hoàn toàn trực tuyến,0.0,0.0,1,,,,
Housing and Human Environments.,5,Master's Degree,Không hoàn toàn trực tuyến,0.0,0.0,2,,,,
Housing and Human Environments.,3,Bachelor's Degree,Không hoàn toàn trực tuyến,0.0,0.0,4,23773.0,37351.0,,
Biomedical/Medical Engineering.,1,Undergraduate Certificate or Diploma,Không hoàn toàn trực tuyến,0.0,0.0,3,,,,
"Biomathematics, Bioinformatics, and Computational Biology.",8,Graduate/Professional Certificate,Không hoàn toàn trực tuyến,0.0,1.0,4,,,,
"Biomathematics, Bioinformatics, and Computational Biology.",7,First Professional Degree,Không hoàn toàn trực tuyến,0.0,0.0,2,,,,
"Biomathematics, Bioinformatics, and Computational Biology.",6,Doctoral Degree,Không hoàn toàn trực tuyến,0.0,0.0,4,,,,
Human Biology.,3,Bachelor's Degree,Không hoàn toàn trực tuyến,0.0,0.0,6,,,,
Marine Sciences.,2,Associate's Degree,Không hoàn toàn trực tuyến,0.0,0.0,1,,,,
Manufacturing Engineering.,5,Master's Degree,Không hoàn toàn trực tuyến,0.0,1.0,3,,,,
"Biochemistry, Biophysics and Molecular Biology.",2,Associate's Degree,Không hoàn toàn trực tuyến,0.0,0.0,1,,,,
"Biochemistry, Biophysics and Molecular Biology.",1,Undergraduate Certificate or Diploma,Không hoàn toàn trực tuyến,0.0,0.0,3,,,,
Marine Transportation.,1,Undergraduate Certificate or Diploma,Không hoàn toàn trực tuyến,0.0,95.0,3,5846.0,36325.0,,
Marine Sciences.,8,Graduate/Professional Certificate,Có thể hoàn thành trực tuyến,0.0,0.0,1,,,,
"Education, General.",7,First Professional Degree,Không hoàn toàn trực tuyến,0.0,0.0,7,,99744.0,104623.0,105916.0
"Education, General.",6,Doctoral Degree,Không hoàn toàn trực tuyến,0.0,6.0,9,,69046.0,75848.0,81604.0
"Education, General.",5,Master's Degree,Không hoàn toàn trực tuyến,0.0,11.0,77,,53577.5,57756.0,66069.0
"Education, General.",4,Post-baccalaureate Certificate,Không hoàn toàn trực tuyến,0.0,0.0,30,,46191.0,47437.5,54151.5
"Education, General.",3,Bachelor's Degree,Không hoàn toàn trực tuyến,0.0,10.0,88,25500.0,40540.0,41251.0,46982.0
"Education, General.",2,Associate's Degree,Không hoàn toàn trực tuyến,0.0,29.0,57,10118.5,25867.0,38280.5,44739.5
Marketing.,4,Post-baccalaureate Certificate,Không hoàn toàn trực tuyến,0.0,0.0,10,19500.0,117557.0,,
Marketing.,3,Bachelor's Degree,Không hoàn toàn trực tuyến,0.0,45.0,49,19032.0,43134.0,53053.0,58812.0
Marketing.,2,Associate's Degree,Không hoàn toàn trực tuyến,0.0,18.0,56,22501.0,,34373.0,37351.5
Marketing.,1,Undergraduate Certificate or Diploma,Không hoàn toàn trực tuyến,0.0,182.0,34,22060.0,63549.0,54620.0,55524.0
Maritime Studies.,5,Master's Degree,Không hoàn toàn trực tuyến,0.0,0.0,0,,,,
Homeland Security.,8,Graduate/Professional Certificate,Không hoàn toàn trực tuyến,0.0,0.0,5,,,,
Energy Systems Technologies/Technicians.,5,Master's Degree,Không hoàn toàn trực tuyến,0.0,0.0,4,,108612.0,78483.0,86893.0
Energy Systems Technologies/Technicians.,4,Post-baccalaureate Certificate,Không hoàn toàn trực tuyến,0.0,0.0,3,,,,
Energy Systems Technologies/Technicians.,3,Bachelor's Degree,Không hoàn toàn trực tuyến,0.0,14.0,7,,,50899.5,58920.0
Energy Systems Technologies/Technicians.,2,Associate's Degree,Không hoàn toàn trực tuyến,0.0,13.0,34,,,45055.0,47162.5
Energy Systems Engineering.,5,Master's Degree,Không hoàn toàn trực tuyến,0.0,0.0,1,,,,
Energy Systems Engineering.,5,Master's Degree,Có thể hoàn thành trực tuyến,0.0,2.0,2,,,,
Energy Systems Engineering.,2,Associate's Degree,Có thể hoàn thành trực tuyến,0.0,1.0,2,,,,
Energy Systems Engineering.,1,Undergraduate Certificate or Diploma,Có thể hoàn thành trực tuyến,0.0,1.0,1,,,,
Emergency Medicine Residency/Fellowship Programs.,8,Graduate/Professional Certificate,Không hoàn toàn trực tuyến,0.0,0.0,1,,,,
Housing and Human Environments.,8,Graduate/Professional Certificate,Không hoàn toàn trực tuyến,0.0,0.0,1,,,,
Housing and Human Environments.,8,Graduate/Professional Certificate,Có thể hoàn thành trực tuyến,0.0,0.0,4,,,,
Marine Transportation.,2,Associate's Degree,Không hoàn toàn trực tuyến,0.0,0.0,2,,,,
"Biochemistry, Biophysics and Molecular Biology.",5,Master's Degree,Không hoàn toàn trực tuyến,0.0,1.0,15,,,,
"Biochemistry, Biophysics and Molecular Biology.",4,Post-baccalaureate Certificate,Không hoàn toàn trực tuyến,0.0,0.0,4,,,,
"Biochemistry, Biophysics and Molecular Biology.",3,Bachelor's Degree,Không hoàn toàn trực tuyến,0.0,5.0,22,23250.0,33266.0,59752.0,67809.0
Agriculture/Veterinary Preparatory Programs.,1,Undergraduate Certificate or Diploma,Có thể hoàn thành trực tuyến,0.0,1.0,3,,,,
"Agriculture, General.",8,Graduate/Professional Certificate,Không hoàn toàn trực tuyến,0.0,0.0,2,,,,
Materials Engineering,4,Post-baccalaureate Certificate,Không hoàn toàn trực tuyến,0.0,0.0,2,,,,
Materials Engineering,3,Bachelor's Degree,Không hoàn toàn trực tuyến,0.0,0.0,2,,,,
Materials Engineering,2,Associate's Degree,Không hoàn toàn trực tuyến,0.0,0.0,1,,,,
Materials Engineering,1,Undergraduate Certificate or Diploma,Không hoàn toàn trực tuyến,0.0,0.0,3,,,,
Mason/Masonry.,2,Associate's Degree,Không hoàn toàn trực tuyến,0.0,0.0,2,,,,
Mason/Masonry.,1,Undergraduate Certificate or Diploma,Không hoàn toàn trực tuyến,0.0,0.0,9,,,,
Marketing.,8,Graduate/Professional Certificate,Không hoàn toàn trực tuyến,0.0,14.0,6,,,,
Marketing.,7,First Professional Degree,Không hoàn toàn trực tuyến,0.0,0.0,2,,,,
Marketing.,6,Doctoral Degree,Không hoàn toàn trực tuyến,0.0,0.0,2,,,,
Marketing.,5,Master's Degree,Không hoàn toàn trực tuyến,0.0,46.0,34,,54942.0,77828.5,90850.5
Materials Engineering,8,Graduate/Professional Certificate,Không xác định,0.0,0.0,2,,,,
Materials Engineering,6,Doctoral Degree,Không hoàn toàn trực tuyến,0.0,0.0,4,,111998.0,,
Materials Engineering,5,Master's Degree,Không hoàn toàn trực tuyến,0.0,0.0,4,,,,
Economics.,7,First Professional Degree,Không hoàn toàn trực tuyến,0.0,0.0,1,,,,
Economics.,7,First Professional Degree,Có thể hoàn thành trực tuyến,0.0,0.0,1,,,,
Economics.,6,Doctoral Degree,Không hoàn toàn trực tuyến,0.0,0.0,2,,,,
Economics.,5,Master's Degree,Không hoàn toàn trực tuyến,0.0,0.0,6,,72949.0,75252.0,89124.0
Economics.,4,Post-baccalaureate Certificate,Không hoàn toàn trực tuyến,0.0,0.0,1,,,,
Economics.,3,Bachelor's Degree,Không hoàn toàn trực tuyến,0.0,3.0,29,15750.0,36004.0,59932.0,72744.0
Economics.,2,Associate's Degree,Không hoàn toàn trực tuyến,0.0,0.0,10,,,,
Agriculture/Veterinary Preparatory Programs.,1,Undergraduate Certificate or Diploma,Không xác định,0.0,0.0,1,,,,
Agriculture/Veterinary Preparatory Programs.,1,Undergraduate Certificate or Diploma,Không hoàn toàn trực tuyến,0.0,106.0,3,,,18376.0,21333.0
Mathematics and Computer Science.,5,Master's Degree,Không hoàn toàn trực tuyến,0.0,0.0,2,,,,
Mathematics and Computer Science.,3,Bachelor's Degree,Một phần có thể hoàn thành trực tuyến,0.0,0.0,1,,,,
Mathematics and Computer Science.,3,Bachelor's Degree,Không hoàn toàn trực tuyến,0.0,0.0,12,,,,
Mathematics and Computer Science.,1,Undergraduate Certificate or Diploma,Không hoàn toàn trực tuyến,0.0,0.0,1,,,,
Mathematics and Computer Science.,1,Undergraduate Certificate or Diploma,Có thể hoàn thành trực tuyến,0.0,1.0,2,,,,
Homeland Security.,4,Post-baccalaureate Certificate,Không hoàn toàn trực tuyến,0.0,0.0,7,,,,
Homeland Security.,3,Bachelor's Degree,Không hoàn toàn trực tuyến,0.0,3.0,11,20312.0,39110.5,50061.5,57181.5
Homeland Security.,2,Associate's Degree,Không hoàn toàn trực tuyến,0.0,5.0,13,,,30216.0,42040.0
Homeland Security.,1,Undergraduate Certificate or Diploma,Không hoàn toàn trực tuyến,0.0,1.0,15,,,35804.0,40153.0
Biopsychology.,6,Doctoral Degree,Có thể hoàn thành trực tuyến,0.0,0.0,1,,,,
Biopsychology.,5,Master's Degree,Có thể hoàn thành trực tuyến,0.0,0.0,1,,,,
Biopsychology.,3,Bachelor's Degree,Không hoàn toàn trực tuyến,0.0,0.0,1,,,,
Housing and Human Environments.,1,Undergraduate Certificate or Diploma,Không xác định,0.0,1.0,1,,,,
Housing and Human Environments.,1,Undergraduate Certificate or Diploma,Không hoàn toàn trực tuyến,0.0,22.0,3,,35261.0,,
Hospitality Administration/Management.,8,Graduate/Professional Certificate,Không hoàn toàn trực tuyến,0.0,1.0,3,,,,
Hospitality Administration/Management.,5,Master's Degree,Không hoàn toàn trực tuyến,0.0,5.0,11,,43055.0,,
Hospitality Administration/Management.,4,Post-baccalaureate Certificate,Không hoàn toàn trực tuyến,0.0,0.0,3,,,,
Hospitality Administration/Management.,3,Bachelor's Degree,Không hoàn toàn trực tuyến,0.0,46.0,33,26175.0,33374.0,43064.0,46169.0
Hospitality Administration/Management.,2,Associate's Degree,Không hoàn toàn trực tuyến,0.0,21.0,43,22321.5,28056.5,28042.0,29442.0
Hospitality Administration/Management.,1,Undergraduate Certificate or Diploma,Không hoàn toàn trực tuyến,0.0,2.0,44,26642.0,36752.0,23874.5,25300.5
Materials Sciences.,7,First Professional Degree,Không hoàn toàn trực tuyến,0.0,0.0,1,,,,
Materials Sciences.,6,Doctoral Degree,Không hoàn toàn trực tuyến,0.0,0.0,1,,,,
Materials Sciences.,5,Master's Degree,Không hoàn toàn trực tuyến,0.0,1.0,4,,,,
Materials Sciences.,3,Bachelor's Degree,Không hoàn toàn trực tuyến,0.0,0.0,1,,,,
Materials Sciences.,2,Associate's Degree,Không hoàn toàn trực tuyến,0.0,0.0,2,,,,
"Mathematics and Statistics, Other.",1,Undergraduate Certificate or Diploma,Không hoàn toàn trực tuyến,0.0,0.0,1,,,,
Biochemical Engineering.,5,Master's Degree,Không hoàn toàn trực tuyến,0.0,0.0,0,,,,
Biochemical Engineering.,2,Associate's Degree,Có thể hoàn thành trực tuyến,0.0,0.0,1,,,,
"Bilingual, Multilingual, and Multicultural Education.",8,Graduate/Professional Certificate,Không hoàn toàn trực tuyến,0.0,0.0,9,,,,
"Bilingual, Multilingual, and Multicultural Education.",7,First Professional Degree,Có thể hoàn thành trực tuyến,0.0,0.0,1,,,,
"Bilingual, Multilingual, and Multicultural Education.",6,Doctoral Degree,Không hoàn toàn trực tuyến,0.0,0.0,1,,,,
Civil Engineering Technologies/Technicians.,5,Master's Degree,Không hoàn toàn trực tuyến,0.0,0.0,1,,,,
Civil Engineering Technologies/Technicians.,3,Bachelor's Degree,Không hoàn toàn trực tuyến,0.0,20.0,5,27000.0,58752.0,71659.5,81240.0
Civil Engineering Technologies/Technicians.,2,Associate's Degree,Không hoàn toàn trực tuyến,0.0,1.0,8,,,60820.0,57686.0
Mathematics.,1,Undergraduate Certificate or Diploma,Không hoàn toàn trực tuyến,0.0,2.0,16,27000.0,67328.0,,
"Homeland Security, Law Enforcement, Firefighting and Related Protective Services, Other.",8,Graduate/Professional Certificate,Không hoàn toàn trực tuyến,0.0,0.0,2,,,,
"Homeland Security, Law Enforcement, Firefighting and Related Protective Services, Other.",5,Master's Degree,Không hoàn toàn trực tuyến,0.0,0.0,4,,,,
"Homeland Security, Law Enforcement, Firefighting and Related Protective Services, Other.",4,Post-baccalaureate Certificate,Không hoàn toàn trực tuyến,0.0,0.0,5,,,,
Energy Systems Technologies/Technicians.,1,Undergraduate Certificate or Diploma,Không hoàn toàn trực tuyến,0.0,8.0,29,10746.0,46768.5,47702.0,50732.0
Homeland Security.,6,Doctoral Degree,Không hoàn toàn trực tuyến,0.0,0.0,1,,,,
Homeland Security.,5,Master's Degree,Không hoàn toàn trực tuyến,0.0,3.0,10,,80862.0,76983.0,84329.5
"Mathematics and Statistics, Other.",7,First Professional Degree,Không hoàn toàn trực tuyến,0.0,0.0,1,,,,
"Mathematics and Statistics, Other.",6,Doctoral Degree,Không hoàn toàn trực tuyến,0.0,0.0,1,,,,
"Mathematics and Statistics, Other.",5,Master's Degree,Một phần có thể hoàn thành trực tuyến,0.0,0.0,1,,,,
"Mathematics and Statistics, Other.",5,Master's Degree,Không hoàn toàn trực tuyến,0.0,2.0,4,,,,
"Mathematics and Statistics, Other.",3,Bachelor's Degree,Không hoàn toàn trực tuyến,0.0,16.0,10,,,61950.0,63943.5
"Mathematics and Statistics, Other.",2,Associate's Degree,Không hoàn toàn trực tuyến,0.0,0.0,1,,,,
Mathematics.,6,Doctoral Degree,Không hoàn toàn trực tuyến,0.0,0.0,5,,,,
Mathematics.,5,Master's Degree,Không hoàn toàn trực tuyến,0.0,0.0,15,,49717.0,,
Mathematics.,4,Post-baccalaureate Certificate,Không hoàn toàn trực tuyến,0.0,0.0,6,,,,
Mathematics.,3,Bachelor's Degree,Không hoàn toàn trực tuyến,0.0,6.0,26,18999.0,54781.0,69476.0,81236.0
Mathematics.,2,Associate's Degree,Không hoàn toàn trực tuyến,0.0,1.0,28,,,,
"Agriculture, General.",6,Doctoral Degree,Không hoàn toàn trực tuyến,0.0,0.0,1,,,,
Civil Engineering.,2,Associate's Degree,Không hoàn toàn trực tuyến,0.0,0.0,6,,,,
Civil Engineering.,1,Undergraduate Certificate or Diploma,Một phần có thể hoàn thành trực tuyến,0.0,0.0,1,,,,
Civil Engineering.,1,Undergraduate Certificate or Diploma,Không xác định,0.0,0.0,1,,,,
Civil Engineering.,1,Undergraduate Certificate or Diploma,Không hoàn toàn trực tuyến,0.0,0.0,4,,,,
Civil Engineering Technologies/Technicians.,8,Graduate/Professional Certificate,Có thể hoàn thành trực tuyến,0.0,0.0,5,,,,
Mechanical Engineering Related Technologies/Technicians.,5,Master's Degree,Không hoàn toàn trực tuyến,0.0,73.0,2,,113475.0,,
Mechanical Engineering Related Technologies/Technicians.,4,Post-baccalaureate Certificate,Không hoàn toàn trực tuyến,0.0,0.0,1,,,,
Mechanical Engineering Related Technologies/Technicians.,3,Bachelor's Degree,Không hoàn toàn trực tuyến,0.0,0.0,14,27000.0,67333.5,82452.0,91551.0
Mechanical Engineering Related Technologies/Technicians.,2,Associate's Degree,Không hoàn toàn trực tuyến,0.0,26.0,25,15387.0,45522.0,55739.5,55076.0
Mechanical Engineering Related Technologies/Technicians.,1,Undergraduate Certificate or Diploma,Một phần có thể hoàn thành trực tuyến,0.0,0.0,1,,,,
Mechanical Engineering Related Technologies/Technicians.,1,Undergraduate Certificate or Diploma,Không hoàn toàn trực tuyến,0.0,0.0,27,18500.0,42386.0,40640.5,52446.0
"Mechanic and Repair Technologies/Technicians, Other.",3,Bachelor's Degree,Không hoàn toàn trực tuyến,0.0,0.0,1,,,,
"Mechanic and Repair Technologies/Technicians, Other.",2,Associate's Degree,Không hoàn toàn trực tuyến,0.0,0.0,11,,,66466.0,71015.0
"Mechanic and Repair Technologies/Technicians, Other.",1,Undergraduate Certificate or Diploma,Một phần có thể hoàn thành trực tuyến,0.0,71.0,1,8000.0,63997.0,84740.0,92842.0
"Mechanic and Repair Technologies/Technicians, Other.",1,Undergraduate Certificate or Diploma,Không hoàn toàn trực tuyến,0.0,32.0,14,,,41494.0,42879.0
Mathematics.,8,Graduate/Professional Certificate,Một phần có thể hoàn thành trực tuyến,0.0,0.0,3,,,,
Mathematics.,8,Graduate/Professional Certificate,Không hoàn toàn trực tuyến,0.0,4.0,7,,,,
Mathematics.,7,First Professional Degree,Không hoàn toàn trực tuyến,0.0,0.0,1,,,,
"Bilingual, Multilingual, and Multicultural Education.",1,Undergraduate Certificate or Diploma,Không xác định,0.0,0.0,1,,,,
"Bilingual, Multilingual, and Multicultural Education.",1,Undergraduate Certificate or Diploma,Không hoàn toàn trực tuyến,0.0,1.0,3,,29461.0,,
Bible/Biblical Studies.,8,Graduate/Professional Certificate,Không hoàn toàn trực tuyến,0.0,0.0,3,,,,
Bible/Biblical Studies.,7,First Professional Degree,Không hoàn toàn trực tuyến,0.0,0.0,2,,,,
Mechanical Engineering Related Technologies/Technicians.,8,Graduate/Professional Certificate,Có thể hoàn thành trực tuyến,0.0,0.0,4,,,,
Mechanical Engineering Related Technologies/Technicians.,6,Doctoral Degree,Không hoàn toàn trực tuyến,0.0,0.0,1,,,,
Engineering Chemistry.,5,Master's Degree,Không hoàn toàn trực tuyến,0.0,0.0,1,,83672.0,,
Energy and Biologically Based Therapies.,8,Graduate/Professional Certificate,Không hoàn toàn trực tuyến,0.0,0.0,1,,,,
Energy and Biologically Based Therapies.,5,Master's Degree,Không xác định,0.0,0.0,1,,,,
Biopsychology.,2,Associate's Degree,Không hoàn toàn trực tuyến,0.0,0.0,1,,,,
Biomedical/Medical Engineering.,8,Graduate/Professional Certificate,Không xác định,0.0,0.0,1,,,,
Biomedical/Medical Engineering.,8,Graduate/Professional Certificate,Không hoàn toàn trực tuyến,0.0,1.0,2,,,,
Biomedical/Medical Engineering.,7,First Professional Degree,Không hoàn toàn trực tuyến,0.0,0.0,2,,84560.0,,
Biomedical/Medical Engineering.,6,Doctoral Degree,Không hoàn toàn trực tuyến,0.0,0.0,1,,,,
Biomedical/Medical Engineering.,5,Master's Degree,Không hoàn toàn trực tuyến,0.0,0.0,1,,,,
"Agriculture, General.",5,Master's Degree,Không hoàn toàn trực tuyến,0.0,0.0,0,,,,
"Agriculture, General.",3,Bachelor's Degree,Không hoàn toàn trực tuyến,0.0,45.0,6,25000.0,34670.0,37163.0,44037.0
Economics.,1,Undergraduate Certificate or Diploma,Không hoàn toàn trực tuyến,0.0,2.0,14,22625.0,70785.0,76308.0,105619.0
"Ecology, Evolution, Systematics, and Population Biology.",8,Graduate/Professional Certificate,Không hoàn toàn trực tuyến,0.0,0.0,3,,,,
"Ecology, Evolution, Systematics, and Population Biology.",7,First Professional Degree,Không hoàn toàn trực tuyến,0.0,0.0,2,,63289.0,69119.0,79518.0
Mechanical Engineering.,7,First Professional Degree,Có thể hoàn thành trực tuyến,0.0,0.0,1,,,,
Mechanical Engineering.,6,Doctoral Degree,Không hoàn toàn trực tuyến,0.0,0.0,2,,,,
Mechanical Engineering.,5,Master's Degree,Không hoàn toàn trực tuyến,0.0,0.0,4,,98551.0,100869.0,122139.0
Mechanical Engineering.,4,Post-baccalaureate Certificate,Không hoàn toàn trực tuyến,0.0,0.0,1,,,,
Mechanical Engineering.,3,Bachelor's Degree,Không hoàn toàn trực tuyến,0.0,0.0,5,,,,
Mechanical Engineering.,2,Associate's Degree,Không hoàn toàn trực tuyến,0.0,0.0,6,,,,
Mechanical Engineering.,1,Undergraduate Certificate or Diploma,Không hoàn toàn trực tuyến,0.0,0.0,4,,,,
Mechanical Engineering Related Technologies/Technicians.,8,Graduate/Professional Certificate,Không hoàn toàn trực tuyến,0.0,2.0,1,,,,
"Bilingual, Multilingual, and Multicultural Education.",5,Master's Degree,Không hoàn toàn trực tuyến,0.0,0.0,17,,78610.0,,
"Bilingual, Multilingual, and Multicultural Education.",4,Post-baccalaureate Certificate,Không hoàn toàn trực tuyến,0.0,0.0,11,18093.0,64565.0,65206.0,69372.5
"Bilingual, Multilingual, and Multicultural Education.",3,Bachelor's Degree,Không hoàn toàn trực tuyến,0.0,1.0,8,20289.5,51759.5,48189.0,54594.0
"Bilingual, Multilingual, and Multicultural Education.",2,Associate's Degree,Không hoàn toàn trực tuyến,0.0,0.0,5,,,,
"Ecology, Evolution, Systematics, and Population Biology.",1,Undergraduate Certificate or Diploma,Không hoàn toàn trực tuyến,0.0,1.0,6,,,,
"East Asian Languages, Literatures, and Linguistics.",7,First Professional Degree,Không hoàn toàn trực tuyến,0.0,0.0,0,,,,
"East Asian Languages, Literatures, and Linguistics.",6,Doctoral Degree,Không hoàn toàn trực tuyến,0.0,0.0,1,,,,
"East Asian Languages, Literatures, and Linguistics.",5,Master's Degree,Không hoàn toàn trực tuyến,0.0,0.0,1,,,,
"Mechatronics, Robotics, and Automation Engineering.",5,Master's Degree,Không hoàn toàn trực tuyến,0.0,0.0,0,,,,
"Mechatronics, Robotics, and Automation Engineering.",3,Bachelor's Degree,Không hoàn toàn trực tuyến,0.0,0.0,1,,,,
Journalism.,3,Bachelor's Degree,Không hoàn toàn trực tuyến,0.0,12.0,44,,27620.0,40912.0,44851.0
Educational/Instructional Media Design.,3,Bachelor's Degree,Không hoàn toàn trực tuyến,0.0,2.0,8,,,,
Educational/Instructional Media Design.,2,Associate's Degree,Không hoàn toàn trực tuyến,0.0,1.0,5,,,,
Educational/Instructional Media Design.,1,Undergraduate Certificate or Diploma,Không hoàn toàn trực tuyến,0.0,2.0,5,,,,
Educational Psychology.,6,Doctoral Degree,Không hoàn toàn trực tuyến,0.0,0.0,0,,,,
Educational Psychology.,5,Master's Degree,Không hoàn toàn trực tuyến,0.0,0.0,0,,,,
"Educational Assessment, Evaluation, and Research.",8,Graduate/Professional Certificate,Không hoàn toàn trực tuyến,0.0,0.0,4,,,,
Law.,1,Undergraduate Certificate or Diploma,Không hoàn toàn trực tuyến,0.0,0.0,2,,,57216.0,63090.0
Landscape Architecture.,8,Graduate/Professional Certificate,Không xác định,0.0,0.0,1,,,,
Landscape Architecture.,7,First Professional Degree,Không hoàn toàn trực tuyến,0.0,0.0,1,,,,
Landscape Architecture.,6,Doctoral Degree,Không hoàn toàn trực tuyến,0.0,0.0,1,,,,
Landscape Architecture.,6,Doctoral Degree,Có thể hoàn thành trực tuyến,0.0,0.0,2,,,,
Landscape Architecture.,5,Master's Degree,Không hoàn toàn trực tuyến,0.0,18.0,19,,59524.0,,
Landscape Architecture.,3,Bachelor's Degree,Không hoàn toàn trực tuyến,0.0,38.0,8,29750.0,53355.0,61464.0,62093.0
"Mechatronics, Robotics, and Automation Engineering.",2,Associate's Degree,Không hoàn toàn trực tuyến,0.0,2.0,4,,,,
"Mechatronics, Robotics, and Automation Engineering.",1,Undergraduate Certificate or Diploma,Không hoàn toàn trực tuyến,0.0,1.0,7,,,,
"Mechanics and Repairers, General.",2,Associate's Degree,Không hoàn toàn trực tuyến,0.0,0.0,1,,,,
"Mechanics and Repairers, General.",1,Undergraduate Certificate or Diploma,Không hoàn toàn trực tuyến,0.0,3.0,4,,,,
Mechanical Engineering.,7,First Professional Degree,Không hoàn toàn trực tuyến,0.0,0.0,1,,107231.0,,
Medical Clinical Sciences/Graduate Medical Studies.,5,Master's Degree,Không hoàn toàn trực tuyến,0.0,0.0,3,,,,
Medical Clinical Sciences/Graduate Medical Studies.,4,Post-baccalaureate Certificate,Không hoàn toàn trực tuyến,0.0,0.0,4,16250.0,223926.0,,
Medical Clinical Sciences/Graduate Medical Studies.,3,Bachelor's Degree,Không hoàn toàn trực tuyến,0.0,0.0,0,,,,
Medical Clinical Sciences/Graduate Medical Studies.,1,Undergraduate Certificate or Diploma,Không hoàn toàn trực tuyến,0.0,0.0,2,,,,
Medical Clinical Sciences/Graduate Medical Studies.,1,Undergraduate Certificate or Diploma,Có thể hoàn thành trực tuyến,0.0,0.0,1,,,,
Energy Systems Technologies/Technicians.,6,Doctoral Degree,Có thể hoàn thành trực tuyến,0.0,0.0,1,,,,
Holocaust and Related Studies.,5,Master's Degree,Không hoàn toàn trực tuyến,0.0,0.0,0,,,,
Holocaust and Related Studies.,4,Post-baccalaureate Certificate,Không hoàn toàn trực tuyến,0.0,0.0,2,,,,
History.,8,Graduate/Professional Certificate,Không hoàn toàn trực tuyến,0.0,0.0,2,,,,
History.,7,First Professional Degree,Không hoàn toàn trực tuyến,0.0,0.0,2,,,,
"Homeland Security, Law Enforcement, Firefighting and Related Protective Services, Other.",3,Bachelor's Degree,Không hoàn toàn trực tuyến,0.0,0.0,8,,37887.0,49106.0,69899.0
"Homeland Security, Law Enforcement, Firefighting and Related Protective Services, Other.",2,Associate's Degree,Không hoàn toàn trực tuyến,0.0,5.0,11,,,31925.0,46240.0
"Homeland Security, Law Enforcement, Firefighting and Related Protective Services, Other.",1,Undergraduate Certificate or Diploma,Không hoàn toàn trực tuyến,0.0,0.0,11,18933.0,36726.0,21561.0,26170.0
Holocaust and Related Studies.,6,Doctoral Degree,Không xác định,0.0,0.0,1,,,,
"Mechatronics, Robotics, and Automation Engineering.",6,Doctoral Degree,Không hoàn toàn trực tuyến,0.0,0.0,0,,,,
"Ecology, Evolution, Systematics, and Population Biology.",6,Doctoral Degree,Không hoàn toàn trực tuyến,0.0,1.0,1,,,,
"Ecology, Evolution, Systematics, and Population Biology.",5,Master's Degree,Không hoàn toàn trực tuyến,0.0,18.0,10,,,,
"Ecology, Evolution, Systematics, and Population Biology.",4,Post-baccalaureate Certificate,Không hoàn toàn trực tuyến,0.0,0.0,6,,,,
"Ecology, Evolution, Systematics, and Population Biology.",3,Bachelor's Degree,Không hoàn toàn trực tuyến,0.0,4.0,39,20311.5,34974.0,40151.0,47149.0
"Ecology, Evolution, Systematics, and Population Biology.",2,Associate's Degree,Không hoàn toàn trực tuyến,0.0,1.0,6,,,,
Medical Illustration and Informatics.,5,Master's Degree,Không hoàn toàn trực tuyến,0.0,9.0,12,,91021.0,91602.5,98189.5
Medical Illustration and Informatics.,4,Post-baccalaureate Certificate,Không hoàn toàn trực tuyến,0.0,0.0,5,,,,
Medical Illustration and Informatics.,3,Bachelor's Degree,Không hoàn toàn trực tuyến,0.0,5.0,4,,,,
Medical Illustration and Informatics.,2,Associate's Degree,Không hoàn toàn trực tuyến,0.0,0.0,6,,,,
Medical Illustration and Informatics.,1,Undergraduate Certificate or Diploma,Không hoàn toàn trực tuyến,0.0,0.0,4,,,,
Medical Clinical Sciences/Graduate Medical Studies.,8,Graduate/Professional Certificate,Không xác định,0.0,0.0,3,,,,
Medical Clinical Sciences/Graduate Medical Studies.,7,First Professional Degree,Không hoàn toàn trực tuyến,0.0,0.0,2,,,,
Medical Clinical Sciences/Graduate Medical Studies.,7,First Professional Degree,Có thể hoàn thành trực tuyến,0.0,0.0,1,,,,
Medical Clinical Sciences/Graduate Medical Studies.,6,Doctoral Degree,Không hoàn toàn trực tuyến,0.0,0.0,3,,,,
"East Asian Languages, Literatures, and Linguistics.",1,Undergraduate Certificate or Diploma,Không hoàn toàn trực tuyến,0.0,0.0,9,,,,
Drama/Theatre Arts and Stagecraft.,8,Graduate/Professional Certificate,Không hoàn toàn trực tuyến,0.0,0.0,0,,,,
Drama/Theatre Arts and Stagecraft.,7,First Professional Degree,Không hoàn toàn trực tuyến,0.0,0.0,3,,,,
Medicine.,1,Undergraduate Certificate or Diploma,Không hoàn toàn trực tuyến,0.0,0.0,3,26975.0,,,
Medical Residency Programs.,6,Doctoral Degree,Không hoàn toàn trực tuyến,0.0,0.0,0,,,,
Medical Residency Programs.,5,Master's Degree,Không hoàn toàn trực tuyến,0.0,0.0,0,,,,
Medical Illustration and Informatics.,8,Graduate/Professional Certificate,Không hoàn toàn trực tuyến,0.0,1.0,7,,,,
Medical Illustration and Informatics.,6,Doctoral Degree,Không hoàn toàn trực tuyến,0.0,0.0,2,,,,
Medicine.,8,Graduate/Professional Certificate,Không hoàn toàn trực tuyến,0.0,0.0,8,,57955.0,93040.0,118994.5
Medicine.,8,Graduate/Professional Certificate,Có thể hoàn thành trực tuyến,0.0,0.0,1,,,,
Medicine.,7,First Professional Degree,Không hoàn toàn trực tuyến,0.0,2.0,5,,61877.5,92581.0,143771.0
Medicine.,6,Doctoral Degree,Không hoàn toàn trực tuyến,0.0,0.0,41,,64863.5,99314.5,160243.0
Medicine.,6,Doctoral Degree,Có thể hoàn thành trực tuyến,0.0,0.0,1,,,,
Medicine.,5,Master's Degree,Không hoàn toàn trực tuyến,0.0,0.0,11,,79883.0,57880.5,76795.0
Medicine.,4,Post-baccalaureate Certificate,Không hoàn toàn trực tuyến,0.0,0.0,1,,,,
Biotechnology.,5,Master's Degree,Không hoàn toàn trực tuyến,0.0,15.0,4,,90091.0,,156570.0
Biotechnology.,4,Post-baccalaureate Certificate,Không hoàn toàn trực tuyến,0.0,0.0,4,22000.0,49023.0,,
Biotechnology.,3,Bachelor's Degree,Không hoàn toàn trực tuyến,0.0,25.0,17,20618.0,42712.0,65623.0,86383.0
Biotechnology.,2,Associate's Degree,Không hoàn toàn trực tuyến,0.0,2.0,12,,,,
Biotechnology.,1,Undergraduate Certificate or Diploma,Không hoàn toàn trực tuyến,0.0,19.0,16,,,,
History.,2,Associate's Degree,Không hoàn toàn trực tuyến,0.0,0.0,28,,,,
Energy and Biologically Based Therapies.,4,Post-baccalaureate Certificate,Không hoàn toàn trực tuyến,0.0,0.0,1,,,,
Energy and Biologically Based Therapies.,2,Associate's Degree,Không hoàn toàn trực tuyến,0.0,0.0,1,,,,
Energy and Biologically Based Therapies.,1,Undergraduate Certificate or Diploma,Không hoàn toàn trực tuyến,0.0,0.0,1,,,,
Energy Systems Technologies/Technicians.,8,Graduate/Professional Certificate,Không hoàn toàn trực tuyến,0.0,2.0,1,,,,
Medicine.,3,Bachelor's Degree,Không hoàn toàn trực tuyến,0.0,0.0,4,20000.0,33290.0,38865.0,66278.0
Medicine.,2,Associate's Degree,Không hoàn toàn trực tuyến,0.0,0.0,3,,,,
"East Asian Languages, Literatures, and Linguistics.",4,Post-baccalaureate Certificate,Không hoàn toàn trực tuyến,0.0,0.0,1,,,,
"East Asian Languages, Literatures, and Linguistics.",3,Bachelor's Degree,Không hoàn toàn trực tuyến,0.0,4.0,14,,31513.0,,
"East Asian Languages, Literatures, and Linguistics.",2,Associate's Degree,Không xác định,0.0,0.0,2,,,,
Bible/Biblical Studies.,6,Doctoral Degree,Một phần có thể hoàn thành trực tuyến,0.0,0.0,2,,,,
Bible/Biblical Studies.,6,Doctoral Degree,Không hoàn toàn trực tuyến,0.0,0.0,6,,,,
Bible/Biblical Studies.,5,Master's Degree,Không hoàn toàn trực tuyến,0.0,4.0,19,,,,
Bible/Biblical Studies.,4,Post-baccalaureate Certificate,Không hoàn toàn trực tuyến,0.0,0.0,9,,,,
Bible/Biblical Studies.,3,Bachelor's Degree,Không hoàn toàn trực tuyến,0.0,10.0,19,,,45261.0,41907.0
Bible/Biblical Studies.,2,Associate's Degree,Không hoàn toàn trực tuyến,0.0,4.0,16,,,32324.0,32824.0
Agricultural Mechanization.,2,Associate's Degree,Không hoàn toàn trực tuyến,0.0,0.0,2,,,56534.0,57967.0
Agricultural Mechanization.,1,Undergraduate Certificate or Diploma,Không hoàn toàn trực tuyến,0.0,1.0,6,7500.0,56331.0,54939.0,59357.0
Agricultural Engineering.,8,Graduate/Professional Certificate,Không hoàn toàn trực tuyến,0.0,0.0,1,,,,
Medieval and Renaissance Studies.,1,Undergraduate Certificate or Diploma,Không hoàn toàn trực tuyến,0.0,0.0,2,,,,
Medicine.,8,Graduate/Professional Certificate,Một phần có thể hoàn thành trực tuyến,0.0,0.0,1,,,,
Mental and Social Health Services and Allied Professions.,1,Undergraduate Certificate or Diploma,Không hoàn toàn trực tuyến,0.0,4.0,44,11665.0,35976.5,31213.5,38293.5
Medieval and Renaissance Studies.,8,Graduate/Professional Certificate,Không hoàn toàn trực tuyến,0.0,0.0,2,,,,
Medieval and Renaissance Studies.,7,First Professional Degree,Không hoàn toàn trực tuyến,0.0,0.0,0,,,,
Medieval and Renaissance Studies.,6,Doctoral Degree,Không hoàn toàn trực tuyến,0.0,0.0,1,,,,
Medieval and Renaissance Studies.,5,Master's Degree,Không hoàn toàn trực tuyến,0.0,0.0,1,,,,
Medieval and Renaissance Studies.,4,Post-baccalaureate Certificate,Không hoàn toàn trực tuyến,0.0,0.0,4,,,,
Medieval and Renaissance Studies.,3,Bachelor's Degree,Không hoàn toàn trực tuyến,0.0,0.0,5,,,,
Agricultural Production Operations.,1,Undergraduate Certificate or Diploma,Không hoàn toàn trực tuyến,0.0,3.0,12,,,,
Agricultural Mechanization.,8,Graduate/Professional Certificate,Có thể hoàn thành trực tuyến,0.0,0.0,1,,,,
Agricultural Mechanization.,5,Master's Degree,Không hoàn toàn trực tuyến,0.0,0.0,1,,,,
Agricultural Mechanization.,5,Master's Degree,Có thể hoàn thành trực tuyến,0.0,0.0,1,,,,
Agricultural Mechanization.,3,Bachelor's Degree,Không hoàn toàn trực tuyến,0.0,0.0,5,,,77178.0,87373.0
Mental and Social Health Services and Allied Professions.,6,Doctoral Degree,Không hoàn toàn trực tuyến,0.0,2.0,10,,44701.0,71815.0,
Mental and Social Health Services and Allied Professions.,5,Master's Degree,Không hoàn toàn trực tuyến,0.0,34.0,33,,50294.0,51274.5,57472.5
Mental and Social Health Services and Allied Professions.,4,Post-baccalaureate Certificate,Không hoàn toàn trực tuyến,0.0,0.0,24,23593.5,49112.5,,
Mental and Social Health Services and Allied Professions.,3,Bachelor's Degree,Không hoàn toàn trực tuyến,0.0,41.0,26,19664.5,34541.0,40344.0,44568.0
Mental and Social Health Services and Allied Professions.,2,Associate's Degree,Không hoàn toàn trực tuyến,0.0,0.0,32,,53612.5,30601.0,36720.5
Drama/Theatre Arts and Stagecraft.,6,Doctoral Degree,Không hoàn toàn trực tuyến,0.0,0.0,2,,,,
Drama/Theatre Arts and Stagecraft.,5,Master's Degree,Không hoàn toàn trực tuyến,0.0,11.0,5,,19813.5,22686.0,26016.0
Drama/Theatre Arts and Stagecraft.,4,Post-baccalaureate Certificate,Không hoàn toàn trực tuyến,0.0,0.0,3,,,,
Drama/Theatre Arts and Stagecraft.,3,Bachelor's Degree,Không hoàn toàn trực tuyến,0.0,14.0,40,25139.0,16666.0,28440.5,34089.0
Drama/Theatre Arts and Stagecraft.,2,Associate's Degree,Không xác định,0.0,0.0,1,,,,
Drama/Theatre Arts and Stagecraft.,2,Associate's Degree,Không hoàn toàn trực tuyến,0.0,0.0,14,,,,
Drama/Theatre Arts and Stagecraft.,1,Undergraduate Certificate or Diploma,Không hoàn toàn trực tuyến,0.0,0.0,17,,,24119.0,19939.0
Drafting/Design Engineering Technologies/Technicians.,8,Graduate/Professional Certificate,Có thể hoàn thành trực tuyến,0.0,0.0,2,,,,
Dispute Resolution.,8,Graduate/Professional Certificate,Không hoàn toàn trực tuyến,0.0,0.0,3,,,57743.0,67333.0
Bible/Biblical Studies.,1,Undergraduate Certificate or Diploma,Không hoàn toàn trực tuyến,0.0,20.0,11,,,,
Behavioral Sciences.,8,Graduate/Professional Certificate,Một phần có thể hoàn thành trực tuyến,0.0,0.0,1,,,,
Behavioral Sciences.,8,Graduate/Professional Certificate,Không hoàn toàn trực tuyến,0.0,1.0,2,,,,
Behavioral Sciences.,7,First Professional Degree,Không hoàn toàn trực tuyến,0.0,0.0,1,,,,
Behavioral Sciences.,6,Doctoral Degree,Không hoàn toàn trực tuyến,0.0,0.0,0,,,,
Behavioral Sciences.,5,Master's Degree,Không hoàn toàn trực tuyến,0.0,0.0,2,,,,
Metallurgical Engineering.,6,Doctoral Degree,Không hoàn toàn trực tuyến,0.0,0.0,2,,,,
Metallurgical Engineering.,5,Master's Degree,Không hoàn toàn trực tuyến,0.0,0.0,1,,,,
Metallurgical Engineering.,3,Bachelor's Degree,Không hoàn toàn trực tuyến,0.0,0.0,1,,,,
Mental and Social Health Services and Allied Professions.,8,Graduate/Professional Certificate,Không hoàn toàn trực tuyến,0.0,0.0,18,,,51838.0,59953.5
Mental and Social Health Services and Allied Professions.,7,First Professional Degree,Không hoàn toàn trực tuyến,0.0,5.0,11,,47168.0,47154.0,52552.5
Microbiological Sciences and Immunology.,5,Master's Degree,Không hoàn toàn trực tuyến,0.0,1.0,5,,,,
Microbiological Sciences and Immunology.,3,Bachelor's Degree,Không hoàn toàn trực tuyến,0.0,1.0,8,15810.0,51280.0,73604.0,80099.0
Microbiological Sciences and Immunology.,2,Associate's Degree,Không hoàn toàn trực tuyến,0.0,0.0,2,,,,
Metallurgical Engineering.,8,Graduate/Professional Certificate,Không xác định,0.0,0.0,1,,,,
Metallurgical Engineering.,8,Graduate/Professional Certificate,Không hoàn toàn trực tuyến,0.0,0.0,1,,,,
Historic Preservation and Conservation.,8,Graduate/Professional Certificate,Không xác định,0.0,6.0,2,,,,
Historic Preservation and Conservation.,8,Graduate/Professional Certificate,Không hoàn toàn trực tuyến,0.0,0.0,1,,,,
Historic Preservation and Conservation.,6,Doctoral Degree,Không hoàn toàn trực tuyến,0.0,0.0,0,,,,
Historic Preservation and Conservation.,5,Master's Degree,Không hoàn toàn trực tuyến,0.0,0.0,3,,,,
Historic Preservation and Conservation.,4,Post-baccalaureate Certificate,Không hoàn toàn trực tuyến,0.0,0.0,4,,,,
Historic Preservation and Conservation.,2,Associate's Degree,Không hoàn toàn trực tuyến,0.0,0.0,2,,,,
History.,6,Doctoral Degree,Không hoàn toàn trực tuyến,0.0,0.0,4,,,,
History.,5,Master's Degree,Không hoàn toàn trực tuyến,0.0,4.0,19,,,,
History.,4,Post-baccalaureate Certificate,Không hoàn toàn trực tuyến,0.0,0.0,13,22125.0,,,
History.,3,Bachelor's Degree,Không hoàn toàn trực tuyến,0.0,17.0,32,25250.0,30249.5,45928.5,49272.0
Drafting/Design Engineering Technologies/Technicians.,5,Master's Degree,Không hoàn toàn trực tuyến,0.0,0.0,0,,,,
Drafting/Design Engineering Technologies/Technicians.,3,Bachelor's Degree,Không hoàn toàn trực tuyến,0.0,0.0,7,,,,
Drafting/Design Engineering Technologies/Technicians.,2,Associate's Degree,Không hoàn toàn trực tuyến,0.0,19.0,56,,,44488.0,50783.5
Drafting/Design Engineering Technologies/Technicians.,1,Undergraduate Certificate or Diploma,Không hoàn toàn trực tuyến,0.0,28.0,58,12965.0,29323.0,28432.0,45613.0
"Middle/Near Eastern and Semitic Languages, Literatures, and Linguistics.",6,Doctoral Degree,Không hoàn toàn trực tuyến,0.0,0.0,2,,,,
"Middle/Near Eastern and Semitic Languages, Literatures, and Linguistics.",5,Master's Degree,Không hoàn toàn trực tuyến,0.0,0.0,3,,,,
"Middle/Near Eastern and Semitic Languages, Literatures, and Linguistics.",4,Post-baccalaureate Certificate,Không hoàn toàn trực tuyến,0.0,0.0,1,,,,
"Middle/Near Eastern and Semitic Languages, Literatures, and Linguistics.",3,Bachelor's Degree,Không hoàn toàn trực tuyến,0.0,2.0,9,,,,
"Middle/Near Eastern and Semitic Languages, Literatures, and Linguistics.",2,Associate's Degree,Không hoàn toàn trực tuyến,0.0,0.0,1,,,,
"Middle/Near Eastern and Semitic Languages, Literatures, and Linguistics.",1,Undergraduate Certificate or Diploma,Không hoàn toàn trực tuyến,0.0,0.0,5,,,,
Microbiological Sciences and Immunology.,8,Graduate/Professional Certificate,Không hoàn toàn trực tuyến,0.0,0.0,1,,,,
Microbiological Sciences and Immunology.,7,First Professional Degree,Không hoàn toàn trực tuyến,0.0,0.0,2,,57907.0,,72922.0
Microbiological Sciences and Immunology.,7,First Professional Degree,Có thể hoàn thành trực tuyến,0.0,0.0,1,,,,
Microbiological Sciences and Immunology.,6,Doctoral Degree,Một phần có thể hoàn thành trực tuyến,0.0,2.0,1,,,,
Microbiological Sciences and Immunology.,6,Doctoral Degree,Không hoàn toàn trực tuyến,0.0,5.0,6,,,,
Dispute Resolution.,3,Bachelor's Degree,Có thể hoàn thành trực tuyến,0.0,1.0,1,,,,
Dispute Resolution.,1,Undergraduate Certificate or Diploma,Không hoàn toàn trực tuyến,0.0,0.0,2,,,,
Digital Humanities and Textual Studies.,8,Graduate/Professional Certificate,Có thể hoàn thành trực tuyến,0.0,0.0,1,,,,
Digital Humanities and Textual Studies.,2,Associate's Degree,Không hoàn toàn trực tuyến,0.0,0.0,1,,,,
Military Science and Operational Studies.,3,Bachelor's Degree,Không hoàn toàn trực tuyến,0.0,0.0,2,19531.0,55351.0,,
Military Applied Sciences.,8,Graduate/Professional Certificate,Có thể hoàn thành trực tuyến,0.0,0.0,1,,,,
High School/Secondary Certificate Programs.,3,Bachelor's Degree,Không hoàn toàn trực tuyến,0.0,0.0,2,,,,
High School/Secondary Certificate Programs.,1,Undergraduate Certificate or Diploma,Không hoàn toàn trực tuyến,0.0,0.0,1,,,,
Human Resources Management and Services.,8,Graduate/Professional Certificate,Không hoàn toàn trực tuyến,0.0,16.0,18,,,,
"Biology, General.",7,First Professional Degree,Không hoàn toàn trực tuyến,0.0,0.0,7,,,,
"Biology, General.",6,Doctoral Degree,Không hoàn toàn trực tuyến,0.0,0.0,9,,,,
Industrial Engineering.,3,Bachelor's Degree,Không hoàn toàn trực tuyến,0.0,1.0,6,,,,
Industrial Engineering.,2,Associate's Degree,Không hoàn toàn trực tuyến,0.0,13.0,4,,,,
Industrial Engineering.,1,Undergraduate Certificate or Diploma,Không hoàn toàn trực tuyến,0.0,36.0,2,,,,
Alternative and Complementary Medical Support Services.,8,Graduate/Professional Certificate,Không hoàn toàn trực tuyến,0.0,0.0,1,,,,
Journalism.,1,Undergraduate Certificate or Diploma,Không hoàn toàn trực tuyến,0.0,0.0,14,,,49696.0,56829.0
"Iranian/Persian Languages, Literatures, and Linguistics.",6,Doctoral Degree,Không hoàn toàn trực tuyến,0.0,0.0,0,,,,
"Iranian/Persian Languages, Literatures, and Linguistics.",6,Doctoral Degree,Có thể hoàn thành trực tuyến,0.0,0.0,2,,,,
"Iranian/Persian Languages, Literatures, and Linguistics.",5,Master's Degree,Có thể hoàn thành trực tuyến,0.0,1.0,2,,,,
Journalism.,8,Graduate/Professional Certificate,Không hoàn toàn trực tuyến,0.0,0.0,4,,,,
Journalism.,6,Doctoral Degree,Không hoàn toàn trực tuyến,0.0,0.0,1,,,,
Journalism.,5,Master's Degree,Không hoàn toàn trực tuyến,0.0,0.0,3,,,,
Heavy/Industrial Equipment Maintenance Technologies.,2,Associate's Degree,Không hoàn toàn trực tuyến,0.0,2.0,31,19993.0,45160.0,48971.0,52216.0
Heavy/Industrial Equipment Maintenance Technologies.,1,Undergraduate Certificate or Diploma,Không hoàn toàn trực tuyến,0.0,46.0,35,12597.0,40153.0,55919.0,64844.0
"Heating, Air Conditioning, Ventilation and Refrigeration Maintenance Technology/Technician (HAC, HACR, HVAC, HVACR).",8,Graduate/Professional Certificate,Không hoàn toàn trực tuyến,0.0,0.0,0,,,,
History.,1,Undergraduate Certificate or Diploma,Không hoàn toàn trực tuyến,0.0,0.0,24,,,58042.0,66120.5
History and Language/Literature.,3,Bachelor's Degree,Có thể hoàn thành trực tuyến,0.0,1.0,1,,,,
History and Language/Literature.,2,Associate's Degree,Một phần có thể hoàn thành trực tuyến,0.0,355.0,1,,,,
Military Applied Sciences.,6,Doctoral Degree,Có thể hoàn thành trực tuyến,0.0,0.0,1,,,,
Military Applied Sciences.,2,Associate's Degree,Không hoàn toàn trực tuyến,0.0,0.0,1,,,,
"Middle/Near Eastern and Semitic Languages, Literatures, and Linguistics.",8,Graduate/Professional Certificate,Không hoàn toàn trực tuyến,0.0,0.0,1,,,,
"Military Technologies and Applied Sciences, Other.",2,Associate's Degree,Không hoàn toàn trực tuyến,0.0,0.0,2,,,,
Military Systems and Maintenance Technology.,3,Bachelor's Degree,Không hoàn toàn trực tuyến,0.0,0.0,1,,,,
Military Systems and Maintenance Technology.,1,Undergraduate Certificate or Diploma,Không hoàn toàn trực tuyến,0.0,0.0,2,,,,
Dispute Resolution.,5,Master's Degree,Không hoàn toàn trực tuyến,0.0,0.0,2,,48991.0,,
Dispute Resolution.,4,Post-baccalaureate Certificate,Không hoàn toàn trực tuyến,0.0,0.0,3,,,,
Dietetics and Clinical Nutrition Services.,3,Bachelor's Degree,Không hoàn toàn trực tuyến,0.0,15.0,9,23809.0,,50153.0,54741.5
Mining and Mineral Engineering.,5,Master's Degree,Không hoàn toàn trực tuyến,0.0,0.0,1,,,,
Mining and Mineral Engineering.,4,Post-baccalaureate Certificate,Không hoàn toàn trực tuyến,0.0,0.0,1,,,,
Mining and Mineral Engineering.,3,Bachelor's Degree,Không hoàn toàn trực tuyến,0.0,0.0,1,,,,
Mining and Mineral Engineering.,2,Associate's Degree,Có thể hoàn thành trực tuyến,0.0,0.0,2,,,117874.0,123852.0
Mining and Mineral Engineering.,1,Undergraduate Certificate or Diploma,Không hoàn toàn trực tuyến,0.0,0.0,1,,,,
Health/Medical Preparatory Programs.,7,First Professional Degree,Không hoàn toàn trực tuyến,0.0,0.0,2,,119836.0,130696.0,143690.0
Engineering Physics.,5,Master's Degree,Không hoàn toàn trực tuyến,0.0,0.0,1,,98640.0,,
Engineering Physics.,3,Bachelor's Degree,Không hoàn toàn trực tuyến,0.0,2.0,10,,,57405.0,75658.5
Engineering Physics.,1,Undergraduate Certificate or Diploma,Không hoàn toàn trực tuyến,0.0,0.0,1,,,,
Historic Preservation and Conservation.,1,Undergraduate Certificate or Diploma,Không hoàn toàn trực tuyến,0.0,1.0,4,,,,
High School/Secondary Diploma Programs.,5,Master's Degree,Không hoàn toàn trực tuyến,0.0,0.0,1,,,,
High School/Secondary Diploma Programs.,3,Bachelor's Degree,Không hoàn toàn trực tuyến,0.0,0.0,2,,,69904.0,82002.0
High School/Secondary Diploma Programs.,2,Associate's Degree,Không hoàn toàn trực tuyến,0.0,0.0,2,,,,
High School/Secondary Diploma Programs.,1,Undergraduate Certificate or Diploma,Không hoàn toàn trực tuyến,0.0,0.0,1,,,,
High School/Secondary Certificate Programs.,4,Post-baccalaureate Certificate,Không hoàn toàn trực tuyến,0.0,0.0,1,,,,
"Military Technologies and Applied Sciences, Other.",8,Graduate/Professional Certificate,Một phần có thể hoàn thành trực tuyến,0.0,544.0,1,,,,
"Military Technologies and Applied Sciences, Other.",8,Graduate/Professional Certificate,Không xác định,0.0,0.0,1,,,,
"Military Technologies and Applied Sciences, Other.",8,Graduate/Professional Certificate,Không hoàn toàn trực tuyến,0.0,0.0,1,,,,
"Military Technologies and Applied Sciences, Other.",8,Graduate/Professional Certificate,Có thể hoàn thành trực tuyến,0.0,3.0,1,,,,
"Military Technologies and Applied Sciences, Other.",5,Master's Degree,Không hoàn toàn trực tuyến,0.0,0.0,2,,,,
Mining and Petroleum Technologies/Technicians.,1,Undergraduate Certificate or Diploma,Không hoàn toàn trực tuyến,0.0,2.0,6,,,,
Mining and Mineral Engineering.,8,Graduate/Professional Certificate,Không hoàn toàn trực tuyến,0.0,0.0,1,,,,
Mining and Mineral Engineering.,8,Graduate/Professional Certificate,Có thể hoàn thành trực tuyến,0.0,1.0,1,,,,
Mining and Mineral Engineering.,6,Doctoral Degree,Không hoàn toàn trực tuyến,0.0,0.0,0,,,,
Digital Humanities and Textual Studies.,2,Associate's Degree,Có thể hoàn thành trực tuyến,0.0,31.0,1,,,,
Digital Humanities and Textual Studies.,1,Undergraduate Certificate or Diploma,Có thể hoàn thành trực tuyến,0.0,0.0,1,,,,
Dietetics and Clinical Nutrition Services.,8,Graduate/Professional Certificate,Không hoàn toàn trực tuyến,0.0,0.0,4,,,58513.0,58555.0
Dietetics and Clinical Nutrition Services.,7,First Professional Degree,Không hoàn toàn trực tuyến,0.0,0.0,1,,,,
Dietetics and Clinical Nutrition Services.,6,Doctoral Degree,Không hoàn toàn trực tuyến,0.0,0.0,1,,56978.0,,
Dietetics and Clinical Nutrition Services.,5,Master's Degree,Không hoàn toàn trực tuyến,0.0,0.0,6,,,57965.0,60680.0
Dietetics and Clinical Nutrition Services.,4,Post-baccalaureate Certificate,Không hoàn toàn trực tuyến,0.0,0.0,23,25925.0,49170.0,62887.0,65671.5
Missions/Missionary Studies and Missiology.,6,Doctoral Degree,Không hoàn toàn trực tuyến,0.0,2.0,1,,,,
Missions/Missionary Studies and Missiology.,5,Master's Degree,Không hoàn toàn trực tuyến,0.0,0.0,5,,,,
Missions/Missionary Studies and Missiology.,4,Post-baccalaureate Certificate,Không hoàn toàn trực tuyến,0.0,0.0,4,,,,
Missions/Missionary Studies and Missiology.,3,Bachelor's Degree,Không hoàn toàn trực tuyến,0.0,3.0,14,,,,
Missions/Missionary Studies and Missiology.,2,Associate's Degree,Không hoàn toàn trực tuyến,0.0,0.0,2,14894.0,28779.0,,
Health/Medical Preparatory Programs.,5,Master's Degree,Không hoàn toàn trực tuyến,0.0,0.0,6,,,61812.0,69900.0
Health/Medical Preparatory Programs.,4,Post-baccalaureate Certificate,Không hoàn toàn trực tuyến,0.0,0.0,29,25567.0,26917.0,92355.0,66867.0
Health/Medical Preparatory Programs.,3,Bachelor's Degree,Không hoàn toàn trực tuyến,0.0,16.0,77,23604.0,38549.0,52563.5,65856.0
Health/Medical Preparatory Programs.,2,Associate's Degree,Không hoàn toàn trực tuyến,0.0,3.0,65,14650.0,23499.5,32028.0,38303.0
Health/Medical Preparatory Programs.,1,Undergraduate Certificate or Diploma,Không hoàn toàn trực tuyến,0.0,58.0,24,14668.5,47387.0,77416.0,79742.0
Health-Related Knowledge and Skills.,8,Graduate/Professional Certificate,Không hoàn toàn trực tuyến,0.0,0.0,3,,,,
Health-Related Knowledge and Skills.,7,First Professional Degree,Không hoàn toàn trực tuyến,0.0,0.0,0,,,,
"Heating, Air Conditioning, Ventilation and Refrigeration Maintenance Technology/Technician (HAC, HACR, HVAC, HVACR).",3,Bachelor's Degree,Không hoàn toàn trực tuyến,0.0,0.0,1,,,,
"Heating, Air Conditioning, Ventilation and Refrigeration Maintenance Technology/Technician (HAC, HACR, HVAC, HVACR).",3,Bachelor's Degree,Có thể hoàn thành trực tuyến,0.0,0.0,1,,,,
"Heating, Air Conditioning, Ventilation and Refrigeration Maintenance Technology/Technician (HAC, HACR, HVAC, HVACR).",2,Associate's Degree,Không hoàn toàn trực tuyến,0.0,4.0,28,19635.0,40861.0,44896.0,53075.5
"Heating, Air Conditioning, Ventilation and Refrigeration Maintenance Technology/Technician (HAC, HACR, HVAC, HVACR).",1,Undergraduate Certificate or Diploma,Không hoàn toàn trực tuyến,0.0,528.0,61,12191.0,33345.5,37835.0,40824.0
Health/Medical Preparatory Programs.,8,Graduate/Professional Certificate,Không hoàn toàn trực tuyến,0.0,0.0,3,,,,
Missions/Missionary Studies and Missiology.,1,Undergraduate Certificate or Diploma,Một phần có thể hoàn thành trực tuyến,0.0,0.0,1,,,,
Missions/Missionary Studies and Missiology.,1,Undergraduate Certificate or Diploma,Không hoàn toàn trực tuyến,0.0,0.0,3,,,,
Mining and Petroleum Technologies/Technicians.,3,Bachelor's Degree,Không hoàn toàn trực tuyến,0.0,0.0,2,,,,
Mining and Petroleum Technologies/Technicians.,2,Associate's Degree,Không hoàn toàn trực tuyến,0.0,0.0,11,,,49716.5,62501.0
Molecular Medicine.,8,Graduate/Professional Certificate,Có thể hoàn thành trực tuyến,0.0,0.0,1,,,,
Molecular Medicine.,6,Doctoral Degree,Không hoàn toàn trực tuyến,0.0,0.0,2,,,,
Molecular Medicine.,5,Master's Degree,Không hoàn toàn trực tuyến,0.0,0.0,0,,,,
Modern Greek Language and Literature.,6,Doctoral Degree,Không hoàn toàn trực tuyến,0.0,0.0,0,,,,
Modern Greek Language and Literature.,6,Doctoral Degree,Có thể hoàn thành trực tuyến,0.0,1.0,1,,,,
Missions/Missionary Studies and Missiology.,7,First Professional Degree,Một phần có thể hoàn thành trực tuyến,0.0,0.0,1,,,,
Missions/Missionary Studies and Missiology.,7,First Professional Degree,Không hoàn toàn trực tuyến,0.0,0.0,1,,,,
Missions/Missionary Studies and Missiology.,6,Doctoral Degree,Không xác định,0.0,1.0,1,,,,
Dietetics and Clinical Nutrition Services.,2,Associate's Degree,Không hoàn toàn trực tuyến,0.0,4.0,9,,,,
Dietetics and Clinical Nutrition Services.,1,Undergraduate Certificate or Diploma,Một phần có thể hoàn thành trực tuyến,0.0,0.0,1,,,,
Dietetics and Clinical Nutrition Services.,1,Undergraduate Certificate or Diploma,Không hoàn toàn trực tuyến,0.0,8.0,9,,,,
Developmental and Child Psychology.,5,Master's Degree,Không hoàn toàn trực tuyến,0.0,0.0,0,,,,
Movement and Mind-Body Therapies and Education.,6,Doctoral Degree,Không hoàn toàn trực tuyến,0.0,0.0,1,,,,
Botany/Plant Biology.,1,Undergraduate Certificate or Diploma,Không hoàn toàn trực tuyến,0.0,0.0,1,,,,
Health-Related Knowledge and Skills.,6,Doctoral Degree,Không hoàn toàn trực tuyến,0.0,0.0,0,,,,
Health-Related Knowledge and Skills.,5,Master's Degree,Không hoàn toàn trực tuyến,0.0,0.0,1,,,,
Health-Related Knowledge and Skills.,3,Bachelor's Degree,Không hoàn toàn trực tuyến,0.0,0.0,10,27383.0,35666.5,43822.0,51729.0
Health-Related Knowledge and Skills.,2,Associate's Degree,Không hoàn toàn trực tuyến,0.0,0.0,8,,,36410.0,38658.0
Engineering Mechanics.,8,Graduate/Professional Certificate,Có thể hoàn thành trực tuyến,0.0,0.0,2,,,,
Engineering Mechanics.,5,Master's Degree,Không hoàn toàn trực tuyến,0.0,0.0,2,,,,
Engineering Mechanics.,3,Bachelor's Degree,Không hoàn toàn trực tuyến,0.0,0.0,1,,,,
Engineering Mechanics.,2,Associate's Degree,Không hoàn toàn trực tuyến,0.0,1.0,2,,,,
Engineering Mechanics.,1,Undergraduate Certificate or Diploma,Có thể hoàn thành trực tuyến,0.0,0.0,1,,,,
Health/Medical Preparatory Programs.,6,Doctoral Degree,Không hoàn toàn trực tuyến,0.0,0.0,2,,,93073.0,155399.0
Movement and Mind-Body Therapies and Education.,5,Master's Degree,Không hoàn toàn trực tuyến,0.0,0.0,2,,,45510.0,50468.0
Movement and Mind-Body Therapies and Education.,2,Associate's Degree,Không hoàn toàn trực tuyến,0.0,0.0,1,,,,
Movement and Mind-Body Therapies and Education.,1,Undergraduate Certificate or Diploma,Không hoàn toàn trực tuyến,0.0,17.0,6,,,,
"Multi-/Interdisciplinary Studies, General.",5,Master's Degree,Không hoàn toàn trực tuyến,0.0,0.0,8,,58850.0,41681.0,61856.0
"Multi-/Interdisciplinary Studies, General.",4,Post-baccalaureate Certificate,Không hoàn toàn trực tuyến,0.0,0.0,2,,,,
"Multi-/Interdisciplinary Studies, General.",3,Bachelor's Degree,Không hoàn toàn trực tuyến,0.0,37.0,33,21875.0,35174.0,40815.5,42898.0
"Multi-/Interdisciplinary Studies, General.",2,Associate's Degree,Không hoàn toàn trực tuyến,0.0,1.0,13,7000.0,59133.0,,
"Multi-/Interdisciplinary Studies, General.",1,Undergraduate Certificate or Diploma,Một phần có thể hoàn thành trực tuyến,0.0,0.0,1,,,,
"Multi-/Interdisciplinary Studies, General.",1,Undergraduate Certificate or Diploma,Không xác định,0.0,0.0,1,,,,
"Multi-/Interdisciplinary Studies, General.",1,Undergraduate Certificate or Diploma,Không hoàn toàn trực tuyến,0.0,5.0,7,24000.0,43193.0,,
Civil Engineering.,8,Graduate/Professional Certificate,Không hoàn toàn trực tuyến,0.0,3.0,4,,,,
Civil Engineering.,7,First Professional Degree,Không hoàn toàn trực tuyến,0.0,0.0,2,,,,
Civil Engineering.,6,Doctoral Degree,Không hoàn toàn trực tuyến,0.0,0.0,0,,,,
Civil Engineering.,5,Master's Degree,Không hoàn toàn trực tuyến,0.0,0.0,3,,,,
Civil Engineering.,4,Post-baccalaureate Certificate,Không hoàn toàn trực tuyến,0.0,0.0,2,,,,
Civil Engineering.,3,Bachelor's Degree,Không hoàn toàn trực tuyến,0.0,0.0,2,23891.0,68574.0,69262.0,83116.0
Dietetics and Clinical Nutrition Services.,2,Associate's Degree,Một phần có thể hoàn thành trực tuyến,0.0,1.0,1,,,,
Behavioral Sciences.,3,Bachelor's Degree,Không hoàn toàn trực tuyến,0.0,26.0,18,47683.5,38087.0,37783.0,43712.0
Behavioral Sciences.,2,Associate's Degree,Không hoàn toàn trực tuyến,0.0,4.0,7,,,,
Behavioral Sciences.,1,Undergraduate Certificate or Diploma,Không hoàn toàn trực tuyến,0.0,0.0,0,,,,
Basic Skills and Developmental/Remedial Education.,8,Graduate/Professional Certificate,Không hoàn toàn trực tuyến,0.0,0.0,3,,,,
Basic Skills and Developmental/Remedial Education.,5,Master's Degree,Không hoàn toàn trực tuyến,0.0,0.0,6,,42313.0,,
Basic Skills and Developmental/Remedial Education.,4,Post-baccalaureate Certificate,Không hoàn toàn trực tuyến,0.0,0.0,1,,,,
Basic Skills and Developmental/Remedial Education.,3,Bachelor's Degree,Không hoàn toàn trực tuyến,0.0,0.0,3,,,,
"Multi/Interdisciplinary Studies, Other.",1,Undergraduate Certificate or Diploma,Không hoàn toàn trực tuyến,0.0,0.0,29,16500.0,,36007.0,39581.0
"Multi-/Interdisciplinary Studies, General.",8,Graduate/Professional Certificate,Không xác định,0.0,0.0,1,,,,
"Multi-/Interdisciplinary Studies, General.",8,Graduate/Professional Certificate,Không hoàn toàn trực tuyến,0.0,0.0,3,,56546.0,66995.0,69893.0
"Multi-/Interdisciplinary Studies, General.",7,First Professional Degree,Không hoàn toàn trực tuyến,0.0,0.0,1,,,,
"Multi-/Interdisciplinary Studies, General.",6,Doctoral Degree,Không hoàn toàn trực tuyến,0.0,0.0,0,,,,
Museology/Museum Studies.,1,Undergraduate Certificate or Diploma,Không hoàn toàn trực tuyến,0.0,0.0,2,21295.0,,39318.0,43539.0
"Multi/Interdisciplinary Studies, Other.",8,Graduate/Professional Certificate,Không hoàn toàn trực tuyến,0.0,42.0,11,,,,
"Multi/Interdisciplinary Studies, Other.",7,First Professional Degree,Không hoàn toàn trực tuyến,0.0,0.0,2,,,,
"Multi/Interdisciplinary Studies, Other.",7,First Professional Degree,Có thể hoàn thành trực tuyến,0.0,0.0,2,,,,
"Multi/Interdisciplinary Studies, Other.",6,Doctoral Degree,Không hoàn toàn trực tuyến,0.0,3.0,7,,,,
"Multi/Interdisciplinary Studies, Other.",5,Master's Degree,Không hoàn toàn trực tuyến,0.0,58.0,31,,65690.0,61551.5,66489.5
"Multi/Interdisciplinary Studies, Other.",4,Post-baccalaureate Certificate,Không hoàn toàn trực tuyến,0.0,0.0,18,18837.0,58404.5,58189.0,68810.5
"Multi/Interdisciplinary Studies, Other.",3,Bachelor's Degree,Không hoàn toàn trực tuyến,0.0,215.0,83,25000.0,35685.0,48040.0,52628.0
"Multi/Interdisciplinary Studies, Other.",2,Associate's Degree,Không hoàn toàn trực tuyến,0.0,45.0,43,15086.0,43056.0,33774.0,41224.0
Behavioral Sciences.,4,Post-baccalaureate Certificate,Không hoàn toàn trực tuyến,0.0,0.0,1,,,,
Design and Applied Arts.,5,Master's Degree,Không hoàn toàn trực tuyến,0.0,26.0,22,,41193.0,49243.5,58359.0
Design and Applied Arts.,4,Post-baccalaureate Certificate,Không hoàn toàn trực tuyến,0.0,0.0,9,,,,
Design and Applied Arts.,3,Bachelor's Degree,Không hoàn toàn trực tuyến,0.0,72.0,61,34916.5,25316.0,36666.0,41769.0
Design and Applied Arts.,2,Associate's Degree,Không hoàn toàn trực tuyến,0.0,49.0,69,20392.0,20290.0,28386.0,31794.0
Design and Applied Arts.,1,Undergraduate Certificate or Diploma,Không hoàn toàn trực tuyến,0.0,75.0,72,11742.5,28754.0,30648.0,33453.0
"Classics and Classical Languages, Literatures, and Linguistics.",3,Bachelor's Degree,Không hoàn toàn trực tuyến,0.0,3.0,16,,,,
Health and Physical Education/Fitness.,2,Associate's Degree,Không hoàn toàn trực tuyến,0.0,18.0,48,21091.5,23154.0,34995.5,38034.0
Health and Physical Education/Fitness.,1,Undergraduate Certificate or Diploma,Không hoàn toàn trực tuyến,0.0,75.0,47,11916.0,24195.0,29465.0,31825.0
Health and Medical Administrative Services.,8,Graduate/Professional Certificate,Không hoàn toàn trực tuyến,0.0,12.0,12,,,,
"Business Administration, Management and Operations.",1,Undergraduate Certificate or Diploma,Không hoàn toàn trực tuyến,0.0,206.0,120,14207.0,48528.0,46908.0,56213.0
"Building/Construction Finishing, Management, and Inspection.",8,Graduate/Professional Certificate,Không hoàn toàn trực tuyến,0.0,0.0,1,,,,
"Building/Construction Finishing, Management, and Inspection.",8,Graduate/Professional Certificate,Có thể hoàn thành trực tuyến,0.0,0.0,3,,,,
"Building/Construction Finishing, Management, and Inspection.",5,Master's Degree,Không hoàn toàn trực tuyến,0.0,0.0,1,,,,
"Building/Construction Finishing, Management, and Inspection.",1,Undergraduate Certificate or Diploma,Không hoàn toàn trực tuyến,0.0,16.0,48,7980.0,32777.5,28559.0,34425.5
Botany/Plant Biology.,6,Doctoral Degree,Không hoàn toàn trực tuyến,0.0,0.0,1,,,,
Botany/Plant Biology.,5,Master's Degree,Không hoàn toàn trực tuyến,0.0,0.0,1,,,,
Botany/Plant Biology.,3,Bachelor's Degree,Không hoàn toàn trực tuyến,0.0,0.0,6,18950.0,34442.0,,
Botany/Plant Biology.,2,Associate's Degree,Một phần có thể hoàn thành trực tuyến,0.0,0.0,1,,,,
Museology/Museum Studies.,6,Doctoral Degree,Không hoàn toàn trực tuyến,0.0,0.0,0,,,,
Museology/Museum Studies.,5,Master's Degree,Không hoàn toàn trực tuyến,0.0,1.0,6,,16592.0,,
Museology/Museum Studies.,4,Post-baccalaureate Certificate,Không hoàn toàn trực tuyến,0.0,0.0,6,,,,
Museology/Museum Studies.,3,Bachelor's Degree,Không hoàn toàn trực tuyến,0.0,2.0,4,,,,
Museology/Museum Studies.,2,Associate's Degree,Không hoàn toàn trực tuyến,0.0,0.0,0,,,,
Music.,6,Doctoral Degree,Không hoàn toàn trực tuyến,0.0,0.0,3,,,,
Music.,5,Master's Degree,Không hoàn toàn trực tuyến,0.0,0.0,16,,,,34452.0
Music.,4,Post-baccalaureate Certificate,Không hoàn toàn trực tuyến,0.0,0.0,25,,,,
Music.,3,Bachelor's Degree,Không hoàn toàn trực tuyến,0.0,19.0,34,,23049.5,33357.0,37156.5
Music.,2,Associate's Degree,Không hoàn toàn trực tuyến,0.0,0.0,24,,,30583.0,34994.5
Music.,1,Undergraduate Certificate or Diploma,Không hoàn toàn trực tuyến,0.0,34.0,34,9500.0,22690.0,,
Museology/Museum Studies.,8,Graduate/Professional Certificate,Không hoàn toàn trực tuyến,0.0,3.0,3,,,,
Design and Applied Arts.,8,Graduate/Professional Certificate,Không hoàn toàn trực tuyến,0.0,8.0,5,,,,
Design and Applied Arts.,7,First Professional Degree,Không hoàn toàn trực tuyến,0.0,0.0,0,,,,
Design and Applied Arts.,6,Doctoral Degree,Một phần có thể hoàn thành trực tuyến,0.0,3.0,1,,,,
Design and Applied Arts.,6,Doctoral Degree,Không hoàn toàn trực tuyến,0.0,0.0,3,,,,
Nanotechnology.,6,Doctoral Degree,Không hoàn toàn trực tuyến,0.0,0.0,1,,,,
Nanotechnology.,5,Master's Degree,Không hoàn toàn trực tuyến,0.0,0.0,1,,,,
Nanotechnology.,3,Bachelor's Degree,Không hoàn toàn trực tuyến,0.0,0.0,1,,,,
Nanotechnology.,2,Associate's Degree,Không xác định,0.0,3.0,1,,,,
Electrical Engineering Technologies/Technicians.,2,Associate's Degree,Không hoàn toàn trực tuyến,0.0,10.0,53,13622.5,44552.0,43138.0,53617.0
Electrical Engineering Technologies/Technicians.,1,Undergraduate Certificate or Diploma,Không hoàn toàn trực tuyến,0.0,217.0,50,12965.0,28732.0,25768.0,27440.0
Educational/Instructional Media Design.,8,Graduate/Professional Certificate,Không hoàn toàn trực tuyến,0.0,2.0,14,,,,
Educational/Instructional Media Design.,7,First Professional Degree,Không hoàn toàn trực tuyến,0.0,0.0,2,,,,
Journalism.,2,Associate's Degree,Không hoàn toàn trực tuyến,0.0,6.0,20,,,,
"Biological and Biomedical Sciences, Other.",8,Graduate/Professional Certificate,Không hoàn toàn trực tuyến,0.0,32.0,5,,,,
"Biological and Biomedical Sciences, Other.",7,First Professional Degree,Không hoàn toàn trực tuyến,0.0,0.0,2,,,,
"Biological and Biomedical Sciences, Other.",6,Doctoral Degree,Không hoàn toàn trực tuyến,0.0,1.0,9,,,,
"Biological and Biomedical Sciences, Other.",5,Master's Degree,Không hoàn toàn trực tuyến,0.0,37.0,9,,70152.0,,
Alternative and Complementary Medicine and Medical Systems.,1,Undergraduate Certificate or Diploma,Không hoàn toàn trực tuyến,0.0,2.0,10,,49459.0,13579.0,9157.0
"Human Services, General.",5,Master's Degree,Không hoàn toàn trực tuyến,0.0,8.0,10,,41463.0,42926.0,48921.0
"Human Services, General.",4,Post-baccalaureate Certificate,Không hoàn toàn trực tuyến,0.0,0.0,3,,,,
"Human Services, General.",3,Bachelor's Degree,Không hoàn toàn trực tuyến,0.0,29.0,26,50140.0,39554.0,39966.0,46004.0
"Human Services, General.",2,Associate's Degree,Không hoàn toàn trực tuyến,0.0,0.0,28,29567.5,31677.0,30881.5,33861.5
"Human Services, General.",1,Undergraduate Certificate or Diploma,Không hoàn toàn trực tuyến,0.0,6.0,22,16248.0,22878.0,23529.0,29365.0
Nanotechnology.,2,Associate's Degree,Không hoàn toàn trực tuyến,0.0,1.0,3,,,,
Music.,8,Graduate/Professional Certificate,Không hoàn toàn trực tuyến,0.0,0.0,9,,,,
Music.,7,First Professional Degree,Không hoàn toàn trực tuyến,0.0,0.0,3,,,,
Natural Resources Conservation and Research.,1,Undergraduate Certificate or Diploma,Không hoàn toàn trực tuyến,0.0,0.0,26,,,,41796.0
Basic Skills and Developmental/Remedial Education.,2,Associate's Degree,Không hoàn toàn trực tuyến,0.0,0.0,17,,,50147.5,41882.0
Basic Skills and Developmental/Remedial Education.,1,Undergraduate Certificate or Diploma,Không hoàn toàn trực tuyến,0.0,0.0,37,6700.0,47303.5,25946.5,24384.5
Audiovisual Communications Technologies/Technicians.,8,Graduate/Professional Certificate,Không xác định,0.0,0.0,1,,,,
Audiovisual Communications Technologies/Technicians.,8,Graduate/Professional Certificate,Có thể hoàn thành trực tuyến,0.0,1.0,2,,,,
Audiovisual Communications Technologies/Technicians.,5,Master's Degree,Không hoàn toàn trực tuyến,0.0,0.0,0,,,,
Audiovisual Communications Technologies/Technicians.,4,Post-baccalaureate Certificate,Không hoàn toàn trực tuyến,0.0,0.0,2,,,,
Audiovisual Communications Technologies/Technicians.,3,Bachelor's Degree,Không hoàn toàn trực tuyến,0.0,1.0,11,38454.0,18369.0,34514.0,39837.0
Audiovisual Communications Technologies/Technicians.,2,Associate's Degree,Không hoàn toàn trực tuyến,0.0,0.0,20,15772.5,25668.0,30072.0,34798.0
Nanotechnology.,8,Graduate/Professional Certificate,Không hoàn toàn trực tuyến,0.0,1.0,3,,,,
Classical and Ancient Studies.,5,Master's Degree,Không hoàn toàn trực tuyến,0.0,0.0,0,,,,
Classical and Ancient Studies.,3,Bachelor's Degree,Không xác định,0.0,0.0,1,,,,
Classical and Ancient Studies.,3,Bachelor's Degree,Không hoàn toàn trực tuyến,0.0,0.0,6,,,,
Dentistry.,7,First Professional Degree,Không hoàn toàn trực tuyến,0.0,0.0,2,,141893.5,158325.0,161221.5
Dentistry.,6,Doctoral Degree,Không hoàn toàn trực tuyến,0.0,0.0,8,,108714.0,131636.5,137105.5
Chemistry.,2,Associate's Degree,Không hoàn toàn trực tuyến,0.0,0.0,23,,,,
Chemistry.,1,Undergraduate Certificate or Diploma,Không hoàn toàn trực tuyến,0.0,0.0,17,,,,
Chemical Engineering.,8,Graduate/Professional Certificate,Không hoàn toàn trực tuyến,0.0,0.0,1,,,,
Allied Health and Medical Assisting Services.,2,Associate's Degree,Không hoàn toàn trực tuyến,0.0,738.0,137,25170.0,27671.0,29060.0,32972.0
Health-Related Knowledge and Skills.,1,Undergraduate Certificate or Diploma,Không hoàn toàn trực tuyến,0.0,0.0,14,,,30443.0,28199.0
Health and Physical Education/Fitness.,8,Graduate/Professional Certificate,Không hoàn toàn trực tuyến,0.0,4.0,6,,,,
Health and Physical Education/Fitness.,7,First Professional Degree,Không hoàn toàn trực tuyến,0.0,0.0,3,,,,
Health and Physical Education/Fitness.,6,Doctoral Degree,Không hoàn toàn trực tuyến,0.0,0.0,3,,,,
Health and Physical Education/Fitness.,5,Master's Degree,Không hoàn toàn trực tuyến,0.0,33.0,24,,50938.0,51698.0,60044.0
Health and Physical Education/Fitness.,4,Post-baccalaureate Certificate,Không hoàn toàn trực tuyến,0.0,0.0,9,,,,
Health and Physical Education/Fitness.,3,Bachelor's Degree,Không hoàn toàn trực tuyến,0.0,19.0,41,27000.0,31525.0,43839.0,48974.5
Natural Resources Conservation and Research.,8,Graduate/Professional Certificate,Không hoàn toàn trực tuyến,0.0,0.0,5,,,,
Natural Resources Conservation and Research.,7,First Professional Degree,Không hoàn toàn trực tuyến,0.0,0.0,1,,75666.0,,
Natural Resources Conservation and Research.,6,Doctoral Degree,Không hoàn toàn trực tuyến,0.0,0.0,4,,,,
Natural Resources Conservation and Research.,5,Master's Degree,Không hoàn toàn trực tuyến,0.0,2.0,13,,47292.0,55981.5,63708.0
Natural Resources Conservation and Research.,4,Post-baccalaureate Certificate,Không hoàn toàn trực tuyến,0.0,0.0,5,,,,
Natural Resources Conservation and Research.,3,Bachelor's Degree,Không hoàn toàn trực tuyến,0.0,16.0,39,26750.0,39647.0,48716.0,54863.5
Natural Resources Conservation and Research.,2,Associate's Degree,Không hoàn toàn trực tuyến,0.0,5.0,29,,,46848.0,48271.5
Natural Resources Management and Policy.,5,Master's Degree,Không hoàn toàn trực tuyến,0.0,7.0,13,,,76818.0,90713.0
Natural Resources Management and Policy.,4,Post-baccalaureate Certificate,Không hoàn toàn trực tuyến,0.0,0.0,4,,,,
Natural Resources Management and Policy.,3,Bachelor's Degree,Không hoàn toàn trực tuyến,0.0,3.0,9,19209.0,31760.0,51811.0,69924.0
Natural Resources Management and Policy.,2,Associate's Degree,Không hoàn toàn trực tuyến,0.0,0.0,12,,,,52766.0
Natural Resources Management and Policy.,1,Undergraduate Certificate or Diploma,Không hoàn toàn trực tuyến,0.0,0.0,3,,45589.0,,62202.0
"Classics and Classical Languages, Literatures, and Linguistics.",2,Associate's Degree,Không hoàn toàn trực tuyến,0.0,0.0,1,,,,
"Classics and Classical Languages, Literatures, and Linguistics.",1,Undergraduate Certificate or Diploma,Không hoàn toàn trực tuyến,0.0,0.0,6,,,,
Classical and Ancient Studies.,8,Graduate/Professional Certificate,Không hoàn toàn trực tuyến,0.0,0.0,0,,,,
Classical and Ancient Studies.,8,Graduate/Professional Certificate,Có thể hoàn thành trực tuyến,0.0,0.0,2,,,,
Classical and Ancient Studies.,6,Doctoral Degree,Không hoàn toàn trực tuyến,0.0,0.0,1,,,,
Dental Support Services and Allied Professions.,3,Bachelor's Degree,Không hoàn toàn trực tuyến,0.0,8.0,9,35117.0,73751.0,65925.0,70449.0
Dental Support Services and Allied Professions.,2,Associate's Degree,Không hoàn toàn trực tuyến,0.0,2.0,57,27233.5,54094.0,50640.0,55260.0
"Natural Resources and Conservation, Other.",6,Doctoral Degree,Không hoàn toàn trực tuyến,0.0,0.0,0,,,,
"Natural Resources and Conservation, Other.",6,Doctoral Degree,Có thể hoàn thành trực tuyến,0.0,0.0,3,,,,
"Natural Resources and Conservation, Other.",5,Master's Degree,Không hoàn toàn trực tuyến,0.0,0.0,3,,,,
"Natural Resources and Conservation, Other.",5,Master's Degree,Có thể hoàn thành trực tuyến,0.0,3.0,3,,,,
"Natural Resources and Conservation, Other.",4,Post-baccalaureate Certificate,Không hoàn toàn trực tuyến,0.0,0.0,2,,,,
"Natural Resources and Conservation, Other.",3,Bachelor's Degree,Không hoàn toàn trực tuyến,0.0,0.0,9,,,,39726.0
"Natural Resources and Conservation, Other.",2,Associate's Degree,Không hoàn toàn trực tuyến,0.0,3.0,3,,,,
"Natural Resources and Conservation, Other.",1,Undergraduate Certificate or Diploma,Không hoàn toàn trực tuyến,0.0,0.0,1,,,,
Natural Resources Management and Policy.,8,Graduate/Professional Certificate,Không hoàn toàn trực tuyến,0.0,2.0,3,,,,
Natural Resources Management and Policy.,6,Doctoral Degree,Không hoàn toàn trực tuyến,0.0,11.0,6,,,,
Natural Sciences.,4,Post-baccalaureate Certificate,Không hoàn toàn trực tuyến,0.0,0.0,1,,,,
Natural Sciences.,3,Bachelor's Degree,Không hoàn toàn trực tuyến,0.0,2.0,10,,,,
Natural Sciences.,2,Associate's Degree,Không hoàn toàn trực tuyến,0.0,0.0,9,8189.5,29587.0,37503.5,49395.0
Dentistry.,5,Master's Degree,Không hoàn toàn trực tuyến,0.0,0.0,6,,262499.0,242672.5,256539.5
Dentistry.,3,Bachelor's Degree,Không hoàn toàn trực tuyến,0.0,0.0,0,,,,
Agricultural and Domestic Animal Services.,4,Post-baccalaureate Certificate,Không hoàn toàn trực tuyến,0.0,0.0,1,,,,
Agricultural and Domestic Animal Services.,3,Bachelor's Degree,Không hoàn toàn trực tuyến,0.0,20.0,5,,,,
Agricultural and Domestic Animal Services.,2,Associate's Degree,Không hoàn toàn trực tuyến,0.0,14.0,7,,,,
Agricultural and Domestic Animal Services.,1,Undergraduate Certificate or Diploma,Không hoàn toàn trực tuyến,0.0,110.0,10,9134.0,13096.5,24104.0,31396.0
"Building/Construction Finishing, Management, and Inspection.",3,Bachelor's Degree,Không hoàn toàn trực tuyến,0.0,0.0,7,,,81391.5,95493.0
"Building/Construction Finishing, Management, and Inspection.",2,Associate's Degree,Không hoàn toàn trực tuyến,0.0,45.0,22,18750.0,59074.0,41007.0,48345.0
Health and Medical Administrative Services.,7,First Professional Degree,Không xác định,0.0,0.0,1,,,,
Health and Medical Administrative Services.,7,First Professional Degree,Không hoàn toàn trực tuyến,0.0,0.0,2,,65948.0,77657.0,105829.0
Dentistry.,2,Associate's Degree,Không hoàn toàn trực tuyến,0.0,0.0,1,,,,
Dentistry.,1,Undergraduate Certificate or Diploma,Không hoàn toàn trực tuyến,0.0,0.0,3,,,,
Dental Support Services and Allied Professions.,8,Graduate/Professional Certificate,Một phần có thể hoàn thành trực tuyến,0.0,0.0,1,,,,
Dental Support Services and Allied Professions.,8,Graduate/Professional Certificate,Không hoàn toàn trực tuyến,0.0,0.0,1,,,27255.0,27032.0
Dental Support Services and Allied Professions.,5,Master's Degree,Không hoàn toàn trực tuyến,0.0,3.0,3,,,,
Dental Support Services and Allied Professions.,4,Post-baccalaureate Certificate,Không hoàn toàn trực tuyến,0.0,0.0,1,,,,
Atmospheric Sciences and Meteorology.,6,Doctoral Degree,Không hoàn toàn trực tuyến,0.0,0.0,1,,,,
Atmospheric Sciences and Meteorology.,5,Master's Degree,Không hoàn toàn trực tuyến,0.0,0.0,2,,,,
Atmospheric Sciences and Meteorology.,4,Post-baccalaureate Certificate,Không hoàn toàn trực tuyến,0.0,0.0,1,,,,
Atmospheric Sciences and Meteorology.,3,Bachelor's Degree,Không hoàn toàn trực tuyến,0.0,0.0,4,23692.0,36391.0,,55706.5
Atmospheric Sciences and Meteorology.,2,Associate's Degree,Một phần có thể hoàn thành trực tuyến,0.0,0.0,2,,,,
Naval Architecture and Marine Engineering.,2,Associate's Degree,Không hoàn toàn trực tuyến,0.0,0.0,1,,,,
Natural Sciences.,6,Doctoral Degree,Không hoàn toàn trực tuyến,0.0,0.0,0,,,,
Natural Sciences.,5,Master's Degree,Không hoàn toàn trực tuyến,0.0,0.0,1,,,,
Neurobiology and Neurosciences.,5,Master's Degree,Không hoàn toàn trực tuyến,0.0,4.0,4,,,,
Neurobiology and Neurosciences.,4,Post-baccalaureate Certificate,Không hoàn toàn trực tuyến,0.0,0.0,2,,,,
Neurobiology and Neurosciences.,3,Bachelor's Degree,Không hoàn toàn trực tuyến,0.0,1.0,11,25000.0,30172.0,36851.0,47176.0
Neurobiology and Neurosciences.,1,Undergraduate Certificate or Diploma,Không hoàn toàn trực tuyến,0.0,0.0,3,,,45410.0,
Naval Architecture and Marine Engineering.,8,Graduate/Professional Certificate,Một phần có thể hoàn thành trực tuyến,0.0,2.0,1,,,,
International/Global Studies.,3,Bachelor's Degree,Không hoàn toàn trực tuyến,0.0,1.0,19,19500.0,35683.0,48051.5,55539.0
International/Global Studies.,2,Associate's Degree,Một phần có thể hoàn thành trực tuyến,0.0,1.0,2,,,,
International/Global Studies.,2,Associate's Degree,Không hoàn toàn trực tuyến,0.0,0.0,4,,,,
International/Global Studies.,1,Undergraduate Certificate or Diploma,Không hoàn toàn trực tuyến,0.0,1.0,11,23989.0,41636.0,,
International and Comparative Education.,8,Graduate/Professional Certificate,Không hoàn toàn trực tuyến,0.0,20.0,3,,,,
International and Comparative Education.,6,Doctoral Degree,Không hoàn toàn trực tuyến,0.0,0.0,1,,,,
Interpersonal and Social Skills.,8,Graduate/Professional Certificate,Không hoàn toàn trực tuyến,0.0,0.0,1,,,,
Interpersonal and Social Skills.,5,Master's Degree,Không hoàn toàn trực tuyến,0.0,0.0,0,,,,
Interpersonal and Social Skills.,3,Bachelor's Degree,Không hoàn toàn trực tuyến,0.0,0.0,1,,,,
International/Global Studies.,8,Graduate/Professional Certificate,Không hoàn toàn trực tuyến,0.0,0.0,2,,,,
International/Global Studies.,7,First Professional Degree,Không hoàn toàn trực tuyến,0.0,0.0,1,,,,
International/Global Studies.,6,Doctoral Degree,Không xác định,0.0,0.0,1,,,,
International/Global Studies.,6,Doctoral Degree,Không hoàn toàn trực tuyến,0.0,0.0,0,,,,
Electrical Engineering Technologies/Technicians.,3,Bachelor's Degree,Không hoàn toàn trực tuyến,0.0,2.0,21,22661.0,57859.0,58319.0,64885.0
Naval Architecture and Marine Engineering.,8,Graduate/Professional Certificate,Không hoàn toàn trực tuyến,0.0,0.0,1,,,,
Naval Architecture and Marine Engineering.,8,Graduate/Professional Certificate,Có thể hoàn thành trực tuyến,0.0,2.0,1,,,,
Naval Architecture and Marine Engineering.,5,Master's Degree,Không hoàn toàn trực tuyến,0.0,0.0,0,,,,
Naval Architecture and Marine Engineering.,3,Bachelor's Degree,Không hoàn toàn trực tuyến,0.0,0.0,1,,,,
Audiovisual Communications Technologies/Technicians.,1,Undergraduate Certificate or Diploma,Không hoàn toàn trực tuyến,0.0,1.0,17,9500.0,17158.0,34135.5,27412.0
Non-Professional General Legal Studies (Undergraduate).,7,First Professional Degree,Không hoàn toàn trực tuyến,0.0,0.0,3,,,,
Non-Professional General Legal Studies (Undergraduate).,7,First Professional Degree,Có thể hoàn thành trực tuyến,0.0,2.0,1,,,,
Non-Professional General Legal Studies (Undergraduate).,6,Doctoral Degree,Không hoàn toàn trực tuyến,0.0,0.0,1,,,,
Non-Professional General Legal Studies (Undergraduate).,5,Master's Degree,Không hoàn toàn trực tuyến,0.0,0.0,5,,47750.0,43815.0,53869.0
Non-Professional General Legal Studies (Undergraduate).,3,Bachelor's Degree,Không hoàn toàn trực tuyến,0.0,10.0,36,27000.0,45196.5,55855.0,62178.0
Non-Professional General Legal Studies (Undergraduate).,2,Associate's Degree,Không hoàn toàn trực tuyến,0.0,0.0,11,,,,
"Health Services/Allied Health/Health Sciences, General.",8,Graduate/Professional Certificate,Một phần có thể hoàn thành trực tuyến,0.0,1.0,1,,,,
"Health Services/Allied Health/Health Sciences, General.",8,Graduate/Professional Certificate,Không hoàn toàn trực tuyến,0.0,0.0,8,,,,87540.0
"Health Services/Allied Health/Health Sciences, General.",7,First Professional Degree,Không hoàn toàn trực tuyến,0.0,0.0,3,,106863.0,45476.0,60795.0
"Health Services/Allied Health/Health Sciences, General.",6,Doctoral Degree,Không hoàn toàn trực tuyến,0.0,0.0,7,,78853.5,67790.0,90227.0
"Health Services/Allied Health/Health Sciences, General.",5,Master's Degree,Không hoàn toàn trực tuyến,0.0,24.0,19,,45923.0,,76261.0
Allied Health and Medical Assisting Services.,1,Undergraduate Certificate or Diploma,Không hoàn toàn trực tuyến,0.0,1611.0,153,9500.0,25404.5,27688.0,30645.0
"Allied Health Diagnostic, Intervention, and Treatment Professions.",8,Graduate/Professional Certificate,Một phần có thể hoàn thành trực tuyến,0.0,1.0,1,,,,
Engineering Physics.,6,Doctoral Degree,Không hoàn toàn trực tuyến,0.0,0.0,0,,,,
Health and Medical Administrative Services.,6,Doctoral Degree,Không hoàn toàn trực tuyến,0.0,0.0,2,,,,
Health and Medical Administrative Services.,5,Master's Degree,Không hoàn toàn trực tuyến,0.0,26.0,36,,67115.5,60355.5,68344.0
Agricultural and Domestic Animal Services.,5,Master's Degree,Không hoàn toàn trực tuyến,0.0,0.0,1,,,,
Non-Professional General Legal Studies (Undergraduate).,1,Undergraduate Certificate or Diploma,Không hoàn toàn trực tuyến,0.0,2.0,7,,,,
Neurology Residency/Fellowship Programs.,5,Master's Degree,Không hoàn toàn trực tuyến,0.0,0.0,0,,,,
Neurobiology and Neurosciences.,8,Graduate/Professional Certificate,Không hoàn toàn trực tuyến,0.0,0.0,2,,,,
Neurobiology and Neurosciences.,7,First Professional Degree,Không hoàn toàn trực tuyến,0.0,0.0,3,,,,
Neurobiology and Neurosciences.,6,Doctoral Degree,Không hoàn toàn trực tuyến,0.0,0.0,1,,,,
Demography and Population Studies.,8,Graduate/Professional Certificate,Không hoàn toàn trực tuyến,0.0,0.0,1,,,,
Demography and Population Studies.,6,Doctoral Degree,Không hoàn toàn trực tuyến,0.0,0.0,1,,,,
Demography and Population Studies.,5,Master's Degree,Không hoàn toàn trực tuyến,0.0,0.0,2,,,,
Demography and Population Studies.,3,Bachelor's Degree,Không hoàn toàn trực tuyến,0.0,0.0,2,,,,
Demography and Population Studies.,2,Associate's Degree,Không hoàn toàn trực tuyến,0.0,0.0,1,,,,
Nuclear Engineering Technologies/Technicians.,1,Undergraduate Certificate or Diploma,Không hoàn toàn trực tuyến,0.0,9.0,1,,,,
Noncommercial Vehicle Operation.,2,Associate's Degree,Không hoàn toàn trực tuyến,0.0,0.0,1,,,,
Noncommercial Vehicle Operation.,1,Undergraduate Certificate or Diploma,Không hoàn toàn trực tuyến,0.0,0.0,1,,,,
Non-Professional General Legal Studies (Undergraduate).,8,Graduate/Professional Certificate,Một phần có thể hoàn thành trực tuyến,0.0,1.0,1,,,,
Non-Professional General Legal Studies (Undergraduate).,8,Graduate/Professional Certificate,Không hoàn toàn trực tuyến,0.0,0.0,4,,,,
Nuclear Engineering.,7,First Professional Degree,Không hoàn toàn trực tuyến,0.0,0.0,1,,,,
Nuclear Engineering.,5,Master's Degree,Không hoàn toàn trực tuyến,0.0,0.0,1,,,,
Nuclear Engineering Technologies/Technicians.,5,Master's Degree,Không xác định,0.0,0.0,1,,,,
Nuclear Engineering Technologies/Technicians.,5,Master's Degree,Không hoàn toàn trực tuyến,0.0,0.0,1,,,,
Nuclear Engineering Technologies/Technicians.,3,Bachelor's Degree,Có thể hoàn thành trực tuyến,0.0,0.0,2,,,,
Nuclear Engineering Technologies/Technicians.,2,Associate's Degree,Không hoàn toàn trực tuyến,0.0,10.0,3,,,,
Nuclear Engineering Technologies/Technicians.,1,Undergraduate Certificate or Diploma,Không xác định,0.0,0.0,3,,,,
Dental Support Services and Allied Professions.,1,Undergraduate Certificate or Diploma,Không hoàn toàn trực tuyến,0.0,421.0,68,9500.0,22871.5,26603.0,28839.0
Dental Residency Programs.,8,Graduate/Professional Certificate,Không hoàn toàn trực tuyến,0.0,0.0,5,,,176148.0,239216.0
Dental Residency Programs.,7,First Professional Degree,Không hoàn toàn trực tuyến,0.0,0.0,1,,229117.0,231179.0,248940.0
Dental Residency Programs.,4,Post-baccalaureate Certificate,Không hoàn toàn trực tuyến,0.0,0.0,1,,,,
Nursing.,2,Associate's Degree,Không hoàn toàn trực tuyến,0.0,0.0,9,,,64364.5,77063.5
Nursing.,1,Undergraduate Certificate or Diploma,Không hoàn toàn trực tuyến,0.0,0.0,28,,,39243.0,41866.0
Nurse Practitioner Residency/Fellowship Programs.,6,Doctoral Degree,Không hoàn toàn trực tuyến,0.0,0.0,0,,,,
Nuclear and Industrial Radiologic Technologies/Technicians.,5,Master's Degree,Có thể hoàn thành trực tuyến,0.0,0.0,1,,,,
Nuclear and Industrial Radiologic Technologies/Technicians.,3,Bachelor's Degree,Không hoàn toàn trực tuyến,0.0,0.0,2,,,,
Nuclear and Industrial Radiologic Technologies/Technicians.,2,Associate's Degree,Không hoàn toàn trực tuyến,0.0,0.0,4,,,,
Nuclear and Industrial Radiologic Technologies/Technicians.,1,Undergraduate Certificate or Diploma,Không hoàn toàn trực tuyến,0.0,0.0,2,,,,
Nuclear Engineering.,8,Graduate/Professional Certificate,Không hoàn toàn trực tuyến,0.0,0.0,1,,,,
Data Science.,2,Associate's Degree,Không xác định,0.0,0.0,2,,,,
Data Science.,1,Undergraduate Certificate or Diploma,Không xác định,0.0,0.0,1,,,,
Nutrition Sciences.,5,Master's Degree,Không hoàn toàn trực tuyến,0.0,0.0,7,,,,
Nutrition Sciences.,4,Post-baccalaureate Certificate,Không hoàn toàn trực tuyến,0.0,0.0,5,25000.0,52849.0,54374.0,53191.0
Nutrition Sciences.,3,Bachelor's Degree,Không hoàn toàn trực tuyến,0.0,0.0,5,11375.0,23211.0,,
Nutrition Sciences.,2,Associate's Degree,Một phần có thể hoàn thành trực tuyến,0.0,0.0,1,,,,
Nutrition Sciences.,2,Associate's Degree,Không xác định,0.0,0.0,1,,,,
Nutrition Sciences.,2,Associate's Degree,Không hoàn toàn trực tuyến,0.0,0.0,5,,,,
Nutrition Sciences.,1,Undergraduate Certificate or Diploma,Không xác định,0.0,0.0,1,,,,
Nutrition Sciences.,1,Undergraduate Certificate or Diploma,Không hoàn toàn trực tuyến,0.0,1.0,1,,,,
Nursing.,8,Graduate/Professional Certificate,Không hoàn toàn trực tuyến,0.0,0.0,1,,,,
Nursing.,3,Bachelor's Degree,Không hoàn toàn trực tuyến,0.0,0.0,4,,,76152.0,82934.0
Ocean Engineering.,5,Master's Degree,Không hoàn toàn trực tuyến,0.0,0.0,0,,,,
Ocean Engineering.,3,Bachelor's Degree,Không hoàn toàn trực tuyến,0.0,0.0,0,,,,
Nutrition Sciences.,8,Graduate/Professional Certificate,Không hoàn toàn trực tuyến,0.0,0.0,1,,,,
"Health Professions and Related Clinical Sciences, Other.",6,Doctoral Degree,Một phần có thể hoàn thành trực tuyến,0.0,0.0,1,,,,
"Business Administration, Management and Operations.",3,Bachelor's Degree,Không hoàn toàn trực tuyến,0.0,684.0,86,41016.0,46570.5,48022.5,55324.0
"Business Administration, Management and Operations.",2,Associate's Degree,Không hoàn toàn trực tuyến,0.0,794.0,137,21750.0,27138.5,33012.0,37161.5
Alternative and Complementary Medical Support Services.,1,Undergraduate Certificate or Diploma,Không hoàn toàn trực tuyến,0.0,0.0,1,,,,
Allied Health and Medical Assisting Services.,8,Graduate/Professional Certificate,Không hoàn toàn trực tuyến,0.0,0.0,3,,,23612.0,26521.0
Agricultural Public Services.,8,Graduate/Professional Certificate,Không hoàn toàn trực tuyến,0.0,1.0,1,,,,
Agricultural Public Services.,8,Graduate/Professional Certificate,Có thể hoàn thành trực tuyến,0.0,0.0,2,,,,
Agricultural Public Services.,6,Doctoral Degree,Không hoàn toàn trực tuyến,0.0,0.0,1,,,,
Health and Medical Administrative Services.,4,Post-baccalaureate Certificate,Không hoàn toàn trực tuyến,0.0,0.0,24,21500.0,78962.0,82857.0,98612.0
Health and Medical Administrative Services.,3,Bachelor's Degree,Không hoàn toàn trực tuyến,0.0,53.0,70,51958.0,44580.0,41208.0,46659.0
Health and Medical Administrative Services.,2,Associate's Degree,Không hoàn toàn trực tuyến,0.0,178.0,118,23000.0,27153.0,28305.5,31980.0
Health and Medical Administrative Services.,1,Undergraduate Certificate or Diploma,Không hoàn toàn trực tuyến,0.0,642.0,196,10853.0,25507.0,28202.0,31130.0
Demography and Population Studies.,1,Undergraduate Certificate or Diploma,Không hoàn toàn trực tuyến,0.0,0.0,0,,,,
Data Science.,8,Graduate/Professional Certificate,Không hoàn toàn trực tuyến,0.0,0.0,1,,,,
Data Science.,5,Master's Degree,Một phần có thể hoàn thành trực tuyến,0.0,0.0,1,,,,
Data Science.,5,Master's Degree,Không hoàn toàn trực tuyến,0.0,23.0,3,,,,
Data Science.,3,Bachelor's Degree,Không hoàn toàn trực tuyến,0.0,40.0,2,,,,
Ophthalmic and Optometric Support Services and Allied Professions.,2,Associate's Degree,Không hoàn toàn trực tuyến,0.0,1.0,11,,,39854.5,47403.0
Ophthalmic and Optometric Support Services and Allied Professions.,1,Undergraduate Certificate or Diploma,Không hoàn toàn trực tuyến,0.0,8.0,20,,28648.0,,
Operations Research.,7,First Professional Degree,Không hoàn toàn trực tuyến,0.0,0.0,1,,,,
Operations Research.,6,Doctoral Degree,Không xác định,0.0,5.0,1,,,,
Operations Research.,6,Doctoral Degree,Không hoàn toàn trực tuyến,0.0,0.0,2,,,,
Operations Research.,5,Master's Degree,Không hoàn toàn trực tuyến,0.0,0.0,1,,,,
Operations Research.,3,Bachelor's Degree,Không hoàn toàn trực tuyến,0.0,0.0,1,15000.0,53677.0,65866.0,77841.0
Operations Research.,2,Associate's Degree,Không hoàn toàn trực tuyến,0.0,0.0,1,,,,
Outdoor Education.,3,Bachelor's Degree,Không hoàn toàn trực tuyến,0.0,0.0,3,,,,
Outdoor Education.,2,Associate's Degree,Không hoàn toàn trực tuyến,0.0,0.0,2,,,,
Outdoor Education.,1,Undergraduate Certificate or Diploma,Một phần có thể hoàn thành trực tuyến,0.0,1.0,1,,,,
Outdoor Education.,1,Undergraduate Certificate or Diploma,Không hoàn toàn trực tuyến,0.0,0.0,1,,,,
Orthopedic Surgery Residency/Fellowship Programs.,5,Master's Degree,Không hoàn toàn trực tuyến,0.0,0.0,0,,,,
Engineering Science.,8,Graduate/Professional Certificate,Không hoàn toàn trực tuyến,0.0,0.0,1,,,,
Engineering Science.,6,Doctoral Degree,Không hoàn toàn trực tuyến,0.0,0.0,2,,,,
Engineering Science.,5,Master's Degree,Không hoàn toàn trực tuyến,0.0,0.0,2,,94870.0,,
Engineering Science.,4,Post-baccalaureate Certificate,Không hoàn toàn trực tuyến,0.0,0.0,2,,,,
Engineering Science.,3,Bachelor's Degree,Không hoàn toàn trực tuyến,0.0,1.0,5,,,,
Engineering Science.,2,Associate's Degree,Không hoàn toàn trực tuyến,0.0,0.0,3,11750.0,,54854.0,65254.0
"Health Services/Allied Health/Health Sciences, General.",4,Post-baccalaureate Certificate,Không hoàn toàn trực tuyến,0.0,0.0,9,,,,
"Health Services/Allied Health/Health Sciences, General.",3,Bachelor's Degree,Không hoàn toàn trực tuyến,0.0,212.0,41,28905.0,36654.0,44763.0,58588.0
"Health Services/Allied Health/Health Sciences, General.",2,Associate's Degree,Không hoàn toàn trực tuyến,0.0,2.0,39,16806.5,28709.0,32913.0,40115.0
"Health Services/Allied Health/Health Sciences, General.",1,Undergraduate Certificate or Diploma,Không hoàn toàn trực tuyến,0.0,149.0,34,11261.0,19560.0,44797.5,51081.0
Health Psychology.,5,Master's Degree,Không hoàn toàn trực tuyến,0.0,0.0,0,,,,
"Health Professions and Related Clinical Sciences, Other.",8,Graduate/Professional Certificate,Không hoàn toàn trực tuyến,0.0,0.0,8,,,,
"Health Professions and Related Clinical Sciences, Other.",7,First Professional Degree,Không hoàn toàn trực tuyến,0.0,0.0,2,,,,
Optometry.,7,First Professional Degree,Không hoàn toàn trực tuyến,0.0,0.0,1,,,,
Optometry.,6,Doctoral Degree,Không hoàn toàn trực tuyến,0.0,0.0,5,,107293.0,114093.0,122446.5
Optometry.,5,Master's Degree,Không hoàn toàn trực tuyến,0.0,0.0,3,,,,
Optometry.,3,Bachelor's Degree,Không hoàn toàn trực tuyến,0.0,0.0,1,,,,
Optometry.,2,Associate's Degree,Không hoàn toàn trực tuyến,0.0,0.0,1,,,,
Ophthalmic and Optometric Support Services and Allied Professions.,6,Doctoral Degree,Có thể hoàn thành trực tuyến,0.0,0.0,1,,,,
Data Processing.,5,Master's Degree,Không hoàn toàn trực tuyến,0.0,0.0,0,,,,
Data Processing.,3,Bachelor's Degree,Không hoàn toàn trực tuyến,0.0,0.0,2,,,,
Paper Science and Engineering.,3,Bachelor's Degree,Không hoàn toàn trực tuyến,0.0,0.0,1,,,,
Paper Science and Engineering.,2,Associate's Degree,Không hoàn toàn trực tuyến,0.0,0.0,1,,,,
Paper Science and Engineering.,1,Undergraduate Certificate or Diploma,Không hoàn toàn trực tuyến,0.0,0.0,1,,,,
Paper Science and Engineering.,1,Undergraduate Certificate or Diploma,Có thể hoàn thành trực tuyến,0.0,0.0,1,,,,
Outdoor Education.,8,Graduate/Professional Certificate,Không hoàn toàn trực tuyến,0.0,0.0,1,,,,
Outdoor Education.,8,Graduate/Professional Certificate,Có thể hoàn thành trực tuyến,0.0,0.0,1,,,,
Outdoor Education.,5,Master's Degree,Không xác định,0.0,0.0,1,,,,
Outdoor Education.,5,Master's Degree,Không hoàn toàn trực tuyến,0.0,1.0,2,,,,
Atmospheric Sciences and Meteorology.,1,Undergraduate Certificate or Diploma,Không hoàn toàn trực tuyến,0.0,0.0,2,,,,
Astronomy and Astrophysics.,6,Doctoral Degree,Không hoàn toàn trực tuyến,0.0,0.0,1,,,,
Astronomy and Astrophysics.,5,Master's Degree,Không hoàn toàn trực tuyến,0.0,0.0,3,,,,
Astronomy and Astrophysics.,3,Bachelor's Degree,Không hoàn toàn trực tuyến,0.0,2.0,5,,,,
Astronomy and Astrophysics.,2,Associate's Degree,Một phần có thể hoàn thành trực tuyến,0.0,0.0,2,,,,
Astronomy and Astrophysics.,2,Associate's Degree,Không hoàn toàn trực tuyến,0.0,1.0,3,,,,
Data Science.,1,Undergraduate Certificate or Diploma,Không hoàn toàn trực tuyến,0.0,1.0,1,,,,
Data Processing.,8,Graduate/Professional Certificate,Không hoàn toàn trực tuyến,0.0,0.0,1,,,,
Data Processing.,8,Graduate/Professional Certificate,Có thể hoàn thành trực tuyến,0.0,11.0,2,,,,
Data Entry/Microcomputer Applications.,1,Undergraduate Certificate or Diploma,Không hoàn toàn trực tuyến,0.0,0.0,14,,,,30237.0
Data Analytics.,8,Graduate/Professional Certificate,Không hoàn toàn trực tuyến,0.0,17.0,3,,,,
"Parks, Recreation and Leisure Facilities Management.",5,Master's Degree,Không hoàn toàn trực tuyến,0.0,0.0,2,,,,
"Parks, Recreation and Leisure Facilities Management.",4,Post-baccalaureate Certificate,Không hoàn toàn trực tuyến,0.0,0.0,1,,,,
"Parks, Recreation and Leisure Facilities Management.",3,Bachelor's Degree,Không hoàn toàn trực tuyến,0.0,36.0,17,27000.0,30963.0,43253.0,47945.5
"Parks, Recreation and Leisure Facilities Management.",2,Associate's Degree,Không hoàn toàn trực tuyến,0.0,0.0,6,20000.0,33463.0,34630.0,41266.0
"Health Professions and Related Clinical Sciences, Other.",1,Undergraduate Certificate or Diploma,Không hoàn toàn trực tuyến,0.0,11.0,31,30416.0,42323.0,28451.0,41196.0
Health Aides/Attendants/Orderlies.,8,Graduate/Professional Certificate,Có thể hoàn thành trực tuyến,0.0,0.0,1,,,,
Health Aides/Attendants/Orderlies.,5,Master's Degree,Không hoàn toàn trực tuyến,0.0,0.0,0,,,,
Health Aides/Attendants/Orderlies.,2,Associate's Degree,Không hoàn toàn trực tuyến,0.0,0.0,3,,,,25843.0
Health Aides/Attendants/Orderlies.,1,Undergraduate Certificate or Diploma,Không hoàn toàn trực tuyến,0.0,42.0,32,9500.0,25723.0,26175.0,26421.5
Ground Transportation.,8,Graduate/Professional Certificate,Không hoàn toàn trực tuyến,0.0,0.0,1,,48085.0,38922.0,46230.0
Allied Health and Medical Assisting Services.,7,First Professional Degree,Không hoàn toàn trực tuyến,0.0,0.0,2,,133496.5,70624.0,74486.0
Allied Health and Medical Assisting Services.,7,First Professional Degree,Có thể hoàn thành trực tuyến,0.0,0.0,1,,,,
Allied Health and Medical Assisting Services.,5,Master's Degree,Không hoàn toàn trực tuyến,0.0,0.0,3,,,75917.0,80284.0
Allied Health and Medical Assisting Services.,4,Post-baccalaureate Certificate,Không hoàn toàn trực tuyến,0.0,0.0,3,,,,
Allied Health and Medical Assisting Services.,3,Bachelor's Degree,Không hoàn toàn trực tuyến,0.0,18.0,25,,31512.0,44661.0,52582.0
"Health Professions and Related Clinical Sciences, Other.",6,Doctoral Degree,Không hoàn toàn trực tuyến,0.0,10.0,7,,,,
"Engineering Technologies/Technicians, Other.",1,Undergraduate Certificate or Diploma,Không hoàn toàn trực tuyến,0.0,0.0,8,,,,
Engineering Science.,8,Graduate/Professional Certificate,Một phần có thể hoàn thành trực tuyến,0.0,0.0,1,,,,
"Parks, Recreation and Leisure Facilities Management.",1,Undergraduate Certificate or Diploma,Một phần có thể hoàn thành trực tuyến,0.0,0.0,1,,,,
"Parks, Recreation and Leisure Facilities Management.",1,Undergraduate Certificate or Diploma,Không hoàn toàn trực tuyến,0.0,0.0,7,,,,
Electrical/Electronics Maintenance and Repair Technology.,3,Bachelor's Degree,Không hoàn toàn trực tuyến,0.0,0.0,1,,,,
Biology Technician/Biotechnology Laboratory Technician.,3,Bachelor's Degree,Không hoàn toàn trực tuyến,0.0,0.0,4,,,,
Biology Technician/Biotechnology Laboratory Technician.,2,Associate's Degree,Không hoàn toàn trực tuyến,0.0,0.0,19,,,,
Biology Technician/Biotechnology Laboratory Technician.,1,Undergraduate Certificate or Diploma,Không hoàn toàn trực tuyến,0.0,1.0,8,,,,
Agricultural Public Services.,2,Associate's Degree,Không hoàn toàn trực tuyến,0.0,0.0,1,,,,
International Relations and National Security Studies.,6,Doctoral Degree,Không xác định,0.0,0.0,2,,,,
International Relations and National Security Studies.,6,Doctoral Degree,Không hoàn toàn trực tuyến,0.0,4.0,4,,,,
International Relations and National Security Studies.,5,Master's Degree,Không hoàn toàn trực tuyến,0.0,0.0,10,,69196.0,68290.0,72427.0
International Relations and National Security Studies.,4,Post-baccalaureate Certificate,Không hoàn toàn trực tuyến,0.0,0.0,6,22250.0,78029.5,79502.0,99165.0
International Relations and National Security Studies.,3,Bachelor's Degree,Không hoàn toàn trực tuyến,0.0,24.0,40,24376.0,36726.0,49453.0,60016.5
International Relations and National Security Studies.,2,Associate's Degree,Không xác định,0.0,0.0,1,,,,
Educational/Instructional Media Design.,6,Doctoral Degree,Không hoàn toàn trực tuyến,0.0,1.0,2,,,,
Educational/Instructional Media Design.,5,Master's Degree,Không hoàn toàn trực tuyến,0.0,12.0,25,,63356.0,60071.0,68097.0
Educational/Instructional Media Design.,4,Post-baccalaureate Certificate,Không hoàn toàn trực tuyến,0.0,0.0,19,19294.0,57194.0,,
International/Global Studies.,5,Master's Degree,Không hoàn toàn trực tuyến,0.0,0.0,6,,66320.0,75762.0,95765.0
Atmospheric Sciences and Meteorology.,2,Associate's Degree,Không hoàn toàn trực tuyến,0.0,0.0,1,,,,
"Parks, Recreation and Leisure Studies.",2,Associate's Degree,Không hoàn toàn trực tuyến,0.0,0.0,11,,,34004.0,36896.0
"Parks, Recreation and Leisure Studies.",1,Undergraduate Certificate or Diploma,Không hoàn toàn trực tuyến,0.0,0.0,6,,,,
Data Processing.,2,Associate's Degree,Không hoàn toàn trực tuyến,0.0,2.0,25,15390.5,38559.0,41799.0,46672.0
Data Processing.,1,Undergraduate Certificate or Diploma,Không hoàn toàn trực tuyến,0.0,4.0,22,,,51871.0,57531.0
Data Entry/Microcomputer Applications.,5,Master's Degree,Không hoàn toàn trực tuyến,0.0,0.0,1,,,,
Data Entry/Microcomputer Applications.,2,Associate's Degree,Không hoàn toàn trực tuyến,0.0,0.0,7,,,28101.0,30915.0
Dance.,5,Master's Degree,Không hoàn toàn trực tuyến,0.0,0.0,3,,,,
"Parks, Recreation, Leisure, and Fitness Studies, Other.",3,Bachelor's Degree,Không hoàn toàn trực tuyến,0.0,0.0,6,,,,
"Parks, Recreation, Leisure, and Fitness Studies, Other.",2,Associate's Degree,Không hoàn toàn trực tuyến,0.0,1.0,3,,,,
"Parks, Recreation, Leisure, and Fitness Studies, Other.",1,Undergraduate Certificate or Diploma,Không hoàn toàn trực tuyến,0.0,0.0,4,20500.0,32805.0,,
"Engineering Technologies/Technicians, Other.",8,Graduate/Professional Certificate,Không hoàn toàn trực tuyến,0.0,0.0,1,,,,
"Engineering Technologies/Technicians, Other.",5,Master's Degree,Không hoàn toàn trực tuyến,0.0,0.0,0,,,,
"Engineering Technologies/Technicians, Other.",4,Post-baccalaureate Certificate,Không hoàn toàn trực tuyến,0.0,0.0,1,,,,
"Engineering Technologies/Technicians, Other.",3,Bachelor's Degree,Không hoàn toàn trực tuyến,0.0,4.0,12,24250.0,74273.5,88960.0,103032.0
Engineering Science.,1,Undergraduate Certificate or Diploma,Không hoàn toàn trực tuyến,0.0,0.0,2,,,,
Engineering Science.,1,Undergraduate Certificate or Diploma,Có thể hoàn thành trực tuyến,0.0,0.0,1,,,,
Engineering Physics.,8,Graduate/Professional Certificate,Một phần có thể hoàn thành trực tuyến,0.0,0.0,1,,,,
"Health Professions and Related Clinical Sciences, Other.",5,Master's Degree,Không hoàn toàn trực tuyến,0.0,3.0,21,,47237.0,73671.0,73276.5
"Health Professions and Related Clinical Sciences, Other.",4,Post-baccalaureate Certificate,Không hoàn toàn trực tuyến,0.0,0.0,14,,,86305.0,103320.0
"Health Professions and Related Clinical Sciences, Other.",3,Bachelor's Degree,Không hoàn toàn trực tuyến,0.0,55.0,29,22350.0,38641.0,53719.5,67698.0
"Health Professions and Related Clinical Sciences, Other.",2,Associate's Degree,Không hoàn toàn trực tuyến,0.0,10.0,34,,34123.0,44340.5,49845.0
"Parks, Recreation and Leisure Studies.",6,Doctoral Degree,Không hoàn toàn trực tuyến,0.0,0.0,1,,,,
"Parks, Recreation and Leisure Studies.",5,Master's Degree,Không hoàn toàn trực tuyến,0.0,0.0,6,,,,
"Parks, Recreation and Leisure Studies.",4,Post-baccalaureate Certificate,Không hoàn toàn trực tuyến,0.0,0.0,1,,,,
"Parks, Recreation and Leisure Studies.",3,Bachelor's Degree,Không hoàn toàn trực tuyến,0.0,5.0,13,,27511.0,35443.0,40005.0
Pastoral Counseling and Specialized Ministries.,2,Associate's Degree,Không hoàn toàn trực tuyến,0.0,1.0,11,,,,
Pastoral Counseling and Specialized Ministries.,1,Undergraduate Certificate or Diploma,Không hoàn toàn trực tuyến,0.0,0.0,5,,,,
Data Analytics.,5,Master's Degree,Không hoàn toàn trực tuyến,0.0,118.0,6,,,,
Data Analytics.,3,Bachelor's Degree,Không hoàn toàn trực tuyến,0.0,25.0,1,,,,
Data Analytics.,2,Associate's Degree,Có thể hoàn thành trực tuyến,0.0,0.0,4,,,,
Dance.,8,Graduate/Professional Certificate,Không hoàn toàn trực tuyến,0.0,0.0,2,,,,
Dance.,6,Doctoral Degree,Không hoàn toàn trực tuyến,0.0,0.0,0,,,,
Peace Studies and Conflict Resolution.,3,Bachelor's Degree,Không hoàn toàn trực tuyến,0.0,4.0,9,,,,
Peace Studies and Conflict Resolution.,2,Associate's Degree,Có thể hoàn thành trực tuyến,0.0,0.0,1,,,,
Peace Studies and Conflict Resolution.,1,Undergraduate Certificate or Diploma,Một phần có thể hoàn thành trực tuyến,0.0,0.0,1,,,,
Peace Studies and Conflict Resolution.,1,Undergraduate Certificate or Diploma,Không hoàn toàn trực tuyến,0.0,0.0,1,,,,
Pastoral Counseling and Specialized Ministries.,8,Graduate/Professional Certificate,Không hoàn toàn trực tuyến,0.0,15.0,11,,,,
Pastoral Counseling and Specialized Ministries.,7,First Professional Degree,Không hoàn toàn trực tuyến,0.0,0.0,6,,,,
Pastoral Counseling and Specialized Ministries.,6,Doctoral Degree,Không hoàn toàn trực tuyến,0.0,0.0,6,,,,
Pastoral Counseling and Specialized Ministries.,5,Master's Degree,Không hoàn toàn trực tuyến,0.0,6.0,22,,,45384.0,48551.5
Pastoral Counseling and Specialized Ministries.,4,Post-baccalaureate Certificate,Không hoàn toàn trực tuyến,0.0,0.0,7,,,,
Pastoral Counseling and Specialized Ministries.,3,Bachelor's Degree,Không hoàn toàn trực tuyến,0.0,0.0,20,,,,
"Classics and Classical Languages, Literatures, and Linguistics.",5,Master's Degree,Không hoàn toàn trực tuyến,0.0,0.0,3,,,,
"Classics and Classical Languages, Literatures, and Linguistics.",4,Post-baccalaureate Certificate,Không hoàn toàn trực tuyến,0.0,0.0,2,,,,
Personal Awareness and Self-Improvement.,8,Graduate/Professional Certificate,Không hoàn toàn trực tuyến,0.0,0.0,1,,,,
Personal Awareness and Self-Improvement.,5,Master's Degree,Không hoàn toàn trực tuyến,0.0,0.0,1,,,,
Personal Awareness and Self-Improvement.,4,Post-baccalaureate Certificate,Không hoàn toàn trực tuyến,0.0,0.0,1,,,,
Personal Awareness and Self-Improvement.,1,Undergraduate Certificate or Diploma,Không hoàn toàn trực tuyến,0.0,0.0,2,20500.0,53316.0,73629.0,79063.0
Gerontology.,6,Doctoral Degree,Không hoàn toàn trực tuyến,0.0,0.0,1,,,,
Gerontology.,5,Master's Degree,Không hoàn toàn trực tuyến,0.0,1.0,14,,,,
Business Operations Support and Assistant Services.,1,Undergraduate Certificate or Diploma,Không hoàn toàn trực tuyến,0.0,78.0,148,9500.0,25993.0,28346.0,27602.0
"Business Administration, Management and Operations.",8,Graduate/Professional Certificate,Không hoàn toàn trực tuyến,0.0,48.0,29,,,71303.0,82688.5
"Business Administration, Management and Operations.",7,First Professional Degree,Không hoàn toàn trực tuyến,0.0,0.0,20,,170397.5,116884.0,159631.0
Ground Transportation.,8,Graduate/Professional Certificate,Có thể hoàn thành trực tuyến,0.0,0.0,1,,,,
Ground Transportation.,6,Doctoral Degree,Không hoàn toàn trực tuyến,0.0,0.0,0,,,,
Ground Transportation.,2,Associate's Degree,Không hoàn toàn trực tuyến,0.0,0.0,9,,,,
Ground Transportation.,1,Undergraduate Certificate or Diploma,Không hoàn toàn trực tuyến,0.0,919.0,41,6333.0,40425.0,41316.0,46495.5
Graphic Communications.,5,Master's Degree,Không hoàn toàn trực tuyến,0.0,6.0,3,,,,
Graphic Communications.,4,Post-baccalaureate Certificate,Không hoàn toàn trực tuyến,0.0,0.0,4,,,70765.0,81613.0
Graphic Communications.,3,Bachelor's Degree,Không hoàn toàn trực tuyến,0.0,119.0,20,26000.0,23202.0,40033.0,43434.0
"Engineering Technology, General.",1,Undergraduate Certificate or Diploma,Không hoàn toàn trực tuyến,0.0,18.0,13,9500.0,34041.0,34475.0,40044.0
Peace Studies and Conflict Resolution.,6,Doctoral Degree,Không hoàn toàn trực tuyến,0.0,0.0,0,,,,
Peace Studies and Conflict Resolution.,5,Master's Degree,Không hoàn toàn trực tuyến,0.0,2.0,6,,58534.0,42528.5,49246.0
Peace Studies and Conflict Resolution.,4,Post-baccalaureate Certificate,Không hoàn toàn trực tuyến,0.0,0.0,1,,,,
Peace Studies and Conflict Resolution.,3,Bachelor's Degree,Một phần có thể hoàn thành trực tuyến,0.0,0.0,2,,,,
Petroleum Engineering.,3,Bachelor's Degree,Không hoàn toàn trực tuyến,0.0,0.0,0,,,,
"Personal and Culinary Services, Other.",3,Bachelor's Degree,Không hoàn toàn trực tuyến,0.0,0.0,2,,,,
"Personal and Culinary Services, Other.",2,Associate's Degree,Không hoàn toàn trực tuyến,0.0,0.0,1,,,,
"Personal and Culinary Services, Other.",1,Undergraduate Certificate or Diploma,Không hoàn toàn trực tuyến,0.0,169.0,3,9500.0,24306.0,21216.0,24047.0
"Clinical, Counseling and Applied Psychology.",1,Undergraduate Certificate or Diploma,Không hoàn toàn trực tuyến,0.0,11.0,6,,,,
Clinical Psychology.,6,Doctoral Degree,Không hoàn toàn trực tuyến,0.0,0.0,1,,,,
Clinical Psychology.,3,Bachelor's Degree,Không hoàn toàn trực tuyến,0.0,0.0,2,,,,
Climate Science.,8,Graduate/Professional Certificate,Có thể hoàn thành trực tuyến,0.0,0.0,1,,,,
"Classics and Classical Languages, Literatures, and Linguistics.",8,Graduate/Professional Certificate,Không hoàn toàn trực tuyến,0.0,0.0,1,,,,
"Classics and Classical Languages, Literatures, and Linguistics.",6,Doctoral Degree,Không hoàn toàn trực tuyến,0.0,0.0,1,,,,
"Arts, Entertainment,and Media Management.",8,Graduate/Professional Certificate,Không hoàn toàn trực tuyến,0.0,0.0,2,,,,
"Arts, Entertainment,and Media Management.",6,Doctoral Degree,Không hoàn toàn trực tuyến,0.0,0.0,1,,,,
"Arts, Entertainment,and Media Management.",5,Master's Degree,Không hoàn toàn trực tuyến,0.0,27.0,14,,,131709.0,140876.0
"Engineering Technology, General.",8,Graduate/Professional Certificate,Không hoàn toàn trực tuyến,0.0,0.0,2,,,,
"Engineering Technology, General.",6,Doctoral Degree,Không hoàn toàn trực tuyến,0.0,0.0,0,,,,
"Engineering Technology, General.",5,Master's Degree,Không hoàn toàn trực tuyến,0.0,0.0,5,,,,
"Engineering Technologies/Technicians, Other.",2,Associate's Degree,Không hoàn toàn trực tuyến,0.0,0.0,18,21768.0,,,
Graphic Communications.,2,Associate's Degree,Không hoàn toàn trực tuyến,0.0,7.0,33,,,28286.0,33014.5
Graphic Communications.,1,Undergraduate Certificate or Diploma,Không hoàn toàn trực tuyến,0.0,57.0,46,28332.0,75226.0,,
Gerontology.,8,Graduate/Professional Certificate,Không hoàn toàn trực tuyến,0.0,0.0,11,,,,
Gerontology.,7,First Professional Degree,Không hoàn toàn trực tuyến,0.0,0.0,1,,,,
"Arts, Entertainment,and Media Management.",3,Bachelor's Degree,Không hoàn toàn trực tuyến,0.0,5.0,26,,,30792.0,37006.0
Pharmacology and Toxicology.,2,Associate's Degree,Có thể hoàn thành trực tuyến,0.0,0.0,1,,,,
Petroleum Engineering.,7,First Professional Degree,Không hoàn toàn trực tuyến,0.0,0.0,1,,,,
Petroleum Engineering.,5,Master's Degree,Không hoàn toàn trực tuyến,0.0,0.0,0,,,,
Petroleum Engineering.,4,Post-baccalaureate Certificate,Không hoàn toàn trực tuyến,0.0,0.0,1,,,,
Curriculum and Instruction.,5,Master's Degree,Không hoàn toàn trực tuyến,0.0,45.0,45,,60514.5,58297.0,64200.0
Curriculum and Instruction.,4,Post-baccalaureate Certificate,Không hoàn toàn trực tuyến,0.0,0.0,12,,,81382.0,90043.0
"Pharmacy, Pharmaceutical Sciences, and Administration.",2,Associate's Degree,Không hoàn toàn trực tuyến,0.0,0.0,4,,,,
"Pharmacy, Pharmaceutical Sciences, and Administration.",1,Undergraduate Certificate or Diploma,Không hoàn toàn trực tuyến,0.0,0.0,3,,,,
Pharmacology and Toxicology.,8,Graduate/Professional Certificate,Không hoàn toàn trực tuyến,0.0,0.0,1,,,,
Pharmacology and Toxicology.,7,First Professional Degree,Không hoàn toàn trực tuyến,0.0,0.0,1,,113264.0,,
Pharmacology and Toxicology.,7,First Professional Degree,Có thể hoàn thành trực tuyến,0.0,0.0,1,,,,
Pharmacology and Toxicology.,6,Doctoral Degree,Không hoàn toàn trực tuyến,0.0,8.0,7,,,,
Pharmacology and Toxicology.,5,Master's Degree,Không hoàn toàn trực tuyến,0.0,1.0,6,,,,
Pharmacology and Toxicology.,4,Post-baccalaureate Certificate,Không hoàn toàn trực tuyến,0.0,0.0,1,,,,
Pharmacology and Toxicology.,3,Bachelor's Degree,Không hoàn toàn trực tuyến,0.0,0.0,2,,,,91542.0
Astronomy and Astrophysics.,1,Undergraduate Certificate or Diploma,Không hoàn toàn trực tuyến,0.0,0.0,2,,,,
"Pharmacy, Pharmaceutical Sciences, and Administration.",7,First Professional Degree,Không hoàn toàn trực tuyến,0.0,0.0,5,,105629.0,128851.0,138198.0
"Pharmacy, Pharmaceutical Sciences, and Administration.",6,Doctoral Degree,Không hoàn toàn trực tuyến,0.0,2.0,34,,106086.5,130741.5,141630.5
"Pharmacy, Pharmaceutical Sciences, and Administration.",5,Master's Degree,Không hoàn toàn trực tuyến,0.0,1.0,7,,98888.0,,
"Pharmacy, Pharmaceutical Sciences, and Administration.",4,Post-baccalaureate Certificate,Không hoàn toàn trực tuyến,0.0,0.0,5,,,,
"Pharmacy, Pharmaceutical Sciences, and Administration.",3,Bachelor's Degree,Không hoàn toàn trực tuyến,0.0,1.0,9,26500.0,59955.5,57069.0,92624.0
Dance.,3,Bachelor's Degree,Không hoàn toàn trực tuyến,0.0,2.0,15,27000.0,15881.0,19321.0,
"Germanic Languages, Literatures, and Linguistics.",5,Master's Degree,Không hoàn toàn trực tuyến,0.0,0.0,6,,,,
"Germanic Languages, Literatures, and Linguistics.",4,Post-baccalaureate Certificate,Không hoàn toàn trực tuyến,0.0,0.0,2,,,,
"Germanic Languages, Literatures, and Linguistics.",3,Bachelor's Degree,Không hoàn toàn trực tuyến,0.0,19.0,46,,,,
"Germanic Languages, Literatures, and Linguistics.",2,Associate's Degree,Một phần có thể hoàn thành trực tuyến,0.0,2.0,2,,,,
"Germanic Languages, Literatures, and Linguistics.",1,Undergraduate Certificate or Diploma,Không hoàn toàn trực tuyến,0.0,1.0,8,,,,
"Business Administration, Management and Operations.",6,Doctoral Degree,Không hoàn toàn trực tuyến,0.0,25.0,24,,73637.0,80532.0,81975.5
"Business Administration, Management and Operations.",5,Master's Degree,Không hoàn toàn trực tuyến,0.0,232.0,54,,67504.0,66679.0,74320.0
"Business Administration, Management and Operations.",4,Post-baccalaureate Certificate,Không hoàn toàn trực tuyến,0.0,0.0,83,20114.0,87333.0,62481.0,99556.0
Gerontology.,4,Post-baccalaureate Certificate,Không hoàn toàn trực tuyến,0.0,0.0,10,,,,
Gerontology.,3,Bachelor's Degree,Không hoàn toàn trực tuyến,0.0,0.0,10,,,,
Dance.,2,Associate's Degree,Không hoàn toàn trực tuyến,0.0,0.0,4,,,,
Dance.,1,Undergraduate Certificate or Diploma,Không hoàn toàn trực tuyến,0.0,0.0,7,,,41720.0,25218.0
Curriculum and Instruction.,8,Graduate/Professional Certificate,Không hoàn toàn trực tuyến,0.0,2.0,17,,53832.0,,
Curriculum and Instruction.,7,First Professional Degree,Không hoàn toàn trực tuyến,0.0,0.0,7,,70826.0,61938.0,66041.0
Curriculum and Instruction.,6,Doctoral Degree,Không hoàn toàn trực tuyến,0.0,8.0,8,,74712.0,79050.0,92665.0
"Philosophy and Religious Studies, General.",6,Doctoral Degree,Không hoàn toàn trực tuyến,0.0,0.0,0,,,,
"Philosophy and Religious Studies, General.",5,Master's Degree,Không hoàn toàn trực tuyến,0.0,0.0,2,,,,
"Philosophy and Religious Studies, General.",3,Bachelor's Degree,Một phần có thể hoàn thành trực tuyến,0.0,0.0,2,,,,
"Philosophy and Religious Studies, General.",3,Bachelor's Degree,Không hoàn toàn trực tuyến,0.0,1.0,11,,,,
"Philosophy and Religious Studies, General.",2,Associate's Degree,Có thể hoàn thành trực tuyến,0.0,0.0,1,,,,
"Philosophy and Religious Studies, General.",1,Undergraduate Certificate or Diploma,Không xác định,0.0,0.0,1,,,,
"Philosophy and Religious Studies, General.",1,Undergraduate Certificate or Diploma,Không hoàn toàn trực tuyến,0.0,0.0,2,,,,
"Pharmacy, Pharmaceutical Sciences, and Administration.",8,Graduate/Professional Certificate,Không hoàn toàn trực tuyến,0.0,0.0,7,,,125484.0,138295.0
Philosophy.,1,Undergraduate Certificate or Diploma,Không hoàn toàn trực tuyến,0.0,0.0,13,,,,
"Philosophy and Religious Studies, Other.",8,Graduate/Professional Certificate,Không hoàn toàn trực tuyến,0.0,2.0,1,,,,
"Philosophy and Religious Studies, Other.",8,Graduate/Professional Certificate,Có thể hoàn thành trực tuyến,0.0,0.0,1,,,,
"Philosophy and Religious Studies, Other.",6,Doctoral Degree,Không hoàn toàn trực tuyến,0.0,0.0,1,,,,
"Philosophy and Religious Studies, Other.",5,Master's Degree,Không hoàn toàn trực tuyến,0.0,0.0,1,,,,
"Philosophy and Religious Studies, Other.",3,Bachelor's Degree,Không hoàn toàn trực tuyến,0.0,11.0,26,,,,
"Philosophy and Religious Studies, Other.",2,Associate's Degree,Không hoàn toàn trực tuyến,0.0,0.0,1,,,,
"Philosophy and Religious Studies, Other.",1,Undergraduate Certificate or Diploma,Có thể hoàn thành trực tuyến,0.0,0.0,1,,,,
"Philosophy and Religious Studies, General.",7,First Professional Degree,Không hoàn toàn trực tuyến,0.0,0.0,0,,,,
Cultural Studies/Critical Theory and Analysis.,6,Doctoral Degree,Không hoàn toàn trực tuyến,0.0,0.0,1,,,,
Cultural Studies/Critical Theory and Analysis.,5,Master's Degree,Không hoàn toàn trực tuyến,0.0,0.0,2,,,44390.0,
Cultural Studies/Critical Theory and Analysis.,4,Post-baccalaureate Certificate,Không hoàn toàn trực tuyến,0.0,0.0,1,,,,
Philosophy.,6,Doctoral Degree,Không hoàn toàn trực tuyến,0.0,0.0,2,,,,
"Allied Health Diagnostic, Intervention, and Treatment Professions.",8,Graduate/Professional Certificate,Không hoàn toàn trực tuyến,0.0,0.0,11,,92686.5,47696.0,52017.0
"Allied Health Diagnostic, Intervention, and Treatment Professions.",7,First Professional Degree,Một phần có thể hoàn thành trực tuyến,0.0,0.0,1,,,,
"Allied Health Diagnostic, Intervention, and Treatment Professions.",7,First Professional Degree,Không hoàn toàn trực tuyến,0.0,57.0,10,,107126.0,109199.0,120354.0
Chemical Engineering.,7,First Professional Degree,Không hoàn toàn trực tuyến,0.0,0.0,1,,,,
Chemical Engineering.,6,Doctoral Degree,Không hoàn toàn trực tuyến,0.0,0.0,0,,,,
"Engineering Technology, General.",3,Bachelor's Degree,Không hoàn toàn trực tuyến,0.0,0.0,14,26325.0,69483.0,82461.0,91492.0
"Engineering Technology, General.",2,Associate's Degree,Không hoàn toàn trực tuyến,0.0,1.0,22,,103346.0,,
Gerontology.,2,Associate's Degree,Không hoàn toàn trực tuyến,0.0,1.0,4,,,,
Gerontology.,1,Undergraduate Certificate or Diploma,Không hoàn toàn trực tuyến,0.0,0.0,9,,,,
"Germanic Languages, Literatures, and Linguistics.",6,Doctoral Degree,Không hoàn toàn trực tuyến,0.0,0.0,2,,,,
Philosophy.,5,Master's Degree,Không hoàn toàn trực tuyến,0.0,0.0,5,,,,
Philosophy.,4,Post-baccalaureate Certificate,Không hoàn toàn trực tuyến,0.0,0.0,4,,,,
Philosophy.,3,Bachelor's Degree,Không hoàn toàn trực tuyến,0.0,4.0,26,,,,
Philosophy.,2,Associate's Degree,Không hoàn toàn trực tuyến,0.0,0.0,3,,,,
Philosophy.,1,Undergraduate Certificate or Diploma,Không xác định,0.0,0.0,1,,,,
"Arts, Entertainment,and Media Management.",1,Undergraduate Certificate or Diploma,Không hoàn toàn trực tuyến,0.0,0.0,7,,,,
"Army ROTC, Military Science and Operations.",3,Bachelor's Degree,Không hoàn toàn trực tuyến,0.0,0.0,3,,,,
"Area, Ethnic, Cultural, and Gender Studies, Other.",8,Graduate/Professional Certificate,Một phần có thể hoàn thành trực tuyến,0.0,0.0,1,,,,
"Area, Ethnic, Cultural, and Gender Studies, Other.",8,Graduate/Professional Certificate,Không hoàn toàn trực tuyến,0.0,0.0,1,,,,
Electrical and Computer Engineering.,8,Graduate/Professional Certificate,Không xác định,0.0,0.0,1,,,,
Electrical and Computer Engineering.,2,Associate's Degree,Không hoàn toàn trực tuyến,0.0,0.0,1,,,,
Electrical and Computer Engineering.,1,Undergraduate Certificate or Diploma,Không hoàn toàn trực tuyến,0.0,0.0,1,,,,
Electrical Engineering Technologies/Technicians.,8,Graduate/Professional Certificate,Không hoàn toàn trực tuyến,0.0,0.0,0,,,,
Electrical Engineering Technologies/Technicians.,8,Graduate/Professional Certificate,Có thể hoàn thành trực tuyến,0.0,2.0,3,,,,
Electrical Engineering Technologies/Technicians.,6,Doctoral Degree,Không hoàn toàn trực tuyến,0.0,0.0,0,,,,
International and Comparative Education.,5,Master's Degree,Không hoàn toàn trực tuyến,0.0,0.0,2,,,,
International and Comparative Education.,4,Post-baccalaureate Certificate,Không hoàn toàn trực tuyến,0.0,0.0,1,,,,
International and Comparative Education.,3,Bachelor's Degree,Không hoàn toàn trực tuyến,0.0,0.0,3,,,,
International Relations and National Security Studies.,8,Graduate/Professional Certificate,Không hoàn toàn trực tuyến,0.0,0.0,3,,,,
International Relations and National Security Studies.,7,First Professional Degree,Không hoàn toàn trực tuyến,0.0,0.0,1,,60025.0,67934.0,82160.0
Electromechanical Engineering.,6,Doctoral Degree,Có thể hoàn thành trực tuyến,0.0,5.0,1,,,,
Electromechanical Engineering.,3,Bachelor's Degree,Không hoàn toàn trực tuyến,0.0,0.0,2,,,,
Electromechanical Engineering.,1,Undergraduate Certificate or Diploma,Có thể hoàn thành trực tuyến,0.0,0.0,1,,,,
"Area, Ethnic, Cultural, and Gender Studies, Other.",2,Associate's Degree,Không hoàn toàn trực tuyến,0.0,0.0,1,,,,
"Area, Ethnic, Cultural, and Gender Studies, Other.",1,Undergraduate Certificate or Diploma,Không hoàn toàn trực tuyến,0.0,1.0,1,,,,
Philosophy.,7,First Professional Degree,Không hoàn toàn trực tuyến,0.0,0.0,2,,,,
Curriculum and Instruction.,3,Bachelor's Degree,Không xác định,0.0,2.0,1,,,48378.0,65134.0
Curriculum and Instruction.,3,Bachelor's Degree,Không hoàn toàn trực tuyến,0.0,0.0,13,29000.0,45004.0,43941.5,48848.0
Curriculum and Instruction.,2,Associate's Degree,Không hoàn toàn trực tuyến,0.0,0.0,2,,,24581.0,35285.0
Curriculum and Instruction.,1,Undergraduate Certificate or Diploma,Không hoàn toàn trực tuyến,0.0,0.0,4,,,,26586.0
Curriculum and Instruction.,1,Undergraduate Certificate or Diploma,Có thể hoàn thành trực tuyến,0.0,0.0,2,,,,
"Physical Sciences, Other.",1,Undergraduate Certificate or Diploma,Không hoàn toàn trực tuyến,0.0,0.0,1,,,,
"Physical Sciences, Other.",1,Undergraduate Certificate or Diploma,Có thể hoàn thành trực tuyến,0.0,0.0,1,,,,
Physical Science Technologies/Technicians.,8,Graduate/Professional Certificate,Có thể hoàn thành trực tuyến,0.0,1.0,2,,,,
Physical Science Technologies/Technicians.,5,Master's Degree,Không hoàn toàn trực tuyến,0.0,0.0,0,,,,
Physical Science Technologies/Technicians.,3,Bachelor's Degree,Không hoàn toàn trực tuyến,0.0,47.0,2,,,,
Physical Science Technologies/Technicians.,2,Associate's Degree,Không hoàn toàn trực tuyến,0.0,13.0,8,,,89942.0,94645.0
Physical Science Technologies/Technicians.,1,Undergraduate Certificate or Diploma,Không hoàn toàn trực tuyến,0.0,0.0,7,,33359.0,47981.0,57703.0
Philosophy.,8,Graduate/Professional Certificate,Một phần có thể hoàn thành trực tuyến,0.0,2.0,2,,,,
"Arts, Entertainment,and Media Management.",2,Associate's Degree,Không hoàn toàn trực tuyến,0.0,2.0,10,,,17098.0,23543.0
Physical Sciences.,5,Master's Degree,Không hoàn toàn trực tuyến,0.0,0.0,3,,,,
Physical Sciences.,3,Bachelor's Degree,Một phần có thể hoàn thành trực tuyến,0.0,0.0,2,,,,
Physical Sciences.,3,Bachelor's Degree,Không xác định,0.0,0.0,1,,,,
Physical Sciences.,3,Bachelor's Degree,Không hoàn toàn trực tuyến,0.0,2.0,24,11109.0,41587.0,,
Physical Sciences.,2,Associate's Degree,Không hoàn toàn trực tuyến,0.0,0.0,13,7930.0,,36703.0,43997.0
Physical Sciences.,1,Undergraduate Certificate or Diploma,Không hoàn toàn trực tuyến,0.0,1.0,1,,,,
Physical Sciences.,1,Undergraduate Certificate or Diploma,Có thể hoàn thành trực tuyến,0.0,0.0,2,,,,
Geological and Earth Sciences/Geosciences.,6,Doctoral Degree,Không hoàn toàn trực tuyến,0.0,0.0,2,,,,
Geological and Earth Sciences/Geosciences.,5,Master's Degree,Không hoàn toàn trực tuyến,0.0,0.0,7,,,,
Geological and Earth Sciences/Geosciences.,4,Post-baccalaureate Certificate,Không hoàn toàn trực tuyến,0.0,0.0,3,,,,
Geological and Earth Sciences/Geosciences.,3,Bachelor's Degree,Không hoàn toàn trực tuyến,0.0,2.0,11,,,,
"Agriculture, Agriculture Operations, and Related Sciences, Other.",2,Associate's Degree,Không hoàn toàn trực tuyến,0.0,0.0,9,,,49804.0,53338.0
Geological/Geophysical Engineering.,6,Doctoral Degree,Không hoàn toàn trực tuyến,0.0,2.0,1,,,,
Geological/Geophysical Engineering.,5,Master's Degree,Không hoàn toàn trực tuyến,0.0,0.0,0,,,,
Geological/Geophysical Engineering.,3,Bachelor's Degree,Không hoàn toàn trực tuyến,0.0,0.0,1,,,,
"Physical Sciences, Other.",8,Graduate/Professional Certificate,Không hoàn toàn trực tuyến,0.0,0.0,0,,,,
"Physical Sciences, Other.",6,Doctoral Degree,Không hoàn toàn trực tuyến,0.0,0.0,0,,,,
"Physical Sciences, Other.",5,Master's Degree,Không hoàn toàn trực tuyến,0.0,1.0,1,,,,
"Physical Sciences, Other.",4,Post-baccalaureate Certificate,Không hoàn toàn trực tuyến,0.0,0.0,2,,,,
"Physical Sciences, Other.",3,Bachelor's Degree,Không hoàn toàn trực tuyến,0.0,0.0,8,,,,
"Physical Sciences, Other.",2,Associate's Degree,Không hoàn toàn trực tuyến,0.0,0.0,4,,,,
Culinary Arts and Related Services.,8,Graduate/Professional Certificate,Không hoàn toàn trực tuyến,0.0,0.0,3,,,,
Culinary Arts and Related Services.,8,Graduate/Professional Certificate,Có thể hoàn thành trực tuyến,0.0,0.0,1,,,,
Culinary Arts and Related Services.,6,Doctoral Degree,Không hoàn toàn trực tuyến,0.0,0.0,2,,,,
Culinary Arts and Related Services.,6,Doctoral Degree,Có thể hoàn thành trực tuyến,0.0,0.0,1,,,,
Culinary Arts and Related Services.,5,Master's Degree,Không xác định,0.0,0.0,1,,,,
Physics.,1,Undergraduate Certificate or Diploma,Không hoàn toàn trực tuyến,0.0,0.0,9,,,,
Physical Sciences.,8,Graduate/Professional Certificate,Không xác định,0.0,0.0,1,,,,
Physical Sciences.,8,Graduate/Professional Certificate,Có thể hoàn thành trực tuyến,0.0,0.0,1,,,,
Physical Sciences.,6,Doctoral Degree,Không hoàn toàn trực tuyến,0.0,0.0,0,,,,
Agricultural Engineering.,4,Post-baccalaureate Certificate,Không hoàn toàn trực tuyến,0.0,0.0,2,,,,
Agricultural Engineering.,3,Bachelor's Degree,Không hoàn toàn trực tuyến,0.0,5.0,4,,,,
Agricultural Engineering.,2,Associate's Degree,Không hoàn toàn trực tuyến,0.0,0.0,2,,,56359.0,63559.0
Agricultural Engineering.,1,Undergraduate Certificate or Diploma,Có thể hoàn thành trực tuyến,0.0,1.0,1,,,,
"Electrical, Electronics and Communications Engineering.",3,Bachelor's Degree,Không hoàn toàn trực tuyến,0.0,35.0,11,24271.0,74912.0,78256.5,86646.0
Agricultural Business and Management.,8,Graduate/Professional Certificate,Không xác định,0.0,0.0,1,,,,
Agricultural Business and Management.,8,Graduate/Professional Certificate,Không hoàn toàn trực tuyến,0.0,0.0,3,,,,
Cultural Studies/Critical Theory and Analysis.,3,Bachelor's Degree,Không hoàn toàn trực tuyến,0.0,1.0,4,,,,
Cultural Studies/Critical Theory and Analysis.,1,Undergraduate Certificate or Diploma,Không hoàn toàn trực tuyến,0.0,0.0,1,,,,
Physics.,8,Graduate/Professional Certificate,Không hoàn toàn trực tuyến,0.0,0.0,1,,,,
Physics.,6,Doctoral Degree,Không hoàn toàn trực tuyến,0.0,0.0,1,,,,
Physics.,5,Master's Degree,Không hoàn toàn trực tuyến,0.0,1.0,6,,,,
Physics.,4,Post-baccalaureate Certificate,Không hoàn toàn trực tuyến,0.0,0.0,0,,,,
Agricultural and Food Products Processing.,1,Undergraduate Certificate or Diploma,Không hoàn toàn trực tuyến,0.0,8.0,4,,,,
Agricultural and Domestic Animal Services.,8,Graduate/Professional Certificate,Không hoàn toàn trực tuyến,0.0,8.0,1,,,,
"Visual and Performing Arts, General.",5,Master's Degree,Không hoàn toàn trực tuyến,0.0,8.0,6,,24410.0,92570.0,85986.0
"Visual and Performing Arts, General.",8,Graduate/Professional Certificate,Không hoàn toàn trực tuyến,0.0,0.0,0,,,,
Geological and Earth Sciences/Geosciences.,2,Associate's Degree,Không hoàn toàn trực tuyến,0.0,0.0,13,,,53562.0,61359.0
Geological and Earth Sciences/Geosciences.,1,Undergraduate Certificate or Diploma,Không hoàn toàn trực tuyến,0.0,0.0,6,,,,
Chemical Engineering.,5,Master's Degree,Không hoàn toàn trực tuyến,0.0,0.0,1,,,,
"Engineering, General.",1,Undergraduate Certificate or Diploma,Không hoàn toàn trực tuyến,0.0,0.0,20,,,,
Geological and Earth Sciences/Geosciences.,8,Graduate/Professional Certificate,Không hoàn toàn trực tuyến,0.0,3.0,1,,,,
Geological and Earth Sciences/Geosciences.,7,First Professional Degree,Không hoàn toàn trực tuyến,0.0,0.0,1,,,,
Physics.,3,Bachelor's Degree,Không hoàn toàn trực tuyến,0.0,9.0,14,,,,
Physics.,2,Associate's Degree,Không hoàn toàn trực tuyến,0.0,20.0,13,,,23628.0,27031.0
Agricultural Engineering.,7,First Professional Degree,Không hoàn toàn trực tuyến,0.0,0.0,1,,,,
Agricultural Engineering.,5,Master's Degree,Không hoàn toàn trực tuyến,0.0,0.0,1,,,,
Criminology.,6,Doctoral Degree,Không xác định,0.0,0.0,1,,,,
Criminology.,6,Doctoral Degree,Không hoàn toàn trực tuyến,0.0,0.0,2,,,,
"Physiology, Pathology and Related Sciences.",8,Graduate/Professional Certificate,Không hoàn toàn trực tuyến,0.0,0.0,3,,,,
"Physiology, Pathology and Related Sciences.",7,First Professional Degree,Không hoàn toàn trực tuyến,0.0,0.0,1,,,,
"Visual and Performing Arts, Other.",1,Undergraduate Certificate or Diploma,Không hoàn toàn trực tuyến,0.0,1.0,4,,,,
"Physiology, Pathology and Related Sciences.",6,Doctoral Degree,Không xác định,0.0,1.0,1,,,,
"Physiology, Pathology and Related Sciences.",6,Doctoral Degree,Không hoàn toàn trực tuyến,0.0,2.0,10,,,86252.0,107965.0
"Physiology, Pathology and Related Sciences.",5,Master's Degree,Không hoàn toàn trực tuyến,0.0,0.0,7,,,,
"Physiology, Pathology and Related Sciences.",3,Bachelor's Degree,Không hoàn toàn trực tuyến,0.0,2.0,14,22899.0,30779.0,48613.0,56245.0
"Physiology, Pathology and Related Sciences.",2,Associate's Degree,Không hoàn toàn trực tuyến,0.0,65.0,5,,,18826.0,23029.0
"Physiology, Pathology and Related Sciences.",1,Undergraduate Certificate or Diploma,Không hoàn toàn trực tuyến,0.0,0.0,3,,50024.0,,
Physiological Psychology/Psychobiology.,4,Post-baccalaureate Certificate,Không hoàn toàn trực tuyến,0.0,0.0,1,,,,
Plant Sciences.,5,Master's Degree,Không hoàn toàn trực tuyến,0.0,0.0,1,,,,
Plant Sciences.,4,Post-baccalaureate Certificate,Không hoàn toàn trực tuyến,0.0,0.0,1,,,,
Plant Sciences.,3,Bachelor's Degree,Không hoàn toàn trực tuyến,0.0,0.0,3,21000.0,34744.0,45108.0,54535.0
Plant Sciences.,2,Associate's Degree,Không hoàn toàn trực tuyến,0.0,0.0,9,11717.0,,,50793.0
Plant Sciences.,1,Undergraduate Certificate or Diploma,Không hoàn toàn trực tuyến,0.0,0.0,1,,,,
"Physiology, Pathology and Related Sciences.",8,Graduate/Professional Certificate,Không xác định,0.0,0.0,1,,,,
Culinary Arts and Related Services.,5,Master's Degree,Không hoàn toàn trực tuyến,0.0,0.0,0,,,,
"Engineering, General.",7,First Professional Degree,Không xác định,0.0,1.0,1,,,,
"Engineering, General.",7,First Professional Degree,Không hoàn toàn trực tuyến,0.0,0.0,1,,,,
"Engineering, General.",6,Doctoral Degree,Không hoàn toàn trực tuyến,0.0,1.0,1,,,,
"Engineering, General.",5,Master's Degree,Không hoàn toàn trực tuyến,0.0,0.0,5,,89983.5,117975.0,135822.0
"Engineering, General.",4,Post-baccalaureate Certificate,Không hoàn toàn trực tuyến,0.0,0.0,3,,,,
"Agriculture, Agriculture Operations, and Related Sciences, Other.",1,Undergraduate Certificate or Diploma,Không hoàn toàn trực tuyến,0.0,0.0,4,,,,
Agricultural and Food Products Processing.,6,Doctoral Degree,Có thể hoàn thành trực tuyến,0.0,0.0,1,,,,
Agricultural and Food Products Processing.,5,Master's Degree,Không hoàn toàn trực tuyến,0.0,0.0,0,,,,
Agricultural and Food Products Processing.,5,Master's Degree,Có thể hoàn thành trực tuyến,0.0,0.0,1,,,,
Agricultural and Food Products Processing.,2,Associate's Degree,Không hoàn toàn trực tuyến,0.0,0.0,1,,,,
Culinary Arts and Related Services.,3,Bachelor's Degree,Không hoàn toàn trực tuyến,0.0,57.0,9,27000.0,32775.0,35554.0,39083.0
Culinary Arts and Related Services.,2,Associate's Degree,Không hoàn toàn trực tuyến,0.0,235.0,40,17828.0,25407.0,29694.0,33032.0
Culinary Arts and Related Services.,1,Undergraduate Certificate or Diploma,Không hoàn toàn trực tuyến,0.0,318.0,57,12267.0,21597.0,26362.0,29198.0
Criminology.,8,Graduate/Professional Certificate,Một phần có thể hoàn thành trực tuyến,0.0,0.0,1,,,,
Criminology.,8,Graduate/Professional Certificate,Không hoàn toàn trực tuyến,0.0,0.0,1,,,,
Area Studies.,8,Graduate/Professional Certificate,Một phần có thể hoàn thành trực tuyến,0.0,0.0,1,,,,
Area Studies.,8,Graduate/Professional Certificate,Không xác định,0.0,0.0,2,,,,
Area Studies.,8,Graduate/Professional Certificate,Không hoàn toàn trực tuyến,0.0,1.0,5,,,,
Area Studies.,7,First Professional Degree,Không hoàn toàn trực tuyến,0.0,0.0,1,,,,
Area Studies.,6,Doctoral Degree,Không hoàn toàn trực tuyến,0.0,0.0,4,,38796.0,,
Area Studies.,5,Master's Degree,Không hoàn toàn trực tuyến,0.0,0.0,3,,,54860.0,59825.0
Area Studies.,4,Post-baccalaureate Certificate,Không hoàn toàn trực tuyến,0.0,0.0,7,,,,
Area Studies.,3,Bachelor's Degree,Không hoàn toàn trực tuyến,0.0,11.0,40,30606.5,41919.5,44424.0,46527.0
Communications Technology/Technician.,2,Associate's Degree,Không xác định,0.0,0.0,1,,,,
Plant Sciences.,7,First Professional Degree,Không hoàn toàn trực tuyến,0.0,0.0,1,,,,
Plant Sciences.,6,Doctoral Degree,Không hoàn toàn trực tuyến,0.0,0.0,0,,,,
Criminology.,1,Undergraduate Certificate or Diploma,Không hoàn toàn trực tuyến,0.0,0.0,3,,,,
Criminal Justice and Corrections.,8,Graduate/Professional Certificate,Không hoàn toàn trực tuyến,0.0,0.0,11,,,,
Political Science and Government.,6,Doctoral Degree,Không hoàn toàn trực tuyến,0.0,0.0,0,,,,
Political Science and Government.,5,Master's Degree,Không hoàn toàn trực tuyến,0.0,2.0,9,,,79440.0,98167.0
Political Science and Government.,4,Post-baccalaureate Certificate,Không hoàn toàn trực tuyến,0.0,0.0,3,,,,
Political Science and Government.,3,Bachelor's Degree,Không hoàn toàn trực tuyến,0.0,13.0,24,19000.0,33025.5,53709.0,64459.0
Internal Medicine Residency/Fellowship Programs.,5,Master's Degree,Không hoàn toàn trực tuyến,0.0,0.0,0,,,,
Electrical Engineering Technologies/Technicians.,5,Master's Degree,Không hoàn toàn trực tuyến,0.0,0.0,2,,,,
International Business.,6,Doctoral Degree,Không hoàn toàn trực tuyến,0.0,0.0,1,,,,
International Business.,5,Master's Degree,Không hoàn toàn trực tuyến,0.0,26.0,27,,70782.0,79505.0,92026.0
International Business.,4,Post-baccalaureate Certificate,Không hoàn toàn trực tuyến,0.0,0.0,5,,,93754.0,106122.0
International Business.,3,Bachelor's Degree,Không hoàn toàn trực tuyến,0.0,18.0,53,19687.0,40568.0,56625.0,67908.0
International Business.,2,Associate's Degree,Không hoàn toàn trực tuyến,0.0,0.0,10,,,,
International Business.,1,Undergraduate Certificate or Diploma,Không hoàn toàn trực tuyến,0.0,0.0,14,25407.0,60660.0,70114.0,64400.0
International Agriculture.,8,Graduate/Professional Certificate,Không xác định,0.0,0.0,1,,,,
Biological and Physical Sciences.,5,Master's Degree,Không hoàn toàn trực tuyến,0.0,0.0,6,,,,
International Relations and National Security Studies.,2,Associate's Degree,Không hoàn toàn trực tuyến,0.0,5.0,5,,,,
International Relations and National Security Studies.,1,Undergraduate Certificate or Diploma,Không hoàn toàn trực tuyến,0.0,0.0,7,19500.0,76120.0,86289.0,107488.0
International Business.,8,Graduate/Professional Certificate,Không hoàn toàn trực tuyến,0.0,3.0,5,,,,
International Business.,7,First Professional Degree,Không hoàn toàn trực tuyến,0.0,0.0,2,,,,
Political Science and Government.,2,Associate's Degree,Không hoàn toàn trực tuyến,0.0,0.0,19,,,,
Political Science and Government.,1,Undergraduate Certificate or Diploma,Không hoàn toàn trực tuyến,0.0,0.0,17,19500.0,46232.0,70370.0,78431.0
Plumbing and Related Water Supply Services.,2,Associate's Degree,Không hoàn toàn trực tuyến,0.0,2.0,8,,,,
Wildlife and Wildlands Science and Management.,2,Associate's Degree,Không hoàn toàn trực tuyến,0.0,3.0,4,,,,32387.0
Plumbing and Related Water Supply Services.,1,Undergraduate Certificate or Diploma,Không hoàn toàn trực tuyến,0.0,25.0,17,,,30115.0,34139.0
Polymer/Plastics Engineering.,2,Associate's Degree,Không hoàn toàn trực tuyến,0.0,0.0,1,,,,
Polymer/Plastics Engineering.,1,Undergraduate Certificate or Diploma,Không hoàn toàn trực tuyến,0.0,0.0,1,,,,
Polymer/Plastics Engineering.,1,Undergraduate Certificate or Diploma,Có thể hoàn thành trực tuyến,0.0,0.0,1,,,,
Political Science and Government.,8,Graduate/Professional Certificate,Không hoàn toàn trực tuyến,0.0,0.0,2,,,,
Political Science and Government.,7,First Professional Degree,Không hoàn toàn trực tuyến,0.0,0.0,3,,,,
Work and Family Studies.,7,First Professional Degree,Không hoàn toàn trực tuyến,0.0,0.0,0,,,,
Criminology.,5,Master's Degree,Không hoàn toàn trực tuyến,0.0,1.0,4,,52515.0,,66732.0
Criminology.,3,Bachelor's Degree,Không hoàn toàn trực tuyến,0.0,11.0,14,21669.0,40803.0,46658.0,48392.0
Criminology.,2,Associate's Degree,Một phần có thể hoàn thành trực tuyến,0.0,0.0,1,,,,
Criminology.,2,Associate's Degree,Không hoàn toàn trực tuyến,0.0,0.0,4,,,,
Criminology.,1,Undergraduate Certificate or Diploma,Không xác định,0.0,0.0,1,,,,
Area Studies.,2,Associate's Degree,Không hoàn toàn trực tuyến,0.0,0.0,6,,,,
Area Studies.,1,Undergraduate Certificate or Diploma,Không hoàn toàn trực tuyến,0.0,0.0,15,,,,
Woodworking.,2,Associate's Degree,Không hoàn toàn trực tuyến,0.0,0.0,2,,,,
Architecture.,8,Graduate/Professional Certificate,Không hoàn toàn trực tuyến,0.0,0.0,1,,,,
Architecture.,7,First Professional Degree,Không hoàn toàn trực tuyến,0.0,0.0,6,,62501.0,66401.0,73789.0
Architecture.,6,Doctoral Degree,Không hoàn toàn trực tuyến,0.0,0.0,2,,,66623.5,76990.0
Business Operations Support and Assistant Services.,3,Bachelor's Degree,Một phần có thể hoàn thành trực tuyến,0.0,0.0,1,,,,
Business Operations Support and Assistant Services.,3,Bachelor's Degree,Không hoàn toàn trực tuyến,0.0,4.0,14,16500.0,49962.0,25645.0,29395.0
Business Operations Support and Assistant Services.,2,Associate's Degree,Không hoàn toàn trực tuyến,0.0,20.0,112,,37751.0,28791.0,33562.0
Geography and Cartography.,4,Post-baccalaureate Certificate,Không hoàn toàn trực tuyến,0.0,0.0,19,20830.0,63356.0,,
Geography and Cartography.,3,Bachelor's Degree,Không hoàn toàn trực tuyến,0.0,1.0,11,,,,51466.0
Geography and Cartography.,2,Associate's Degree,Không hoàn toàn trực tuyến,0.0,11.0,13,,41879.0,43327.0,49666.0
Geography and Cartography.,1,Undergraduate Certificate or Diploma,Không hoàn toàn trực tuyến,0.0,6.0,24,21567.5,44270.0,45110.0,55560.0
Geography and Environmental Studies.,2,Associate's Degree,Một phần có thể hoàn thành trực tuyến,0.0,1.0,1,,,,
Geography and Cartography.,8,Graduate/Professional Certificate,Không hoàn toàn trực tuyến,0.0,1.0,6,,,,
Geography and Cartography.,6,Doctoral Degree,Không hoàn toàn trực tuyến,0.0,4.0,2,,,,
Geography and Cartography.,5,Master's Degree,Không hoàn toàn trực tuyến,0.0,6.0,9,,80562.0,,
"Engineering, General.",8,Graduate/Professional Certificate,Không hoàn toàn trực tuyến,0.0,0.0,1,,,,
Architecture.,5,Master's Degree,Không hoàn toàn trực tuyến,0.0,17.0,37,,58776.0,68455.0,76378.0
Architecture.,4,Post-baccalaureate Certificate,Không hoàn toàn trực tuyến,0.0,0.0,2,,,,
"Practical Nursing, Vocational Nursing and Nursing Assistants.",1,Undergraduate Certificate or Diploma,Không hoàn toàn trực tuyến,0.0,1122.0,121,16693.0,43967.0,44856.5,48865.0
Polymer/Plastics Engineering.,8,Graduate/Professional Certificate,Không hoàn toàn trực tuyến,0.0,0.0,1,,,,
Polymer/Plastics Engineering.,8,Graduate/Professional Certificate,Có thể hoàn thành trực tuyến,0.0,1.0,4,,,,
Polymer/Plastics Engineering.,4,Post-baccalaureate Certificate,Không hoàn toàn trực tuyến,0.0,0.0,1,,,,
"Visual and Performing Arts, Other.",2,Associate's Degree,Không hoàn toàn trực tuyến,0.0,0.0,9,,,,17916.0
Precision Metal Working.,2,Associate's Degree,Không hoàn toàn trực tuyến,0.0,2.0,35,,27920.0,38386.0,43460.0
Precision Metal Working.,1,Undergraduate Certificate or Diploma,Không hoàn toàn trực tuyến,0.0,237.0,42,9500.0,31630.0,35652.0,40658.0
"Practical Nursing, Vocational Nursing and Nursing Assistants.",8,Graduate/Professional Certificate,Không hoàn toàn trực tuyến,0.0,0.0,1,,,44667.0,44971.0
"Practical Nursing, Vocational Nursing and Nursing Assistants.",8,Graduate/Professional Certificate,Có thể hoàn thành trực tuyến,0.0,1.0,4,,,,
"Practical Nursing, Vocational Nursing and Nursing Assistants.",7,First Professional Degree,Không hoàn toàn trực tuyến,0.0,0.0,1,,,,
"Practical Nursing, Vocational Nursing and Nursing Assistants.",6,Doctoral Degree,Không hoàn toàn trực tuyến,0.0,0.0,2,,,,
"Practical Nursing, Vocational Nursing and Nursing Assistants.",6,Doctoral Degree,Có thể hoàn thành trực tuyến,0.0,0.0,1,,,,
"Practical Nursing, Vocational Nursing and Nursing Assistants.",5,Master's Degree,Không hoàn toàn trực tuyến,0.0,0.0,3,,,,
"Practical Nursing, Vocational Nursing and Nursing Assistants.",5,Master's Degree,Có thể hoàn thành trực tuyến,0.0,0.0,2,,,,
"Practical Nursing, Vocational Nursing and Nursing Assistants.",4,Post-baccalaureate Certificate,Không hoàn toàn trực tuyến,0.0,0.0,3,,,46084.0,48704.0
"Practical Nursing, Vocational Nursing and Nursing Assistants.",3,Bachelor's Degree,Không xác định,0.0,0.0,1,,,,
"Practical Nursing, Vocational Nursing and Nursing Assistants.",3,Bachelor's Degree,Không hoàn toàn trực tuyến,0.0,0.0,12,,14933.0,103988.0,123473.0
"Practical Nursing, Vocational Nursing and Nursing Assistants.",2,Associate's Degree,Không hoàn toàn trực tuyến,0.0,7.0,109,17675.0,45363.0,47337.5,55989.0
Air Transportation.,1,Undergraduate Certificate or Diploma,Không hoàn toàn trực tuyến,0.0,8.0,13,,,,
"Air Force ROTC, Air Science and Operations.",3,Bachelor's Degree,Không hoàn toàn trực tuyến,0.0,0.0,1,,,,
"Clinical, Counseling and Applied Psychology.",6,Doctoral Degree,Không hoàn toàn trực tuyến,0.0,4.0,53,,74701.0,80060.5,94714.0
"Clinical, Counseling and Applied Psychology.",5,Master's Degree,Không hoàn toàn trực tuyến,0.0,171.0,49,,52174.0,54048.0,57978.5
Precision Systems Maintenance and Repair Technologies.,1,Undergraduate Certificate or Diploma,Không hoàn toàn trực tuyến,0.0,6.0,6,,,,
"Precision Production, Other.",1,Undergraduate Certificate or Diploma,Không hoàn toàn trực tuyến,0.0,0.0,3,,,,
"Precision Production Trades, General.",1,Undergraduate Certificate or Diploma,Không hoàn toàn trực tuyến,0.0,0.0,1,,,,
Precision Metal Working.,4,Post-baccalaureate Certificate,Không hoàn toàn trực tuyến,0.0,0.0,0,,,,
Precision Metal Working.,3,Bachelor's Degree,Không hoàn toàn trực tuyến,0.0,0.0,1,,,,
"Psychology, General.",5,Master's Degree,Không hoàn toàn trực tuyến,0.0,48.0,41,,51076.0,60694.0,65694.0
"Psychology, General.",4,Post-baccalaureate Certificate,Không hoàn toàn trực tuyến,0.0,0.0,10,,,,
"Psychology, General.",3,Bachelor's Degree,Không hoàn toàn trực tuyến,0.0,1230.0,79,24795.5,33293.0,44923.5,52518.0
"Psychology, General.",2,Associate's Degree,Không hoàn toàn trực tuyến,0.0,109.0,55,17999.0,38019.0,29167.5,34037.0
"Psychology, General.",1,Undergraduate Certificate or Diploma,Không hoàn toàn trực tuyến,0.0,0.0,36,18500.0,31401.0,54884.0,55256.0
Psychiatry Residency/Fellowship Programs.,5,Master's Degree,Không hoàn toàn trực tuyến,0.0,0.0,0,,,,
Preventive Medicine Residency/Fellowship Programs.,5,Master's Degree,Không hoàn toàn trực tuyến,0.0,0.0,0,,,,
Precision Systems Maintenance and Repair Technologies.,2,Associate's Degree,Không hoàn toàn trực tuyến,0.0,2.0,3,,,,
Criminal Justice and Corrections.,6,Doctoral Degree,Một phần có thể hoàn thành trực tuyến,0.0,0.0,1,,,,
Criminal Justice and Corrections.,6,Doctoral Degree,Không hoàn toàn trực tuyến,0.0,6.0,6,,,,
Criminal Justice and Corrections.,5,Master's Degree,Không hoàn toàn trực tuyến,0.0,34.0,33,,50412.5,51585.0,58188.0
Criminal Justice and Corrections.,4,Post-baccalaureate Certificate,Không hoàn toàn trực tuyến,0.0,0.0,16,20182.0,87580.5,95752.0,109102.0
Criminal Justice and Corrections.,3,Bachelor's Degree,Không hoàn toàn trực tuyến,0.0,464.0,68,29703.0,41579.5,43128.5,49936.5
Air Transportation.,3,Bachelor's Degree,Không hoàn toàn trực tuyến,0.0,1.0,12,15132.0,46267.0,59597.0,71279.0
Air Transportation.,2,Associate's Degree,Không hoàn toàn trực tuyến,0.0,6.0,18,,,59366.0,
"Psychology, Other.",6,Doctoral Degree,Không hoàn toàn trực tuyến,0.0,0.0,5,,,,
"Psychology, Other.",5,Master's Degree,Không hoàn toàn trực tuyến,0.0,0.0,13,,,47027.0,57283.0
"Psychology, Other.",4,Post-baccalaureate Certificate,Không hoàn toàn trực tuyến,0.0,0.0,3,,,,
"Psychology, Other.",3,Bachelor's Degree,Không hoàn toàn trực tuyến,0.0,7.0,17,,,,
"Psychology, Other.",2,Associate's Degree,Không hoàn toàn trực tuyến,0.0,25.0,5,18949.0,,37119.0,41212.0
Genetics.,4,Post-baccalaureate Certificate,Không hoàn toàn trực tuyến,0.0,0.0,6,,,,
Genetics.,1,Undergraduate Certificate or Diploma,Không hoàn toàn trực tuyến,0.0,0.0,1,,,,
"Engineering, Other.",8,Graduate/Professional Certificate,Không hoàn toàn trực tuyến,0.0,0.0,4,,,,
"Engineering, Other.",6,Doctoral Degree,Một phần có thể hoàn thành trực tuyến,0.0,1.0,1,,,,
"Engineering, Other.",6,Doctoral Degree,Không hoàn toàn trực tuyến,0.0,1.0,3,,,,
"Engineering, Other.",5,Master's Degree,Không hoàn toàn trực tuyến,0.0,15.0,16,,87618.5,108005.5,164241.0
"Engineering, Other.",4,Post-baccalaureate Certificate,Không hoàn toàn trực tuyến,0.0,0.0,5,,,,
"Engineering, General.",3,Bachelor's Degree,Không hoàn toàn trực tuyến,0.0,0.0,43,23250.0,68889.5,82083.0,101291.0
"Engineering, General.",2,Associate's Degree,Không hoàn toàn trực tuyến,0.0,2.0,37,,,,65058.0
"Business, Management, Marketing, and Related Support Services, Other.",1,Undergraduate Certificate or Diploma,Một phần có thể hoàn thành trực tuyến,0.0,16.0,3,,,,
"Business, Management, Marketing, and Related Support Services, Other.",1,Undergraduate Certificate or Diploma,Không hoàn toàn trực tuyến,0.0,0.0,11,,,16760.0,28976.0
Business Operations Support and Assistant Services.,8,Graduate/Professional Certificate,Không hoàn toàn trực tuyến,0.0,0.0,1,,,,
Business Operations Support and Assistant Services.,5,Master's Degree,Không hoàn toàn trực tuyến,0.0,0.0,2,,,77523.0,89051.0
Business Operations Support and Assistant Services.,4,Post-baccalaureate Certificate,Không hoàn toàn trực tuyến,0.0,0.0,1,,,,
"Psychology, Other.",1,Undergraduate Certificate or Diploma,Không hoàn toàn trực tuyến,0.0,0.0,1,,,,
"Psychology, General.",8,Graduate/Professional Certificate,Không hoàn toàn trực tuyến,0.0,1.0,6,,35484.0,,
Alternative and Complementary Medicine and Medical Systems.,2,Associate's Degree,Không hoàn toàn trực tuyến,0.0,0.0,3,,,,
"Psychology, General.",7,First Professional Degree,Không xác định,0.0,1.0,1,,,,
"Psychology, General.",7,First Professional Degree,Không hoàn toàn trực tuyến,0.0,0.0,3,,,,
"Psychology, General.",6,Doctoral Degree,Không hoàn toàn trực tuyến,0.0,29.0,33,,83722.0,88212.0,91051.0
Agriculture/Veterinary Preparatory Programs.,2,Associate's Degree,Không hoàn toàn trực tuyến,0.0,0.0,13,27187.0,35947.0,36578.0,39726.0
Criminal Justice and Corrections.,2,Associate's Degree,Không hoàn toàn trực tuyến,0.0,156.0,79,22119.0,27638.0,33402.0,37160.0
Criminal Justice and Corrections.,1,Undergraduate Certificate or Diploma,Không hoàn toàn trực tuyến,0.0,120.0,71,8265.0,30217.0,34212.0,38596.0
Creative Writing.,3,Bachelor's Degree,Không hoàn toàn trực tuyến,0.0,0.0,1,,,,
"Crafts/Craft Design, Folk Art and Artisanry.",8,Graduate/Professional Certificate,Không hoàn toàn trực tuyến,0.0,0.0,1,,,,
"Crafts/Craft Design, Folk Art and Artisanry.",8,Graduate/Professional Certificate,Có thể hoàn thành trực tuyến,0.0,0.0,1,,,,
"Public Administration and Social Service Professions, Other.",2,Associate's Degree,Một phần có thể hoàn thành trực tuyến,0.0,0.0,1,,,,
"Public Administration and Social Service Professions, Other.",2,Associate's Degree,Không hoàn toàn trực tuyến,0.0,0.0,7,6333.0,,32143.0,36010.0
"Public Administration and Social Service Professions, Other.",1,Undergraduate Certificate or Diploma,Không hoàn toàn trực tuyến,0.0,0.0,7,,,,
"Psychology, Other.",8,Graduate/Professional Certificate,Một phần có thể hoàn thành trực tuyến,0.0,0.0,1,,,,
"Psychology, Other.",8,Graduate/Professional Certificate,Không hoàn toàn trực tuyến,0.0,5.0,7,,,,
Zoology/Animal Biology.,5,Master's Degree,Không hoàn toàn trực tuyến,0.0,0.0,5,,,,
"Public Administration and Social Service Professions, Other.",8,Graduate/Professional Certificate,Không hoàn toàn trực tuyến,0.0,0.0,2,,,,
Zoology/Animal Biology.,3,Bachelor's Degree,Không hoàn toàn trực tuyến,0.0,0.0,9,11000.0,41565.0,46358.0,59685.0
"Public Administration and Social Service Professions, Other.",6,Doctoral Degree,Không hoàn toàn trực tuyến,0.0,9.0,2,,,,
"Public Administration and Social Service Professions, Other.",5,Master's Degree,Không hoàn toàn trực tuyến,0.0,19.0,12,,69255.5,68705.0,80301.0
"Public Administration and Social Service Professions, Other.",4,Post-baccalaureate Certificate,Không hoàn toàn trực tuyến,0.0,0.0,4,,,,
"Public Administration and Social Service Professions, Other.",3,Bachelor's Degree,Không hoàn toàn trực tuyến,0.0,90.0,19,25112.5,44675.5,58508.0,64860.0
"Clinical, Counseling and Applied Psychology.",4,Post-baccalaureate Certificate,Không hoàn toàn trực tuyến,0.0,0.0,32,19000.0,61980.0,58323.0,74953.5
"Clinical, Counseling and Applied Psychology.",3,Bachelor's Degree,Không hoàn toàn trực tuyến,0.0,37.0,56,22430.0,31324.5,40632.0,48958.0
"Clinical, Counseling and Applied Psychology.",2,Associate's Degree,Không hoàn toàn trực tuyến,0.0,0.0,7,,,,38221.0
Agriculture/Veterinary Preparatory Programs.,3,Bachelor's Degree,Không hoàn toàn trực tuyến,0.0,25.0,14,27000.0,40704.0,38870.0,49375.5
Public Administration.,1,Undergraduate Certificate or Diploma,Không hoàn toàn trực tuyến,0.0,59.0,9,20125.0,36102.0,,
Architecture.,3,Bachelor's Degree,Không xác định,0.0,0.0,1,,,,
Architecture.,3,Bachelor's Degree,Không hoàn toàn trực tuyến,0.0,75.0,28,27000.0,46812.5,61300.0,70717.5
Communications Technology/Technician.,2,Associate's Degree,Không hoàn toàn trực tuyến,0.0,0.0,0,,,,
Architecture.,2,Associate's Degree,Không hoàn toàn trực tuyến,0.0,0.0,3,,,,
Architecture.,1,Undergraduate Certificate or Diploma,Không hoàn toàn trực tuyến,0.0,0.0,2,,,,
"General Sales, Merchandising and Related Marketing Operations.",8,Graduate/Professional Certificate,Không hoàn toàn trực tuyến,0.0,0.0,2,,,,
Communications Technology/Technician.,1,Undergraduate Certificate or Diploma,Không hoàn toàn trực tuyến,0.0,3.0,6,,,,
"General Sales, Merchandising and Related Marketing Operations.",5,Master's Degree,Không hoàn toàn trực tuyến,0.0,0.0,2,,108258.0,,
"General Sales, Merchandising and Related Marketing Operations.",3,Bachelor's Degree,Không hoàn toàn trực tuyến,0.0,7.0,17,19125.0,53448.5,50634.0,55288.0
"General Sales, Merchandising and Related Marketing Operations.",2,Associate's Degree,Không hoàn toàn trực tuyến,0.0,0.0,29,27833.0,25876.0,28719.0,28658.0
"General Sales, Merchandising and Related Marketing Operations.",1,Undergraduate Certificate or Diploma,Không hoàn toàn trực tuyến,0.0,0.0,31,,15849.0,15181.0,25447.0
Woodworking.,1,Undergraduate Certificate or Diploma,Không hoàn toàn trực tuyến,0.0,0.0,8,,,,
Wildlife and Wildlands Science and Management.,8,Graduate/Professional Certificate,Không hoàn toàn trực tuyến,0.0,0.0,0,,,,
Genetics.,7,First Professional Degree,Không hoàn toàn trực tuyến,0.0,0.0,1,,,,
Genetics.,6,Doctoral Degree,Không hoàn toàn trực tuyến,0.0,2.0,1,,,,
Genetics.,5,Master's Degree,Không xác định,0.0,0.0,2,,,,
Genetics.,5,Master's Degree,Không hoàn toàn trực tuyến,0.0,16.0,7,,84945.0,87243.0,95202.0
Architecture.,1,Undergraduate Certificate or Diploma,Có thể hoàn thành trực tuyến,0.0,0.0,1,,,,
"Architecture and Related Services, Other.",7,First Professional Degree,Không hoàn toàn trực tuyến,0.0,0.0,1,,,73664.0,89689.0
"Architecture and Related Services, Other.",6,Doctoral Degree,Có thể hoàn thành trực tuyến,0.0,0.0,1,,,,
"Architecture and Related Services, Other.",5,Master's Degree,Không hoàn toàn trực tuyến,0.0,0.0,4,,,,74696.0
"Architecture and Related Services, Other.",4,Post-baccalaureate Certificate,Không hoàn toàn trực tuyến,0.0,0.0,1,,,,
"Crafts/Craft Design, Folk Art and Artisanry.",1,Undergraduate Certificate or Diploma,Không hoàn toàn trực tuyến,0.0,0.0,3,,,,
Counseling Psychology.,6,Doctoral Degree,Không hoàn toàn trực tuyến,0.0,0.0,0,,,,
Counseling Psychology.,5,Master's Degree,Không hoàn toàn trực tuyến,0.0,0.0,1,,,,
Counseling Psychology.,3,Bachelor's Degree,Không hoàn toàn trực tuyến,0.0,0.0,1,,,,
Cosmetology and Related Personal Grooming Services.,8,Graduate/Professional Certificate,Không hoàn toàn trực tuyến,0.0,0.0,10,,16536.0,17802.0,18065.0
Public Administration.,7,First Professional Degree,Không hoàn toàn trực tuyến,0.0,0.0,3,,59098.0,65169.0,82619.0
Public Administration.,6,Doctoral Degree,Không hoàn toàn trực tuyến,0.0,0.0,2,,,,
Public Administration.,5,Master's Degree,Không hoàn toàn trực tuyến,0.0,1.0,14,,58351.0,63529.0,62241.0
Public Administration.,4,Post-baccalaureate Certificate,Không hoàn toàn trực tuyến,0.0,0.0,19,,56236.0,80057.0,89626.0
Public Administration.,3,Bachelor's Degree,Không hoàn toàn trực tuyến,0.0,0.0,28,13300.0,36969.0,47221.0,52491.0
Public Administration.,2,Associate's Degree,Không hoàn toàn trực tuyến,0.0,27.0,9,,,,
Agricultural Business and Management.,6,Doctoral Degree,Không hoàn toàn trực tuyến,0.0,0.0,3,,,,
Agricultural Business and Management.,5,Master's Degree,Không hoàn toàn trực tuyến,0.0,7.0,7,,,94420.0,110371.0
Agricultural Business and Management.,4,Post-baccalaureate Certificate,Không hoàn toàn trực tuyến,0.0,0.0,1,,,,
Agricultural Business and Management.,3,Bachelor's Degree,Không hoàn toàn trực tuyến,0.0,1.0,9,20380.0,31868.0,53416.5,84878.0
Agricultural Business and Management.,2,Associate's Degree,Không hoàn toàn trực tuyến,0.0,2.0,21,12000.0,34747.0,39447.0,44102.0
Public Administration.,8,Graduate/Professional Certificate,Không hoàn toàn trực tuyến,0.0,0.0,8,,,,
"Crafts/Craft Design, Folk Art and Artisanry.",6,Doctoral Degree,Không hoàn toàn trực tuyến,0.0,0.0,0,,,,
Funeral Service and Mortuary Science.,5,Master's Degree,Không hoàn toàn trực tuyến,0.0,0.0,0,,,,
Funeral Service and Mortuary Science.,3,Bachelor's Degree,Không hoàn toàn trực tuyến,0.0,0.0,3,,,42360.0,46315.0
Environmental Control Technologies/Technicians.,2,Associate's Degree,Không hoàn toàn trực tuyến,0.0,29.0,45,32500.0,43791.5,46985.5,56051.0
Environmental Geosciences.,2,Associate's Degree,Có thể hoàn thành trực tuyến,0.0,0.0,1,,,,
Engineering-Related Fields.,6,Doctoral Degree,Không hoàn toàn trực tuyến,0.0,1.0,3,,,,
Engineering-Related Fields.,5,Master's Degree,Không hoàn toàn trực tuyến,0.0,0.0,7,,,,
Engineering-Related Fields.,4,Post-baccalaureate Certificate,Không hoàn toàn trực tuyến,0.0,0.0,2,,,,
Engineering-Related Fields.,3,Bachelor's Degree,Không hoàn toàn trực tuyến,0.0,0.0,4,,,,
"Engineering, Other.",3,Bachelor's Degree,Không hoàn toàn trực tuyến,0.0,96.0,14,26500.0,77421.0,92472.0,97253.5
"Engineering, Other.",2,Associate's Degree,Không hoàn toàn trực tuyến,0.0,0.0,6,,,,
"Engineering, Other.",1,Undergraduate Certificate or Diploma,Không hoàn toàn trực tuyến,0.0,0.0,4,,,,
"General Sales, Merchandising and Related Marketing Operations.",8,Graduate/Professional Certificate,Một phần có thể hoàn thành trực tuyến,0.0,0.0,1,,,,
"Crafts/Craft Design, Folk Art and Artisanry.",5,Master's Degree,Không hoàn toàn trực tuyến,0.0,0.0,0,,,,
"Crafts/Craft Design, Folk Art and Artisanry.",4,Post-baccalaureate Certificate,Không hoàn toàn trực tuyến,0.0,0.0,0,,,,
"Crafts/Craft Design, Folk Art and Artisanry.",3,Bachelor's Degree,Không xác định,0.0,0.0,1,,,,
"Crafts/Craft Design, Folk Art and Artisanry.",3,Bachelor's Degree,Không hoàn toàn trực tuyến,0.0,0.0,3,27000.0,14642.0,,
"Crafts/Craft Design, Folk Art and Artisanry.",2,Associate's Degree,Không hoàn toàn trực tuyến,0.0,0.0,1,,,,
Public Health.,3,Bachelor's Degree,Không hoàn toàn trực tuyến,0.0,209.0,31,45418.0,32530.0,47195.0,59368.0
"Architecture and Related Services, Other.",3,Bachelor's Degree,Không hoàn toàn trực tuyến,0.0,0.0,6,22064.0,44302.0,49764.0,51953.0
"Architecture and Related Services, Other.",2,Associate's Degree,Không hoàn toàn trực tuyến,0.0,14.0,4,,,,
Architectural Sciences and Technology.,7,First Professional Degree,Không hoàn toàn trực tuyến,0.0,0.0,5,,60038.5,,
Architectural Sciences and Technology.,6,Doctoral Degree,Không hoàn toàn trực tuyến,0.0,0.0,1,,,,
Architectural Sciences and Technology.,5,Master's Degree,Không hoàn toàn trực tuyến,0.0,0.0,2,,,66167.0,79368.0
Public Health.,2,Associate's Degree,Không hoàn toàn trực tuyến,0.0,0.0,21,7125.0,30198.5,35119.0,46631.0
Public Health.,1,Undergraduate Certificate or Diploma,Không hoàn toàn trực tuyến,0.0,0.0,17,20582.0,35015.5,31574.0,32252.0
Environmental Design.,8,Graduate/Professional Certificate,Không hoàn toàn trực tuyến,0.0,0.0,1,,,,
Cosmetology and Related Personal Grooming Services.,2,Associate's Degree,Không hoàn toàn trực tuyến,0.0,3.0,82,7561.0,12707.0,18227.0,20604.0
Cosmetology and Related Personal Grooming Services.,1,Undergraduate Certificate or Diploma,Không hoàn toàn trực tuyến,0.0,2597.0,123,11094.0,15920.0,18457.0,20535.0
"Construction Trades, Other.",5,Master's Degree,Không hoàn toàn trực tuyến,0.0,0.0,0,,,,
"Construction Trades, Other.",3,Bachelor's Degree,Không hoàn toàn trực tuyến,0.0,0.0,1,,,,
"Construction Trades, Other.",2,Associate's Degree,Không hoàn toàn trực tuyến,0.0,2.0,12,12000.0,35515.0,41795.0,45638.0
"Construction Trades, Other.",1,Undergraduate Certificate or Diploma,Không hoàn toàn trực tuyến,0.0,10.0,15,,,38157.0,42888.0
Public Policy Analysis.,2,Associate's Degree,Có thể hoàn thành trực tuyến,0.0,4.0,1,,,,
Public Policy Analysis.,1,Undergraduate Certificate or Diploma,Không hoàn toàn trực tuyến,0.0,0.0,3,,,,
Public Health.,8,Graduate/Professional Certificate,Không hoàn toàn trực tuyến,0.0,1.0,17,,51365.0,,
Environmental Design.,7,First Professional Degree,Không xác định,0.0,0.0,1,,,,
Public Health.,7,First Professional Degree,Không hoàn toàn trực tuyến,0.0,0.0,12,,70088.0,67815.0,83289.0
Public Health.,6,Doctoral Degree,Không hoàn toàn trực tuyến,0.0,1.0,6,,,,
Public Health.,5,Master's Degree,Không hoàn toàn trực tuyến,0.0,102.0,20,,60316.0,58678.0,84377.5
Public Health.,4,Post-baccalaureate Certificate,Không hoàn toàn trực tuyến,0.0,0.0,28,20715.5,63059.0,70041.0,75414.0
"Public Relations, Advertising, and Applied Communication.",1,Undergraduate Certificate or Diploma,Không hoàn toàn trực tuyến,0.0,0.0,13,,,,45381.0
Public Policy Analysis.,8,Graduate/Professional Certificate,Không hoàn toàn trực tuyến,0.0,0.0,1,,,,
Public Policy Analysis.,7,First Professional Degree,Không hoàn toàn trực tuyến,0.0,0.0,2,,88105.0,80611.0,99408.0
Public Policy Analysis.,7,First Professional Degree,Có thể hoàn thành trực tuyến,0.0,0.0,1,,,,
Public Policy Analysis.,6,Doctoral Degree,Không hoàn toàn trực tuyến,0.0,0.0,3,,,,
Public Policy Analysis.,5,Master's Degree,Không hoàn toàn trực tuyến,0.0,0.0,3,,,70934.0,76453.0
Public Policy Analysis.,4,Post-baccalaureate Certificate,Không hoàn toàn trực tuyến,0.0,0.0,5,,,,
Public Policy Analysis.,3,Bachelor's Degree,Không hoàn toàn trực tuyến,0.0,1.0,7,,,,
Public Policy Analysis.,2,Associate's Degree,Không hoàn toàn trực tuyến,0.0,1.0,1,,,,
Cosmetology and Related Personal Grooming Services.,7,First Professional Degree,Không hoàn toàn trực tuyến,0.0,0.0,6,,16781.0,,
Cosmetology and Related Personal Grooming Services.,6,Doctoral Degree,Không hoàn toàn trực tuyến,0.0,0.0,2,,,,
Cosmetology and Related Personal Grooming Services.,5,Master's Degree,Không hoàn toàn trực tuyến,0.0,0.0,6,,21370.0,,
Cosmetology and Related Personal Grooming Services.,4,Post-baccalaureate Certificate,Không hoàn toàn trực tuyến,0.0,0.0,4,,,,
Cosmetology and Related Personal Grooming Services.,3,Bachelor's Degree,Không hoàn toàn trực tuyến,0.0,0.0,8,,,16072.0,17368.0
Construction Management.,8,Graduate/Professional Certificate,Không hoàn toàn trực tuyến,0.0,0.0,1,,,,
Construction Management.,7,First Professional Degree,Không hoàn toàn trực tuyến,0.0,0.0,1,,,,
Environmental Design.,7,First Professional Degree,Không hoàn toàn trực tuyến,0.0,0.0,0,,,,
Construction Management.,5,Master's Degree,Không hoàn toàn trực tuyến,0.0,0.0,8,,,,
"Public Relations, Advertising, and Applied Communication.",8,Graduate/Professional Certificate,Không hoàn toàn trực tuyến,0.0,1.0,4,,,,
"Public Relations, Advertising, and Applied Communication.",6,Doctoral Degree,Không hoàn toàn trực tuyến,0.0,0.0,0,,,,
Accounting and Related Services.,1,Undergraduate Certificate or Diploma,Không hoàn toàn trực tuyến,0.0,53.0,90,8338.5,20422.0,28975.5,30326.0
Forestry.,6,Doctoral Degree,Một phần có thể hoàn thành trực tuyến,0.0,0.0,1,,,,
Forestry.,6,Doctoral Degree,Không hoàn toàn trực tuyến,0.0,0.0,1,,,,
Forestry.,5,Master's Degree,Không hoàn toàn trực tuyến,0.0,0.0,3,,,,
Forestry.,4,Post-baccalaureate Certificate,Không hoàn toàn trực tuyến,0.0,0.0,1,,,,
"Business, Management, Marketing, and Related Support Services, Other.",7,First Professional Degree,Không hoàn toàn trực tuyến,0.0,0.0,1,,,,
"Business, Management, Marketing, and Related Support Services, Other.",6,Doctoral Degree,Không hoàn toàn trực tuyến,0.0,0.0,2,,77242.0,,
"Business, Management, Marketing, and Related Support Services, Other.",5,Master's Degree,Không hoàn toàn trực tuyến,0.0,0.0,21,,70560.5,98502.0,112684.0
"Business, Management, Marketing, and Related Support Services, Other.",4,Post-baccalaureate Certificate,Không hoàn toàn trực tuyến,0.0,0.0,3,,,,
"Business, Management, Marketing, and Related Support Services, Other.",3,Bachelor's Degree,Không hoàn toàn trực tuyến,0.0,482.0,41,28098.0,46672.0,51446.5,58406.5
"Business, Management, Marketing, and Related Support Services, Other.",2,Associate's Degree,Không hoàn toàn trực tuyến,0.0,7.0,20,10440.0,34734.0,34220.5,36398.0
"Public Relations, Advertising, and Applied Communication.",5,Master's Degree,Không hoàn toàn trực tuyến,0.0,0.0,10,,,67687.0,86405.0
"Public Relations, Advertising, and Applied Communication.",4,Post-baccalaureate Certificate,Không hoàn toàn trực tuyến,0.0,0.0,4,,,,
"Public Relations, Advertising, and Applied Communication.",3,Bachelor's Degree,Không hoàn toàn trực tuyến,0.0,27.0,48,21069.5,41703.0,60075.0,62589.5
"Public Relations, Advertising, and Applied Communication.",2,Associate's Degree,Không hoàn toàn trực tuyến,0.0,0.0,13,,,24786.0,27418.5
Architectural Sciences and Technology.,1,Undergraduate Certificate or Diploma,Không hoàn toàn trực tuyến,0.0,0.0,3,,,,
Architectural History and Criticism.,6,Doctoral Degree,Không hoàn toàn trực tuyến,0.0,0.0,1,,,,
"Visual and Performing Arts, General.",4,Post-baccalaureate Certificate,Không hoàn toàn trực tuyến,0.0,0.0,1,,,,
Architectural History and Criticism.,5,Master's Degree,Không hoàn toàn trực tuyến,0.0,0.0,2,,,,
Architectural History and Criticism.,4,Post-baccalaureate Certificate,Không hoàn toàn trực tuyến,0.0,0.0,1,,,,
Architectural History and Criticism.,3,Bachelor's Degree,Không hoàn toàn trực tuyến,0.0,0.0,0,,,,
Publishing.,3,Bachelor's Degree,Không hoàn toàn trực tuyến,0.0,0.0,0,,,,
"Construction Trades, General.",3,Bachelor's Degree,Không hoàn toàn trực tuyến,0.0,0.0,2,,,,
"Construction Trades, General.",2,Associate's Degree,Không hoàn toàn trực tuyến,0.0,4.0,16,,,72630.0,76045.0
"Construction Trades, General.",1,Undergraduate Certificate or Diploma,Không hoàn toàn trực tuyến,0.0,3.0,13,10392.0,,31767.0,37660.0
Construction Management.,4,Post-baccalaureate Certificate,Không hoàn toàn trực tuyến,0.0,0.0,3,24500.0,82941.0,,
Construction Management.,3,Bachelor's Degree,Không hoàn toàn trực tuyến,0.0,8.0,8,21992.0,82591.0,78926.0,88857.0
Construction Management.,2,Associate's Degree,Không hoàn toàn trực tuyến,0.0,1.0,13,,,47102.0,36966.0
Quality Control and Safety Technologies/Technicians.,4,Post-baccalaureate Certificate,Không hoàn toàn trực tuyến,0.0,0.0,3,,,74085.0,77603.0
Quality Control and Safety Technologies/Technicians.,3,Bachelor's Degree,Không hoàn toàn trực tuyến,0.0,0.0,8,,,,
Quality Control and Safety Technologies/Technicians.,2,Associate's Degree,Không hoàn toàn trực tuyến,0.0,3.0,10,,,,
Quality Control and Safety Technologies/Technicians.,1,Undergraduate Certificate or Diploma,Không hoàn toàn trực tuyến,0.0,4.0,19,,,,
"Visual and Performing Arts, General.",3,Bachelor's Degree,Không hoàn toàn trực tuyến,0.0,16.0,52,27000.0,24699.0,33744.0,39441.0
Publishing.,8,Graduate/Professional Certificate,Không hoàn toàn trực tuyến,0.0,0.0,1,,,,
Publishing.,6,Doctoral Degree,Không hoàn toàn trực tuyến,0.0,0.0,0,,,,
Publishing.,5,Master's Degree,Không hoàn toàn trực tuyến,0.0,0.0,1,,,,
Architectural Sciences and Technology.,3,Bachelor's Degree,Không hoàn toàn trực tuyến,0.0,0.0,6,22500.0,25089.0,64842.0,71494.0
Architectural Sciences and Technology.,2,Associate's Degree,Không hoàn toàn trực tuyến,0.0,0.0,9,,,,
"Radio, Television, and Digital Communication.",6,Doctoral Degree,Không hoàn toàn trực tuyến,0.0,0.0,2,,,,
"Radio, Television, and Digital Communication.",5,Master's Degree,Không hoàn toàn trực tuyến,0.0,0.0,8,,,,
"Radio, Television, and Digital Communication.",4,Post-baccalaureate Certificate,Không hoàn toàn trực tuyến,0.0,0.0,8,,,,
"Radio, Television, and Digital Communication.",3,Bachelor's Degree,Không hoàn toàn trực tuyến,0.0,30.0,45,22057.5,36213.0,38713.5,43726.0
"Radio, Television, and Digital Communication.",2,Associate's Degree,Không hoàn toàn trực tuyến,0.0,7.0,34,11293.0,22436.0,33574.0,36446.0
"Radio, Television, and Digital Communication.",1,Undergraduate Certificate or Diploma,Không hoàn toàn trực tuyến,0.0,207.0,27,12667.0,21304.0,28559.0,31925.0
Quality Control and Safety Technologies/Technicians.,8,Graduate/Professional Certificate,Không hoàn toàn trực tuyến,0.0,11.0,3,,,,
Forest Engineering.,5,Master's Degree,Không hoàn toàn trực tuyến,0.0,0.0,1,,,,
Forest Engineering.,5,Master's Degree,Có thể hoàn thành trực tuyến,0.0,0.0,1,,,,
Forest Engineering.,2,Associate's Degree,Có thể hoàn thành trực tuyến,0.0,0.0,1,,,,
"Visual and Performing Arts, General.",2,Associate's Degree,Không hoàn toàn trực tuyến,0.0,0.0,18,,,,22109.0
Biological and Physical Sciences.,1,Undergraduate Certificate or Diploma,Một phần có thể hoàn thành trực tuyến,0.0,0.0,1,,,,
Biological and Physical Sciences.,1,Undergraduate Certificate or Diploma,Không hoàn toàn trực tuyến,0.0,0.0,4,,,,
International Agriculture.,8,Graduate/Professional Certificate,Không hoàn toàn trực tuyến,0.0,2.0,1,,,,
Agricultural Public Services.,1,Undergraduate Certificate or Diploma,Không hoàn toàn trực tuyến,0.0,0.0,1,,,,
Industrial Engineering.,4,Post-baccalaureate Certificate,Không hoàn toàn trực tuyến,0.0,0.0,3,,,,
Industrial Production Technologies/Technicians.,3,Bachelor's Degree,Không hoàn toàn trực tuyến,0.0,10.0,15,24181.5,58107.0,75524.0,84240.5
Industrial Production Technologies/Technicians.,2,Associate's Degree,Không hoàn toàn trực tuyến,0.0,3.0,41,,60323.0,51034.0,52835.0
Industrial Production Technologies/Technicians.,1,Undergraduate Certificate or Diploma,Không hoàn toàn trực tuyến,0.0,254.0,37,9500.0,33365.0,,51510.0
Industrial Engineering.,5,Master's Degree,Không hoàn toàn trực tuyến,0.0,44.0,4,,88713.0,71553.0,81990.0
Agricultural Public Services.,5,Master's Degree,Không hoàn toàn trực tuyến,0.0,0.0,2,,57323.0,,
International Agriculture.,6,Doctoral Degree,Không hoàn toàn trực tuyến,0.0,0.0,1,,,,
International Agriculture.,5,Master's Degree,Không hoàn toàn trực tuyến,0.0,0.0,1,,,,
International Agriculture.,4,Post-baccalaureate Certificate,Không hoàn toàn trực tuyến,0.0,0.0,1,,,,
International Agriculture.,3,Bachelor's Degree,Không hoàn toàn trực tuyến,0.0,1.0,1,,,,
"Foreign Languages, Literatures, and Linguistics, Other.",8,Graduate/Professional Certificate,Không hoàn toàn trực tuyến,0.0,0.0,1,,,,
"Foreign Languages, Literatures, and Linguistics, Other.",6,Doctoral Degree,Không hoàn toàn trực tuyến,0.0,0.0,1,,,,
Engineering-Related Fields.,2,Associate's Degree,Không hoàn toàn trực tuyến,0.0,16.0,7,,,,
Engineering-Related Fields.,1,Undergraduate Certificate or Diploma,Không hoàn toàn trực tuyến,0.0,0.0,8,,,,
Funeral Service and Mortuary Science.,2,Associate's Degree,Không hoàn toàn trực tuyến,0.0,1.0,6,,,46794.0,55746.5
Funeral Service and Mortuary Science.,1,Undergraduate Certificate or Diploma,Không hoàn toàn trực tuyến,0.0,0.0,6,,,18446.0,17080.0
Quality Control and Safety Technologies/Technicians.,5,Master's Degree,Không hoàn toàn trực tuyến,0.0,0.0,3,,,,
Clinical/Medical Laboratory Science/Research and Allied Professions.,3,Bachelor's Degree,Không hoàn toàn trực tuyến,0.0,21.0,19,41375.0,70603.5,66071.0,73532.5
Clinical/Medical Laboratory Science/Research and Allied Professions.,2,Associate's Degree,Không hoàn toàn trực tuyến,0.0,32.0,45,29028.0,46592.0,34444.0,34771.0
Clinical/Medical Laboratory Science/Research and Allied Professions.,1,Undergraduate Certificate or Diploma,Không hoàn toàn trực tuyến,0.0,203.0,97,11429.5,27254.5,28724.0,32708.0
"Clinical, Counseling and Applied Psychology.",8,Graduate/Professional Certificate,Không hoàn toàn trực tuyến,0.0,33.0,20,,,69103.0,86253.0
"Clinical, Counseling and Applied Psychology.",7,First Professional Degree,Không hoàn toàn trực tuyến,0.0,27.0,19,,56972.0,42566.5,46101.5
Construction Engineering.,6,Doctoral Degree,Có thể hoàn thành trực tuyến,0.0,0.0,4,,,,
Construction Engineering.,4,Post-baccalaureate Certificate,Không hoàn toàn trực tuyến,0.0,0.0,3,,,,
Construction Engineering.,3,Bachelor's Degree,Không hoàn toàn trực tuyến,0.0,0.0,3,15000.0,90836.0,102535.0,127606.0
Construction Engineering.,1,Undergraduate Certificate or Diploma,Có thể hoàn thành trực tuyến,0.0,0.0,1,,,,
Real Estate Development.,5,Master's Degree,Không hoàn toàn trực tuyến,0.0,6.0,1,,,,
Radiology Residency/Fellowship Programs.,5,Master's Degree,Không hoàn toàn trực tuyến,0.0,0.0,1,,,,
Radiology Residency/Fellowship Programs.,2,Associate's Degree,Không hoàn toàn trực tuyến,0.0,0.0,1,,,,
Radiology Residency/Fellowship Programs.,1,Undergraduate Certificate or Diploma,Không hoàn toàn trực tuyến,0.0,0.0,4,,,47216.0,48758.0
"Radio, Television, and Digital Communication.",8,Graduate/Professional Certificate,Không hoàn toàn trực tuyến,0.0,0.0,4,,,,
Architectural Engineering.,5,Master's Degree,Không hoàn toàn trực tuyến,0.0,0.0,1,,,,
Architectural Engineering.,4,Post-baccalaureate Certificate,Không hoàn toàn trực tuyến,0.0,0.0,2,,,,
Architectural Engineering.,3,Bachelor's Degree,Không hoàn toàn trực tuyến,0.0,0.0,1,19630.0,,,
Architectural Engineering.,2,Associate's Degree,Có thể hoàn thành trực tuyến,0.0,0.0,1,,,,
Architectural Engineering.,1,Undergraduate Certificate or Diploma,Không hoàn toàn trực tuyến,0.0,0.0,1,,,,
Architectural Engineering Technologies/Technicians.,7,First Professional Degree,Không hoàn toàn trực tuyến,0.0,0.0,1,,,,
Real Estate.,1,Undergraduate Certificate or Diploma,Không hoàn toàn trực tuyến,0.0,0.0,16,,,,
Construction Management.,1,Undergraduate Certificate or Diploma,Không hoàn toàn trực tuyến,0.0,0.0,7,,,,
Construction Engineering.,8,Graduate/Professional Certificate,Không xác định,0.0,0.0,1,,,,
Construction Engineering.,8,Graduate/Professional Certificate,Không hoàn toàn trực tuyến,0.0,1.0,1,,,,
Construction Engineering.,6,Doctoral Degree,Không hoàn toàn trực tuyến,0.0,0.0,0,,,,
"Registered Nursing, Nursing Administration, Nursing Research and Clinical Nursing.",3,Bachelor's Degree,Không hoàn toàn trực tuyến,0.0,246.0,52,27235.0,72306.0,70301.0,82394.0
"Registered Nursing, Nursing Administration, Nursing Research and Clinical Nursing.",2,Associate's Degree,Không hoàn toàn trực tuyến,0.0,298.0,99,34494.0,66435.0,63122.5,71574.5
"Registered Nursing, Nursing Administration, Nursing Research and Clinical Nursing.",1,Undergraduate Certificate or Diploma,Không hoàn toàn trực tuyến,0.0,12.0,112,21546.0,71205.5,63668.0,73940.0
"Visual and Performing Arts, General.",1,Undergraduate Certificate or Diploma,Không hoàn toàn trực tuyến,0.0,0.0,20,,,,
Real Estate.,8,Graduate/Professional Certificate,Không hoàn toàn trực tuyến,0.0,0.0,4,,,,
Real Estate.,7,First Professional Degree,Không hoàn toàn trực tuyến,0.0,0.0,1,,,,
Real Estate.,6,Doctoral Degree,Có thể hoàn thành trực tuyến,0.0,0.0,1,,,,
"Foods, Nutrition, and Related Services.",8,Graduate/Professional Certificate,Không hoàn toàn trực tuyến,0.0,21.0,5,,,,
"Foods, Nutrition, and Related Services.",6,Doctoral Degree,Không hoàn toàn trực tuyến,0.0,0.0,6,,,,
"Foods, Nutrition, and Related Services.",5,Master's Degree,Không hoàn toàn trực tuyến,0.0,28.0,11,,49648.0,58437.0,65536.0
"Foods, Nutrition, and Related Services.",4,Post-baccalaureate Certificate,Không hoàn toàn trực tuyến,0.0,0.0,5,,56839.0,,
"Foods, Nutrition, and Related Services.",3,Bachelor's Degree,Không hoàn toàn trực tuyến,0.0,217.0,28,25963.0,32586.0,48734.5,60894.0
Forestry.,3,Bachelor's Degree,Không hoàn toàn trực tuyến,0.0,0.0,2,,,,
Forestry.,2,Associate's Degree,Không hoàn toàn trực tuyến,0.0,1.0,9,,,,50795.0
Accounting and Related Services.,6,Doctoral Degree,Không hoàn toàn trực tuyến,0.0,0.0,0,,,,
Forestry.,1,Undergraduate Certificate or Diploma,Không hoàn toàn trực tuyến,0.0,1.0,4,,,,
Forest Engineering.,6,Doctoral Degree,Không hoàn toàn trực tuyến,0.0,0.0,1,,,,
Forest Engineering.,6,Doctoral Degree,Có thể hoàn thành trực tuyến,0.0,0.0,1,,,,
Real Estate.,5,Master's Degree,Không hoàn toàn trực tuyến,0.0,0.0,0,,,,
Real Estate.,4,Post-baccalaureate Certificate,Không hoàn toàn trực tuyến,0.0,0.0,3,,,,
Real Estate.,3,Bachelor's Degree,Không hoàn toàn trực tuyến,0.0,1.0,13,18875.0,35879.0,,58731.0
Real Estate.,2,Associate's Degree,Không hoàn toàn trực tuyến,0.0,1.0,8,,,,
Architectural History and Criticism.,1,Undergraduate Certificate or Diploma,Không hoàn toàn trực tuyến,0.0,1.0,1,,,,
Architectural Engineering.,8,Graduate/Professional Certificate,Không xác định,0.0,1.0,2,,,,
Architectural Engineering.,6,Doctoral Degree,Không hoàn toàn trực tuyến,0.0,0.0,2,,,,
Construction Engineering Technologies.,4,Post-baccalaureate Certificate,Không hoàn toàn trực tuyến,0.0,0.0,1,,,,
Construction Engineering Technologies.,3,Bachelor's Degree,Không hoàn toàn trực tuyến,0.0,0.0,6,26000.0,72574.0,75330.5,82854.0
Construction Engineering Technologies.,2,Associate's Degree,Không hoàn toàn trực tuyến,0.0,1.0,16,14047.5,60336.0,65677.0,71185.5
Work and Family Studies.,3,Bachelor's Degree,Không hoàn toàn trực tuyến,0.0,0.0,1,,,,
Architectural Engineering Technologies/Technicians.,2,Associate's Degree,Không hoàn toàn trực tuyến,0.0,3.0,21,,,,
Architectural Engineering Technologies/Technicians.,1,Undergraduate Certificate or Diploma,Không hoàn toàn trực tuyến,0.0,9.0,7,,,,
Archeology.,8,Graduate/Professional Certificate,Không hoàn toàn trực tuyến,0.0,0.0,1,,,,
"Registered Nursing, Nursing Administration, Nursing Research and Clinical Nursing.",7,First Professional Degree,Không hoàn toàn trực tuyến,0.0,11.0,12,,122642.0,145038.0,147521.5
"Registered Nursing, Nursing Administration, Nursing Research and Clinical Nursing.",6,Doctoral Degree,Không hoàn toàn trực tuyến,0.0,4.0,152,,124856.0,126636.0,132363.0
"Registered Nursing, Nursing Administration, Nursing Research and Clinical Nursing.",5,Master's Degree,Không hoàn toàn trực tuyến,0.0,13.0,35,,107199.0,149517.0,140067.0
"Registered Nursing, Nursing Administration, Nursing Research and Clinical Nursing.",4,Post-baccalaureate Certificate,Không hoàn toàn trực tuyến,0.0,0.0,56,24158.5,112433.0,136584.0,146203.0
Rehabilitation and Therapeutic Professions.,3,Bachelor's Degree,Không hoàn toàn trực tuyến,0.0,9.0,24,35589.0,,62826.0,71628.0
Rehabilitation and Therapeutic Professions.,2,Associate's Degree,Không hoàn toàn trực tuyến,0.0,37.0,23,19600.0,39329.0,46189.0,44742.5
Electrical/Electronics Maintenance and Repair Technology.,2,Associate's Degree,Không xác định,0.0,0.0,1,,,,
Rehabilitation and Therapeutic Professions.,1,Undergraduate Certificate or Diploma,Không hoàn toàn trực tuyến,0.0,1.0,11,30915.0,35301.0,26833.0,32532.0
"Registered Nursing, Nursing Administration, Nursing Research and Clinical Nursing.",8,Graduate/Professional Certificate,Không hoàn toàn trực tuyến,0.0,5.0,21,,109626.5,,
Architectural Engineering Technologies/Technicians.,5,Master's Degree,Có thể hoàn thành trực tuyến,0.0,0.0,1,,,,
Architectural Engineering Technologies/Technicians.,4,Post-baccalaureate Certificate,Không hoàn toàn trực tuyến,0.0,0.0,1,,,,
Architectural Engineering Technologies/Technicians.,3,Bachelor's Degree,Không hoàn toàn trực tuyến,0.0,0.0,3,,,,
Electrical/Electronics Maintenance and Repair Technology.,2,Associate's Degree,Không hoàn toàn trực tuyến,0.0,3.0,35,18610.0,43758.0,37791.5,44146.5
Construction Engineering Technologies.,8,Graduate/Professional Certificate,Không hoàn toàn trực tuyến,0.0,0.0,1,,,,
Construction Engineering Technologies.,8,Graduate/Professional Certificate,Có thể hoàn thành trực tuyến,0.0,0.0,1,,,,
Construction Engineering Technologies.,6,Doctoral Degree,Không hoàn toàn trực tuyến,0.0,0.0,1,,,,
Construction Engineering Technologies.,5,Master's Degree,Không hoàn toàn trực tuyến,0.0,0.0,2,,,,
Cognitive Psychology and Psycholinguistics.,2,Associate's Degree,Không hoàn toàn trực tuyến,0.0,0.0,1,,,,
Rehabilitation and Therapeutic Professions.,8,Graduate/Professional Certificate,Không hoàn toàn trực tuyến,0.0,0.0,4,,,,
Rehabilitation and Therapeutic Professions.,7,First Professional Degree,Không hoàn toàn trực tuyến,0.0,0.0,7,,75162.0,75465.5,82085.0
Agricultural Business and Management.,1,Undergraduate Certificate or Diploma,Không hoàn toàn trực tuyến,0.0,8.0,17,,,,
Electrical/Electronics Maintenance and Repair Technology.,1,Undergraduate Certificate or Diploma,Không hoàn toàn trực tuyến,0.0,127.0,88,8950.0,34501.0,32898.0,36815.0
"African Languages, Literatures, and Linguistics.",3,Bachelor's Degree,Không hoàn toàn trực tuyến,0.0,0.0,1,,,,
Engineering-Related Technologies.,3,Bachelor's Degree,Không hoàn toàn trực tuyến,0.0,0.0,4,,,,
Engineering-Related Technologies.,2,Associate's Degree,Không hoàn toàn trực tuyến,0.0,0.0,8,,,,
Engineering-Related Technologies.,1,Undergraduate Certificate or Diploma,Không hoàn toàn trực tuyến,0.0,0.0,6,,,,
Engineering-Related Fields.,8,Graduate/Professional Certificate,Không hoàn toàn trực tuyến,0.0,1.0,3,,,,
"Foreign Languages, Literatures, and Linguistics, Other.",5,Master's Degree,Không hoàn toàn trực tuyến,0.0,0.0,3,,,,
"Foreign Languages, Literatures, and Linguistics, Other.",4,Post-baccalaureate Certificate,Không hoàn toàn trực tuyến,0.0,0.0,1,,,,
"Foreign Languages, Literatures, and Linguistics, Other.",3,Bachelor's Degree,Không hoàn toàn trực tuyến,0.0,0.0,6,,,44972.0,49808.0
"Foreign Languages, Literatures, and Linguistics, Other.",2,Associate's Degree,Không hoàn toàn trực tuyến,0.0,0.0,1,,,,
"Foreign Languages, Literatures, and Linguistics, Other.",1,Undergraduate Certificate or Diploma,Không hoàn toàn trực tuyến,0.0,0.0,2,,,,
"Electrical, Electronics and Communications Engineering.",8,Graduate/Professional Certificate,Không hoàn toàn trực tuyến,0.0,2.0,4,,115797.0,,
"Aerospace, Aeronautical and Astronautical Engineering.",6,Doctoral Degree,Không hoàn toàn trực tuyến,0.0,0.0,0,,,,
"Aerospace, Aeronautical and Astronautical Engineering.",5,Master's Degree,Không hoàn toàn trực tuyến,0.0,0.0,1,,,,
Rehabilitation and Therapeutic Professions.,6,Doctoral Degree,Không hoàn toàn trực tuyến,0.0,83.0,142,,74721.0,76898.0,82642.0
Rehabilitation and Therapeutic Professions.,5,Master's Degree,Không hoàn toàn trực tuyến,0.0,51.0,31,,74164.0,69644.5,76173.0
Rehabilitation and Therapeutic Professions.,4,Post-baccalaureate Certificate,Không hoàn toàn trực tuyến,0.0,0.0,7,20231.0,67054.0,78299.0,87647.0
Religion/Religious Studies.,2,Associate's Degree,Không hoàn toàn trực tuyến,0.0,68.0,14,25042.0,,36952.0,40039.0
Religion/Religious Studies.,1,Undergraduate Certificate or Diploma,Một phần có thể hoàn thành trực tuyến,0.0,5.0,3,,,,
Religion/Religious Studies.,1,Undergraduate Certificate or Diploma,Không hoàn toàn trực tuyến,0.0,390.0,17,,,,
Construction Engineering Technologies.,1,Undergraduate Certificate or Diploma,Không hoàn toàn trực tuyến,0.0,0.0,5,,,,
Computer/Information Technology Administration and Management.,8,Graduate/Professional Certificate,Không hoàn toàn trực tuyến,0.0,1.0,6,,,,
Computer/Information Technology Administration and Management.,6,Doctoral Degree,Không hoàn toàn trực tuyến,0.0,0.0,1,,,,
Computer/Information Technology Administration and Management.,5,Master's Degree,Không hoàn toàn trực tuyến,0.0,3.0,18,,81753.0,,
Computer/Information Technology Administration and Management.,4,Post-baccalaureate Certificate,Không hoàn toàn trực tuyến,0.0,0.0,21,20000.0,97224.0,,
Computer/Information Technology Administration and Management.,3,Bachelor's Degree,Không hoàn toàn trực tuyến,0.0,60.0,35,46262.0,60401.0,59870.0,69321.0
Computer/Information Technology Administration and Management.,2,Associate's Degree,Không hoàn toàn trực tuyến,0.0,35.0,65,23024.5,35385.5,36097.0,41274.5
Cognitive Science.,1,Undergraduate Certificate or Diploma,Không hoàn toàn trực tuyến,0.0,0.0,2,,,,
Cognitive Psychology and Psycholinguistics.,5,Master's Degree,Không hoàn toàn trực tuyến,0.0,0.0,0,,,,
Religion/Religious Studies.,6,Doctoral Degree,Không xác định,0.0,0.0,1,,,,
Archeology.,7,First Professional Degree,Không hoàn toàn trực tuyến,0.0,0.0,0,,,,
Archeology.,6,Doctoral Degree,Không hoàn toàn trực tuyến,0.0,1.0,1,,,,
Archeology.,5,Master's Degree,Không hoàn toàn trực tuyến,0.0,0.0,1,,,37697.0,48223.0
Archeology.,4,Post-baccalaureate Certificate,Không hoàn toàn trực tuyến,0.0,0.0,0,,,,
Archeology.,3,Bachelor's Degree,Không hoàn toàn trực tuyến,0.0,1.0,6,,,,
Archeology.,2,Associate's Degree,Không hoàn toàn trực tuyến,0.0,0.0,3,,,,
Archeology.,1,Undergraduate Certificate or Diploma,Không hoàn toàn trực tuyến,0.0,0.0,4,,,,
Religion/Religious Studies.,6,Doctoral Degree,Không hoàn toàn trực tuyến,0.0,0.0,6,,47150.0,,
Religion/Religious Studies.,5,Master's Degree,Không hoàn toàn trực tuyến,0.0,8.0,19,,53160.0,56641.0,54131.0
Religion/Religious Studies.,4,Post-baccalaureate Certificate,Không hoàn toàn trực tuyến,0.0,0.0,3,,,,
Religion/Religious Studies.,3,Bachelor's Degree,Không hoàn toàn trực tuyến,0.0,17.0,47,37000.0,14771.0,28192.5,41279.0
Religious Education.,6,Doctoral Degree,Không hoàn toàn trực tuyến,0.0,0.0,4,,,,
Religious Education.,5,Master's Degree,Không hoàn toàn trực tuyến,0.0,0.0,9,,,,
Religious Education.,4,Post-baccalaureate Certificate,Không hoàn toàn trực tuyến,0.0,0.0,6,,35553.0,,
Religious Education.,3,Bachelor's Degree,Không hoàn toàn trực tuyến,0.0,4.0,24,,,32054.5,36677.5
Religious Education.,2,Associate's Degree,Không hoàn toàn trực tuyến,0.0,0.0,6,,,,
Religious Education.,2,Associate's Degree,Có thể hoàn thành trực tuyến,0.0,3.0,7,,,,
Food Science and Technology.,8,Graduate/Professional Certificate,Không hoàn toàn trực tuyến,0.0,0.0,2,,,,
Food Science and Technology.,5,Master's Degree,Không hoàn toàn trực tuyến,0.0,0.0,2,,,,
Food Science and Technology.,4,Post-baccalaureate Certificate,Không hoàn toàn trực tuyến,0.0,0.0,1,,,,
Food Science and Technology.,3,Bachelor's Degree,Không hoàn toàn trực tuyến,0.0,0.0,8,27000.0,36255.0,41039.0,46498.0
"Foods, Nutrition, and Related Services.",2,Associate's Degree,Không hoàn toàn trực tuyến,0.0,0.0,12,,,33886.0,38232.0
"Foods, Nutrition, and Related Services.",1,Undergraduate Certificate or Diploma,Không hoàn toàn trực tuyến,0.0,8.0,16,,,16071.0,19649.0
"Business/Commerce, General.",5,Master's Degree,Không hoàn toàn trực tuyến,0.0,129.0,46,,69174.0,85991.5,95374.0
Cell/Cellular Biology and Anatomical Sciences.,8,Graduate/Professional Certificate,Không hoàn toàn trực tuyến,0.0,25.0,1,,,,
Engineering-Related Technologies.,4,Post-baccalaureate Certificate,Không hoàn toàn trực tuyến,0.0,0.0,1,,,,
Religious Education.,1,Undergraduate Certificate or Diploma,Không hoàn toàn trực tuyến,0.0,0.0,2,,,20560.0,22166.0
Religion/Religious Studies.,8,Graduate/Professional Certificate,Không hoàn toàn trực tuyến,0.0,0.0,7,,,,
Religion/Religious Studies.,7,First Professional Degree,Một phần có thể hoàn thành trực tuyến,0.0,0.0,1,,,,
Religion/Religious Studies.,7,First Professional Degree,Không hoàn toàn trực tuyến,0.0,0.0,12,,100702.0,22022.5,29257.0
"Computer and Information Sciences, General.",7,First Professional Degree,Không hoàn toàn trực tuyến,0.0,0.0,1,,,,
Biology Technician/Biotechnology Laboratory Technician.,5,Master's Degree,Không hoàn toàn trực tuyến,0.0,0.0,1,,,,
"Electrical, Electronics and Communications Engineering.",2,Associate's Degree,Không hoàn toàn trực tuyến,0.0,7.0,8,,,,
"Agriculture, General.",2,Associate's Degree,Không hoàn toàn trực tuyến,0.0,1.0,14,,,,
"Agriculture, General.",1,Undergraduate Certificate or Diploma,Không xác định,0.0,0.0,1,,,,
"Agriculture, General.",1,Undergraduate Certificate or Diploma,Không hoàn toàn trực tuyến,0.0,21.0,8,,,,
Information Science/Studies.,4,Post-baccalaureate Certificate,Không hoàn toàn trực tuyến,0.0,0.0,10,24773.0,129079.0,,
Information Science/Studies.,3,Bachelor's Degree,Không hoàn toàn trực tuyến,0.0,26.0,50,22990.0,49591.0,71017.0,82027.0
Interior Architecture.,1,Undergraduate Certificate or Diploma,Không hoàn toàn trực tuyến,0.0,0.0,2,,,,
"Agriculture, Agriculture Operations, and Related Sciences, Other.",5,Master's Degree,Không hoàn toàn trực tuyến,0.0,0.0,2,,,,
"Agriculture, Agriculture Operations, and Related Sciences, Other.",3,Bachelor's Degree,Không hoàn toàn trực tuyến,0.0,0.0,6,,,,
"Electrical, Electronics and Communications Engineering.",1,Undergraduate Certificate or Diploma,Không hoàn toàn trực tuyến,0.0,0.0,12,,,87892.0,101711.0
Electrical and Power Transmission Installers.,4,Post-baccalaureate Certificate,Không hoàn toàn trực tuyến,0.0,0.0,0,,,,
Biological and Physical Sciences.,4,Post-baccalaureate Certificate,Không hoàn toàn trực tuyến,0.0,0.0,4,,,,
Biological and Physical Sciences.,3,Bachelor's Degree,Không hoàn toàn trực tuyến,0.0,16.0,23,19229.0,31115.5,57176.0,78664.0
Biological and Physical Sciences.,2,Associate's Degree,Không hoàn toàn trực tuyến,0.0,6.0,8,,,,
"Allied Health Diagnostic, Intervention, and Treatment Professions.",1,Undergraduate Certificate or Diploma,Không hoàn toàn trực tuyến,0.0,78.0,124,14960.0,38666.0,42184.5,46886.5
"Human Services, General.",8,Graduate/Professional Certificate,Không hoàn toàn trực tuyến,0.0,37.0,3,,,,
"Human Services, General.",6,Doctoral Degree,Không hoàn toàn trực tuyến,0.0,1.0,3,,,,
Religious Education.,8,Graduate/Professional Certificate,Một phần có thể hoàn thành trực tuyến,0.0,0.0,1,,,,
Religious Education.,8,Graduate/Professional Certificate,Không hoàn toàn trực tuyến,0.0,0.0,3,,,,
Religious Education.,7,First Professional Degree,Không xác định,0.0,0.0,1,,,,
Religious Education.,7,First Professional Degree,Không hoàn toàn trực tuyến,0.0,0.0,4,,,,
Religious/Sacred Music.,5,Master's Degree,Không hoàn toàn trực tuyến,0.0,0.0,5,,,49680.0,51142.0
Religious/Sacred Music.,3,Bachelor's Degree,Không hoàn toàn trực tuyến,0.0,5.0,26,,,29990.0,35942.0
Religious/Sacred Music.,2,Associate's Degree,Không hoàn toàn trực tuyến,0.0,0.0,1,,,,
Religious/Sacred Music.,1,Undergraduate Certificate or Diploma,Không xác định,0.0,2.0,1,,,,
Religious/Sacred Music.,1,Undergraduate Certificate or Diploma,Không hoàn toàn trực tuyến,0.0,0.0,4,,,,
Clinical/Medical Laboratory Science/Research and Allied Professions.,8,Graduate/Professional Certificate,Không hoàn toàn trực tuyến,0.0,0.0,1,,,,
Clinical/Medical Laboratory Science/Research and Allied Professions.,5,Master's Degree,Không hoàn toàn trực tuyến,0.0,0.0,6,,,,63425.0
Clinical/Medical Laboratory Science/Research and Allied Professions.,4,Post-baccalaureate Certificate,Không hoàn toàn trực tuyến,0.0,0.0,20,18250.0,73884.5,142694.0,150277.0
Computer/Information Technology Administration and Management.,1,Undergraduate Certificate or Diploma,Không hoàn toàn trực tuyến,0.0,92.0,87,11835.0,35528.0,32309.0,33765.5
"Computer and Information Sciences, General.",8,Graduate/Professional Certificate,Không hoàn toàn trực tuyến,0.0,4.0,11,,,,
Research and Experimental Psychology.,5,Master's Degree,Không hoàn toàn trực tuyến,0.0,1.0,10,,,,
Research and Experimental Psychology.,4,Post-baccalaureate Certificate,Không hoàn toàn trực tuyến,0.0,0.0,1,,,,
Research and Experimental Psychology.,3,Bachelor's Degree,Không hoàn toàn trực tuyến,0.0,2.0,24,18249.0,28801.0,43689.0,51305.0
Research and Experimental Psychology.,2,Associate's Degree,Có thể hoàn thành trực tuyến,0.0,0.0,1,,,,
Research and Experimental Psychology.,1,Undergraduate Certificate or Diploma,Không hoàn toàn trực tuyến,0.0,0.0,2,,,,
Law.,8,Graduate/Professional Certificate,Không hoàn toàn trực tuyến,0.0,0.0,9,,72300.5,66107.0,74441.0
Chemical Engineering.,1,Undergraduate Certificate or Diploma,Không hoàn toàn trực tuyến,0.0,0.0,1,,,,
Ceramic Sciences and Engineering.,1,Undergraduate Certificate or Diploma,Có thể hoàn thành trực tuyến,0.0,6.0,1,,,,
Law.,7,First Professional Degree,Không hoàn toàn trực tuyến,0.0,135.0,13,,53189.5,69988.5,78281.5
"Celtic Languages, Literatures, and Linguistics.",5,Master's Degree,Không hoàn toàn trực tuyến,0.0,0.0,0,,,,
"Celtic Languages, Literatures, and Linguistics.",3,Bachelor's Degree,Không hoàn toàn trực tuyến,0.0,0.0,0,,,,
"Business/Commerce, General.",4,Post-baccalaureate Certificate,Không hoàn toàn trực tuyến,0.0,0.0,12,15725.0,95844.0,,
"Business/Commerce, General.",3,Bachelor's Degree,Không hoàn toàn trực tuyến,0.0,130.0,89,26074.0,46629.0,55815.0,66491.0
"Business/Commerce, General.",2,Associate's Degree,Không hoàn toàn trực tuyến,0.0,8.0,80,16435.0,35631.5,35783.5,46620.5
"Business/Commerce, General.",1,Undergraduate Certificate or Diploma,Không hoàn toàn trực tuyến,0.0,5.0,46,8114.0,,23000.0,53632.0
"Business, Management, Marketing, and Related Support Services, Other.",8,Graduate/Professional Certificate,Một phần có thể hoàn thành trực tuyến,0.0,0.0,1,,,,
"Business, Management, Marketing, and Related Support Services, Other.",8,Graduate/Professional Certificate,Không hoàn toàn trực tuyến,0.0,0.0,1,,,,
Food Science and Technology.,8,Graduate/Professional Certificate,Một phần có thể hoàn thành trực tuyến,0.0,0.0,1,,,,
Religious/Sacred Music.,8,Graduate/Professional Certificate,Không hoàn toàn trực tuyến,0.0,0.0,1,,,,
Religious/Sacred Music.,7,First Professional Degree,Không hoàn toàn trực tuyến,0.0,0.0,2,,,,
Religious/Sacred Music.,6,Doctoral Degree,Không hoàn toàn trực tuyến,0.0,0.0,1,,,,
Cognitive Science.,6,Doctoral Degree,Không hoàn toàn trực tuyến,0.0,3.0,1,,,,
Cognitive Science.,5,Master's Degree,Không hoàn toàn trực tuyến,0.0,0.0,1,,,,
Cognitive Science.,4,Post-baccalaureate Certificate,Không hoàn toàn trực tuyến,0.0,0.0,1,,,,
Cognitive Science.,3,Bachelor's Degree,Không hoàn toàn trực tuyến,0.0,12.0,5,16162.0,27628.0,56408.0,68592.0
Applied Statistics.,1,Undergraduate Certificate or Diploma,Có thể hoàn thành trực tuyến,0.0,0.0,1,,,,
Applied Mathematics.,8,Graduate/Professional Certificate,Không hoàn toàn trực tuyến,0.0,1.0,2,,,,
Applied Mathematics.,7,First Professional Degree,Không hoàn toàn trực tuyến,0.0,0.0,1,,,,
Applied Mathematics.,6,Doctoral Degree,Không hoàn toàn trực tuyến,0.0,0.0,0,,,,
Applied Mathematics.,5,Master's Degree,Không hoàn toàn trực tuyến,0.0,10.0,10,,67445.0,114332.0,131947.5
Applied Mathematics.,4,Post-baccalaureate Certificate,Không hoàn toàn trực tuyến,0.0,0.0,2,,,,
Research and Experimental Psychology.,7,First Professional Degree,Không hoàn toàn trực tuyến,0.0,0.0,0,,,,
Law.,6,Doctoral Degree,Không hoàn toàn trực tuyến,0.0,0.0,40,,64813.0,79153.5,92738.0
Research and Experimental Psychology.,6,Doctoral Degree,Không hoàn toàn trực tuyến,0.0,0.0,1,,,,
Rhetoric and Composition/Writing Studies.,6,Doctoral Degree,Không hoàn toàn trực tuyến,0.0,0.0,1,,,,
Rhetoric and Composition/Writing Studies.,5,Master's Degree,Không hoàn toàn trực tuyến,0.0,0.0,16,,48496.0,51480.0,50354.0
Rhetoric and Composition/Writing Studies.,4,Post-baccalaureate Certificate,Không hoàn toàn trực tuyến,0.0,0.0,15,,,,
Rhetoric and Composition/Writing Studies.,3,Bachelor's Degree,Không hoàn toàn trực tuyến,0.0,41.0,49,22750.0,32415.0,47603.0,49493.0
Rhetoric and Composition/Writing Studies.,2,Associate's Degree,Không hoàn toàn trực tuyến,0.0,0.0,20,,,,
Rhetoric and Composition/Writing Studies.,1,Undergraduate Certificate or Diploma,Không hoàn toàn trực tuyến,0.0,0.0,15,24862.0,29647.0,36684.0,43572.0
Research and Experimental Psychology.,8,Graduate/Professional Certificate,Một phần có thể hoàn thành trực tuyến,0.0,0.0,1,,,,
Research and Experimental Psychology.,8,Graduate/Professional Certificate,Không hoàn toàn trực tuyến,0.0,2.0,2,,,,
Air Transportation.,6,Doctoral Degree,Không hoàn toàn trực tuyến,0.0,0.0,1,,,,
Communication Disorders Sciences and Services.,2,Associate's Degree,Không hoàn toàn trực tuyến,0.0,0.0,11,,,,
Communication Disorders Sciences and Services.,1,Undergraduate Certificate or Diploma,Không hoàn toàn trực tuyến,0.0,1.0,8,16316.0,,,
Cognitive Science.,8,Graduate/Professional Certificate,Không hoàn toàn trực tuyến,0.0,0.0,1,,,,
"Computer and Information Sciences, General.",3,Bachelor's Degree,Không hoàn toàn trực tuyến,0.0,115.0,82,24622.0,54244.0,68873.0,82540.0
"Computer and Information Sciences, General.",2,Associate's Degree,Không hoàn toàn trực tuyến,0.0,87.0,98,24375.5,31040.5,37614.0,42165.5
"Computer and Information Sciences, General.",1,Undergraduate Certificate or Diploma,Không hoàn toàn trực tuyến,0.0,83.0,71,8619.0,24678.0,30149.0,34866.5
"Computer and Information Sciences and Support Services, Other.",8,Graduate/Professional Certificate,Không hoàn toàn trực tuyến,0.0,1.0,1,,,,
"Computer and Information Sciences and Support Services, Other.",6,Doctoral Degree,Không xác định,0.0,0.0,1,,,,
"Romance Languages, Literatures, and Linguistics.",5,Master's Degree,Không hoàn toàn trực tuyến,0.0,0.0,10,,,,
"Romance Languages, Literatures, and Linguistics.",4,Post-baccalaureate Certificate,Không hoàn toàn trực tuyến,0.0,0.0,5,28000.0,63106.0,,
Fishing and Fisheries Sciences and Management.,2,Associate's Degree,Không hoàn toàn trực tuyến,0.0,0.0,1,,,,
Law.,5,Master's Degree,Không hoàn toàn trực tuyến,0.0,0.0,34,,59201.0,62305.0,73582.0
Food Science and Technology.,2,Associate's Degree,Không hoàn toàn trực tuyến,0.0,0.0,1,,,,
Food Science and Technology.,1,Undergraduate Certificate or Diploma,Không hoàn toàn trực tuyến,0.0,2.0,4,,,32395.0,41444.0
Fishing and Fisheries Sciences and Management.,8,Graduate/Professional Certificate,Có thể hoàn thành trực tuyến,0.0,5.0,1,,,,
Chemical Engineering.,3,Bachelor's Degree,Không hoàn toàn trực tuyến,0.0,0.0,1,,,,
Chemical Engineering.,2,Associate's Degree,Không hoàn toàn trực tuyến,0.0,0.0,2,,,,
"Romance Languages, Literatures, and Linguistics.",3,Bachelor's Degree,Không hoàn toàn trực tuyến,0.0,4.0,47,,,49688.0,50634.5
"Romance Languages, Literatures, and Linguistics.",2,Associate's Degree,Không hoàn toàn trực tuyến,0.0,0.0,4,,,,
"Romance Languages, Literatures, and Linguistics.",1,Undergraduate Certificate or Diploma,Không hoàn toàn trực tuyến,0.0,1.0,18,27000.0,52532.0,60261.0,68211.0
Rhetoric and Composition/Writing Studies.,8,Graduate/Professional Certificate,Không hoàn toàn trực tuyến,0.0,0.0,7,,,,
Law.,4,Post-baccalaureate Certificate,Không hoàn toàn trực tuyến,0.0,0.0,2,,,,
"Science Technologies/Technicians, General.",3,Bachelor's Degree,Không hoàn toàn trực tuyến,0.0,0.0,2,10229.0,71144.0,,
"Science Technologies/Technicians, General.",2,Associate's Degree,Không hoàn toàn trực tuyến,0.0,0.0,3,,,,
"Science Technologies/Technicians, General.",1,Undergraduate Certificate or Diploma,Không hoàn toàn trực tuyến,0.0,1.0,2,,,,
Law.,3,Bachelor's Degree,Không hoàn toàn trực tuyến,0.0,0.0,4,,,,
"Romance Languages, Literatures, and Linguistics.",8,Graduate/Professional Certificate,Không hoàn toàn trực tuyến,0.0,0.0,2,,,,
"Romance Languages, Literatures, and Linguistics.",7,First Professional Degree,Không hoàn toàn trực tuyến,0.0,0.0,3,,,,
"Romance Languages, Literatures, and Linguistics.",6,Doctoral Degree,Không hoàn toàn trực tuyến,0.0,0.0,1,,,,
Air Transportation.,5,Master's Degree,Không hoàn toàn trực tuyến,0.0,0.0,0,,,,
Air Transportation.,4,Post-baccalaureate Certificate,Không hoàn toàn trực tuyến,0.0,0.0,3,,,,
"Computer and Information Sciences, General.",6,Doctoral Degree,Không hoàn toàn trực tuyến,0.0,0.0,7,,,,
"Computer and Information Sciences, General.",5,Master's Degree,Không hoàn toàn trực tuyến,0.0,58.0,32,,109365.5,148050.0,137942.0
"Computer and Information Sciences, General.",4,Post-baccalaureate Certificate,Không hoàn toàn trực tuyến,0.0,0.0,17,,,,
"Science Technologies/Technicians, Other.",6,Doctoral Degree,Có thể hoàn thành trực tuyến,0.0,0.0,1,,,,
"Science Technologies/Technicians, Other.",5,Master's Degree,Không hoàn toàn trực tuyến,0.0,0.0,2,,,,
"Science Technologies/Technicians, Other.",4,Post-baccalaureate Certificate,Không hoàn toàn trực tuyến,0.0,0.0,3,,,,
"Science Technologies/Technicians, Other.",3,Bachelor's Degree,Không hoàn toàn trực tuyến,0.0,93.0,4,24875.0,48334.0,62072.0,59548.0
"Science Technologies/Technicians, Other.",2,Associate's Degree,Không hoàn toàn trực tuyến,0.0,0.0,4,,,,
Fine and Studio Arts.,7,First Professional Degree,Không hoàn toàn trực tuyến,0.0,0.0,1,,,,
Fine and Studio Arts.,6,Doctoral Degree,Một phần có thể hoàn thành trực tuyến,0.0,1.0,1,,,,
Fine and Studio Arts.,6,Doctoral Degree,Không hoàn toàn trực tuyến,0.0,1.0,2,,,,
Business/Corporate Communications.,3,Bachelor's Degree,Không hoàn toàn trực tuyến,0.0,4.0,9,22227.0,42568.5,55640.5,58999.5
Business/Corporate Communications.,1,Undergraduate Certificate or Diploma,Không hoàn toàn trực tuyến,0.0,0.0,1,,,,
Law.,2,Associate's Degree,Không hoàn toàn trực tuyến,0.0,0.0,2,,,,
Fishing and Fisheries Sciences and Management.,6,Doctoral Degree,Không hoàn toàn trực tuyến,0.0,4.0,2,,,,
Fishing and Fisheries Sciences and Management.,5,Master's Degree,Không hoàn toàn trực tuyến,0.0,7.0,2,,,,
Fishing and Fisheries Sciences and Management.,3,Bachelor's Degree,Không hoàn toàn trực tuyến,0.0,1.0,4,,,,
"Science Technologies/Technicians, Other.",1,Undergraduate Certificate or Diploma,Một phần có thể hoàn thành trực tuyến,0.0,0.0,1,,,,
"Science Technologies/Technicians, Other.",1,Undergraduate Certificate or Diploma,Không hoàn toàn trực tuyến,0.0,0.0,2,,,,
"Science Technologies/Technicians, General.",6,Doctoral Degree,Không hoàn toàn trực tuyến,0.0,0.0,1,,,,
"Science Technologies/Technicians, General.",5,Master's Degree,Không hoàn toàn trực tuyến,0.0,0.0,0,,,,
Legal Research and Advanced Professional Studies.,1,Undergraduate Certificate or Diploma,Một phần có thể hoàn thành trực tuyến,0.0,1.0,1,,,,
"Science Technologies/Technicians, General.",3,Bachelor's Degree,Không xác định,0.0,0.0,1,,,,
Applied Horticulture and Horticultural Business Services.,3,Bachelor's Degree,Không hoàn toàn trực tuyến,0.0,0.0,3,18750.0,34598.0,,
"Science, Technology and Society.",5,Master's Degree,Không hoàn toàn trực tuyến,0.0,0.0,1,,,,
"Science, Technology and Society.",4,Post-baccalaureate Certificate,Không hoàn toàn trực tuyến,0.0,0.0,1,,,,
"Science, Technology and Society.",3,Bachelor's Degree,Không xác định,0.0,48.0,1,28750.0,69382.0,78574.0,89025.0
"Science, Technology and Society.",3,Bachelor's Degree,Không hoàn toàn trực tuyến,0.0,0.0,3,11809.0,85672.0,,
"Science, Technology and Society.",2,Associate's Degree,Một phần có thể hoàn thành trực tuyến,0.0,0.0,1,,,,
"Science, Technology and Society.",2,Associate's Degree,Không hoàn toàn trực tuyến,0.0,0.0,2,,,,
"Science Technologies/Technicians, Other.",8,Graduate/Professional Certificate,Không hoàn toàn trực tuyến,0.0,0.0,1,,,,
"Science Technologies/Technicians, Other.",6,Doctoral Degree,Không hoàn toàn trực tuyến,0.0,0.0,0,,,,
"Computer and Information Sciences and Support Services, Other.",2,Associate's Degree,Không hoàn toàn trực tuyến,0.0,16.0,35,9500.0,47202.0,45540.0,53156.0
"Computer and Information Sciences and Support Services, Other.",1,Undergraduate Certificate or Diploma,Không hoàn toàn trực tuyến,0.0,20.0,27,,,,
"Science, Technology and Society.",6,Doctoral Degree,Không hoàn toàn trực tuyến,0.0,0.0,0,,,,
Applied Mathematics.,3,Bachelor's Degree,Không hoàn toàn trực tuyến,0.0,7.0,18,21286.0,65604.0,83738.0,52948.0
Applied Mathematics.,2,Associate's Degree,Có thể hoàn thành trực tuyến,0.0,1.0,1,,,,
Legal Research and Advanced Professional Studies.,1,Undergraduate Certificate or Diploma,Không hoàn toàn trực tuyến,0.0,0.0,2,,,,
Applied Mathematics.,1,Undergraduate Certificate or Diploma,Không hoàn toàn trực tuyến,0.0,7.0,3,,,,
"Legal Professions and Studies, Other.",8,Graduate/Professional Certificate,Không hoàn toàn trực tuyến,0.0,1.0,4,,79933.0,98559.0,120235.0
Applied Horticulture and Horticultural Business Services.,8,Graduate/Professional Certificate,Có thể hoàn thành trực tuyến,0.0,1.0,2,,,,
Applied Horticulture and Horticultural Business Services.,5,Master's Degree,Không hoàn toàn trực tuyến,0.0,0.0,1,,,,
Security Policy and Strategy.,2,Associate's Degree,Không hoàn toàn trực tuyến,0.0,0.0,1,,,,
Security Policy and Strategy.,1,Undergraduate Certificate or Diploma,Không hoàn toàn trực tuyến,0.0,0.0,1,,,,
Second Language Learning.,8,Graduate/Professional Certificate,Có thể hoàn thành trực tuyến,0.0,0.0,1,,,,
Second Language Learning.,1,Undergraduate Certificate or Diploma,Không hoàn toàn trực tuyến,0.0,0.0,1,,,,
"Science, Technology and Society.",8,Graduate/Professional Certificate,Không xác định,0.0,0.0,2,,,,
"Science, Technology and Society.",6,Doctoral Degree,Một phần có thể hoàn thành trực tuyến,0.0,2.0,1,,,,
"Computer and Information Sciences and Support Services, Other.",6,Doctoral Degree,Không hoàn toàn trực tuyến,0.0,0.0,1,,,,
"Computer and Information Sciences and Support Services, Other.",5,Master's Degree,Không xác định,0.0,0.0,1,,,,
"Computer and Information Sciences and Support Services, Other.",5,Master's Degree,Không hoàn toàn trực tuyến,0.0,0.0,8,,96696.0,,
Intercultural/Multicultural and Diversity Studies.,7,First Professional Degree,Không hoàn toàn trực tuyến,0.0,0.0,2,,,,
Intercultural/Multicultural and Diversity Studies.,6,Doctoral Degree,Không hoàn toàn trực tuyến,0.0,0.0,0,,,,
Intercultural/Multicultural and Diversity Studies.,5,Master's Degree,Không hoàn toàn trực tuyến,0.0,0.0,3,,,,
Intercultural/Multicultural and Diversity Studies.,4,Post-baccalaureate Certificate,Không hoàn toàn trực tuyến,0.0,0.0,3,,,,
Interior Architecture.,8,Graduate/Professional Certificate,Không xác định,0.0,3.0,1,,,,
"Legal Professions and Studies, Other.",7,First Professional Degree,Không hoàn toàn trực tuyến,0.0,0.0,10,,,74958.5,74894.0
Interior Architecture.,6,Doctoral Degree,Không hoàn toàn trực tuyến,0.0,0.0,1,,,,
Interior Architecture.,6,Doctoral Degree,Có thể hoàn thành trực tuyến,0.0,0.0,1,,,,
Interior Architecture.,5,Master's Degree,Không hoàn toàn trực tuyến,0.0,2.0,3,,,,
Interior Architecture.,3,Bachelor's Degree,Không hoàn toàn trực tuyến,0.0,13.0,6,23250.0,38538.0,57029.0,58048.0
Interior Architecture.,2,Associate's Degree,Không hoàn toàn trực tuyến,0.0,0.0,1,,,,
Agricultural Public Services.,4,Post-baccalaureate Certificate,Không hoàn toàn trực tuyến,0.0,0.0,1,,,,
Agricultural Public Services.,3,Bachelor's Degree,Không hoàn toàn trực tuyến,0.0,11.0,4,,,,
"Biology, General.",1,Undergraduate Certificate or Diploma,Không hoàn toàn trực tuyến,0.0,0.0,29,19000.0,39602.0,,
Biology Technician/Biotechnology Laboratory Technician.,8,Graduate/Professional Certificate,Có thể hoàn thành trực tuyến,0.0,0.0,2,,,,
Biology Technician/Biotechnology Laboratory Technician.,6,Doctoral Degree,Không hoàn toàn trực tuyến,0.0,0.0,1,,,,
"Computer and Information Sciences and Support Services, Other.",4,Post-baccalaureate Certificate,Không hoàn toàn trực tuyến,0.0,0.0,5,25074.0,93055.0,,
"Computer and Information Sciences and Support Services, Other.",3,Bachelor's Degree,Không hoàn toàn trực tuyến,0.0,0.0,16,26034.0,57256.0,39238.5,61741.0
"Slavic, Baltic and Albanian Languages, Literatures, and Linguistics.",2,Associate's Degree,Không hoàn toàn trực tuyến,0.0,0.0,1,,,,
"Legal Professions and Studies, Other.",6,Doctoral Degree,Không hoàn toàn trực tuyến,0.0,0.0,1,,,,
"Slavic, Baltic and Albanian Languages, Literatures, and Linguistics.",1,Undergraduate Certificate or Diploma,Không hoàn toàn trực tuyến,0.0,0.0,4,,,,
Security Science and Technology.,8,Graduate/Professional Certificate,Không hoàn toàn trực tuyến,0.0,18.0,5,,,,
Security Science and Technology.,7,First Professional Degree,Không hoàn toàn trực tuyến,0.0,0.0,0,,,,
Security Science and Technology.,6,Doctoral Degree,Không hoàn toàn trực tuyến,0.0,0.0,1,,,,
Security Science and Technology.,5,Master's Degree,Không hoàn toàn trực tuyến,0.0,15.0,9,,59230.0,,
Security Science and Technology.,4,Post-baccalaureate Certificate,Không hoàn toàn trực tuyến,0.0,0.0,10,27000.0,91193.0,,
Security Science and Technology.,3,Bachelor's Degree,Không hoàn toàn trực tuyến,0.0,22.0,30,20500.0,43347.0,53912.0,63134.0
Security Science and Technology.,2,Associate's Degree,Không hoàn toàn trực tuyến,0.0,0.0,24,,,25992.0,28659.0
Security Science and Technology.,1,Undergraduate Certificate or Diploma,Không hoàn toàn trực tuyến,0.0,7.0,23,,,,
Security Policy and Strategy.,8,Graduate/Professional Certificate,Không hoàn toàn trực tuyến,0.0,0.0,2,,,,
Security Policy and Strategy.,5,Master's Degree,Không hoàn toàn trực tuyến,0.0,0.0,2,,102639.0,100341.0,
Security Policy and Strategy.,3,Bachelor's Degree,Không hoàn toàn trực tuyến,0.0,0.0,1,,,,
Computer Systems Networking and Telecommunications.,3,Bachelor's Degree,Không hoàn toàn trực tuyến,0.0,43.0,21,50941.0,43592.0,60322.0,68866.0
Computer Systems Networking and Telecommunications.,2,Associate's Degree,Không hoàn toàn trực tuyến,0.0,54.0,75,22700.0,35702.0,38712.0,42612.0
Computer Systems Networking and Telecommunications.,1,Undergraduate Certificate or Diploma,Không hoàn toàn trực tuyến,0.0,23.0,80,13910.0,35340.0,43382.0,44554.0
Communication Disorders Sciences and Services.,7,First Professional Degree,Không hoàn toàn trực tuyến,0.0,0.0,3,,82357.0,67258.0,58181.0
"Social Sciences, General.",5,Master's Degree,Không hoàn toàn trực tuyến,0.0,0.0,14,,39750.0,79090.0,91151.0
"Social Sciences, General.",4,Post-baccalaureate Certificate,Không hoàn toàn trực tuyến,0.0,0.0,6,,,,
"English Language and Literature, General.",7,First Professional Degree,Không hoàn toàn trực tuyến,0.0,0.0,2,,42134.0,,42168.0
"Legal Professions and Studies, Other.",5,Master's Degree,Không hoàn toàn trực tuyến,0.0,48.0,11,,56335.0,71603.0,85278.0
"English Language and Literature, General.",6,Doctoral Degree,Không hoàn toàn trực tuyến,0.0,0.0,3,,,,
"English Language and Literature, General.",5,Master's Degree,Không hoàn toàn trực tuyến,0.0,6.0,24,,61523.0,71220.0,71141.0
"English Language and Literature, General.",4,Post-baccalaureate Certificate,Không hoàn toàn trực tuyến,0.0,0.0,13,,,,
"English Language and Literature, General.",3,Bachelor's Degree,Không hoàn toàn trực tuyến,0.0,23.0,34,21062.5,30441.0,38208.5,46370.5
"English Language and Literature, General.",2,Associate's Degree,Không hoàn toàn trực tuyến,0.0,0.0,29,,,,
"English Language and Literature, General.",1,Undergraduate Certificate or Diploma,Không hoàn toàn trực tuyến,0.0,55.0,37,6879.0,23627.0,24105.0,28021.0
Fire Protection.,8,Graduate/Professional Certificate,Có thể hoàn thành trực tuyến,0.0,0.0,2,,,,
Fire Protection.,5,Master's Degree,Không hoàn toàn trực tuyến,0.0,0.0,3,,,,
Fire Protection.,3,Bachelor's Degree,Không hoàn toàn trực tuyến,0.0,54.0,11,26500.0,75503.0,89490.0,90486.0
Fire Protection.,2,Associate's Degree,Không hoàn toàn trực tuyến,0.0,1.0,27,,,,
Fire Protection.,1,Undergraduate Certificate or Diploma,Không hoàn toàn trực tuyến,0.0,0.0,27,,,,
Fine and Studio Arts.,8,Graduate/Professional Certificate,Không hoàn toàn trực tuyến,0.0,0.0,8,,,,
"Social Sciences, General.",3,Bachelor's Degree,Không hoàn toàn trực tuyến,0.0,177.0,59,15510.5,32437.5,45321.5,52972.0
"Social Sciences, General.",2,Associate's Degree,Không hoàn toàn trực tuyến,0.0,1.0,32,10750.0,29847.0,36278.0,48918.5
"Social Sciences, General.",1,Undergraduate Certificate or Diploma,Không xác định,0.0,0.0,1,,,,
"Social Sciences, General.",1,Undergraduate Certificate or Diploma,Không hoàn toàn trực tuyến,0.0,0.0,9,,,,
"Slavic, Baltic and Albanian Languages, Literatures, and Linguistics.",6,Doctoral Degree,Không hoàn toàn trực tuyến,0.0,0.0,1,,,,
"Slavic, Baltic and Albanian Languages, Literatures, and Linguistics.",3,Bachelor's Degree,Không hoàn toàn trực tuyến,0.0,2.0,15,,,,
"Social Sciences, Other.",3,Bachelor's Degree,Không hoàn toàn trực tuyến,0.0,3.0,34,23153.5,30584.0,47862.0,42821.0
"Social Sciences, Other.",2,Associate's Degree,Không hoàn toàn trực tuyến,0.0,3.0,9,,,,39995.0
"Social Sciences, Other.",2,Associate's Degree,Có thể hoàn thành trực tuyến,0.0,3.0,2,,,,
"Social Sciences, Other.",1,Undergraduate Certificate or Diploma,Không hoàn toàn trực tuyến,0.0,0.0,3,,,,
"Social Sciences, General.",8,Graduate/Professional Certificate,Không hoàn toàn trực tuyến,0.0,1.0,3,,,,
"Social Sciences, General.",7,First Professional Degree,Không hoàn toàn trực tuyến,0.0,0.0,1,,,,
"Social Sciences, General.",6,Doctoral Degree,Không hoàn toàn trực tuyến,0.0,0.0,2,,,,
Computer Systems Networking and Telecommunications.,8,Graduate/Professional Certificate,Không hoàn toàn trực tuyến,0.0,0.0,2,,,,
Computer Systems Networking and Telecommunications.,6,Doctoral Degree,Không hoàn toàn trực tuyến,0.0,0.0,1,,,,
Computer Systems Networking and Telecommunications.,6,Doctoral Degree,Có thể hoàn thành trực tuyến,0.0,4.0,2,,,,
Computer Systems Networking and Telecommunications.,5,Master's Degree,Không hoàn toàn trực tuyến,0.0,8.0,2,,,,
Computer Systems Networking and Telecommunications.,4,Post-baccalaureate Certificate,Không hoàn toàn trực tuyến,0.0,0.0,2,,,,
Apparel and Textiles.,5,Master's Degree,Không hoàn toàn trực tuyến,0.0,0.0,2,,,,
Apparel and Textiles.,4,Post-baccalaureate Certificate,Không hoàn toàn trực tuyến,0.0,0.0,1,,,,
Communication Disorders Sciences and Services.,6,Doctoral Degree,Không hoàn toàn trực tuyến,0.0,1.0,28,,79904.5,86841.0,96097.0
Communication Disorders Sciences and Services.,5,Master's Degree,Không hoàn toàn trực tuyến,0.0,0.0,7,,53855.0,68063.0,76659.0
Communication Disorders Sciences and Services.,4,Post-baccalaureate Certificate,Không hoàn toàn trực tuyến,0.0,0.0,6,25376.0,,,
Communication Disorders Sciences and Services.,3,Bachelor's Degree,Không hoàn toàn trực tuyến,0.0,5.0,9,20500.0,,61842.0,56476.5
Computer Systems Analysis.,8,Graduate/Professional Certificate,Không hoàn toàn trực tuyến,0.0,0.0,3,,,,
Computer Systems Analysis.,6,Doctoral Degree,Không hoàn toàn trực tuyến,0.0,0.0,1,,,,
Computer Systems Analysis.,5,Master's Degree,Không hoàn toàn trực tuyến,0.0,0.0,2,,,,
Computer Systems Analysis.,4,Post-baccalaureate Certificate,Không hoàn toàn trực tuyến,0.0,0.0,1,,,,
Computer Systems Analysis.,3,Bachelor's Degree,Không hoàn toàn trực tuyến,0.0,0.0,21,24727.0,61054.0,77746.0,86346.0
Computer Software and Media Applications.,4,Post-baccalaureate Certificate,Không hoàn toàn trực tuyến,0.0,0.0,7,,,,
Communication and Media Studies.,4,Post-baccalaureate Certificate,Không hoàn toàn trực tuyến,0.0,0.0,11,,42081.0,,
Communication and Media Studies.,3,Bachelor's Degree,Không hoàn toàn trực tuyến,0.0,16.0,47,25783.0,40191.5,48318.0,54852.0
Social Work.,2,Associate's Degree,Không hoàn toàn trực tuyến,0.0,0.0,46,19939.0,37250.0,31539.5,40504.0
Social Work.,1,Undergraduate Certificate or Diploma,Không hoàn toàn trực tuyến,0.0,0.0,22,,,36628.0,35968.0
"Social Sciences, Other.",8,Graduate/Professional Certificate,Không hoàn toàn trực tuyến,0.0,0.0,2,,,,
"Social Sciences, Other.",6,Doctoral Degree,Không hoàn toàn trực tuyến,0.0,0.0,3,,,,
"Social Sciences, Other.",5,Master's Degree,Không hoàn toàn trực tuyến,0.0,0.0,6,,67094.0,78486.0,76253.0
"Social Sciences, Other.",4,Post-baccalaureate Certificate,Không hoàn toàn trực tuyến,0.0,0.0,2,,,,
Applied Horticulture and Horticultural Business Services.,2,Associate's Degree,Không hoàn toàn trực tuyến,0.0,4.0,32,12000.0,34190.0,38800.0,42621.0
Applied Horticulture and Horticultural Business Services.,1,Undergraduate Certificate or Diploma,Không hoàn toàn trực tuyến,0.0,0.0,33,,,,
Social Work.,7,First Professional Degree,Không xác định,0.0,0.0,2,,,,
Social Work.,7,First Professional Degree,Không hoàn toàn trực tuyến,0.0,0.0,5,,59489.0,66570.0,75682.0
Social Work.,6,Doctoral Degree,Không hoàn toàn trực tuyến,0.0,0.0,3,,,,
Social Work.,5,Master's Degree,Không hoàn toàn trực tuyến,0.0,130.0,18,,50632.0,51756.0,58693.0
Social Work.,4,Post-baccalaureate Certificate,Không hoàn toàn trực tuyến,0.0,0.0,10,26000.0,52329.0,42955.0,52636.0
Social Work.,3,Bachelor's Degree,Không hoàn toàn trực tuyến,0.0,47.0,24,14506.0,39695.0,46135.0,50860.0
Fine and Studio Arts.,1,Undergraduate Certificate or Diploma,Không hoàn toàn trực tuyến,0.0,0.0,35,,,35030.0,49609.0
Finance and Financial Management Services.,8,Graduate/Professional Certificate,Không hoàn toàn trực tuyến,0.0,5.0,13,,,,
Finance and Financial Management Services.,7,First Professional Degree,Không hoàn toàn trực tuyến,0.0,0.0,3,,98928.0,144131.0,144681.0
Finance and Financial Management Services.,6,Doctoral Degree,Không hoàn toàn trực tuyến,0.0,3.0,3,,,,
Finance and Financial Management Services.,5,Master's Degree,Không hoàn toàn trực tuyến,0.0,29.0,38,,72214.0,94635.0,123559.0
Finance and Financial Management Services.,4,Post-baccalaureate Certificate,Không hoàn toàn trực tuyến,0.0,0.0,11,21937.0,107359.0,103594.0,123384.0
"Business/Commerce, General.",8,Graduate/Professional Certificate,Không hoàn toàn trực tuyến,0.0,5.0,10,,,93865.0,93896.0
"Business/Commerce, General.",7,First Professional Degree,Không hoàn toàn trực tuyến,0.0,0.0,3,,64907.0,177264.0,208560.5
"Business/Commerce, General.",6,Doctoral Degree,Không xác định,0.0,4.0,1,,,102421.0,108065.0
"Business/Commerce, General.",6,Doctoral Degree,Không hoàn toàn trực tuyến,0.0,7.0,7,,,104447.0,112139.0
"English Language and Literature, General.",8,Graduate/Professional Certificate,Không hoàn toàn trực tuyến,0.0,3.0,7,,,,
"Legal Professions and Studies, Other.",4,Post-baccalaureate Certificate,Không hoàn toàn trực tuyến,0.0,0.0,4,18613.5,62742.5,,
Computer Systems Analysis.,2,Associate's Degree,Không hoàn toàn trực tuyến,0.0,0.0,12,,,,
Computer Systems Analysis.,1,Undergraduate Certificate or Diploma,Không hoàn toàn trực tuyến,0.0,0.0,8,,,24840.0,
Computer Software and Media Applications.,8,Graduate/Professional Certificate,Không hoàn toàn trực tuyến,0.0,0.0,2,,,,
Computer Software and Media Applications.,6,Doctoral Degree,Không hoàn toàn trực tuyến,0.0,0.0,0,,,,
Computer Software and Media Applications.,5,Master's Degree,Không hoàn toàn trực tuyến,0.0,0.0,8,,96093.0,,
Sociology and Anthropology.,3,Bachelor's Degree,Không hoàn toàn trực tuyến,0.0,0.0,2,,,,
Sociology and Anthropology.,2,Associate's Degree,Không hoàn toàn trực tuyến,0.0,0.0,2,,,,
Sociology and Anthropology.,1,Undergraduate Certificate or Diploma,Không hoàn toàn trực tuyến,0.0,0.0,1,,,,
Social and Philosophical Foundations of Education.,8,Graduate/Professional Certificate,Một phần có thể hoàn thành trực tuyến,0.0,0.0,1,,,,
Social and Philosophical Foundations of Education.,6,Doctoral Degree,Không hoàn toàn trực tuyến,0.0,2.0,2,,,,
Social and Philosophical Foundations of Education.,5,Master's Degree,Không hoàn toàn trực tuyến,0.0,1.0,5,,45488.0,,74818.0
Social and Philosophical Foundations of Education.,4,Post-baccalaureate Certificate,Không hoàn toàn trực tuyến,0.0,0.0,3,,,,
Social and Philosophical Foundations of Education.,3,Bachelor's Degree,Không xác định,0.0,0.0,1,,,,
Social and Philosophical Foundations of Education.,3,Bachelor's Degree,Không hoàn toàn trực tuyến,0.0,0.0,2,,,,
Social and Philosophical Foundations of Education.,2,Associate's Degree,Không hoàn toàn trực tuyến,0.0,0.0,1,,,,
Social and Philosophical Foundations of Education.,1,Undergraduate Certificate or Diploma,Không xác định,0.0,0.0,1,,,,
Social and Philosophical Foundations of Education.,1,Undergraduate Certificate or Diploma,Không hoàn toàn trực tuyến,0.0,0.0,1,,,,
Social Work.,8,Graduate/Professional Certificate,Không hoàn toàn trực tuyến,0.0,4.0,4,,40964.0,53297.0,58627.0
Computer Science.,8,Graduate/Professional Certificate,Không hoàn toàn trực tuyến,0.0,0.0,1,,,,
Apparel and Textiles.,2,Associate's Degree,Không hoàn toàn trực tuyến,0.0,0.0,1,,,,
Apparel and Textiles.,1,Undergraduate Certificate or Diploma,Không hoàn toàn trực tuyến,0.0,0.0,3,,,,
Anthrozoology.,8,Graduate/Professional Certificate,Không xác định,0.0,0.0,1,,,,
"English Language and Literature/Letters, Other.",6,Doctoral Degree,Không hoàn toàn trực tuyến,0.0,0.0,2,,,,
"English Language and Literature/Letters, Other.",5,Master's Degree,Không hoàn toàn trực tuyến,0.0,0.0,5,,,,
"English Language and Literature/Letters, Other.",4,Post-baccalaureate Certificate,Không hoàn toàn trực tuyến,0.0,0.0,1,,,53667.0,62803.0
"English Language and Literature/Letters, Other.",3,Bachelor's Degree,Một phần có thể hoàn thành trực tuyến,0.0,0.0,2,,,,
Engineering-Related Technologies.,8,Graduate/Professional Certificate,Một phần có thể hoàn thành trực tuyến,0.0,0.0,1,,,,
Engineering-Related Technologies.,8,Graduate/Professional Certificate,Có thể hoàn thành trực tuyến,0.0,0.0,2,,,,
Fine and Studio Arts.,5,Master's Degree,Không hoàn toàn trực tuyến,0.0,18.0,20,,43875.0,50659.0,80063.0
Fine and Studio Arts.,4,Post-baccalaureate Certificate,Không hoàn toàn trực tuyến,0.0,0.0,9,,,,
Fine and Studio Arts.,3,Bachelor's Degree,Không hoàn toàn trực tuyến,0.0,10.0,43,32543.0,20762.0,31379.5,36080.0
Fine and Studio Arts.,2,Associate's Degree,Không hoàn toàn trực tuyến,0.0,4.0,43,,22100.0,,29600.0
Anthrozoology.,5,Master's Degree,Không xác định,0.0,0.0,1,,,,
Sociology and Anthropology.,6,Doctoral Degree,Không hoàn toàn trực tuyến,0.0,0.0,0,,,,
Sociology and Anthropology.,5,Master's Degree,Không hoàn toàn trực tuyến,0.0,0.0,0,,,,
Sociology and Anthropology.,5,Master's Degree,Có thể hoàn thành trực tuyến,0.0,0.0,1,,,,
"Legal Professions and Studies, Other.",3,Bachelor's Degree,Không hoàn toàn trực tuyến,0.0,1.0,10,23750.0,29273.0,46853.5,49497.0
Sociology.,6,Doctoral Degree,Không hoàn toàn trực tuyến,0.0,0.0,1,,,,
Sociology.,5,Master's Degree,Không hoàn toàn trực tuyến,0.0,0.0,5,,53321.0,,
Sociology.,4,Post-baccalaureate Certificate,Không hoàn toàn trực tuyến,0.0,0.0,3,,,,
Sociology.,3,Bachelor's Degree,Không hoàn toàn trực tuyến,0.0,20.0,40,27000.0,32325.0,39051.0,46240.0
Sociology.,2,Associate's Degree,Không hoàn toàn trực tuyến,0.0,0.0,24,,,31737.0,
Sociology.,1,Undergraduate Certificate or Diploma,Không hoàn toàn trực tuyến,0.0,0.0,15,,26303.0,46707.0,55412.0
Apparel and Textiles.,3,Bachelor's Degree,Không hoàn toàn trực tuyến,0.0,0.0,6,24345.5,34178.0,47487.0,58873.0
Communication and Media Studies.,2,Associate's Degree,Không hoàn toàn trực tuyến,0.0,10.0,32,17922.0,38767.0,,
Communication and Media Studies.,1,Undergraduate Certificate or Diploma,Không hoàn toàn trực tuyến,0.0,7.0,20,,,58629.0,69616.0
Communication Disorders Sciences and Services.,8,Graduate/Professional Certificate,Không hoàn toàn trực tuyến,0.0,0.0,5,,47550.0,67379.0,70135.0
Computer Software and Media Applications.,3,Bachelor's Degree,Không hoàn toàn trực tuyến,0.0,45.0,30,43498.5,33220.0,45273.0,51455.0
Computer Software and Media Applications.,2,Associate's Degree,Không hoàn toàn trực tuyến,0.0,1.0,45,,,34350.5,39684.5
Computer Software and Media Applications.,1,Undergraduate Certificate or Diploma,Không hoàn toàn trực tuyến,0.0,35.0,77,39000.0,31488.0,55013.0,53742.0
Somatic Bodywork and Related Therapeutic Services.,1,Undergraduate Certificate or Diploma,Không hoàn toàn trực tuyến,0.0,461.0,124,8861.5,19710.5,21960.5,24199.0
Soil Sciences.,6,Doctoral Degree,Không hoàn toàn trực tuyến,0.0,0.0,1,,,,
Soil Sciences.,5,Master's Degree,Không hoàn toàn trực tuyến,0.0,2.0,2,,,,
Soil Sciences.,3,Bachelor's Degree,Không hoàn toàn trực tuyến,0.0,0.0,4,,,44451.0,58340.0
Soil Sciences.,1,Undergraduate Certificate or Diploma,Không hoàn toàn trực tuyến,0.0,0.0,1,,,,
Sociology.,8,Graduate/Professional Certificate,Một phần có thể hoàn thành trực tuyến,0.0,0.0,2,,,,
Sociology.,8,Graduate/Professional Certificate,Không hoàn toàn trực tuyến,0.0,0.0,3,,,,
Sociology.,7,First Professional Degree,Không hoàn toàn trực tuyến,0.0,0.0,2,,,,
Somatic Bodywork and Related Therapeutic Services.,8,Graduate/Professional Certificate,Không hoàn toàn trực tuyến,0.0,0.0,1,,,,
Somatic Bodywork and Related Therapeutic Services.,6,Doctoral Degree,Không hoàn toàn trực tuyến,0.0,0.0,1,,,,
Film/Video and Photographic Arts.,8,Graduate/Professional Certificate,Không hoàn toàn trực tuyến,0.0,0.0,0,,,,
Film/Video and Photographic Arts.,7,First Professional Degree,Không hoàn toàn trực tuyến,0.0,0.0,1,,,,
Film/Video and Photographic Arts.,6,Doctoral Degree,Không hoàn toàn trực tuyến,0.0,0.0,0,,,,
Film/Video and Photographic Arts.,5,Master's Degree,Không hoàn toàn trực tuyến,0.0,8.0,7,,50349.0,,42237.0
Film/Video and Photographic Arts.,4,Post-baccalaureate Certificate,Không hoàn toàn trực tuyến,0.0,0.0,4,,,,
Film/Video and Photographic Arts.,3,Bachelor's Degree,Không hoàn toàn trực tuyến,0.0,68.0,40,26962.5,26376.0,34591.0,38285.0
Intercultural/Multicultural and Diversity Studies.,1,Undergraduate Certificate or Diploma,Không hoàn toàn trực tuyến,0.0,0.0,4,14935.0,,,
"Intelligence, Command Control and Information Operations.",8,Graduate/Professional Certificate,Không hoàn toàn trực tuyến,0.0,0.0,1,,,,
"Intelligence, Command Control and Information Operations.",6,Doctoral Degree,Không hoàn toàn trực tuyến,0.0,0.0,0,,,,
"Intelligence, Command Control and Information Operations.",5,Master's Degree,Không hoàn toàn trực tuyến,0.0,0.0,3,,54184.0,,
"Intelligence, Command Control and Information Operations.",3,Bachelor's Degree,Không hoàn toàn trực tuyến,0.0,7.0,3,,,,
"Intelligence, Command Control and Information Operations.",2,Associate's Degree,Một phần có thể hoàn thành trực tuyến,0.0,0.0,1,,,,
"Legal Professions and Studies, Other.",2,Associate's Degree,Không hoàn toàn trực tuyến,0.0,0.0,3,,,,
"Intelligence, Command Control and Information Operations.",2,Associate's Degree,Không hoàn toàn trực tuyến,0.0,0.0,3,,,,
"Intelligence, Command Control and Information Operations.",1,Undergraduate Certificate or Diploma,Không hoàn toàn trực tuyến,0.0,20.0,3,,,60938.0,70912.0
Insurance.,8,Graduate/Professional Certificate,Không xác định,0.0,0.0,1,,,,
Electrical and Power Transmission Installers.,3,Bachelor's Degree,Không hoàn toàn trực tuyến,0.0,0.0,1,,,,
Electrical and Power Transmission Installers.,3,Bachelor's Degree,Có thể hoàn thành trực tuyến,0.0,0.0,2,,,,
Electrical and Power Transmission Installers.,2,Associate's Degree,Không xác định,0.0,0.0,2,,,,
Electrical and Power Transmission Installers.,2,Associate's Degree,Không hoàn toàn trực tuyến,0.0,2.0,17,18956.0,39410.0,39843.0,44769.0
Electrical and Power Transmission Installers.,1,Undergraduate Certificate or Diploma,Không hoàn toàn trực tuyến,0.0,77.0,58,9500.0,34080.0,38239.0,39449.0
Intercultural/Multicultural and Diversity Studies.,8,Graduate/Professional Certificate,Không hoàn toàn trực tuyến,0.0,0.0,3,,,,
Film/Video and Photographic Arts.,2,Associate's Degree,Không hoàn toàn trực tuyến,0.0,12.0,25,,,30841.5,27230.0
Film/Video and Photographic Arts.,1,Undergraduate Certificate or Diploma,Không hoàn toàn trực tuyến,0.0,34.0,40,15833.0,16156.0,23460.5,34080.5
Finance and Financial Management Services.,3,Bachelor's Degree,Không hoàn toàn trực tuyến,0.0,2.0,32,15062.5,53373.0,59472.0,70576.0
Business/Managerial Economics.,4,Post-baccalaureate Certificate,Không hoàn toàn trực tuyến,0.0,0.0,2,,,,
Business/Managerial Economics.,3,Bachelor's Degree,Không hoàn toàn trực tuyến,0.0,98.0,22,27000.0,49744.5,72930.0,70574.0
Business/Managerial Economics.,2,Associate's Degree,Không hoàn toàn trực tuyến,0.0,0.0,2,,,,
"City/Urban, Community and Regional Planning.",3,Bachelor's Degree,Không hoàn toàn trực tuyến,0.0,10.0,10,,,57758.0,56836.5
Business/Corporate Communications.,5,Master's Degree,Không hoàn toàn trực tuyến,0.0,0.0,1,,,,
Somatic Bodywork and Related Therapeutic Services.,5,Master's Degree,Không hoàn toàn trực tuyến,0.0,0.0,4,,,,
Somatic Bodywork and Related Therapeutic Services.,3,Bachelor's Degree,Không hoàn toàn trực tuyến,0.0,0.0,1,,,,
"City/Urban, Community and Regional Planning.",1,Undergraduate Certificate or Diploma,Không hoàn toàn trực tuyến,0.0,0.0,3,,,,
Somatic Bodywork and Related Therapeutic Services.,2,Associate's Degree,Không hoàn toàn trực tuyến,0.0,36.0,48,23000.0,23375.0,25704.0,25679.0
Computer Science.,6,Doctoral Degree,Không hoàn toàn trực tuyến,0.0,7.0,4,,114369.0,121097.0,124721.0
"Aerospace, Aeronautical and Astronautical Engineering.",3,Bachelor's Degree,Không hoàn toàn trực tuyến,0.0,0.0,1,,,,
"Aerospace, Aeronautical and Astronautical Engineering.",2,Associate's Degree,Không hoàn toàn trực tuyến,0.0,0.0,2,,,,
"Aerospace, Aeronautical and Astronautical Engineering.",1,Undergraduate Certificate or Diploma,Không hoàn toàn trực tuyến,0.0,0.0,1,,,,
Advanced/Graduate Dentistry and Oral Sciences.,8,Graduate/Professional Certificate,Không hoàn toàn trực tuyến,0.0,0.0,3,,206124.0,180857.0,245003.0
Advanced/Graduate Dentistry and Oral Sciences.,7,First Professional Degree,Không hoàn toàn trực tuyến,0.0,0.0,4,,272682.0,209668.5,255998.0
Advanced/Graduate Dentistry and Oral Sciences.,7,First Professional Degree,Có thể hoàn thành trực tuyến,0.0,0.0,1,,,,
Advanced/Graduate Dentistry and Oral Sciences.,6,Doctoral Degree,Không hoàn toàn trực tuyến,0.0,0.0,3,,,,189260.0
Alternative and Complementary Medical Support Services.,5,Master's Degree,Không hoàn toàn trực tuyến,0.0,0.0,0,,,,
"Southeast Asian and Australasian/Pacific Languages, Literatures, and Linguistics.",5,Master's Degree,Không hoàn toàn trực tuyến,0.0,0.0,1,,,,
Alternative and Complementary Medical Support Services.,4,Post-baccalaureate Certificate,Không hoàn toàn trực tuyến,0.0,0.0,1,21789.0,40712.0,,
Anthropology.,5,Master's Degree,Không hoàn toàn trực tuyến,0.0,1.0,2,,,,
Anthropology.,4,Post-baccalaureate Certificate,Không hoàn toàn trực tuyến,0.0,0.0,2,,,,
Anthropology.,3,Bachelor's Degree,Không hoàn toàn trực tuyến,0.0,6.0,13,24269.0,33094.0,39012.0,46008.0
Special Education and Teaching.,3,Bachelor's Degree,Không hoàn toàn trực tuyến,0.0,5.0,48,17489.5,40801.5,45861.5,50951.5
Special Education and Teaching.,2,Associate's Degree,Không hoàn toàn trực tuyến,0.0,1.0,24,,,,
Special Education and Teaching.,1,Undergraduate Certificate or Diploma,Không hoàn toàn trực tuyến,0.0,2.0,19,,,22248.0,25137.0
Alternative and Complementary Medical Support Services.,3,Bachelor's Degree,Không hoàn toàn trực tuyến,0.0,0.0,0,,,,
"Communication, Journalism, and Related Programs, Other.",1,Undergraduate Certificate or Diploma,Không hoàn toàn trực tuyến,0.0,0.0,5,25473.0,40060.0,49850.0,60768.0
Communication and Media Studies.,8,Graduate/Professional Certificate,Không hoàn toàn trực tuyến,0.0,0.0,10,,,,
Communication and Media Studies.,7,First Professional Degree,Không hoàn toàn trực tuyến,0.0,0.0,2,,,,
Communication and Media Studies.,6,Doctoral Degree,Không hoàn toàn trực tuyến,0.0,0.0,3,,,,
Communication and Media Studies.,5,Master's Degree,Không hoàn toàn trực tuyến,0.0,53.0,28,,47117.0,64521.0,73997.0
"Specialized Sales, Merchandising and  Marketing Operations.",1,Undergraduate Certificate or Diploma,Không hoàn toàn trực tuyến,0.0,1.0,12,,,14213.0,19004.0
Special Education and Teaching.,8,Graduate/Professional Certificate,Không hoàn toàn trực tuyến,0.0,34.0,32,,67634.0,,
Special Education and Teaching.,7,First Professional Degree,Không hoàn toàn trực tuyến,0.0,0.0,2,,,,
Special Education and Teaching.,6,Doctoral Degree,Không hoàn toàn trực tuyến,0.0,3.0,5,,,,
Special Education and Teaching.,5,Master's Degree,Không hoàn toàn trực tuyến,0.0,260.0,46,,61213.0,60094.0,65641.0
Special Education and Teaching.,4,Post-baccalaureate Certificate,Không hoàn toàn trực tuyến,0.0,0.0,69,23274.0,56625.0,61290.5,69195.5
Anthropology.,8,Graduate/Professional Certificate,Không hoàn toàn trực tuyến,0.0,1.0,3,,,,
Anthropology.,7,First Professional Degree,Không hoàn toàn trực tuyến,0.0,0.0,1,,,,
"Biological and Biomedical Sciences, Other.",4,Post-baccalaureate Certificate,Không hoàn toàn trực tuyến,0.0,0.0,4,,,,
Anthropology.,6,Doctoral Degree,Không xác định,0.0,7.0,1,,,,
Anthropology.,6,Doctoral Degree,Không hoàn toàn trực tuyến,0.0,0.0,0,,,,
Computer Programming.,6,Doctoral Degree,Không hoàn toàn trực tuyến,0.0,0.0,1,,,,
Computer Programming.,5,Master's Degree,Không hoàn toàn trực tuyến,0.0,0.0,2,,,,
Statistics.,1,Undergraduate Certificate or Diploma,Không hoàn toàn trực tuyến,0.0,0.0,3,19500.0,45979.0,77329.0,97085.0
"Biological and Biomedical Sciences, Other.",3,Bachelor's Degree,Không hoàn toàn trực tuyến,0.0,1.0,18,,,,
"Specialized Sales, Merchandising and  Marketing Operations.",8,Graduate/Professional Certificate,Không hoàn toàn trực tuyến,0.0,0.0,1,,,,
"Specialized Sales, Merchandising and  Marketing Operations.",7,First Professional Degree,Không hoàn toàn trực tuyến,0.0,0.0,1,,,,
Cell/Cellular Biology and Anatomical Sciences.,7,First Professional Degree,Có thể hoàn thành trực tuyến,0.0,0.0,2,,,,
Cell/Cellular Biology and Anatomical Sciences.,6,Doctoral Degree,Không hoàn toàn trực tuyến,0.0,3.0,11,,,,
Cell/Cellular Biology and Anatomical Sciences.,5,Master's Degree,Không hoàn toàn trực tuyến,0.0,2.0,5,,60613.0,,
Cell/Cellular Biology and Anatomical Sciences.,4,Post-baccalaureate Certificate,Không hoàn toàn trực tuyến,0.0,0.0,1,,,,
Cell/Cellular Biology and Anatomical Sciences.,3,Bachelor's Degree,Không hoàn toàn trực tuyến,0.0,2.0,9,19187.5,44054.5,58786.0,75347.0
Cell/Cellular Biology and Anatomical Sciences.,2,Associate's Degree,Không hoàn toàn trực tuyến,0.0,0.0,1,,,50312.0,55608.0
"English Language and Literature/Letters, Other.",3,Bachelor's Degree,Không xác định,0.0,0.0,1,,,,
"English Language and Literature/Letters, Other.",3,Bachelor's Degree,Không hoàn toàn trực tuyến,0.0,1.0,17,19643.0,37666.0,42486.5,49002.5
"Biological and Biomedical Sciences, Other.",2,Associate's Degree,Không hoàn toàn trực tuyến,0.0,19.0,6,,,,
"English Language and Literature/Letters, Other.",2,Associate's Degree,Không hoàn toàn trực tuyến,0.0,0.0,5,,,,
"English Language and Literature/Letters, Other.",1,Undergraduate Certificate or Diploma,Không hoàn toàn trực tuyến,0.0,175.0,5,,,30643.0,26199.0
Finance and Financial Management Services.,2,Associate's Degree,Không hoàn toàn trực tuyến,0.0,1.0,33,,,,
Finance and Financial Management Services.,1,Undergraduate Certificate or Diploma,Không hoàn toàn trực tuyến,0.0,10.0,33,23672.0,,13552.0,20842.0
Film/Video and Photographic Arts.,8,Graduate/Professional Certificate,Một phần có thể hoàn thành trực tuyến,0.0,0.0,1,,,,
"Specialized Sales, Merchandising and  Marketing Operations.",6,Doctoral Degree,Không hoàn toàn trực tuyến,0.0,0.0,1,,,,
"Specialized Sales, Merchandising and  Marketing Operations.",6,Doctoral Degree,Có thể hoàn thành trực tuyến,0.0,0.0,1,,,,
"Specialized Sales, Merchandising and  Marketing Operations.",5,Master's Degree,Không hoàn toàn trực tuyến,0.0,0.0,3,,,,
"Specialized Sales, Merchandising and  Marketing Operations.",4,Post-baccalaureate Certificate,Không hoàn toàn trực tuyến,0.0,0.0,2,,,,
"Specialized Sales, Merchandising and  Marketing Operations.",3,Bachelor's Degree,Không hoàn toàn trực tuyến,0.0,46.0,15,27000.0,27168.0,40230.5,43785.0
"Specialized Sales, Merchandising and  Marketing Operations.",2,Associate's Degree,Không hoàn toàn trực tuyến,0.0,0.0,14,,,31999.0,30385.5
"Specialized Sales, Merchandising and  Marketing Operations.",1,Undergraduate Certificate or Diploma,Không xác định,0.0,0.0,3,,,,
Statistics.,6,Doctoral Degree,Không hoàn toàn trực tuyến,0.0,0.0,3,,,,
Statistics.,5,Master's Degree,Không hoàn toàn trực tuyến,0.0,82.0,8,,85914.5,109806.0,104267.0
Statistics.,4,Post-baccalaureate Certificate,Không hoàn toàn trực tuyến,0.0,0.0,9,16041.0,98980.0,,
Statistics.,3,Bachelor's Degree,Không hoàn toàn trực tuyến,0.0,21.0,17,18500.0,73991.0,84065.0,108373.0
Legal Research and Advanced Professional Studies.,3,Bachelor's Degree,Không hoàn toàn trực tuyến,0.0,0.0,6,,,40144.0,43491.0
Statistics.,2,Associate's Degree,Không hoàn toàn trực tuyến,0.0,1.0,2,,,,
Statistics.,2,Associate's Degree,Có thể hoàn thành trực tuyến,0.0,0.0,1,,,,
Computer Science.,5,Master's Degree,Không hoàn toàn trực tuyến,0.0,1.0,14,,96757.5,,
Computer Science.,4,Post-baccalaureate Certificate,Không hoàn toàn trực tuyến,0.0,0.0,9,,,,
Computer Science.,3,Bachelor's Degree,Không hoàn toàn trực tuyến,0.0,89.0,53,35805.0,55216.0,53766.0,63075.0
Computer Science.,2,Associate's Degree,Không hoàn toàn trực tuyến,0.0,53.0,35,25065.0,39610.0,33205.0,42538.0
Computer Science.,1,Undergraduate Certificate or Diploma,Một phần có thể hoàn thành trực tuyến,0.0,2.0,3,,,,
Computer Science.,1,Undergraduate Certificate or Diploma,Không hoàn toàn trực tuyến,0.0,0.0,24,,,55990.0,90271.0
Computer Programming.,8,Graduate/Professional Certificate,Không hoàn toàn trực tuyến,0.0,0.0,1,,,,
Student Counseling and Personnel Services.,6,Doctoral Degree,Không hoàn toàn trực tuyến,0.0,3.0,10,,70373.5,47807.0,54507.0
Student Counseling and Personnel Services.,5,Master's Degree,Không hoàn toàn trực tuyến,0.0,73.0,36,,50034.0,53226.0,60934.5
Student Counseling and Personnel Services.,4,Post-baccalaureate Certificate,Không hoàn toàn trực tuyến,0.0,0.0,23,,58038.0,68127.5,78737.0
Legal Research and Advanced Professional Studies.,2,Associate's Degree,Không hoàn toàn trực tuyến,0.0,0.0,2,,,,
Student Counseling and Personnel Services.,3,Bachelor's Degree,Không hoàn toàn trực tuyến,0.0,0.0,9,,,,
Legal Research and Advanced Professional Studies.,7,First Professional Degree,Không hoàn toàn trực tuyến,0.0,0.0,26,,74312.5,88252.0,104893.5
Legal Research and Advanced Professional Studies.,6,Doctoral Degree,Không hoàn toàn trực tuyến,0.0,0.0,5,,,73374.0,85147.0
Student Counseling and Personnel Services.,1,Undergraduate Certificate or Diploma,Không hoàn toàn trực tuyến,0.0,0.0,3,,,,
Statistics.,8,Graduate/Professional Certificate,Không hoàn toàn trực tuyến,0.0,8.0,2,,,,
Statistics.,7,First Professional Degree,Không hoàn toàn trực tuyến,0.0,0.0,1,,,,
Surveying Engineering.,5,Master's Degree,Không hoàn toàn trực tuyến,0.0,0.0,0,,,,
Surveying Engineering.,4,Post-baccalaureate Certificate,Không hoàn toàn trực tuyến,0.0,0.0,1,,,,
Surveying Engineering.,3,Bachelor's Degree,Một phần có thể hoàn thành trực tuyến,0.0,0.0,1,,,,
Surveying Engineering.,3,Bachelor's Degree,Không hoàn toàn trực tuyến,0.0,0.0,1,,,,
Surveying Engineering.,2,Associate's Degree,Không hoàn toàn trực tuyến,0.0,0.0,1,,,,
Legal Research and Advanced Professional Studies.,5,Master's Degree,Không hoàn toàn trực tuyến,0.0,1.0,9,,107961.0,59625.0,76423.0
Legal Research and Advanced Professional Studies.,4,Post-baccalaureate Certificate,Không hoàn toàn trực tuyến,0.0,0.0,6,19500.0,74141.0,94866.0,
Surveying Engineering.,1,Undergraduate Certificate or Diploma,Không hoàn toàn trực tuyến,0.0,0.0,1,,,,
Surgery Residency/Fellowship Programs.,5,Master's Degree,Không hoàn toàn trực tuyến,0.0,0.0,1,,,,
Surgery Residency/Fellowship Programs.,4,Post-baccalaureate Certificate,Không hoàn toàn trực tuyến,0.0,0.0,0,,,,
Student Counseling and Personnel Services.,8,Graduate/Professional Certificate,Không hoàn toàn trực tuyến,0.0,0.0,16,,54040.0,71072.0,79236.0
Student Counseling and Personnel Services.,7,First Professional Degree,Không hoàn toàn trực tuyến,0.0,0.0,6,,51446.0,50108.0,57252.0
Sustainability Studies.,1,Undergraduate Certificate or Diploma,Không hoàn toàn trực tuyến,0.0,0.0,5,21425.0,34699.0,56979.0,60597.0
Surveying Engineering.,8,Graduate/Professional Certificate,Có thể hoàn thành trực tuyến,0.0,0.0,1,,,,
Anthropology.,2,Associate's Degree,Không hoàn toàn trực tuyến,0.0,0.0,2,,,,
Anthropology.,1,Undergraduate Certificate or Diploma,Không xác định,0.0,0.0,1,,,,
Anthropology.,1,Undergraduate Certificate or Diploma,Không hoàn toàn trực tuyến,0.0,0.0,11,,,,
"Family and Consumer Sciences/Human Sciences, General.",6,Doctoral Degree,Không hoàn toàn trực tuyến,0.0,0.0,1,,,,
"Family and Consumer Sciences/Human Sciences, General.",5,Master's Degree,Không hoàn toàn trực tuyến,0.0,6.0,8,,,,
"Family and Consumer Sciences/Human Sciences, General.",3,Bachelor's Degree,Không hoàn toàn trực tuyến,0.0,11.0,14,,28495.0,37079.0,47288.0
"Family and Consumer Sciences/Human Sciences, General.",2,Associate's Degree,Không hoàn toàn trực tuyến,0.0,0.0,6,,,19980.0,24693.0
"Family and Consumer Sciences/Human Sciences, General.",1,Undergraduate Certificate or Diploma,Không xác định,0.0,0.0,1,,,,
"Family and Consumer Sciences/Human Sciences, Other.",8,Graduate/Professional Certificate,Có thể hoàn thành trực tuyến,0.0,0.0,1,,,,
"Family and Consumer Sciences/Human Sciences, Other.",5,Master's Degree,Không hoàn toàn trực tuyến,0.0,0.0,1,,,,
"Family and Consumer Sciences/Human Sciences, Other.",3,Bachelor's Degree,Không hoàn toàn trực tuyến,0.0,0.0,1,,,,
"Family and Consumer Sciences/Human Sciences, Other.",2,Associate's Degree,Không hoàn toàn trực tuyến,0.0,0.0,1,,,,
Alternative and Complementary Medical Support Services.,5,Master's Degree,Không xác định,0.0,2.0,1,,,,
"Educational Assessment, Evaluation, and Research.",6,Doctoral Degree,Không hoàn toàn trực tuyến,0.0,1.0,3,,,,
Cell/Cellular Biology and Anatomical Sciences.,7,First Professional Degree,Không hoàn toàn trực tuyến,0.0,0.0,1,,,,
Animal Sciences.,8,Graduate/Professional Certificate,Không hoàn toàn trực tuyến,0.0,2.0,1,,,,
Animal Sciences.,7,First Professional Degree,Không hoàn toàn trực tuyến,0.0,0.0,1,,,,
Animal Sciences.,6,Doctoral Degree,Không hoàn toàn trực tuyến,0.0,0.0,2,,,,
Animal Sciences.,5,Master's Degree,Không xác định,0.0,0.0,1,,,,
Surveying Engineering.,6,Doctoral Degree,Không hoàn toàn trực tuyến,0.0,0.0,1,,,,
Surveying Engineering.,6,Doctoral Degree,Có thể hoàn thành trực tuyến,0.0,1.0,1,,,,
"Educational Assessment, Evaluation, and Research.",5,Master's Degree,Không hoàn toàn trực tuyến,0.0,0.0,8,,,,
Computer Engineering.,6,Doctoral Degree,Không hoàn toàn trực tuyến,0.0,0.0,1,,,,
"Communication, Journalism, and Related Programs, Other.",6,Doctoral Degree,Không hoàn toàn trực tuyến,0.0,0.0,3,,,,
Sustainability Studies.,5,Master's Degree,Không hoàn toàn trực tuyến,0.0,3.0,7,,,,
Sustainability Studies.,4,Post-baccalaureate Certificate,Không hoàn toàn trực tuyến,0.0,0.0,5,,,,
Sustainability Studies.,3,Bachelor's Degree,Không hoàn toàn trực tuyến,0.0,3.0,14,21755.0,31319.0,,
"Educational Assessment, Evaluation, and Research.",4,Post-baccalaureate Certificate,Không hoàn toàn trực tuyến,0.0,0.0,7,,66825.0,,
Sustainability Studies.,2,Associate's Degree,Không xác định,0.0,0.0,3,,,,
Sustainability Studies.,2,Associate's Degree,Không hoàn toàn trực tuyến,0.0,0.0,2,,,,
Systems Engineering.,4,Post-baccalaureate Certificate,Không hoàn toàn trực tuyến,0.0,0.0,2,,,,
Systems Engineering.,3,Bachelor's Degree,Không hoàn toàn trực tuyến,0.0,21.0,6,27000.0,79942.0,,
"Educational Assessment, Evaluation, and Research.",3,Bachelor's Degree,Không hoàn toàn trực tuyến,0.0,0.0,1,,,,
Systems Engineering.,1,Undergraduate Certificate or Diploma,Không hoàn toàn trực tuyến,0.0,0.0,2,,,,
Sustainability Studies.,8,Graduate/Professional Certificate,Không hoàn toàn trực tuyến,0.0,0.0,4,,,,
Sustainability Studies.,7,First Professional Degree,Không hoàn toàn trực tuyến,0.0,0.0,1,,,,
Sustainability Studies.,6,Doctoral Degree,Không hoàn toàn trực tuyến,0.0,0.0,0,,,,
Computer Programming.,4,Post-baccalaureate Certificate,Không hoàn toàn trực tuyến,0.0,0.0,2,,,,
Computer Programming.,3,Bachelor's Degree,Không hoàn toàn trực tuyến,0.0,54.0,24,27000.0,79819.0,31916.0,37690.0
Computer Programming.,2,Associate's Degree,Không hoàn toàn trực tuyến,0.0,34.0,49,20729.0,32076.0,36797.0,43487.5
Computer Programming.,1,Undergraduate Certificate or Diploma,Không hoàn toàn trực tuyến,0.0,13.0,37,10004.0,18277.0,19642.0,28333.0
Computer Engineering.,8,Graduate/Professional Certificate,Không hoàn toàn trực tuyến,0.0,0.0,3,,,,
Computer Engineering.,7,First Professional Degree,Không hoàn toàn trực tuyến,0.0,0.0,1,,,,
"Educational Assessment, Evaluation, and Research.",1,Undergraduate Certificate or Diploma,Một phần có thể hoàn thành trực tuyến,0.0,0.0,1,,,,
Systems Science and Theory.,3,Bachelor's Degree,Không hoàn toàn trực tuyến,0.0,1.0,2,,,,
Systems Engineering.,8,Graduate/Professional Certificate,Không hoàn toàn trực tuyến,0.0,1.0,4,,,,
"Communication, Journalism, and Related Programs, Other.",5,Master's Degree,Không hoàn toàn trực tuyến,0.0,0.0,3,,53070.0,,
"Communication, Journalism, and Related Programs, Other.",4,Post-baccalaureate Certificate,Không hoàn toàn trực tuyến,0.0,0.0,2,,,,
"Communication, Journalism, and Related Programs, Other.",3,Bachelor's Degree,Không hoàn toàn trực tuyến,0.0,21.0,38,25000.0,36248.0,42559.0,49680.5
Educational Administration and Supervision.,8,Graduate/Professional Certificate,Không hoàn toàn trực tuyến,0.0,14.0,44,,91489.0,74615.0,79135.0
"Communication, Journalism, and Related Programs, Other.",2,Associate's Degree,Không hoàn toàn trực tuyến,0.0,0.0,8,,,,
Computer Engineering.,5,Master's Degree,Không hoàn toàn trực tuyến,0.0,0.0,4,,,,
Computer Engineering.,4,Post-baccalaureate Certificate,Không hoàn toàn trực tuyến,0.0,0.0,4,,,,
Computer Engineering.,3,Bachelor's Degree,Không hoàn toàn trực tuyến,0.0,2.0,9,24500.0,78340.0,227172.0,174463.5
Systems Engineering.,5,Master's Degree,Không hoàn toàn trực tuyến,0.0,0.0,7,,115680.0,,
Taxation.,8,Graduate/Professional Certificate,Không hoàn toàn trực tuyến,0.0,1.0,2,,,,
Taxation.,7,First Professional Degree,Không hoàn toàn trực tuyến,0.0,0.0,2,,,,
Taxation.,6,Doctoral Degree,Có thể hoàn thành trực tuyến,0.0,0.0,1,,,,
Taxation.,5,Master's Degree,Không hoàn toàn trực tuyến,0.0,19.0,8,,,,
Taxation.,4,Post-baccalaureate Certificate,Không hoàn toàn trực tuyến,0.0,0.0,7,,,,
Family and Consumer Sciences/Human Sciences Business Services.,3,Bachelor's Degree,Không hoàn toàn trực tuyến,0.0,0.0,1,,,,
Family and Consumer Sciences/Human Sciences Business Services.,2,Associate's Degree,Không xác định,0.0,0.0,1,,,,
Family and Consumer Sciences/Human Sciences Business Services.,2,Associate's Degree,Có thể hoàn thành trực tuyến,0.0,0.0,1,,,,
Family and Consumer Sciences/Human Sciences Business Services.,1,Undergraduate Certificate or Diploma,Không hoàn toàn trực tuyến,0.0,3.0,4,,,,
Leisure and Recreational Activities.,4,Post-baccalaureate Certificate,Không hoàn toàn trực tuyến,0.0,0.0,0,,,,
Leisure and Recreational Activities.,3,Bachelor's Degree,Không hoàn toàn trực tuyến,0.0,0.0,33,26000.0,23400.0,40357.5,41743.5
Cell/Cellular Biology and Anatomical Sciences.,1,Undergraduate Certificate or Diploma,Không hoàn toàn trực tuyến,0.0,0.0,1,,,,
Information Science/Studies.,2,Associate's Degree,Không hoàn toàn trực tuyến,0.0,2.0,32,13125.0,37961.0,54073.0,62577.0
Information Science/Studies.,1,Undergraduate Certificate or Diploma,Không hoàn toàn trực tuyến,0.0,18.0,26,,,,
Industrial Production Technologies/Technicians.,6,Doctoral Degree,Một phần có thể hoàn thành trực tuyến,0.0,0.0,1,,,,
Industrial Production Technologies/Technicians.,5,Master's Degree,Không hoàn toàn trực tuyến,0.0,0.0,5,,,,
Biological/Biosystems Engineering.,5,Master's Degree,Không hoàn toàn trực tuyến,0.0,3.0,2,,,,
Biological/Biosystems Engineering.,3,Bachelor's Degree,Không hoàn toàn trực tuyến,0.0,0.0,1,,,,
Biological/Biosystems Engineering.,2,Associate's Degree,Có thể hoàn thành trực tuyến,0.0,0.0,1,,,,
Biological and Physical Sciences.,8,Graduate/Professional Certificate,Không hoàn toàn trực tuyến,0.0,0.0,1,,,,
Chemistry.,7,First Professional Degree,Không hoàn toàn trực tuyến,0.0,0.0,1,,,,
Chemistry.,6,Doctoral Degree,Không hoàn toàn trực tuyến,0.0,0.0,6,,,,
Chemistry.,5,Master's Degree,Không hoàn toàn trực tuyến,0.0,1.0,6,,,,
Chemistry.,4,Post-baccalaureate Certificate,Không hoàn toàn trực tuyến,0.0,0.0,1,,,,
Chemistry.,3,Bachelor's Degree,Không xác định,0.0,0.0,1,,38766.0,,55428.0
Chemistry.,3,Bachelor's Degree,Không hoàn toàn trực tuyến,0.0,17.0,19,,,,
Intercultural/Multicultural and Diversity Studies.,3,Bachelor's Degree,Không hoàn toàn trực tuyến,0.0,0.0,11,17811.0,26032.0,42334.0,52794.0
Cell/Cellular Biology and Anatomical Sciences.,1,Undergraduate Certificate or Diploma,Có thể hoàn thành trực tuyến,0.0,0.0,1,,,,
Entrepreneurial and Small Business Operations.,1,Undergraduate Certificate or Diploma,Không hoàn toàn trực tuyến,0.0,4.0,43,26000.0,46878.0,60850.0,68295.0
English Literature (British and Commonwealth).,5,Master's Degree,Không hoàn toàn trực tuyến,0.0,0.0,0,,,,
"Family and Consumer Sciences/Human Sciences, General.",8,Graduate/Professional Certificate,Không hoàn toàn trực tuyến,0.0,0.0,1,,,,
"Family and Consumer Sciences/Human Sciences, General.",8,Graduate/Professional Certificate,Có thể hoàn thành trực tuyến,0.0,1.0,2,,,,
"Family and Consumer Sciences/Human Sciences, General.",7,First Professional Degree,Không hoàn toàn trực tuyến,0.0,0.0,1,,,,
Taxation.,1,Undergraduate Certificate or Diploma,Không hoàn toàn trực tuyến,0.0,0.0,2,,,,
Systems Science and Theory.,8,Graduate/Professional Certificate,Không hoàn toàn trực tuyến,0.0,0.0,1,,,,
Systems Science and Theory.,5,Master's Degree,Không hoàn toàn trực tuyến,0.0,0.0,3,,,57131.0,67304.0
Systems Science and Theory.,4,Post-baccalaureate Certificate,Không hoàn toàn trực tuyến,0.0,0.0,1,,,,
Leisure and Recreational Activities.,2,Associate's Degree,Không hoàn toàn trực tuyến,0.0,0.0,14,,,,
Computer Engineering.,2,Associate's Degree,Không hoàn toàn trực tuyến,0.0,0.0,5,,,61864.0,
Computer Engineering.,1,Undergraduate Certificate or Diploma,Không hoàn toàn trực tuyến,0.0,0.0,6,7917.0,31111.0,,
Computer Engineering Technologies/Technicians.,8,Graduate/Professional Certificate,Không hoàn toàn trực tuyến,0.0,0.0,1,,,,
"Teacher Education and Professional Development, Specific Levels and Methods.",3,Bachelor's Degree,Không hoàn toàn trực tuyến,0.0,64.0,60,27000.0,41281.0,42546.0,46637.0
Animal Sciences.,5,Master's Degree,Không hoàn toàn trực tuyến,0.0,0.0,3,,,,
Animal Sciences.,3,Bachelor's Degree,Không hoàn toàn trực tuyến,0.0,0.0,4,,,33969.5,48440.0
Leisure and Recreational Activities.,1,Undergraduate Certificate or Diploma,Không hoàn toàn trực tuyến,0.0,0.0,10,23158.0,45018.0,,
Animal Sciences.,2,Associate's Degree,Không hoàn toàn trực tuyến,0.0,7.0,8,12000.0,39743.0,45051.0,51110.0
Animal Sciences.,1,Undergraduate Certificate or Diploma,Không hoàn toàn trực tuyến,0.0,0.0,3,,,,
American Sign Language.,8,Graduate/Professional Certificate,Không hoàn toàn trực tuyến,0.0,2.0,1,,,,
American Sign Language.,8,Graduate/Professional Certificate,Có thể hoàn thành trực tuyến,0.0,0.0,1,,,,
"Teacher Education and Professional Development, Specific Levels and Methods.",2,Associate's Degree,Không hoàn toàn trực tuyến,0.0,5.0,86,15181.5,20646.0,22903.0,28922.0
"Teacher Education and Professional Development, Specific Levels and Methods.",1,Undergraduate Certificate or Diploma,Không hoàn toàn trực tuyến,0.0,40.0,62,11669.5,16932.5,47795.0,51561.0
"Teacher Education and Professional Development, Specific Subject Areas.",3,Bachelor's Degree,Không hoàn toàn trực tuyến,0.0,17.0,69,23670.0,43086.0,44489.5,50380.5
"Teacher Education and Professional Development, Specific Subject Areas.",2,Associate's Degree,Không hoàn toàn trực tuyến,0.0,7.0,47,12000.0,21861.5,34002.0,36878.5
"Teacher Education and Professional Development, Specific Subject Areas.",1,Undergraduate Certificate or Diploma,Không hoàn toàn trực tuyến,0.0,324.0,43,13775.0,31131.5,25945.5,31291.0
"Teacher Education and Professional Development, Specific Levels and Methods.",8,Graduate/Professional Certificate,Không hoàn toàn trực tuyến,0.0,3.0,36,,,61068.0,68091.0
"Teacher Education and Professional Development, Specific Levels and Methods.",7,First Professional Degree,Không hoàn toàn trực tuyến,0.0,0.0,8,,45119.0,58067.0,64243.0
"Teacher Education and Professional Development, Specific Levels and Methods.",7,First Professional Degree,Có thể hoàn thành trực tuyến,0.0,0.0,1,,,,
"Teacher Education and Professional Development, Specific Levels and Methods.",6,Doctoral Degree,Không hoàn toàn trực tuyến,0.0,2.0,10,,67851.0,,
"Teacher Education and Professional Development, Specific Levels and Methods.",5,Master's Degree,Không hoàn toàn trực tuyến,0.0,24.0,63,,55078.0,52032.0,56291.0
"Teacher Education and Professional Development, Specific Levels and Methods.",4,Post-baccalaureate Certificate,Không hoàn toàn trực tuyến,0.0,0.0,78,20089.0,46898.5,50098.0,54548.0
"Allied Health Diagnostic, Intervention, and Treatment Professions.",6,Doctoral Degree,Không hoàn toàn trực tuyến,0.0,14.0,6,,100888.5,,
"Allied Health Diagnostic, Intervention, and Treatment Professions.",5,Master's Degree,Không hoàn toàn trực tuyến,0.0,0.0,12,,77125.5,91792.5,136935.0
"Allied Health Diagnostic, Intervention, and Treatment Professions.",4,Post-baccalaureate Certificate,Không hoàn toàn trực tuyến,0.0,0.0,16,,,,
"Allied Health Diagnostic, Intervention, and Treatment Professions.",3,Bachelor's Degree,Không hoàn toàn trực tuyến,0.0,225.0,81,27500.0,59907.5,55832.0,57596.5
"Allied Health Diagnostic, Intervention, and Treatment Professions.",2,Associate's Degree,Không hoàn toàn trực tuyến,0.0,238.0,101,27386.0,49950.0,49587.0,53095.0
American Sign Language.,2,Associate's Degree,Không hoàn toàn trực tuyến,0.0,1.0,12,,,,
American Sign Language.,1,Undergraduate Certificate or Diploma,Không hoàn toàn trực tuyến,0.0,0.0,6,,,,
Advanced/Graduate Dentistry and Oral Sciences.,1,Undergraduate Certificate or Diploma,Không hoàn toàn trực tuyến,0.0,0.0,11,,220594.0,219971.0,224402.0
Legal Support Services.,8,Graduate/Professional Certificate,Không hoàn toàn trực tuyến,0.0,5.0,4,,,60642.0,68675.0
Accounting and Related Services.,8,Graduate/Professional Certificate,Không hoàn toàn trực tuyến,0.0,1.0,12,,104613.0,,
Computer Engineering Technologies/Technicians.,6,Doctoral Degree,Một phần có thể hoàn thành trực tuyến,0.0,0.0,1,,,,
Computer Engineering Technologies/Technicians.,5,Master's Degree,Không hoàn toàn trực tuyến,0.0,0.0,0,,,,
Computer Engineering Technologies/Technicians.,3,Bachelor's Degree,Không hoàn toàn trực tuyến,0.0,0.0,11,,,73751.0,88177.5
Computer Engineering Technologies/Technicians.,2,Associate's Degree,Không hoàn toàn trực tuyến,0.0,13.0,36,,20049.0,35763.5,43211.5
Computer Engineering Technologies/Technicians.,1,Undergraduate Certificate or Diploma,Không hoàn toàn trực tuyến,0.0,24.0,36,,,28649.5,32315.5
Accounting and Related Services.,7,First Professional Degree,Không hoàn toàn trực tuyến,0.0,0.0,3,,72664.0,91872.0,105054.0
"Teacher Education and Professional Development, Specific Subject Areas.",6,Doctoral Degree,Không hoàn toàn trực tuyến,0.0,1.0,14,,,,
"Teacher Education and Professional Development, Specific Subject Areas.",5,Master's Degree,Không hoàn toàn trực tuyến,0.0,41.0,69,,57803.0,50658.5,57178.0
"Teacher Education and Professional Development, Specific Subject Areas.",4,Post-baccalaureate Certificate,Không hoàn toàn trực tuyến,0.0,0.0,64,24484.5,52188.0,54044.5,62012.5
Advanced/Graduate Dentistry and Oral Sciences.,5,Master's Degree,Không hoàn toàn trực tuyến,0.0,0.0,2,,,,
Advanced/Graduate Dentistry and Oral Sciences.,4,Post-baccalaureate Certificate,Không hoàn toàn trực tuyến,0.0,0.0,3,,170705.0,236219.0,299086.0
Advanced/Graduate Dentistry and Oral Sciences.,3,Bachelor's Degree,Không hoàn toàn trực tuyến,0.0,0.0,3,,,,
Advanced/Graduate Dentistry and Oral Sciences.,3,Bachelor's Degree,Có thể hoàn thành trực tuyến,0.0,0.0,1,,,,
"Ethnic, Cultural Minority, Gender, and Group Studies.",8,Graduate/Professional Certificate,Không hoàn toàn trực tuyến,0.0,12.0,4,,,,
Environmental Control Technologies/Technicians.,1,Undergraduate Certificate or Diploma,Không hoàn toàn trực tuyến,0.0,127.0,59,9500.0,35543.5,38356.0,42109.0
Entrepreneurial and Small Business Operations.,8,Graduate/Professional Certificate,Không hoàn toàn trực tuyến,0.0,4.0,7,,,,
Entrepreneurial and Small Business Operations.,7,First Professional Degree,Có thể hoàn thành trực tuyến,0.0,7.0,1,,,,
Entrepreneurial and Small Business Operations.,6,Doctoral Degree,Không hoàn toàn trực tuyến,0.0,0.0,0,,,,
"Family and Consumer Sciences/Human Sciences, General.",1,Undergraduate Certificate or Diploma,Không hoàn toàn trực tuyến,0.0,0.0,1,,,,
Family and Consumer Sciences/Human Sciences Business Services.,8,Graduate/Professional Certificate,Có thể hoàn thành trực tuyến,0.0,0.0,1,,,,
Advanced/Graduate Dentistry and Oral Sciences.,2,Associate's Degree,Không hoàn toàn trực tuyến,0.0,0.0,1,,,,
American Sign Language.,4,Post-baccalaureate Certificate,Không hoàn toàn trực tuyến,0.0,0.0,3,,,,
American Sign Language.,3,Bachelor's Degree,Không hoàn toàn trực tuyến,0.0,2.0,6,,,,
Legal Support Services.,7,First Professional Degree,Có thể hoàn thành trực tuyến,0.0,0.0,1,,,,
Teaching English or French as a Second or Foreign Language.,1,Undergraduate Certificate or Diploma,Không hoàn toàn trực tuyến,0.0,4.0,16,,,21348.0,26085.0
Teaching Assistants/Aides.,8,Graduate/Professional Certificate,Một phần có thể hoàn thành trực tuyến,0.0,0.0,1,,,,
Teaching Assistants/Aides.,8,Graduate/Professional Certificate,Không hoàn toàn trực tuyến,0.0,0.0,1,,,,
Teaching Assistants/Aides.,6,Doctoral Degree,Không hoàn toàn trực tuyến,0.0,0.0,1,,,,
Teaching Assistants/Aides.,5,Master's Degree,Không hoàn toàn trực tuyến,0.0,0.0,1,,,,
Teaching Assistants/Aides.,3,Bachelor's Degree,Một phần có thể hoàn thành trực tuyến,0.0,0.0,1,,,,
Teaching Assistants/Aides.,3,Bachelor's Degree,Không hoàn toàn trực tuyến,0.0,0.0,2,,,,
Teaching Assistants/Aides.,2,Associate's Degree,Không hoàn toàn trực tuyến,0.0,8.0,40,,,,
Teaching Assistants/Aides.,1,Undergraduate Certificate or Diploma,Không hoàn toàn trực tuyến,0.0,0.0,23,9500.0,20317.5,26284.0,27461.0
"Teacher Education and Professional Development, Specific Subject Areas.",8,Graduate/Professional Certificate,Không hoàn toàn trực tuyến,0.0,0.0,33,,62585.0,,
"Teacher Education and Professional Development, Specific Subject Areas.",7,First Professional Degree,Không hoàn toàn trực tuyến,0.0,0.0,3,,,,
Alternative and Complementary Medicine and Medical Systems.,8,Graduate/Professional Certificate,Không hoàn toàn trực tuyến,0.0,0.0,7,,,,38150.0
Teaching English or French as a Second or Foreign Language.,8,Graduate/Professional Certificate,Không hoàn toàn trực tuyến,0.0,14.0,22,,95855.5,68070.0,77643.0
Teaching English or French as a Second or Foreign Language.,7,First Professional Degree,Không hoàn toàn trực tuyến,0.0,0.0,1,,,,
Teaching English or French as a Second or Foreign Language.,6,Doctoral Degree,Một phần có thể hoàn thành trực tuyến,0.0,0.0,1,,,,
Teaching English or French as a Second or Foreign Language.,6,Doctoral Degree,Không xác định,0.0,0.0,1,,,,
"Ethnic, Cultural Minority, Gender, and Group Studies.",5,Master's Degree,Không hoàn toàn trực tuyến,0.0,7.0,13,,,,
"Ethnic, Cultural Minority, Gender, and Group Studies.",4,Post-baccalaureate Certificate,Không hoàn toàn trực tuyến,0.0,0.0,12,22903.0,,,
"Ethnic, Cultural Minority, Gender, and Group Studies.",3,Bachelor's Degree,Không hoàn toàn trực tuyến,0.0,9.0,26,,,,
"Ethnic, Cultural Minority, Gender, and Group Studies.",2,Associate's Degree,Không hoàn toàn trực tuyến,0.0,1.0,11,,,,
Casino Operations and Services.,1,Undergraduate Certificate or Diploma,Không hoàn toàn trực tuyến,0.0,0.0,1,,,,
Carpenters.,2,Associate's Degree,Không hoàn toàn trực tuyến,0.0,41.0,21,14117.0,39420.0,,
Family and Consumer Economics and Related Studies.,5,Master's Degree,Không hoàn toàn trực tuyến,0.0,8.0,1,,,,
Family and Consumer Economics and Related Studies.,3,Bachelor's Degree,Không hoàn toàn trực tuyến,0.0,55.0,7,27000.0,50614.0,50514.0,54158.5
Family and Consumer Economics and Related Studies.,2,Associate's Degree,Không hoàn toàn trực tuyến,0.0,0.0,1,,,,
Family and Consumer Economics and Related Studies.,1,Undergraduate Certificate or Diploma,Có thể hoàn thành trực tuyến,0.0,0.0,1,,,,
Teaching English or French as a Second or Foreign Language.,6,Doctoral Degree,Không hoàn toàn trực tuyến,0.0,0.0,0,,,,
Teaching English or French as a Second or Foreign Language.,5,Master's Degree,Không hoàn toàn trực tuyến,0.0,9.0,36,,55564.0,56567.0,57386.0
Teaching English or French as a Second or Foreign Language.,4,Post-baccalaureate Certificate,Không hoàn toàn trực tuyến,0.0,0.0,30,,64580.0,99454.0,109803.0
Teaching English or French as a Second or Foreign Language.,3,Bachelor's Degree,Không hoàn toàn trực tuyến,0.0,1.0,19,24500.0,31525.0,,
Teaching English or French as a Second or Foreign Language.,2,Associate's Degree,Không hoàn toàn trực tuyến,0.0,0.0,2,,,,
"Communications Technologies/Technicians and Support Services, Other.",1,Undergraduate Certificate or Diploma,Không hoàn toàn trực tuyến,0.0,27.0,2,,,,
Insurance.,1,Undergraduate Certificate or Diploma,Không hoàn toàn trực tuyến,0.0,2.0,6,21300.0,62250.0,77132.0,95685.0
Information Science/Studies.,8,Graduate/Professional Certificate,Không hoàn toàn trực tuyến,0.0,0.0,4,,,,
Information Science/Studies.,7,First Professional Degree,Không hoàn toàn trực tuyến,0.0,0.0,1,,175482.0,,
Information Science/Studies.,6,Doctoral Degree,Không hoàn toàn trực tuyến,0.0,0.0,2,,,,
Information Science/Studies.,5,Master's Degree,Không hoàn toàn trực tuyến,0.0,0.0,16,,75484.0,91219.5,99073.5
Biological/Biosystems Engineering.,8,Graduate/Professional Certificate,Có thể hoàn thành trực tuyến,0.0,0.0,1,,,,
Biological/Biosystems Engineering.,6,Doctoral Degree,Không hoàn toàn trực tuyến,0.0,0.0,1,,,,
Insurance.,6,Doctoral Degree,Có thể hoàn thành trực tuyến,0.0,1.0,1,,,,
Insurance.,4,Post-baccalaureate Certificate,Không hoàn toàn trực tuyến,0.0,0.0,1,,,,
Insurance.,3,Bachelor's Degree,Không hoàn toàn trực tuyến,0.0,0.0,11,20250.0,52242.0,,68766.0
Insurance.,2,Associate's Degree,Một phần có thể hoàn thành trực tuyến,0.0,0.0,2,,,,
Chemistry.,8,Graduate/Professional Certificate,Không hoàn toàn trực tuyến,0.0,0.0,5,,,,
"Communication, Journalism, and Related Programs, Other.",8,Graduate/Professional Certificate,Không xác định,0.0,0.0,2,,,,
"Communication, Journalism, and Related Programs, Other.",8,Graduate/Professional Certificate,Không hoàn toàn trực tuyến,0.0,0.0,4,,,,
Telecommunications Management.,1,Undergraduate Certificate or Diploma,Có thể hoàn thành trực tuyến,0.0,0.0,1,,,,
"American Indian/Native American Languages, Literatures, and Linguistics.",6,Doctoral Degree,Không hoàn toàn trực tuyến,0.0,2.0,1,,,,
"American Indian/Native American Languages, Literatures, and Linguistics.",5,Master's Degree,Không hoàn toàn trực tuyến,0.0,0.0,0,,,,
"American Indian/Native American Languages, Literatures, and Linguistics.",5,Master's Degree,Có thể hoàn thành trực tuyến,0.0,12.0,2,,,,
"American Indian/Native American Languages, Literatures, and Linguistics.",3,Bachelor's Degree,Không hoàn toàn trực tuyến,0.0,0.0,1,,,,
"American Indian/Native American Languages, Literatures, and Linguistics.",2,Associate's Degree,Không hoàn toàn trực tuyến,0.0,0.0,1,,,,
"American Indian/Native American Languages, Literatures, and Linguistics.",2,Associate's Degree,Có thể hoàn thành trực tuyến,0.0,4.0,7,,,,
"American Indian/Native American Languages, Literatures, and Linguistics.",1,Undergraduate Certificate or Diploma,Không xác định,0.0,0.0,1,,,,
"American Indian/Native American Languages, Literatures, and Linguistics.",1,Undergraduate Certificate or Diploma,Không hoàn toàn trực tuyến,0.0,0.0,2,,,,
Telecommunications Management.,6,Doctoral Degree,Có thể hoàn thành trực tuyến,0.0,0.0,1,,,,
Telecommunications Management.,5,Master's Degree,Không hoàn toàn trực tuyến,0.0,0.0,1,,,,
Telecommunications Management.,3,Bachelor's Degree,Không hoàn toàn trực tuyến,0.0,0.0,1,,,,
Telecommunications Management.,1,Undergraduate Certificate or Diploma,Không hoàn toàn trực tuyến,0.0,0.0,1,,,,
"Communications Technologies/Technicians and Support Services, Other.",5,Master's Degree,Không hoàn toàn trực tuyến,0.0,0.0,1,,,,
"Communications Technologies/Technicians and Support Services, Other.",3,Bachelor's Degree,Không hoàn toàn trực tuyến,0.0,0.0,4,,,,
"Communications Technologies/Technicians and Support Services, Other.",2,Associate's Degree,Một phần có thể hoàn thành trực tuyến,0.0,0.0,1,,,,
"Communications Technologies/Technicians and Support Services, Other.",2,Associate's Degree,Không hoàn toàn trực tuyến,0.0,0.0,2,,,,
Theological and Ministerial Studies.,7,First Professional Degree,Không hoàn toàn trực tuyến,0.0,11.0,34,,52463.5,55780.0,64153.0
Theological and Ministerial Studies.,6,Doctoral Degree,Không hoàn toàn trực tuyến,0.0,13.0,37,,47027.0,,
Theological and Ministerial Studies.,5,Master's Degree,Không hoàn toàn trực tuyến,0.0,12.0,22,,57119.0,54710.5,54132.0
Theological and Ministerial Studies.,4,Post-baccalaureate Certificate,Không hoàn toàn trực tuyến,0.0,0.0,15,,,,
Theological and Ministerial Studies.,3,Bachelor's Degree,Không hoàn toàn trực tuyến,0.0,1.0,38,24164.0,47781.0,33046.0,49091.0
Theological and Ministerial Studies.,2,Associate's Degree,Không hoàn toàn trực tuyến,0.0,19.0,11,,,,
Theological and Ministerial Studies.,1,Undergraduate Certificate or Diploma,Không hoàn toàn trực tuyến,0.0,4.0,8,,,13789.0,15965.0
Thanatology.,8,Graduate/Professional Certificate,Có thể hoàn thành trực tuyến,0.0,3.0,1,,,,
Thanatology.,5,Master's Degree,Không hoàn toàn trực tuyến,0.0,0.0,1,,,,
Thanatology.,1,Undergraduate Certificate or Diploma,Có thể hoàn thành trực tuyến,0.0,0.0,1,,,,
Textile Sciences and Engineering.,4,Post-baccalaureate Certificate,Không hoàn toàn trực tuyến,0.0,0.0,1,,,,
Legal Support Services.,6,Doctoral Degree,Không hoàn toàn trực tuyến,0.0,0.0,1,,,,
"Theology and Religious Vocations, Other.",1,Undergraduate Certificate or Diploma,Một phần có thể hoàn thành trực tuyến,0.0,0.0,1,,,,
"Theology and Religious Vocations, Other.",1,Undergraduate Certificate or Diploma,Không xác định,0.0,1.0,3,,,,
"Theology and Religious Vocations, Other.",1,Undergraduate Certificate or Diploma,Không hoàn toàn trực tuyến,0.0,0.0,2,,,,
Theological and Ministerial Studies.,8,Graduate/Professional Certificate,Không hoàn toàn trực tuyến,0.0,3.0,12,,,,
Computational Science.,8,Graduate/Professional Certificate,Không hoàn toàn trực tuyến,0.0,0.0,1,,,,
Computational Science.,7,First Professional Degree,Không hoàn toàn trực tuyến,0.0,0.0,1,,,,
Computational Science.,6,Doctoral Degree,Một phần có thể hoàn thành trực tuyến,0.0,0.0,1,,,,
Computational Science.,6,Doctoral Degree,Không xác định,0.0,0.0,1,,,,
Business/Managerial Economics.,5,Master's Degree,Không hoàn toàn trực tuyến,0.0,33.0,10,,65803.0,102578.5,119805.5
"Ethnic, Cultural Minority, Gender, and Group Studies.",1,Undergraduate Certificate or Diploma,Không hoàn toàn trực tuyến,0.0,30.0,27,26000.0,34216.0,50085.0,52502.0
Environmental/Environmental Health Engineering.,8,Graduate/Professional Certificate,Không xác định,0.0,0.0,1,,,,
Environmental/Environmental Health Engineering.,8,Graduate/Professional Certificate,Không hoàn toàn trực tuyến,0.0,0.0,1,,,,
Environmental/Environmental Health Engineering.,7,First Professional Degree,Không hoàn toàn trực tuyến,0.0,0.0,1,,,,
Entrepreneurial and Small Business Operations.,5,Master's Degree,Không hoàn toàn trực tuyến,0.0,28.0,13,,,83962.0,95063.0
Entrepreneurial and Small Business Operations.,4,Post-baccalaureate Certificate,Không hoàn toàn trực tuyến,0.0,0.0,8,28508.0,84960.0,,
Entrepreneurial and Small Business Operations.,3,Bachelor's Degree,Không hoàn toàn trực tuyến,0.0,43.0,45,25500.0,34407.0,38456.0,45190.0
Entrepreneurial and Small Business Operations.,2,Associate's Degree,Không hoàn toàn trực tuyến,0.0,7.0,36,,,31177.0,29327.0
"Ethnic, Cultural Minority, Gender, and Group Studies.",7,First Professional Degree,Không hoàn toàn trực tuyến,0.0,0.0,1,,,,
"Ethnic, Cultural Minority, Gender, and Group Studies.",6,Doctoral Degree,Không hoàn toàn trực tuyến,0.0,1.0,7,,,,
"Ethnic, Cultural Minority, Gender, and Group Studies.",5,Master's Degree,Một phần có thể hoàn thành trực tuyến,0.0,0.0,1,,,,
Computational Science.,5,Master's Degree,Không hoàn toàn trực tuyến,0.0,2.0,7,,,,
Computational Science.,4,Post-baccalaureate Certificate,Không hoàn toàn trực tuyến,0.0,0.0,1,,,,
Computational Science.,3,Bachelor's Degree,Không xác định,0.0,0.0,2,,,,
Computational Science.,3,Bachelor's Degree,Không hoàn toàn trực tuyến,0.0,2.0,5,,,,
Computational Science.,2,Associate's Degree,Không hoàn toàn trực tuyến,0.0,0.0,2,,,,
"Theology and Religious Vocations, Other.",8,Graduate/Professional Certificate,Không hoàn toàn trực tuyến,0.0,4.0,6,,,,
"Theology and Religious Vocations, Other.",7,First Professional Degree,Không hoàn toàn trực tuyến,0.0,3.0,3,,,,
"Theology and Religious Vocations, Other.",6,Doctoral Degree,Không xác định,0.0,0.0,1,,,,
"Theology and Religious Vocations, Other.",6,Doctoral Degree,Không hoàn toàn trực tuyến,0.0,17.0,7,,,,
"Theology and Religious Vocations, Other.",5,Master's Degree,Không hoàn toàn trực tuyến,0.0,15.0,29,,49074.0,53696.0,65287.0
"Theology and Religious Vocations, Other.",4,Post-baccalaureate Certificate,Không hoàn toàn trực tuyến,0.0,0.0,8,,,,
"Theology and Religious Vocations, Other.",3,Bachelor's Degree,Không hoàn toàn trực tuyến,0.0,11.0,13,39780.0,27428.0,36664.5,45846.0
"Theology and Religious Vocations, Other.",2,Associate's Degree,Không hoàn toàn trực tuyến,0.0,0.0,7,,,,
"Turkic, Uralic-Altaic, Caucasian, and Central Asian Languages, Literatures, and Linguistics.",8,Graduate/Professional Certificate,Có thể hoàn thành trực tuyến,0.0,0.0,1,,,,
"Turkic, Uralic-Altaic, Caucasian, and Central Asian Languages, Literatures, and Linguistics.",6,Doctoral Degree,Có thể hoàn thành trực tuyến,0.0,0.0,1,,,,
"Turkic, Uralic-Altaic, Caucasian, and Central Asian Languages, Literatures, and Linguistics.",5,Master's Degree,Có thể hoàn thành trực tuyến,0.0,0.0,1,,,,
"Turkic, Uralic-Altaic, Caucasian, and Central Asian Languages, Literatures, and Linguistics.",3,Bachelor's Degree,Không hoàn toàn trực tuyến,0.0,0.0,2,,,,
"Turkic, Uralic-Altaic, Caucasian, and Central Asian Languages, Literatures, and Linguistics.",3,Bachelor's Degree,Có thể hoàn thành trực tuyến,0.0,4.0,2,,,,
"Transportation and Materials Moving, Other.",8,Graduate/Professional Certificate,Có thể hoàn thành trực tuyến,0.0,0.0,1,,,,
"Transportation and Materials Moving, Other.",6,Doctoral Degree,Không hoàn toàn trực tuyến,0.0,1.0,1,,,,
"Biomathematics, Bioinformatics, and Computational Biology.",5,Master's Degree,Không hoàn toàn trực tuyến,0.0,0.0,5,,86430.0,,
"Transportation and Materials Moving, Other.",4,Post-baccalaureate Certificate,Không hoàn toàn trực tuyến,0.0,0.0,1,,,,
"Transportation and Materials Moving, Other.",3,Bachelor's Degree,Không hoàn toàn trực tuyến,0.0,0.0,1,,,,
"Transportation and Materials Moving, Other.",3,Bachelor's Degree,Có thể hoàn thành trực tuyến,0.0,2.0,1,,,,
"Transportation and Materials Moving, Other.",2,Associate's Degree,Có thể hoàn thành trực tuyến,0.0,0.0,2,,,,
"Transportation and Materials Moving, Other.",1,Undergraduate Certificate or Diploma,Một phần có thể hoàn thành trực tuyến,0.0,4.0,1,,,,
"Transportation and Materials Moving, Other.",1,Undergraduate Certificate or Diploma,Không hoàn toàn trực tuyến,0.0,0.0,6,,,49842.0,52948.0
"Transportation and Materials Moving, Other.",1,Undergraduate Certificate or Diploma,Có thể hoàn thành trực tuyến,0.0,0.0,1,,,,
Community Organization and Advocacy.,5,Master's Degree,Không hoàn toàn trực tuyến,0.0,1.0,8,,51379.0,47195.0,56556.0
Community Organization and Advocacy.,4,Post-baccalaureate Certificate,Không hoàn toàn trực tuyến,0.0,0.0,4,,,,
Urban Studies/Affairs.,3,Bachelor's Degree,Không hoàn toàn trực tuyến,0.0,30.0,7,19440.5,47585.0,64344.0,59194.5
Alternative and Complementary Medicine and Medical Systems.,7,First Professional Degree,Không hoàn toàn trực tuyến,0.0,0.0,4,,28998.0,,
Alternative and Complementary Medicine and Medical Systems.,6,Doctoral Degree,Không hoàn toàn trực tuyến,0.0,0.0,15,,36502.0,43703.0,57632.0
Alternative and Complementary Medicine and Medical Systems.,5,Master's Degree,Không hoàn toàn trực tuyến,0.0,3.0,2,,,43452.0,34556.0
Alternative and Complementary Medicine and Medical Systems.,4,Post-baccalaureate Certificate,Không hoàn toàn trực tuyến,0.0,0.0,6,17125.0,,,
Alternative and Complementary Medicine and Medical Systems.,3,Bachelor's Degree,Không hoàn toàn trực tuyến,0.0,2.0,6,,35347.0,,
Urban Studies/Affairs.,1,Undergraduate Certificate or Diploma,Không xác định,0.0,0.0,1,,,,
Urban Studies/Affairs.,1,Undergraduate Certificate or Diploma,Không hoàn toàn trực tuyến,0.0,0.0,3,,,,
Urban Studies/Affairs.,8,Graduate/Professional Certificate,Không hoàn toàn trực tuyến,0.0,1.0,2,,,,
Urban Studies/Affairs.,6,Doctoral Degree,Không hoàn toàn trực tuyến,0.0,8.0,2,,,,
Urban Studies/Affairs.,5,Master's Degree,Không hoàn toàn trực tuyến,0.0,2.0,6,,,,
Urban Studies/Affairs.,4,Post-baccalaureate Certificate,Không hoàn toàn trực tuyến,0.0,0.0,2,,,,
Computational Science.,1,Undergraduate Certificate or Diploma,Không xác định,0.0,0.0,1,,,,
Environmental Control Technologies/Technicians.,8,Graduate/Professional Certificate,Một phần có thể hoàn thành trực tuyến,0.0,0.0,1,,,,
Environmental Control Technologies/Technicians.,8,Graduate/Professional Certificate,Không hoàn toàn trực tuyến,0.0,0.0,1,,,,
Environmental Control Technologies/Technicians.,8,Graduate/Professional Certificate,Có thể hoàn thành trực tuyến,0.0,0.0,2,,,,
Environmental Control Technologies/Technicians.,6,Doctoral Degree,Không hoàn toàn trực tuyến,0.0,0.0,1,,,,
Environmental Control Technologies/Technicians.,5,Master's Degree,Không hoàn toàn trực tuyến,0.0,0.0,4,,,,
Environmental Control Technologies/Technicians.,3,Bachelor's Degree,Không xác định,0.0,0.0,2,,,,
Environmental Control Technologies/Technicians.,3,Bachelor's Degree,Không hoàn toàn trực tuyến,0.0,0.0,3,,63707.0,,
Carpenters.,1,Undergraduate Certificate or Diploma,Không hoàn toàn trực tuyến,0.0,37.0,30,11215.5,25197.5,38384.0,36002.0
Business/Managerial Economics.,8,Graduate/Professional Certificate,Không hoàn toàn trực tuyến,0.0,0.0,1,,,,
Business/Managerial Economics.,6,Doctoral Degree,Không hoàn toàn trực tuyến,0.0,9.0,2,,,,
"Biomathematics, Bioinformatics, and Computational Biology.",4,Post-baccalaureate Certificate,Không hoàn toàn trực tuyến,0.0,0.0,5,,,,
Community Psychology.,1,Undergraduate Certificate or Diploma,Không hoàn toàn trực tuyến,0.0,0.0,1,,,,
Community Organization and Advocacy.,8,Graduate/Professional Certificate,Không hoàn toàn trực tuyến,0.0,4.0,4,,,,
Community Organization and Advocacy.,6,Doctoral Degree,Không hoàn toàn trực tuyến,0.0,0.0,0,,,,
Veterinary Biomedical and Clinical Sciences.,2,Associate's Degree,Không hoàn toàn trực tuyến,0.0,0.0,2,,,,
"Biomathematics, Bioinformatics, and Computational Biology.",3,Bachelor's Degree,Không hoàn toàn trực tuyến,0.0,0.0,5,,,,
Veterinary Biomedical and Clinical Sciences.,1,Undergraduate Certificate or Diploma,Không hoàn toàn trực tuyến,0.0,0.0,2,,,,
Vehicle Maintenance and Repair Technologies.,8,Graduate/Professional Certificate,Không xác định,0.0,0.0,1,,,,
Vehicle Maintenance and Repair Technologies.,6,Doctoral Degree,Không hoàn toàn trực tuyến,0.0,0.0,1,,,,
Vehicle Maintenance and Repair Technologies.,5,Master's Degree,Không hoàn toàn trực tuyến,0.0,0.0,1,,,,
Vehicle Maintenance and Repair Technologies.,3,Bachelor's Degree,Không hoàn toàn trực tuyến,0.0,24.0,8,16452.0,81436.0,85596.0,89361.0
Vehicle Maintenance and Repair Technologies.,2,Associate's Degree,Không hoàn toàn trực tuyến,0.0,0.0,29,19602.0,50707.5,41455.0,46639.0
Vehicle Maintenance and Repair Technologies.,1,Undergraduate Certificate or Diploma,Không hoàn toàn trực tuyến,0.0,261.0,58,13010.0,35020.5,37328.0,40447.0
Urban Studies/Affairs.,8,Graduate/Professional Certificate,Không xác định,0.0,1.0,2,,,,
Communications Technology/Technician.,4,Post-baccalaureate Certificate,Không hoàn toàn trực tuyến,0.0,0.0,1,,,,
"Biomathematics, Bioinformatics, and Computational Biology.",2,Associate's Degree,Không xác định,0.0,0.0,1,,,,
Communications Technology/Technician.,3,Bachelor's Degree,Không hoàn toàn trực tuyến,0.0,0.0,7,,,,
Veterinary Medicine.,3,Bachelor's Degree,Không hoàn toàn trực tuyến,0.0,0.0,1,,,97533.0,115070.0
Veterinary Medicine.,2,Associate's Degree,Không hoàn toàn trực tuyến,0.0,0.0,1,,,,
"Biomathematics, Bioinformatics, and Computational Biology.",2,Associate's Degree,Không hoàn toàn trực tuyến,0.0,3.0,1,,,,
Veterinary Biomedical and Clinical Sciences.,7,First Professional Degree,Không hoàn toàn trực tuyến,0.0,0.0,1,,,,
Veterinary Biomedical and Clinical Sciences.,7,First Professional Degree,Có thể hoàn thành trực tuyến,0.0,0.0,1,,93981.0,118669.0,128817.0
Veterinary Biomedical and Clinical Sciences.,6,Doctoral Degree,Không hoàn toàn trực tuyến,0.0,0.0,3,,,,
Veterinary Biomedical and Clinical Sciences.,5,Master's Degree,Không hoàn toàn trực tuyến,0.0,0.0,2,,,,
Veterinary Biomedical and Clinical Sciences.,4,Post-baccalaureate Certificate,Không hoàn toàn trực tuyến,0.0,0.0,1,,114606.0,,
"Biomathematics, Bioinformatics, and Computational Biology.",2,Associate's Degree,Có thể hoàn thành trực tuyến,0.0,2.0,3,,,,
Veterinary Biomedical and Clinical Sciences.,3,Bachelor's Degree,Không hoàn toàn trực tuyến,0.0,1.0,5,29000.0,51950.0,56476.0,67148.0
Veterinary Residency Programs.,6,Doctoral Degree,Không hoàn toàn trực tuyến,0.0,0.0,1,,,,
Veterinary Residency Programs.,5,Master's Degree,Không hoàn toàn trực tuyến,0.0,0.0,1,,,,
Veterinary Medicine.,8,Graduate/Professional Certificate,Không hoàn toàn trực tuyến,0.0,0.0,0,,94482.0,,
Veterinary Medicine.,7,First Professional Degree,Không hoàn toàn trực tuyến,0.0,0.0,1,,95563.5,111660.5,124454.0
Veterinary Medicine.,6,Doctoral Degree,Không hoàn toàn trực tuyến,0.0,0.0,6,,99896.5,101845.0,120251.5
Veterinary Medicine.,6,Doctoral Degree,Có thể hoàn thành trực tuyến,0.0,0.0,2,,,,
Veterinary Medicine.,5,Master's Degree,Không hoàn toàn trực tuyến,0.0,0.0,4,,152306.0,150048.0,168320.0
Community Organization and Advocacy.,3,Bachelor's Degree,Không hoàn toàn trực tuyến,0.0,0.0,19,26724.5,42393.0,45766.5,54480.0
Environmental Design.,6,Doctoral Degree,Không hoàn toàn trực tuyến,0.0,0.0,1,,,,
Environmental Design.,5,Master's Degree,Không hoàn toàn trực tuyến,0.0,4.0,8,,,54276.0,58166.0
Environmental Design.,4,Post-baccalaureate Certificate,Không hoàn toàn trực tuyến,0.0,0.0,1,,,,
Environmental Design.,3,Bachelor's Degree,Không hoàn toàn trực tuyến,0.0,13.0,5,26000.0,,56378.0,59918.0
Environmental Design.,2,Associate's Degree,Không hoàn toàn trực tuyến,0.0,0.0,2,,,,
Environmental Design.,1,Undergraduate Certificate or Diploma,Không hoàn toàn trực tuyến,0.0,0.0,2,,,,
Environmental/Environmental Health Engineering.,6,Doctoral Degree,Không hoàn toàn trực tuyến,0.0,0.0,2,,,,
Environmental/Environmental Health Engineering.,5,Master's Degree,Không hoàn toàn trực tuyến,0.0,0.0,4,,,,
Environmental/Environmental Health Engineering.,4,Post-baccalaureate Certificate,Không hoàn toàn trực tuyến,0.0,0.0,1,,,,
Environmental/Environmental Health Engineering.,3,Bachelor's Degree,Không hoàn toàn trực tuyến,0.0,0.0,1,,,,
"Biomathematics, Bioinformatics, and Computational Biology.",1,Undergraduate Certificate or Diploma,Không hoàn toàn trực tuyến,0.0,0.0,1,,,,
Environmental Geosciences.,8,Graduate/Professional Certificate,Không xác định,0.0,0.0,1,,,,
Community Organization and Advocacy.,2,Associate's Degree,Không hoàn toàn trực tuyến,0.0,29.0,11,13805.0,32712.5,32146.5,35903.0
Community Organization and Advocacy.,1,Undergraduate Certificate or Diploma,Không hoàn toàn trực tuyến,0.0,0.0,9,,,,
Communications Technology/Technician.,8,Graduate/Professional Certificate,Không hoàn toàn trực tuyến,0.0,1.0,3,,,,
Communications Technology/Technician.,8,Graduate/Professional Certificate,Có thể hoàn thành trực tuyến,0.0,0.0,1,,,,
Communications Technology/Technician.,6,Doctoral Degree,Có thể hoàn thành trực tuyến,0.0,1.0,1,,,,
Communications Technology/Technician.,5,Master's Degree,Không hoàn toàn trực tuyến,0.0,0.0,0,,,,
Accounting and Related Services.,5,Master's Degree,Không hoàn toàn trực tuyến,0.0,183.0,46,,65923.0,75909.0,90953.0
Accounting and Related Services.,4,Post-baccalaureate Certificate,Không hoàn toàn trực tuyến,0.0,0.0,44,15125.0,70947.5,76029.5,85781.5
Accounting and Related Services.,3,Bachelor's Degree,Không hoàn toàn trực tuyến,0.0,53.0,66,44389.5,51405.0,52008.0,58358.0
Accounting and Related Services.,2,Associate's Degree,Không hoàn toàn trực tuyến,0.0,26.0,103,24750.0,32132.0,34628.5,38828.5
"Biology, General.",5,Master's Degree,Không hoàn toàn trực tuyến,0.0,19.0,18,,71741.0,,
Wildlife and Wildlands Science and Management.,1,Undergraduate Certificate or Diploma,Không hoàn toàn trực tuyến,0.0,0.0,1,,,,
"Visual and Performing Arts, Other.",8,Graduate/Professional Certificate,Không hoàn toàn trực tuyến,0.0,0.0,1,,,,
"Visual and Performing Arts, Other.",6,Doctoral Degree,Không hoàn toàn trực tuyến,0.0,0.0,0,,,,
Accounting and Computer Science.,2,Associate's Degree,Một phần có thể hoàn thành trực tuyến,0.0,0.0,1,,,,
Biological and Physical Sciences.,7,First Professional Degree,Không hoàn toàn trực tuyến,0.0,0.0,1,,,,
"Electrical, Electronics and Communications Engineering.",7,First Professional Degree,Không hoàn toàn trực tuyến,0.0,0.0,2,,,,
"Electrical, Electronics and Communications Engineering.",7,First Professional Degree,Có thể hoàn thành trực tuyến,0.0,0.0,1,,,,
"Electrical, Electronics and Communications Engineering.",6,Doctoral Degree,Không hoàn toàn trực tuyến,0.0,6.0,2,,,,
"Electrical, Electronics and Communications Engineering.",5,Master's Degree,Không hoàn toàn trực tuyến,0.0,10.0,4,,,,
"Electrical, Electronics and Communications Engineering.",4,Post-baccalaureate Certificate,Không hoàn toàn trực tuyến,0.0,0.0,6,,,,
Accounting and Computer Science.,8,Graduate/Professional Certificate,Không hoàn toàn trực tuyến,0.0,0.0,1,,,,
"Agriculture, Agriculture Operations, and Related Sciences, Other.",8,Graduate/Professional Certificate,Không xác định,0.0,0.0,1,,,,
"Agriculture, Agriculture Operations, and Related Sciences, Other.",6,Doctoral Degree,Không hoàn toàn trực tuyến,0.0,0.0,0,,,,
Insurance.,2,Associate's Degree,Không hoàn toàn trực tuyến,0.0,0.0,1,,,,
Veterinary/Animal Health Technologies/Technicians.,8,Graduate/Professional Certificate,Không hoàn toàn trực tuyến,0.0,0.0,1,,,,
Veterinary/Animal Health Technologies/Technicians.,8,Graduate/Professional Certificate,Có thể hoàn thành trực tuyến,0.0,0.0,1,,,,
Veterinary/Animal Health Technologies/Technicians.,6,Doctoral Degree,Có thể hoàn thành trực tuyến,0.0,0.0,1,,,,
Veterinary/Animal Health Technologies/Technicians.,5,Master's Degree,Không hoàn toàn trực tuyến,0.0,0.0,1,,,,
Veterinary/Animal Health Technologies/Technicians.,5,Master's Degree,Có thể hoàn thành trực tuyến,0.0,0.0,1,,,,
Veterinary/Animal Health Technologies/Technicians.,4,Post-baccalaureate Certificate,Không hoàn toàn trực tuyến,0.0,0.0,3,,,,
Veterinary/Animal Health Technologies/Technicians.,3,Bachelor's Degree,Không hoàn toàn trực tuyến,0.0,13.0,3,27000.0,,46425.5,49707.0
Veterinary/Animal Health Technologies/Technicians.,2,Associate's Degree,Không hoàn toàn trực tuyến,0.0,45.0,30,18000.0,32836.0,30337.0,33438.0
Veterinary/Animal Health Technologies/Technicians.,1,Undergraduate Certificate or Diploma,Không hoàn toàn trực tuyến,0.0,191.0,26,8684.0,24597.0,25027.0,29109.0
Veterinary Residency Programs.,8,Graduate/Professional Certificate,Không hoàn toàn trực tuyến,0.0,0.0,0,,,,
Wildlife and Wildlands Science and Management.,5,Master's Degree,Không hoàn toàn trực tuyến,0.0,0.0,1,,,,
Zoology/Animal Biology.,1,Undergraduate Certificate or Diploma,Không hoàn toàn trực tuyến,0.0,0.0,2,,,,
Zoology/Animal Biology.,2,Associate's Degree,Không hoàn toàn trực tuyến,0.0,1.0,3,,,,
"Visual and Performing Arts, General.",7,First Professional Degree,Không hoàn toàn trực tuyến,0.0,0.0,0,,,,
"Visual and Performing Arts, General.",6,Doctoral Degree,Không hoàn toàn trực tuyến,0.0,0.0,0,,,,
Zoology/Animal Biology.,8,Graduate/Professional Certificate,Có thể hoàn thành trực tuyến,0.0,0.0,3,,,,
Zoology/Animal Biology.,7,First Professional Degree,Có thể hoàn thành trực tuyến,0.0,0.0,1,,,,
Zoology/Animal Biology.,6,Doctoral Degree,Không hoàn toàn trực tuyến,0.0,0.0,5,,,,
Accounting and Computer Science.,4,Post-baccalaureate Certificate,Không hoàn toàn trực tuyến,0.0,0.0,1,,,,
Accounting and Computer Science.,1,Undergraduate Certificate or Diploma,Không hoàn toàn trực tuyến,0.0,0.0,4,,,43217.0,46602.0
Accounting and Computer Science.,3,Bachelor's Degree,Không hoàn toàn trực tuyến,0.0,2.0,3,,,,
"Visual and Performing Arts, Other.",5,Master's Degree,Không hoàn toàn trực tuyến,0.0,0.0,5,,,38131.0,47453.0
"Visual and Performing Arts, Other.",4,Post-baccalaureate Certificate,Không hoàn toàn trực tuyến,0.0,0.0,1,,,,
"Visual and Performing Arts, Other.",3,Bachelor's Degree,Không hoàn toàn trực tuyến,0.0,0.0,12,24444.5,25039.0,31442.0,26158.0
Accounting and Computer Science.,2,Associate's Degree,Không hoàn toàn trực tuyến,0.0,0.0,2,,,,
Wildlife and Wildlands Science and Management.,3,Bachelor's Degree,Không hoàn toàn trực tuyến,0.0,0.0,3,,,,
Accounting and Computer Science.,2,Associate's Degree,Có thể hoàn thành trực tuyến,0.0,0.0,1,,,,
Work and Family Studies.,5,Master's Degree,Không hoàn toàn trực tuyến,0.0,0.0,1,,,,
