unitid,state,control,predominant_degree,completion_rate,low_completion,risk_probability,predicted_low_completion,risk_level
100654,AL,Công lập,Bachelor,0.2874,1.0,0.5698868516724013,1,Trung bình
100663,AL,Công lập,Bachelor,0.626,0.0,0.06493871776298346,0,Thấp
100690,AL,Tư thục phi lợi nhuận,Bachelor,0.4,0.0,0.9043749576967096,1,Cao
100706,AL,Công lập,Bachelor,0.6191,0.0,0.08900569285223114,0,Thấp
100724,AL,Công lập,Bachelor,0.3018,1.0,0.6634275171645669,1,Trung bình
100751,AL,Công lập,Bachelor,0.7369,0.0,0.032707287417002934,0,Thấp
100760,AL,Công lập,Chứng chỉ,0.24,1.0,0.6883225852494739,1,Trung bình
100830,AL,Công lập,Bachelor,0.3568,1.0,0.47364606597189984,0,Trung bình
100858,AL,Công lập,Bachelor,0.7921,0.0,0.040242818259355065,0,Thấp
100937,AL,Tư thục phi lợi nhuận,Bachelor,0.6418,0.0,0.3320078099827192,0,Thấp
101028,AL,Công lập,Chứng chỉ,0.3613,1.0,0.7919760903021551,1,Cao
101116,AL,Tư thục vì lợi nhuận,Bachelor,0.1538,1.0,0.9071078059229034,1,Cao
101143,AL,Công lập,Chứng chỉ,0.2943,1.0,0.593065775292368,1,Trung bình
101161,AL,Công lập,Associate,0.264,1.0,0.8996489478356189,1,Cao
101189,AL,Tư thục phi lợi nhuận,Bachelor,0.3766,1.0,0.4145643208460751,0,Trung bình
101240,AL,Công lập,Chứng chỉ,0.3218,1.0,0.8071307350717181,1,Cao
101277,AL,Tư thục vì lợi nhuận,Chứng chỉ,0.5574,0.0,0.2743558438968674,0,Thấp
101286,AL,Công lập,Chứng chỉ,0.2651,1.0,0.6462244474832525,1,Trung bình
101295,AL,Công lập,Chứng chỉ,0.4822,0.0,0.547466717757858,1,Trung bình
101301,AL,Công lập,Associate,0.3911,1.0,0.879919442581647,1,Cao
101365,AL,Tư thục phi lợi nhuận,Chứng chỉ,0.25,1.0,0.2433882188340122,0,Thấp
101435,AL,Tư thục phi lợi nhuận,Bachelor,0.4694,0.0,0.22207632612380127,0,Thấp
101453,AL,Tư thục phi lợi nhuận,Bachelor,0.5,0.0,0.8285582403613524,1,Cao
101462,AL,Công lập,Chứng chỉ,0.1111,1.0,0.842443315541881,1,Cao
101471,AL,Công lập,Chứng chỉ,0.0941,1.0,0.7242367458663037,1,Cao
101480,AL,Công lập,Bachelor,0.5112,0.0,0.3889294523712121,0,Thấp
101505,AL,Công lập,Associate,0.2326,1.0,0.9240528683425179,1,Cao
101514,AL,Công lập,Chứng chỉ,0.4078,0.0,0.6228359105406787,1,Trung bình
101569,AL,Công lập,Associate,0.2639,1.0,0.958062333844376,1,Cao
101587,AL,Công lập,Bachelor,0.3804,1.0,0.8251402663725876,1,Cao
101602,AL,Công lập,Chứng chỉ,0.4317,0.0,0.4987196259924419,0,Trung bình
101648,AL,Công lập,Associate,0.315,1.0,0.7692503153082604,1,Cao
101675,AL,Tư thục phi lợi nhuận,Bachelor,0.2566,1.0,0.8477403464252233,1,Cao
101693,AL,Tư thục phi lợi nhuận,Bachelor,0.5551,0.0,0.3691763724837429,0,Thấp
101709,AL,Công lập,Bachelor,0.4938,0.0,0.12404923058897376,0,Thấp
101736,AL,Công lập,Chứng chỉ,0.3278,1.0,0.6266935119014628,1,Trung bình
101879,AL,Công lập,Bachelor,0.5403,0.0,0.17437585846589837,0,Thấp
101897,AL,Công lập,Chứng chỉ,0.318,1.0,0.47542308724841564,0,Trung bình
101912,AL,Tư thục phi lợi nhuận,Bachelor,0.4891,0.0,0.4554866730597019,0,Trung bình
101994,AL,Công lập,Chứng chỉ,0.5526,0.0,0.2613683342861198,0,Thấp
102030,AL,Công lập,Chứng chỉ,0.2321,1.0,0.7117646465252205,1,Cao
102049,AL,Tư thục phi lợi nhuận,Bachelor,0.7988,0.0,0.012052242431612717,0,Thấp
102058,AL,Tư thục phi lợi nhuận,Bachelor,0.24,1.0,0.9069128944279757,1,Cao
102067,AL,Công lập,Chứng chỉ,0.2146,1.0,0.7006432139947415,1,Cao
102076,AL,Công lập,Chứng chỉ,0.4854,0.0,0.5173572920764723,1,Trung bình
102094,AL,Công lập,Bachelor,0.5257,0.0,0.20347384477993294,0,Thấp
102234,AL,Tư thục phi lợi nhuận,Bachelor,0.5612,0.0,0.36233848976232524,0,Thấp
102270,AL,Tư thục phi lợi nhuận,Bachelor,0.4103,0.0,0.39905103732332164,0,Thấp
102298,AL,Tư thục phi lợi nhuận,Bachelor,0.6497,0.0,0.36177903172441056,0,Thấp
102313,AL,Công lập,Associate,0.1656,1.0,0.9766548880793625,1,Cao
102368,AL,Công lập,Bachelor,0.4684,0.0,0.4583760822302106,0,Trung bình
102377,AL,Tư thục phi lợi nhuận,Bachelor,0.5709,0.0,0.16366000419331198,0,Thấp
102429,AL,Công lập,Chứng chỉ,0.4356,0.0,0.4490460384760169,0,Trung bình
102553,AK,Công lập,Bachelor,0.2894,1.0,0.6509035086078145,1,Trung bình
102580,AK,Tư thục phi lợi nhuận,Bachelor,1.0,0.0,0.9191092060336105,1,Cao
102614,AK,Công lập,Bachelor,0.3197,1.0,0.5101904200694483,1,Trung bình
102632,AK,Công lập,Chứng chỉ,0.3097,1.0,0.27868064850870083,0,Thấp
102669,AK,Tư thục phi lợi nhuận,Bachelor,0.4688,0.0,0.5095635494759642,1,Trung bình
102711,AK,Công lập,Chứng chỉ,0.8586,0.0,0.04588757634181177,0,Thấp
102845,AK,Tư thục vì lợi nhuận,Chứng chỉ,0.5753,0.0,0.13365708736522564,0,Thấp
103501,AK,Tư thục vì lợi nhuận,Chứng chỉ,0.6477,0.0,0.3045495859036212,0,Thấp
103741,AZ,Tư thục vì lợi nhuận,Chứng chỉ,0.7532,0.0,0.03893128909486325,0,Thấp
103893,AZ,Tư thục vì lợi nhuận,Chứng chỉ,0.5429,0.0,0.11810111542380781,0,Thấp
103909,AZ,Tư thục vì lợi nhuận,Chứng chỉ,0.533,0.0,0.3295650395054843,0,Thấp
103927,AZ,Tư thục vì lợi nhuận,Chứng chỉ,0.6215,0.0,0.10614680758187436,0,Thấp
103954,AZ,Tư thục vì lợi nhuận,Chứng chỉ,0.3846,1.0,0.10583080130614315,0,Thấp
103963,AZ,Tư thục vì lợi nhuận,Chứng chỉ,0.5122,0.0,0.10534572361329768,0,Thấp
104090,AZ,Tư thục vì lợi nhuận,Bachelor,0.5023,0.0,0.8650324243337166,1,Cao
104151,AZ,Công lập,Bachelor,0.6785,0.0,0.01826369675265494,0,Thấp
104160,AZ,Công lập,Associate,0.2545,1.0,0.936863809459186,1,Cao
104179,AZ,Công lập,Bachelor,0.6589,0.0,0.02254056884289017,0,Thấp
104346,AZ,Công lập,Chứng chỉ,0.2346,1.0,0.8976135593447652,1,Cao
104391,AZ,Tư thục vì lợi nhuận,Chứng chỉ,0.7568,0.0,0.05007890788468048,0,Thấp
104425,AZ,Công lập,Associate,0.3033,1.0,0.9489201860766314,1,Cao
104443,AZ,Tư thục vì lợi nhuận,Chứng chỉ,0.4706,0.0,0.053042779456241716,0,Thấp
104568,AZ,Tư thục vì lợi nhuận,Chứng chỉ,0.8037,0.0,0.040443558630488215,0,Thấp
104577,AZ,Công lập,Chứng chỉ,0.3576,1.0,0.7761929805004927,1,Cao
104586,AZ,Tư thục phi lợi nhuận,Bachelor,0.6976,0.0,0.0031263009911979807,0,Thấp
104708,AZ,Công lập,Chứng chỉ,0.144,1.0,0.6251418769204267,1,Trung bình
104717,AZ,Tư thục vì lợi nhuận,Bachelor,0.4304,0.0,0.3256713636655966,0,Thấp
105145,AZ,Công lập,Chứng chỉ,0.1955,1.0,0.8650885684666916,1,Cao
105154,AZ,Công lập,Chứng chỉ,0.1922,1.0,0.7923085062440455,1,Cao
105206,AZ,Công lập,Chứng chỉ,0.2989,1.0,0.9674864297284789,1,Cao
105215,AZ,Tư thục vì lợi nhuận,Chứng chỉ,0.6909,0.0,0.03552919081269999,0,Thấp
105297,AZ,Công lập,Associate,0.0549,1.0,0.9913730218193505,1,Cao
105330,AZ,Công lập,Bachelor,0.5686,0.0,0.14990490145097768,0,Thấp
105349,AZ,Công lập,Chứng chỉ,0.0833,1.0,0.8993890051035774,1,Cao
105428,AZ,Công lập,Chứng chỉ,0.1768,1.0,0.8483248608394955,1,Cao
105525,AZ,Công lập,Chứng chỉ,0.2145,1.0,0.8574342163989591,1,Cao
105534,AZ,Tư thục vì lợi nhuận,Associate,0.7264,0.0,0.5232503082536001,1,Trung bình
105543,NM,Tư thục vì lợi nhuận,Chứng chỉ,0.5922,0.0,0.0765484555569192,0,Thấp
105589,AZ,Tư thục phi lợi nhuận,Bachelor,0.3594,1.0,0.12944167499769985,0,Thấp
105659,AZ,Tư thục vì lợi nhuận,Chứng chỉ,0.7469,0.0,0.03531093750771189,0,Thấp
105668,AZ,Công lập,Chứng chỉ,0.039,1.0,0.7042222369023352,1,Cao
105677,AZ,Tư thục vì lợi nhuận,Chứng chỉ,0.9091,0.0,0.1061063252659789,0,Thấp
105747,AZ,Công lập,Chứng chỉ,0.2382,1.0,0.7476764627401141,1,Cao
105792,AZ,Công lập,Chứng chỉ,0.2311,1.0,0.7994069823627896,1,Cao
105899,AZ,Tư thục phi lợi nhuận,Bachelor,0.4145,0.0,0.3248763864987732,0,Thấp
106041,AZ,Tư thục vì lợi nhuận,Associate,0.6312,0.0,0.08484833024104858,0,Thấp
106148,AZ,Công lập,Chứng chỉ,0.3213,1.0,0.7208651773499956,1,Cao
106245,AR,Công lập,Bachelor,0.4142,0.0,0.6879036906150086,1,Trung bình
106306,AR,Tư thục phi lợi nhuận,Bachelor,0.0798,1.0,0.910146354662602,1,Cao
106315,AR,Tư thục vì lợi nhuận,Chứng chỉ,0.3529,1.0,0.1190779403641859,0,Thấp
106324,AR,Tư thục vì lợi nhuận,Chứng chỉ,0.6957,0.0,0.36003948511605655,0,Thấp
106342,AR,Tư thục phi lợi nhuận,Bachelor,0.5591,0.0,0.2781111179682264,0,Thấp
106351,AR,Tư thục vì lợi nhuận,Chứng chỉ,0.5,0.0,0.2107004789293706,0,Thấp
106397,AR,Công lập,Bachelor,0.6997,0.0,0.06236404272182535,0,Thấp
106412,AR,Công lập,Bachelor,0.3968,1.0,0.6379725136267119,1,Trung bình
106449,AR,Công lập,Associate,0.3819,1.0,0.9226692825449785,1,Cao
106458,AR,Công lập,Bachelor,0.551,0.0,0.4667987604863215,0,Trung bình
106467,AR,Công lập,Associate,0.4866,0.0,0.6120416459804476,1,Trung bình
106485,AR,Công lập,Chứng chỉ,0.4327,0.0,0.28494982845913003,0,Thấp
106494,AR,Tư thục vì lợi nhuận,Chứng chỉ,0.2222,1.0,0.22344517799647218,0,Thấp
106546,AR,Tư thục phi lợi nhuận,Associate,0.6667,0.0,0.2836889533560604,0,Thấp
106625,AR,Công lập,Chứng chỉ,0.3357,1.0,0.7097693684133668,1,Cao
106704,AR,Công lập,Bachelor,0.5335,0.0,0.23520749674680302,0,Thấp
106713,AR,Tư thục phi lợi nhuận,Bachelor,0.3529,1.0,0.6640826838706775,1,Trung bình
106795,AR,Công lập,Chứng chỉ,0.4803,0.0,0.6594637476793478,1,Trung bình
106810,AR,Tư thục phi lợi nhuận,Bachelor,0.2609,1.0,0.3996591412958522,0,Thấp
106883,AR,Công lập,Chứng chỉ,0.4711,0.0,0.7591371813105691,1,Cao
106908,AR,Tư thục vì lợi nhuận,Chứng chỉ,0.5096,0.0,0.0896958922532661,0,Thấp
106980,AR,Công lập,Chứng chỉ,0.3603,1.0,0.8100561705323774,1,Cao
106999,AR,Công lập,Chứng chỉ,0.5608,0.0,0.6585224635032235,1,Trung bình
107044,AR,Tư thục phi lợi nhuận,Bachelor,0.7094,0.0,0.08615871381890162,0,Thấp
107071,AR,Công lập,Bachelor,0.3805,1.0,0.8293681971482584,1,Cao
107080,AR,Tư thục phi lợi nhuận,Bachelor,0.6923,0.0,0.026076847407326704,0,Thấp
107099,AR,Tư thục vì lợi nhuận,Chứng chỉ,0.25,1.0,0.07300989457519422,0,Thấp
107141,AR,Tư thục phi lợi nhuận,Bachelor,0.6677,0.0,0.07061103022004261,0,Thấp
107220,AR,Tư thục vì lợi nhuận,Chứng chỉ,0.6887,0.0,0.25941286487393134,0,Thấp
107293,AR,Tư thục vì lợi nhuận,Chứng chỉ,0.697,0.0,0.060544162091155526,0,Thấp
107318,AR,Công lập,Chứng chỉ,0.5,0.0,0.3566226814594753,0,Thấp
107327,AR,Công lập,Chứng chỉ,0.2073,1.0,0.8292077441620446,1,Cao
107442,AR,Tư thục vì lợi nhuận,Chứng chỉ,0.2857,1.0,0.4536985485275742,0,Trung bình
107460,AR,Công lập,Chứng chỉ,0.2915,1.0,0.7938008512844692,1,Cao
107488,AR,Công lập,Chứng chỉ,0.7333,0.0,0.6868934243547254,1,Trung bình
107512,AR,Tư thục phi lợi nhuận,Bachelor,0.703,0.0,0.04443024121361233,0,Thấp
107521,AR,Công lập,Chứng chỉ,0.3462,1.0,0.7139782986979272,1,Cao
107549,AR,Công lập,Chứng chỉ,0.4362,0.0,0.5199256137213907,1,Trung bình
107558,AR,Tư thục phi lợi nhuận,Bachelor,0.5176,0.0,0.181377610424625,0,Thấp
107585,AR,Công lập,Chứng chỉ,0.4691,0.0,0.8266336484915578,1,Cao
107600,AR,Tư thục phi lợi nhuận,Bachelor,0.3231,1.0,0.7387530768567766,1,Cao
107619,AR,Công lập,Chứng chỉ,0.5161,0.0,0.2210382717245838,0,Thấp
107637,AR,Công lập,Chứng chỉ,0.1818,1.0,0.9354176613589879,1,Cao
107655,AR,Tư thục vì lợi nhuận,Chứng chỉ,0.1429,1.0,0.11284816402523827,0,Thấp
107664,AR,Công lập,Chứng chỉ,0.3261,1.0,0.8333541922256984,1,Cao
107725,AR,Công lập,Chứng chỉ,0.4925,0.0,0.7558546994742565,1,Cao
107743,AR,Công lập,Chứng chỉ,0.6026,0.0,0.6306517956803851,1,Trung bình
107789,AR,Tư thục vì lợi nhuận,Chứng chỉ,0.7215,0.0,0.024064921488959244,0,Thấp
107831,AR,Tư thục vì lợi nhuận,Chứng chỉ,0.375,1.0,0.14429934064119448,0,Thấp
107840,AR,Tư thục phi lợi nhuận,Associate,0.0667,1.0,0.980742414477825,1,Cao
107877,AR,Tư thục phi lợi nhuận,Bachelor,0.3592,1.0,0.8133787189953822,1,Cao
107974,AR,Công lập,Chứng chỉ,0.2481,1.0,0.9203856868978003,1,Cao
107983,AR,Công lập,Bachelor,0.465,0.0,0.4142083367647511,0,Trung bình
107992,AR,Công lập,Chứng chỉ,0.6124,0.0,0.6591116858231306,1,Trung bình
108065,AR,Tư thục vì lợi nhuận,Chứng chỉ,0.6429,0.0,0.10378934862286288,0,Thấp
108092,AR,Công lập,Bachelor,0.3696,1.0,0.5963517779249686,1,Trung bình
108232,CA,Tư thục vì lợi nhuận,Bachelor,0.4046,0.0,0.569504967461383,1,Trung bình
108667,CA,Công lập,Associate,0.3385,1.0,0.9630111736731745,1,Cao
108807,CA,Công lập,Associate,0.2748,1.0,0.9633766170711776,1,Cao
108852,CA,Tư thục phi lợi nhuận,Associate,0.76,0.0,0.06470086899881586,0,Thấp
108977,CA,Tư thục vì lợi nhuận,Chứng chỉ,0.8378,0.0,0.10056364703040946,0,Thấp
109040,CA,Tư thục vì lợi nhuận,Chứng chỉ,0.7225,0.0,0.06769644649096926,0,Thấp
109208,CA,Công lập,Associate,0.327,1.0,0.9033878626853515,1,Cao
109350,CA,Công lập,Associate,0.3061,1.0,0.9591445657162074,1,Cao
109651,CA,Tư thục phi lợi nhuận,Bachelor,0.8261,0.0,0.026353565780458093,0,Thấp
109721,CA,Tư thục vì lợi nhuận,Chứng chỉ,0.9188,0.0,0.5709373507346736,1,Trung bình
109730,CA,Tư thục vì lợi nhuận,Chứng chỉ,0.8444,0.0,0.32901938026787975,0,Thấp
109785,CA,Tư thục phi lợi nhuận,Bachelor,0.6442,0.0,0.004746086735990856,0,Thấp
109819,CA,Công lập,Associate,0.2263,1.0,0.967890430382951,1,Cao
109907,CA,Công lập,Associate,0.3333,1.0,0.9853956310047461,1,Cao
109934,CA,Tư thục vì lợi nhuận,Chứng chỉ,0.6,0.0,0.040257883343788235,0,Thấp
110060,CA,Tư thục phi lợi nhuận,Bachelor,0.1818,1.0,0.9732646980115803,1,Cao
110097,CA,Tư thục phi lợi nhuận,Bachelor,0.6881,0.0,0.003544821886748571,0,Thấp
110194,CA,Tư thục vì lợi nhuận,Chứng chỉ,0.8423,0.0,0.06062407717780912,0,Thấp
110219,AZ,Tư thục vì lợi nhuận,Chứng chỉ,0.24,1.0,0.42059859678709066,0,Trung bình
110246,CA,Công lập,Associate,0.3203,1.0,0.9529517531495323,1,Cao
110334,CA,Công lập,Associate,0.3812,1.0,0.878146566343698,1,Cao
110361,CA,Tư thục phi lợi nhuận,Bachelor,0.5953,0.0,0.010878250353589006,0,Thấp
110370,CA,Tư thục phi lợi nhuận,Bachelor,0.5872,0.0,0.2828108469267863,0,Thấp
110404,CA,Tư thục phi lợi nhuận,Bachelor,0.9316,0.0,0.0008413172012141948,0,Thấp
110413,CA,Tư thục phi lợi nhuận,Bachelor,0.7402,0.0,0.003392787249153119,0,Thấp
110422,CA,Công lập,Bachelor,0.8519,0.0,0.06908273015322798,0,Thấp
110468,CA,Tư thục vì lợi nhuận,Chứng chỉ,0.2222,1.0,0.23535340074881397,0,Thấp
110486,CA,Công lập,Bachelor,0.4931,0.0,0.49140444617205176,0,Trung bình
110495,CA,Công lập,Bachelor,0.58,0.0,0.4695601470065768,0,Trung bình
110510,CA,Công lập,Bachelor,0.5465,0.0,0.5594315513821387,1,Trung bình
110529,CA,Công lập,Bachelor,0.6674,0.0,0.23370487645537535,0,Thấp
110538,CA,Công lập,Bachelor,0.6363,0.0,0.18918885095376978,0,Thấp
110547,CA,Công lập,Bachelor,0.4685,0.0,0.8833367968159576,1,Cao
110556,CA,Công lập,Bachelor,0.5482,0.0,0.5061625450485194,1,Trung bình
110565,CA,Công lập,Bachelor,0.6922,0.0,0.23683532906324242,0,Thấp
110574,CA,Công lập,Bachelor,0.4551,0.0,0.46654747210836844,0,Trung bình
110583,CA,Công lập,Bachelor,0.6986,0.0,0.24409809359180998,0,Thấp
110592,CA,Công lập,Bachelor,0.5257,0.0,0.7424885581097808,1,Cao
110608,CA,Công lập,Bachelor,0.5618,0.0,0.562278439381879,1,Trung bình
110617,CA,Công lập,Bachelor,0.5582,0.0,0.3261182554039766,0,Thấp
110635,CA,Công lập,Bachelor,0.9289,0.0,0.017426916147340786,0,Thấp
110644,CA,Công lập,Bachelor,0.8507,0.0,0.011490975273892487,0,Thấp
110653,CA,Công lập,Bachelor,0.8595,0.0,0.011818748612047118,0,Thấp
110662,CA,Công lập,Bachelor,0.9266,0.0,0.053514187680135335,0,Thấp
110671,CA,Công lập,Bachelor,0.7656,0.0,0.01973237946485464,0,Thấp
110680,CA,Công lập,Bachelor,0.8763,0.0,0.010196464946115735,0,Thấp
110705,CA,Công lập,Bachelor,0.8533,0.0,0.011661630731742706,0,Thấp
110714,CA,Công lập,Bachelor,0.7445,0.0,0.01331241981105699,0,Thấp
110875,CA,Tư thục vì lợi nhuận,Chứng chỉ,0.8261,0.0,0.034953186351305204,0,Thấp
111054,CA,Tư thục vì lợi nhuận,Chứng chỉ,0.8333,0.0,0.047257497471961285,0,Thấp
111081,CA,Tư thục phi lợi nhuận,Bachelor,0.6415,0.0,0.015406909610869662,0,Thấp
111188,CA,Công lập,Bachelor,0.6682,0.0,0.1528556791314342,0,Thấp
111434,CA,Công lập,Associate,0.4909,0.0,0.820848011204858,1,Cao
111461,CA,Công lập,Associate,0.4391,0.0,0.8693582646216822,1,Cao
111513,CA,Tư thục vì lợi nhuận,Chứng chỉ,0.7813,0.0,0.04083219996425795,0,Thấp
111638,CA,Tư thục phi lợi nhuận,Associate,0.6322,0.0,0.35246790107645104,0,Thấp
111708,CA,Tư thục phi lợi nhuận,Chứng chỉ,0.8571,0.0,0.10572538607071144,0,Thấp
111717,CA,Tư thục phi lợi nhuận,Chứng chỉ,0.787,0.0,0.0499042587459497,0,Thấp
111726,CA,Tư thục phi lợi nhuận,Chứng chỉ,0.8986,0.0,0.19057002892475056,0,Thấp
111744,CA,Tư thục phi lợi nhuận,Chứng chỉ,0.6622,0.0,0.07595217592151024,0,Thấp
111762,CA,Tư thục phi lợi nhuận,Chứng chỉ,0.68,0.0,0.05443962727947459,0,Thấp
111799,CA,Tư thục phi lợi nhuận,Chứng chỉ,0.7333,0.0,0.07367494049402884,0,Thấp
111887,CA,Công lập,Chứng chỉ,0.289,1.0,0.710057787838181,1,Cao
111896,CA,Công lập,Associate,0.2611,1.0,0.9792373548110886,1,Cao
111920,CA,Công lập,Associate,0.4135,0.0,0.8373106223025244,1,Cao
111939,CA,Công lập,Associate,0.3194,1.0,0.9652838954561417,1,Cao
111948,CA,Tư thục phi lợi nhuận,Bachelor,0.8036,0.0,0.03412279572300014,0,Thấp
111966,CA,Tư thục phi lợi nhuận,Bachelor,0.5,0.0,0.20235861676005337,0,Thấp
112075,CA,Tư thục phi lợi nhuận,Bachelor,0.625,0.0,0.011120781318390402,0,Thấp
112084,CA,Tư thục phi lợi nhuận,Bachelor,0.2353,1.0,0.903372925229496,1,Cao
112172,CA,Công lập,Chứng chỉ,0.444,0.0,0.7321303072765872,1,Cao
112181,CA,Tư thục vì lợi nhuận,Chứng chỉ,0.875,0.0,0.03837647136544283,0,Thấp
112190,CA,Công lập,Chứng chỉ,0.3956,1.0,0.7673728949728932,1,Cao
112260,CA,Tư thục phi lợi nhuận,Bachelor,0.9517,0.0,0.019820110252825547,0,Thấp
112288,CA,Tư thục vì lợi nhuận,Chứng chỉ,0.4856,0.0,0.057906105979894755,0,Thấp
112367,CA,Công lập,Chứng chỉ,0.8661,0.0,0.08540397813665293,0,Thấp
112385,CA,Công lập,Associate,0.2752,1.0,0.9797894037705442,1,Cao
112394,CA,Tư thục vì lợi nhuận,Bachelor,0.3492,1.0,0.726311440829878,1,Cao
112455,CA,Tư thục vì lợi nhuận,Chứng chỉ,0.58,0.0,0.21340368504080157,0,Thấp
112561,CA,Công lập,Associate,0.3041,1.0,0.769503242178519,1,Cao
112570,CA,Tư thục phi lợi nhuận,Bachelor,0.4842,0.0,0.8384300329785391,1,Cao
112686,CA,Công lập,Associate,0.3158,1.0,0.9661509717795888,1,Cao
112826,CA,Công lập,Chứng chỉ,0.3302,1.0,0.7068828320967554,1,Cao
113096,CA,Công lập,Associate,0.3289,1.0,0.8548888091856939,1,Cao
113111,CA,Công lập,Associate,0.3682,1.0,0.954186493288154,1,Cao
113193,CA,Công lập,Chứng chỉ,0.4421,0.0,0.6719202077895421,1,Trung bình
113218,CA,Công lập,Associate,0.3354,1.0,0.9464582000259941,1,Cao
113236,CA,Công lập,Chứng chỉ,0.351,1.0,0.5743121016456544,1,Trung bình
113333,CA,Công lập,Associate,0.6778,0.0,0.7703240414480595,1,Cao
113449,CA,Tư thục vì lợi nhuận,Chứng chỉ,0.8454,0.0,0.059966118676197805,0,Thấp
113573,CA,Công lập,Associate,0.2898,1.0,0.9579190170794857,1,Cao
113582,CA,Tư thục vì lợi nhuận,Bachelor,0.5,0.0,0.24912731524413553,0,Thấp
113634,CA,Công lập,Associate,0.4557,0.0,0.817650605834052,1,Cao
113698,CA,Tư thục phi lợi nhuận,Bachelor,0.7627,0.0,0.010661860505316938,0,Thấp
113856,CA,Công lập,Associate,0.3331,1.0,0.9178616201437674,1,Cao
113980,CA,Công lập,Associate,0.3665,1.0,0.8927653263121522,1,Cao
114123,CA,Tư thục vì lợi nhuận,Graduate,0.6466,0.0,0.33334458971485276,0,Thấp
114266,CA,Công lập,Associate,0.4279,0.0,0.5829981545482841,1,Trung bình
114354,CA,Tư thục vì lợi nhuận,Associate,0.6715,0.0,0.0913046707278564,0,Thấp
114433,CA,Công lập,Associate,0.4688,0.0,0.7513055755425254,1,Cao
114460,CA,Tư thục vì lợi nhuận,Chứng chỉ,0.8113,0.0,0.027793934526795815,0,Thấp
114637,CA,Tư thục vì lợi nhuận,Chứng chỉ,1.0,0.0,0.15219915342689275,0,Thấp
114716,CA,Công lập,Chứng chỉ,0.6,0.0,0.6472241309867282,1,Trung bình
114761,CA,Tư thục vì lợi nhuận,Chứng chỉ,0.6522,0.0,0.07641491154090282,0,Thấp
114789,CA,Công lập,Associate,0.2832,1.0,0.9166227181410592,1,Cao
114813,CA,Tư thục phi lợi nhuận,Bachelor,0.5594,0.0,0.1007932552516422,0,Thấp
114859,CA,Công lập,Associate,0.3392,1.0,0.8484408119660919,1,Cao
114938,CA,Công lập,Associate,0.4389,0.0,0.903626511641694,1,Cao
114947,CA,Tư thục phi lợi nhuận,Chứng chỉ,0.2774,1.0,0.19430101324183968,0,Thấp
115001,CA,Công lập,Associate,0.3333,1.0,0.9562796344904806,1,Cao
115010,CA,Tư thục vì lợi nhuận,Associate,0.5934,0.0,0.6146512139823233,1,Trung bình
115126,CA,Công lập,Associate,0.4494,0.0,0.9303130883888461,1,Cao
115296,CA,Công lập,Associate,0.3157,1.0,0.9420469229901312,1,Cao
115357,CA,Tư thục vì lợi nhuận,Chứng chỉ,0.8,0.0,0.04802413519887094,0,Thấp
115393,CA,Công lập,Associate,0.3,1.0,0.7736198992198322,1,Cao
115409,CA,Tư thục phi lợi nhuận,Bachelor,0.9375,0.0,0.02488387802859824,0,Thấp
115658,CA,Tư thục vì lợi nhuận,Chứng chỉ,0.8571,0.0,0.33140102025370083,0,Thấp
115755,CA,Công lập,Bachelor,0.4663,0.0,0.3928627573168791,0,Thấp
115773,CA,Tư thục phi lợi nhuận,Bachelor,0.5,0.0,0.7788227977026337,1,Cao
115861,CA,Công lập,Associate,0.4632,0.0,0.7969319436048988,1,Cao
115931,CA,Tư thục vì lợi nhuận,Chứng chỉ,0.7739,0.0,0.04704543174493939,0,Thấp
116226,CA,Tư thục vì lợi nhuận,Associate,0.875,0.0,0.23681366921939648,0,Thấp
116439,CA,Công lập,Associate,0.5753,0.0,0.8129019167760764,1,Cao
116563,CA,Tư thục vì lợi nhuận,Chứng chỉ,0.75,0.0,0.037637634078469165,0,Thấp
116846,CA,Tư thục phi lợi nhuận,Chứng chỉ,0.3077,1.0,0.17915887238638356,0,Thấp
117052,CA,Công lập,Chứng chỉ,0.4235,0.0,0.712805792607328,1,Cao
117104,CA,Tư thục phi lợi nhuận,Bachelor,0.5682,0.0,0.8419943198685038,1,Cao
117140,CA,Tư thục phi lợi nhuận,Bachelor,0.6545,0.0,0.006745459076375103,0,Thấp
117168,CA,Tư thục phi lợi nhuận,Bachelor,0.6304,0.0,0.06943300039319185,0,Thấp
117195,CA,Công lập,Associate,0.419,0.0,0.9866002775767012,1,Cao
117247,CA,Công lập,Associate,0.3602,1.0,0.9684634133026578,1,Cao
117274,CA,Công lập,Associate,0.2857,1.0,0.9895321314010458,1,Cao
117283,CA,Tư thục phi lợi nhuận,Associate,0.6,0.0,0.6817409438535212,1,Trung bình
117557,CA,Tư thục phi lợi nhuận,Bachelor,0.75,0.0,0.5770243837417666,1,Trung bình
117627,CA,Tư thục phi lợi nhuận,Bachelor,0.6806,0.0,0.023737798501634044,0,Thấp
117645,CA,Công lập,Chứng chỉ,0.2707,1.0,0.7844592663467492,1,Cao
117690,CA,Công lập,Associate,0.3591,1.0,0.9100699782365786,1,Cao
117706,CA,Công lập,Associate,0.4137,0.0,0.8282630712604981,1,Cao
117715,CA,Công lập,Associate,0.3363,1.0,0.9555896450851568,1,Cao
117724,CA,Công lập,Chứng chỉ,0.2702,1.0,0.6786957230667265,1,Trung bình
117733,CA,Công lập,Associate,0.4121,0.0,0.8537945954840154,1,Cao
117751,CA,Tư thục phi lợi nhuận,Bachelor,0.6375,0.0,0.03523574159290066,0,Thấp
117788,CA,Công lập,Associate,0.2401,1.0,0.9503566064375547,1,Cao
117867,CA,Công lập,Associate,0.3066,1.0,0.9320593105913384,1,Cao
117894,CA,Công lập,Associate,0.3887,1.0,0.8465384188118895,1,Cao
117946,CA,Tư thục phi lợi nhuận,Bachelor,0.7978,0.0,0.009718687756233298,0,Thấp
117955,CA,Tư thục vì lợi nhuận,Chứng chỉ,0.75,0.0,0.04891523398061052,0,Thấp
118198,CA,Tư thục vì lợi nhuận,Chứng chỉ,0.7355,0.0,0.09140044866987651,0,Thấp
118347,CA,Công lập,Associate,0.3629,1.0,0.8828583867188402,1,Cao
118684,CA,Công lập,Associate,0.3095,1.0,0.9847413507860556,1,Cao
118693,CA,Tư thục phi lợi nhuận,Bachelor,0.5133,0.0,0.022126834316452106,0,Thấp
118718,CA,Công lập,Associate,0.2907,1.0,0.9772330136164423,1,Cao
118772,CA,Công lập,Associate,0.2133,1.0,0.9774703794971177,1,Cao
118912,CA,Công lập,Chứng chỉ,0.411,0.0,0.35583016250596633,0,Thấp
118930,CA,Công lập,Associate,0.5255,0.0,0.6734075104461812,1,Trung bình
118958,CA,Tư thục vì lợi nhuận,Chứng chỉ,0.6,0.0,0.1236365579166296,0,Thấp
118976,CA,Công lập,Associate,0.261,1.0,0.9001593016881329,1,Cao
118994,CA,Tư thục vì lợi nhuận,Chứng chỉ,0.4507,0.0,0.2326185820708485,0,Thấp
119067,CA,Công lập,Associate,0.3018,1.0,0.9201488612184263,1,Cao
119137,CA,Công lập,Associate,0.3894,1.0,0.7869497760525547,1,Cao
119164,CA,Công lập,Associate,0.3929,1.0,0.7836077129838973,1,Cao
119173,CA,Tư thục phi lợi nhuận,Bachelor,0.5342,0.0,0.016518768290345945,0,Thấp
119216,CA,Công lập,Associate,0.3648,1.0,0.9246582775021601,1,Cao
119270,CA,Tư thục vì lợi nhuận,Chứng chỉ,0.4596,0.0,0.11509899452113705,0,Thấp
119331,CA,Công lập,Associate,0.3177,1.0,0.8986396233431264,1,Cao
119553,CA,Tư thục vì lợi nhuận,Chứng chỉ,0.696,0.0,0.1043832711701375,0,Thấp
119605,CA,Tư thục phi lợi nhuận,Bachelor,0.5,0.0,0.9346450931272132,1,Cao
119775,CA,Tư thục vì lợi nhuận,Bachelor,0.5094,0.0,0.8713516308151887,1,Cao
119951,CA,Tư thục vì lợi nhuận,Chứng chỉ,0.6183,0.0,0.023080178302942043,0,Thấp
120069,CA,Tư thục vì lợi nhuận,Chứng chỉ,0.645,0.0,0.047187315836643075,0,Thấp
120078,CA,Tư thục vì lợi nhuận,Chứng chỉ,0.6519,0.0,0.040841223262994664,0,Thấp
120087,CA,Tư thục vì lợi nhuận,Chứng chỉ,0.6238,0.0,0.03431672503713081,0,Thấp
120184,CA,Tư thục phi lợi nhuận,Bachelor,0.3155,1.0,0.8287273295342158,1,Cao
120254,CA,Tư thục phi lợi nhuận,Bachelor,0.8511,0.0,0.01195573337409505,0,Thấp
120290,CA,Công lập,Associate,0.5492,0.0,0.8592132717546023,1,Cao
120342,CA,Công lập,Chứng chỉ,0.4527,0.0,0.5004544970944185,1,Trung bình
120403,CA,Tư thục phi lợi nhuận,Bachelor,0.6059,0.0,0.06952617909495827,0,Thấp
120421,CA,Công lập,Associate,0.3264,1.0,0.887306777857507,1,Cao
120537,CA,Tư thục phi lợi nhuận,Bachelor,0.4565,0.0,0.10588302046174738,0,Thấp
120661,CA,Tư thục vì lợi nhuận,Chứng chỉ,0.714,0.0,0.09852853387393362,0,Thấp
120838,CA,Tư thục phi lợi nhuận,Graduate,1.0,0.0,0.614354388247274,1,Trung bình
120865,CA,Tư thục phi lợi nhuận,Bachelor,0.5147,0.0,0.023314795369570943,0,Thấp
120883,CA,Tư thục phi lợi nhuận,Bachelor,0.6782,0.0,0.003922370463680863,0,Thấp
120953,CA,Công lập,Associate,0.1429,1.0,0.9451848911379633,1,Cao
120971,CA,Công lập,Chứng chỉ,0.338,1.0,0.6024261019689172,1,Trung bình
121044,CA,Công lập,Associate,0.4114,0.0,0.8467532056359623,1,Cao
121150,CA,Tư thục phi lợi nhuận,Bachelor,0.8467,0.0,0.035879497920930654,0,Thấp
121257,CA,Tư thục phi lợi nhuận,Bachelor,0.8321,0.0,0.014267637500696517,0,Thấp
121309,CA,Tư thục phi lợi nhuận,Bachelor,0.7379,0.0,0.006854404395843423,0,Thấp
121345,CA,Tư thục phi lợi nhuận,Bachelor,0.9319,0.0,0.028781786814344547,0,Thấp
121363,CA,Công lập,Associate,0.2941,1.0,0.9330991131267029,1,Cao
121433,CA,Tư thục vì lợi nhuận,Chứng chỉ,0.6429,0.0,0.09771514540026605,0,Thấp
121619,CA,Công lập,Chứng chỉ,0.3151,1.0,0.606440849825113,1,Trung bình
121637,CA,Tư thục vì lợi nhuận,Chứng chỉ,0.7778,0.0,0.3949456935126324,0,Thấp
121691,CA,Tư thục phi lợi nhuận,Bachelor,0.7068,0.0,0.008344856433078139,0,Thấp
121707,CA,Công lập,Associate,0.25,1.0,0.9691072865844037,1,Cao
121859,CA,Tư thục vì lợi nhuận,Chứng chỉ,0.8889,0.0,0.04918869514355363,0,Thấp
121868,CA,Tư thục vì lợi nhuận,Chứng chỉ,0.9091,0.0,0.06606158809383605,0,Thấp
121886,CA,Công lập,Associate,0.2713,1.0,0.8725775335347135,1,Cao
121901,CA,Công lập,Associate,0.3203,1.0,0.8207321631634239,1,Cao
122180,CA,Công lập,Associate,0.3142,1.0,0.9391512332966364,1,Cao
122205,CA,Công lập,Associate,0.417,0.0,0.8591394199544716,1,Cao
122339,CA,Công lập,Associate,0.2449,1.0,0.9666103165156923,1,Cao
122375,CA,Công lập,Associate,0.3375,1.0,0.928293569339066,1,Cao
122384,CA,Công lập,Associate,0.4812,0.0,0.9358091240232008,1,Cao
122409,CA,Công lập,Bachelor,0.7827,0.0,0.09290853461166088,0,Thấp
122436,CA,Tư thục phi lợi nhuận,Bachelor,0.8158,0.0,0.0034709381702792254,0,Thấp
122506,CA,Tư thục phi lợi nhuận,Bachelor,0.5246,0.0,0.007706934921975944,0,Thấp
122597,CA,Công lập,Bachelor,0.5015,0.0,0.21776728769354564,0,Thấp
122612,CA,Tư thục phi lợi nhuận,Bachelor,0.7113,0.0,0.007447631970058192,0,Thấp
122658,CA,Công lập,Associate,0.3249,1.0,0.9145511382513228,1,Cao
122685,CA,Tư thục vì lợi nhuận,Chứng chỉ,0.339,1.0,0.12472157162607841,0,Thấp
122694,CA,Tư thục vì lợi nhuận,Chứng chỉ,0.4779,0.0,0.1274645261439305,0,Thấp
122728,CA,Tư thục phi lợi nhuận,Bachelor,0.6071,0.0,0.09305263284147942,0,Thấp
122746,CA,Công lập,Chứng chỉ,0.3211,1.0,0.5855951289828372,1,Trung bình
122755,CA,Công lập,Bachelor,0.6465,0.0,0.17734393180955796,0,Thấp
122791,CA,Công lập,Associate,0.5673,0.0,0.8203727136569334,1,Cao
122889,CA,Công lập,Associate,0.3562,1.0,0.9566205949009682,1,Cao
122931,CA,Tư thục phi lợi nhuận,Bachelor,0.8845,0.0,0.016400062825736635,0,Thấp
122977,CA,Công lập,Associate,0.3583,1.0,0.9758191106211992,1,Cao
123013,CA,Công lập,Chứng chỉ,0.3427,1.0,0.5690616395339717,1,Trung bình
123165,CA,Tư thục phi lợi nhuận,Bachelor,0.8712,0.0,0.01361447022161504,0,Thấp
123217,CA,Công lập,Associate,0.328,1.0,0.8670810128917634,1,Cao
123280,CA,Tư thục phi lợi nhuận,Bachelor,0.3333,1.0,0.9641795816811334,1,Cao
123299,CA,Công lập,Associate,0.2913,1.0,0.9399141585938237,1,Cao
123341,CA,Công lập,Associate,0.3826,1.0,0.9631369351088737,1,Cao
123350,CA,Tư thục vì lợi nhuận,Chứng chỉ,0.8435,0.0,0.08164744925887374,0,Thấp
123457,CA,Tư thục phi lợi nhuận,Bachelor,0.4167,0.0,0.1312036310111142,0,Thấp
123484,CA,Công lập,Associate,0.3,1.0,0.9813380021177596,1,Cao
123493,CA,Công lập,Chứng chỉ,0.6774,0.0,0.04730782216582994,0,Thấp
123509,CA,Công lập,Associate,0.4141,0.0,0.8835373008533177,1,Cao
123527,CA,Công lập,Chứng chỉ,0.2212,1.0,0.6425848151264014,1,Trung bình
123554,CA,Tư thục phi lợi nhuận,Bachelor,0.6899,0.0,0.0029170365742759007,0,Thấp
123563,CA,Công lập,Associate,0.3377,1.0,0.923618673826908,1,Cao
123572,CA,Công lập,Bachelor,0.6052,0.0,0.30471133137333306,0,Thấp
123642,CA,Tư thục vì lợi nhuận,Chứng chỉ,0.3333,1.0,0.28235242411938116,0,Thấp
123651,CA,Tư thục phi lợi nhuận,Bachelor,0.5586,0.0,0.027705784042362912,0,Thấp
123679,CA,Tư thục vì lợi nhuận,Chứng chỉ,0.7993,0.0,0.029852312921028544,0,Thấp
123800,CA,Công lập,Associate,0.3149,1.0,0.884448119839341,1,Cao
123952,CA,Tư thục phi lợi nhuận,Bachelor,0.7,0.0,0.006380079071646498,0,Thấp
123961,CA,Tư thục phi lợi nhuận,Bachelor,0.9199,0.0,0.03180227387397522,0,Thấp
124113,CA,Công lập,Associate,0.3381,1.0,0.9273534815703247,1,Cao
124292,CA,Tư thục phi lợi nhuận,Bachelor,0.8202,0.0,0.07362862138668681,0,Thấp
124487,CA,Tư thục phi lợi nhuận,Bachelor,0.0,1.0,0.6685627533619979,1,Trung bình
124681,CA,Tư thục vì lợi nhuận,Chứng chỉ,0.5992,0.0,0.07448043217513249,0,Thấp
124706,CA,Tư thục vì lợi nhuận,Chứng chỉ,0.7313,0.0,0.06495580292723675,0,Thấp
124937,CA,Tư thục vì lợi nhuận,Chứng chỉ,0.7559,0.0,0.0324490025360155,0,Thấp
125028,CA,Công lập,Associate,0.4258,0.0,0.870114418524514,1,Cao
125082,CA,Tư thục vì lợi nhuận,Chứng chỉ,0.7419,0.0,0.09891807528221556,0,Thấp
125091,CA,Công lập,Chứng chỉ,0.3238,1.0,0.7542771024913423,1,Cao
125170,CA,Công lập,Associate,0.4147,0.0,0.9372892080905977,1,Cao
125231,MN,Tư thục vì lợi nhuận,Bachelor,0.0,1.0,0.8245218344659125,1,Cao
125310,CA,Tư thục vì lợi nhuận,Chứng chỉ,0.7619,0.0,0.04489754960511753,0,Thấp
125462,CA,Công lập,Associate,0.4188,0.0,0.9489464933087346,1,Cao
125471,CA,Công lập,Associate,0.2138,1.0,0.9187763536854949,1,Cao
125499,CA,Công lập,Associate,0.5226,0.0,0.5947931137068644,1,Trung bình
125532,CA,Tư thục vì lợi nhuận,Chứng chỉ,0.518,0.0,0.26854806563129535,0,Thấp
125727,CA,Tư thục phi lợi nhuận,Bachelor,0.7009,0.0,0.0014799729267258124,0,Thấp
125763,CA,Tư thục phi lợi nhuận,Bachelor,0.6339,0.0,0.01367664695594026,0,Thấp
125897,CA,Tư thục phi lợi nhuận,Bachelor,0.5478,0.0,0.008379537572093728,0,Thấp
126076,CA,Tư thục phi lợi nhuận,Bachelor,0.2,1.0,0.2933186633263575,0,Thấp
126119,CA,Công lập,Associate,0.3225,1.0,0.8856775861129941,1,Cao
126182,CO,Công lập,Bachelor,0.3165,1.0,0.7822850291497903,1,Cao
126207,CO,Công lập,Chứng chỉ,0.3507,1.0,0.830061457263713,1,Cao
126289,CO,Công lập,Chứng chỉ,0.2679,1.0,0.5488038470635732,1,Trung bình
126359,CO,Tư thục vì lợi nhuận,Associate,0.6081,0.0,0.4946577463130267,0,Trung bình
126562,CO,Công lập,Bachelor,0.474,0.0,0.2718583961465206,0,Thấp
126580,CO,Công lập,Bachelor,0.4534,0.0,0.48780861038670176,0,Trung bình
126605,CO,Tư thục vì lợi nhuận,Associate,0.6875,0.0,0.3447886235751723,0,Thấp
126614,CO,Công lập,Bachelor,0.7503,0.0,0.018917656572832356,0,Thấp
126669,CO,Tư thục phi lợi nhuận,Bachelor,0.5532,0.0,0.03836906595402532,0,Thấp
126678,CO,Tư thục phi lợi nhuận,Bachelor,0.86,0.0,0.029680690390857006,0,Thấp
126687,CO,Tư thục vì lợi nhuận,Chứng chỉ,0.6897,0.0,0.1071171012395447,0,Thấp
126711,CO,Công lập,Chứng chỉ,0.259,1.0,0.9160144530112253,1,Cao
126748,CO,Công lập,Associate,0.2562,1.0,0.9539256919257885,1,Cao
126775,CO,Công lập,Bachelor,0.7944,0.0,0.02561005753274197,0,Thấp
126784,CO,Tư thục vì lợi nhuận,Associate,0.8182,0.0,0.17963330751113804,0,Thấp
126818,CO,Công lập,Bachelor,0.6691,0.0,0.031765110648204566,0,Thấp
126827,CO,Tư thục vì lợi nhuận,Bachelor,0.1761,1.0,0.8805357321070985,1,Cao
126863,CO,Công lập,Associate,0.2857,1.0,0.9347637568712782,1,Cao
126915,CO,Công lập,Chứng chỉ,0.9623,0.0,0.0669495276103226,0,Thấp
126942,CO,Công lập,Associate,0.1579,1.0,0.866121620008153,1,Cao
126951,CO,Tư thục vì lợi nhuận,Chứng chỉ,0.6937,0.0,0.03164622926431457,0,Thấp
127060,CO,Tư thục phi lợi nhuận,Bachelor,0.7795,0.0,0.01095591215669146,0,Thấp
127158,CO,Công lập,Chứng chỉ,0.877,0.0,0.062335053700931335,0,Thấp
127185,CO,Công lập,Bachelor,0.4315,0.0,0.5485074185733758,1,Trung bình
127200,CO,Công lập,Chứng chỉ,0.301,1.0,0.47415884369390465,0,Trung bình
127316,CO,Tư thục vì lợi nhuận,Chứng chỉ,0.8438,0.0,0.19134198623458257,0,Thấp
127389,CO,Công lập,Associate,0.4138,0.0,0.9401603896658411,1,Cao
127556,CO,Công lập,Bachelor,0.4152,0.0,0.2943376365889728,0,Thấp
127565,CO,Công lập,Bachelor,0.2989,1.0,0.5539725472680117,1,Trung bình
127617,CO,Công lập,Chứng chỉ,0.4607,0.0,0.524227746543196,1,Trung bình
127653,CO,Tư thục phi lợi nhuận,Bachelor,0.4595,0.0,0.5152524200884998,1,Trung bình
127732,CO,Công lập,Chứng chỉ,0.5357,0.0,0.4662252048993365,0,Trung bình
127741,CO,Công lập,Bachelor,0.5134,0.0,0.18113666962228972,0,Thấp
127778,CO,Công lập,Chứng chỉ,0.3672,1.0,0.7824711993422518,1,Cao
127820,CO,Công lập,Associate,0.23,1.0,0.847064322557468,1,Cao
127884,CO,Công lập,Chứng chỉ,0.3746,1.0,0.5222167016667674,1,Trung bình
127909,CO,Công lập,Chứng chỉ,0.3737,1.0,0.5118904874822985,1,Trung bình
127918,CO,Tư thục phi lợi nhuận,Bachelor,0.6111,0.0,0.010311282446085347,0,Thấp
127945,CO,Tư thục vì lợi nhuận,Bachelor,0.3651,1.0,0.730667620387774,1,Cao
127954,CO,Tư thục phi lợi nhuận,Chứng chỉ,0.9167,0.0,0.25989281658027363,0,Thấp
128106,CO,Công lập,Bachelor,0.3798,1.0,0.7027180688479828,1,Cao
128151,CO,Công lập,Chứng chỉ,0.5816,0.0,0.6598349166745155,1,Trung bình
128179,CO,Tư thục vì lợi nhuận,Chứng chỉ,0.449,0.0,0.1885667690943936,0,Thấp
128188,CO,Tư thục vì lợi nhuận,Chứng chỉ,0.5456,0.0,0.11326091508447474,0,Thấp
128258,CO,Công lập,Chứng chỉ,0.5572,0.0,0.7367605939962131,1,Cao
128328,CO,Công lập,Bachelor,0.8814,0.0,0.23715516886219748,0,Thấp
128337,CO,Tư thục vì lợi nhuận,Chứng chỉ,0.7027,0.0,0.0366587189454167,0,Thấp
128391,CO,Công lập,Bachelor,0.5067,0.0,0.3153075371593112,0,Thấp
128498,CT,Tư thục phi lợi nhuận,Bachelor,0.4609,0.0,0.030520288462697324,0,Thấp
128586,NY,Tư thục phi lợi nhuận,Associate,0.5714,0.0,0.8762352872447381,1,Cao
128744,CT,Tư thục phi lợi nhuận,Bachelor,0.4809,0.0,0.37084875620730134,0,Thấp
128771,CT,Công lập,Bachelor,0.4933,0.0,0.10342807125561684,0,Thấp
128896,CT,Tư thục vì lợi nhuận,Chứng chỉ,0.7692,0.0,0.2724147495548563,0,Thấp
128902,CT,Tư thục phi lợi nhuận,Bachelor,0.8375,0.0,0.01895480578118081,0,Thấp
129002,CT,Tư thục vì lợi nhuận,Chứng chỉ,0.4318,0.0,0.15505731118397875,0,Thấp
129020,CT,Công lập,Bachelor,0.838,0.0,0.01858292261137562,0,Thấp
129154,CT,Tư thục phi lợi nhuận,Associate,0.5833,0.0,0.5808792682662633,1,Trung bình
129181,CT,Tư thục vì lợi nhuận,Chứng chỉ,0.6024,0.0,0.04878686454789074,0,Thấp
129215,CT,Công lập,Bachelor,0.5814,0.0,0.038426049473518444,0,Thấp
129242,CT,Tư thục phi lợi nhuận,Bachelor,0.8379,0.0,0.007083672730240949,0,Thấp
129349,CT,Tư thục vì lợi nhuận,Chứng chỉ,0.6571,0.0,0.031222938555171675,0,Thấp
129367,CT,Công lập,Associate,0.1885,1.0,0.885775703047931,1,Cao
129482,CT,Tư thục vì lợi nhuận,Chứng chỉ,0.5633,0.0,0.11391524054586588,0,Thấp
129525,CT,Tư thục phi lợi nhuận,Bachelor,0.5828,0.0,0.003212434591571781,0,Thấp
129534,CT,Tư thục phi lợi nhuận,Bachelor,1.0,0.0,0.8791996258354826,1,Cao
129774,CT,Tư thục phi lợi nhuận,Bachelor,0.4414,0.0,0.1113960598984422,0,Thấp
129923,CT,Tư thục vì lợi nhuận,Chứng chỉ,0.5394,0.0,0.0569712786866441,0,Thấp
129932,CT,Tư thục vì lợi nhuận,Chứng chỉ,0.7019,0.0,0.15388153608744412,0,Thấp
129941,CT,Tư thục phi lợi nhuận,Bachelor,0.5925,0.0,0.004083005841364048,0,Thấp
130110,CT,Tư thục vì lợi nhuận,Bachelor,0.5714,0.0,0.6970277813219953,1,Trung bình
130174,CT,Tư thục vì lợi nhuận,Chứng chỉ,0.4944,0.0,0.14428247146801723,0,Thấp
130183,CT,Tư thục vì lợi nhuận,Bachelor,0.3534,1.0,0.9320002290103239,1,Cao
130226,CT,Tư thục phi lợi nhuận,Bachelor,0.7728,0.0,0.003859734314887801,0,Thấp
130253,CT,Tư thục phi lợi nhuận,Bachelor,0.745,0.0,0.004675699518668462,0,Thấp
130314,CT,Tư thục phi lợi nhuận,Bachelor,0.697,0.0,0.00363657272938449,0,Thấp
130493,CT,Công lập,Bachelor,0.4782,0.0,0.10902835413997773,0,Thấp
130590,CT,Tư thục phi lợi nhuận,Bachelor,0.8276,0.0,0.023238487046418087,0,Thấp
130624,CT,Công lập,Bachelor,0.8789,0.0,0.22103780579686533,0,Thấp
130697,CT,Tư thục phi lợi nhuận,Bachelor,0.9157,0.0,0.0313252828368552,0,Thấp
130776,CT,Công lập,Bachelor,0.5025,0.0,0.24418268853473882,0,Thấp
130794,CT,Tư thục phi lợi nhuận,Bachelor,0.9633,0.0,0.06379324746302331,0,Thấp
130873,DE,Tư thục vì lợi nhuận,Chứng chỉ,0.691,0.0,0.06831728770893937,0,Thấp
130907,DE,Công lập,Associate,0.1945,1.0,0.867364378064556,1,Cao
130934,DE,Công lập,Bachelor,0.3866,1.0,0.29822451142728285,0,Thấp
130943,DE,Công lập,Bachelor,0.7878,0.0,0.029621073085367516,0,Thấp
130989,DE,Tư thục phi lợi nhuận,Bachelor,0.5886,0.0,0.3542177949488224,0,Thấp
131061,DE,Tư thục vì lợi nhuận,Chứng chỉ,0.4419,0.0,0.3555230252839918,0,Thấp
131113,DE,Tư thục phi lợi nhuận,Bachelor,0.2257,1.0,0.8605618819452618,1,Cao
131159,DC,Tư thục phi lợi nhuận,Bachelor,0.7849,0.0,0.004522874291244568,0,Thấp
131283,DC,Tư thục phi lợi nhuận,Bachelor,0.8133,0.0,0.004709798170873242,0,Thấp
131399,DC,Công lập,Bachelor,0.2626,1.0,0.8671164625238751,1,Cao
131450,DC,Tư thục phi lợi nhuận,Bachelor,0.4656,0.0,0.3226717993181856,0,Thấp
131469,DC,Tư thục phi lợi nhuận,Bachelor,0.8518,0.0,0.014005038152005822,0,Thấp
131496,DC,Tư thục phi lợi nhuận,Bachelor,0.943,0.0,0.03373431342862927,0,Thấp
131520,DC,Tư thục phi lợi nhuận,Bachelor,0.689,0.0,0.022853850495839472,0,Thấp
131803,DC,Tư thục vì lợi nhuận,Bachelor,0.0,1.0,0.7256429528049436,1,Cao
131830,DC,Tư thục phi lợi nhuận,Chứng chỉ,0.5,0.0,0.2253071521951939,0,Thấp
131876,DC,Tư thục phi lợi nhuận,Bachelor,0.444,0.0,0.7328899393444533,1,Cao
132374,FL,Công lập,Chứng chỉ,0.5587,0.0,0.12342144688860326,0,Thấp
132408,FL,Tư thục phi lợi nhuận,Bachelor,0.6923,0.0,0.392050772014268,0,Thấp
132471,FL,Tư thục phi lợi nhuận,Bachelor,0.3659,1.0,0.44006120047544084,0,Trung bình
132602,FL,Tư thục phi lợi nhuận,Bachelor,0.2783,1.0,0.7134105936160301,1,Cao
132657,FL,Tư thục phi lợi nhuận,Bachelor,0.5269,0.0,0.022774554242699002,0,Thấp
132675,FL,Công lập,Chứng chỉ,0.8235,0.0,0.21123866507302363,0,Thấp
132693,FL,Công lập,Associate,0.5122,0.0,0.9416280368805288,1,Cao
132709,FL,Công lập,Associate,0.3611,1.0,0.9231238115500638,1,Cao
132842,FL,Tư thục phi lợi nhuận,Bachelor,0.6,0.0,0.7188917216358226,1,Cao
132851,FL,Công lập,Chứng chỉ,0.4396,0.0,0.6792902805824295,1,Trung bình
132879,FL,Tư thục phi lợi nhuận,Bachelor,0.2364,1.0,0.7150108188977874,1,Cao
132903,FL,Công lập,Bachelor,0.7515,0.0,0.15580989401086387,0,Thấp
132976,FL,Công lập,Chứng chỉ,0.7248,0.0,0.5511524742113243,1,Trung bình
133021,FL,Công lập,Associate,0.6126,0.0,0.8577863617682466,1,Cao
133155,FL,Công lập,Chứng chỉ,0.9907,0.0,0.031154244651570635,0,Thấp
133386,FL,Công lập,Associate,0.4123,0.0,0.9413567423358785,1,Cao
133465,FL,Tư thục vì lợi nhuận,Bachelor,0.2143,1.0,0.749582783219065,1,Cao
133492,FL,Tư thục phi lợi nhuận,Bachelor,0.6756,0.0,0.0029651599337448603,0,Thấp
133508,FL,Công lập,Associate,0.3854,1.0,0.9205084167008969,1,Cao
133526,FL,Tư thục phi lợi nhuận,Bachelor,0.2795,1.0,0.8472213924838107,1,Cao
133553,FL,Tư thục phi lợi nhuận,Bachelor,0.6736,0.0,0.0033828667023521252,0,Thấp
133650,FL,Công lập,Bachelor,0.5194,0.0,0.4066311515859941,0,Trung bình
133669,FL,Công lập,Bachelor,0.6433,0.0,0.2589000767873513,0,Thấp
133702,FL,Công lập,Associate,0.3243,1.0,0.932816157377474,1,Cao
133711,FL,Tư thục phi lợi nhuận,Bachelor,0.5589,0.0,0.2104054755621718,0,Thấp
133809,FL,Tư thục phi lợi nhuận,Associate,0.5064,0.0,0.09558927328835282,0,Thấp
133845,FL,Tư thục vì lợi nhuận,Chứng chỉ,0.4855,0.0,0.3857430313359824,0,Thấp
133854,FL,Tư thục vì lợi nhuận,Chứng chỉ,0.6332,0.0,0.21242165178773467,0,Thấp
133863,FL,Tư thục vì lợi nhuận,Chứng chỉ,0.6453,0.0,0.391074762517058,0,Thấp
133872,FL,Tư thục phi lợi nhuận,Bachelor,0.3562,1.0,0.733228773080444,1,Cao
133881,FL,Tư thục phi lợi nhuận,Bachelor,0.6545,0.0,0.0049307732808372765,0,Thấp
133951,FL,Công lập,Bachelor,0.7387,0.0,0.29459723655854875,0,Thấp
133960,FL,Công lập,Chứng chỉ,0.408,0.0,0.7040680056347184,1,Cao
133979,FL,Tư thục phi lợi nhuận,Bachelor,0.3023,1.0,0.6624090474221326,1,Trung bình
133997,FL,Tư thục vì lợi nhuận,Chứng chỉ,0.458,0.0,0.2775975884089102,0,Thấp
134024,FL,Tư thục vì lợi nhuận,Chứng chỉ,0.7692,0.0,0.1942119204601145,0,Thấp
134079,FL,Tư thục phi lợi nhuận,Bachelor,0.6933,0.0,0.006137155087682018,0,Thấp
134097,FL,Công lập,Bachelor,0.8299,0.0,0.13713048749310083,0,Thấp
134130,FL,Công lập,Bachelor,0.9151,0.0,0.16996584186937236,0,Thấp
134228,FL,Tư thục vì lợi nhuận,Chứng chỉ,0.9412,0.0,0.37509607024876807,0,Thấp
134237,FL,Tư thục vì lợi nhuận,Bachelor,0.4959,0.0,0.4537427168049929,0,Trung bình
134291,FL,Công lập,Chứng chỉ,0.5093,0.0,0.1265144028718544,0,Thấp
134307,FL,Công lập,Chứng chỉ,0.2727,1.0,0.0551816217469055,0,Thấp
134343,FL,Công lập,Associate,0.448,0.0,0.9002241846906706,1,Cao
134422,FL,Tư thục vì lợi nhuận,Associate,1.0,0.0,0.6979448359985025,1,Trung bình
134495,FL,Công lập,Associate,0.332,1.0,0.8996159076916953,1,Cao
134510,FL,Tư thục phi lợi nhuận,Bachelor,0.6071,0.0,0.6999137365665578,1,Trung bình
134529,FL,Tư thục vì lợi nhuận,Chứng chỉ,0.7156,0.0,0.40241742929749474,0,Trung bình
134574,FL,Tư thục vì lợi nhuận,Chứng chỉ,0.7736,0.0,0.09673902015410694,0,Thấp
134608,FL,Công lập,Associate,0.4248,0.0,0.9095811722419774,1,Cao
134714,FL,Tư thục vì lợi nhuận,Chứng chỉ,0.5781,0.0,0.15601778798313454,0,Thấp
134945,FL,Tư thục phi lợi nhuận,Bachelor,0.5697,0.0,0.004017744591285365,0,Thấp
135081,FL,Tư thục phi lợi nhuận,Associate,0.4421,0.0,0.3184063557789034,0,Thấp
135142,FL,Tư thục vì lợi nhuận,Chứng chỉ,0.9677,0.0,0.1867431445606129,0,Thấp
135160,FL,Công lập,Chứng chỉ,0.5657,0.0,0.6954083412467362,1,Trung bình
135179,FL,Công lập,Chứng chỉ,0.6825,0.0,0.40517500346515956,0,Trung bình
135188,FL,Công lập,Associate,0.4466,0.0,0.824809892606195,1,Cao
135267,FL,Công lập,Chứng chỉ,0.8203,0.0,0.04257225297219056,0,Thấp
135276,FL,Công lập,Chứng chỉ,0.5458,0.0,0.31727601856729476,0,Thấp
135294,FL,Công lập,Chứng chỉ,0.4143,0.0,0.16878284170454497,0,Thấp
135337,FL,Tư thục vì lợi nhuận,Chứng chỉ,0.6143,0.0,0.11350298467751546,0,Thấp
135364,GA,Tư thục phi lợi nhuận,Bachelor,0.0,1.0,0.8650401911501755,1,Cao
135391,FL,Công lập,Associate,0.3487,1.0,0.9102009418179071,1,Cao
135407,FL,Công lập,Chứng chỉ,0.785,0.0,0.1128049970893122,0,Thấp
135522,FL,Công lập,Chứng chỉ,0.8256,0.0,0.06846407830658086,0,Thấp
135559,FL,Tư thục vì lợi nhuận,Chứng chỉ,0.7193,0.0,0.48332848025536856,0,Trung bình
135647,FL,Công lập,Chứng chỉ,0.3043,1.0,0.10643399158098228,0,Thấp
135717,FL,Công lập,Associate,0.4469,0.0,0.9327136820608608,1,Cao
135726,FL,Tư thục phi lợi nhuận,Bachelor,0.8423,0.0,0.005511421844864835,0,Thấp
135735,FL,Công lập,Chứng chỉ,0.4702,0.0,0.045968751110048105,0,Thấp
136109,FL,Tư thục vì lợi nhuận,Chứng chỉ,0.8444,0.0,0.023307299176412388,0,Thấp
136145,FL,Công lập,Associate,0.6348,0.0,0.9115671185114821,1,Cao
136172,FL,Công lập,Bachelor,0.6818,0.0,0.40704542413249506,0,Trung bình
136215,FL,Tư thục phi lợi nhuận,Bachelor,0.6434,0.0,0.017673049265021973,0,Thấp
136233,FL,Công lập,Associate,0.4288,0.0,0.9299794122542632,1,Cao
136303,FL,Công lập,Chứng chỉ,0.6565,0.0,0.2871891922690312,0,Thấp
136330,FL,Tư thục phi lợi nhuận,Bachelor,0.5895,0.0,0.06959713584450732,0,Thấp
136358,FL,Công lập,Associate,0.4122,0.0,0.9170982717869143,1,Cao
136400,FL,Công lập,Associate,0.4293,0.0,0.8809805396747054,1,Cao
136473,FL,Công lập,Associate,0.4198,0.0,0.9484907332805332,1,Cao
136491,FL,Công lập,Chứng chỉ,0.5783,0.0,0.36763883093691685,0,Thấp
136516,FL,Công lập,Associate,0.3396,1.0,0.9055809466166452,1,Cao
136659,FL,Công lập,Chứng chỉ,0.6752,0.0,0.07443403003450928,0,Thấp
136765,FL,Công lập,Chứng chỉ,0.8472,0.0,0.8857609104966061,1,Cao
136774,FL,Tư thục phi lợi nhuận,Bachelor,0.708,0.0,0.024944531500053334,0,Thấp
136826,FL,Công lập,Chứng chỉ,0.3389,1.0,0.3535928860673701,0,Thấp
136950,FL,Tư thục phi lợi nhuận,Bachelor,0.7689,0.0,0.005707126493801376,0,Thấp
137023,FL,Công lập,Chứng chỉ,0.7657,0.0,0.16203806455675165,0,Thấp
137032,FL,Tư thục phi lợi nhuận,Bachelor,0.4878,0.0,0.784431761271149,1,Cao
137078,FL,Công lập,Associate,0.3747,1.0,0.9519221976952953,1,Cao
137087,FL,Công lập,Chứng chỉ,0.5344,0.0,0.29689941797600955,0,Thấp
137096,FL,Công lập,Associate,0.5209,0.0,0.9148582440155508,1,Cao
137120,FL,Công lập,Chứng chỉ,0.5107,0.0,0.29365171046662764,0,Thấp
137209,FL,Công lập,Chứng chỉ,0.4195,0.0,0.6979833817163753,1,Trung bình
137245,FL,Công lập,Chứng chỉ,0.6956,0.0,0.08535393797217139,0,Thấp
137272,FL,Tư thục phi lợi nhuận,Bachelor,1.0,0.0,0.5805005677323591,1,Trung bình
137281,FL,Công lập,Associate,0.4573,0.0,0.8761409369161403,1,Cao
137315,FL,Công lập,Associate,0.5113,0.0,0.932013724538574,1,Cao
137351,FL,Công lập,Bachelor,0.7458,0.0,0.11522258762787926,0,Thấp
137476,FL,Tư thục phi lợi nhuận,Bachelor,0.4342,0.0,0.3930281842777382,0,Thấp
137546,FL,Tư thục phi lợi nhuận,Bachelor,0.628,0.0,0.00768010678026501,0,Thấp
137564,FL,Tư thục phi lợi nhuận,Bachelor,0.433,0.0,0.20031760561228806,0,Thấp
137591,FL,Tư thục vì lợi nhuận,Chứng chỉ,0.6087,0.0,0.08621142709539442,0,Thấp
137713,FL,Công lập,Chứng chỉ,0.6497,0.0,0.4235896948354654,0,Trung bình
137759,FL,Công lập,Associate,0.3692,1.0,0.9220050071075993,1,Cao
137777,FL,Tư thục phi lợi nhuận,Bachelor,0.5882,0.0,0.41322794166449806,0,Trung bình
137847,FL,Tư thục phi lợi nhuận,Bachelor,0.6192,0.0,0.029792460938719102,0,Thấp
137856,FL,Công lập,Chứng chỉ,0.7294,0.0,0.03831772660642933,0,Thấp
137865,FL,Công lập,Chứng chỉ,0.5241,0.0,0.17913805695061857,0,Thấp
137953,FL,Tư thục phi lợi nhuận,Bachelor,0.4423,0.0,0.8637914913802837,1,Cao
137962,FL,Tư thục phi lợi nhuận,Bachelor,0.0,1.0,0.8850725743326338,1,Cao
138187,FL,Công lập,Associate,0.4352,0.0,0.9135231462727953,1,Cao
138275,FL,Tư thục phi lợi nhuận,Bachelor,0.3492,1.0,0.7777637285543084,1,Cao
138284,FL,Công lập,Chứng chỉ,0.4184,0.0,0.26080011373859524,0,Thấp
138293,FL,Tư thục phi lợi nhuận,Bachelor,0.2601,1.0,0.6094950502014832,1,Trung bình
138309,FL,Tư thục vì lợi nhuận,Associate,0.5103,0.0,0.6898539101885516,1,Trung bình
138354,FL,Công lập,Bachelor,0.6176,0.0,0.4628632502145393,0,Trung bình
138372,FL,Công lập,Chứng chỉ,0.768,0.0,0.13824798829088406,0,Thấp
138479,FL,Công lập,Chứng chỉ,0.6157,0.0,0.1186707022195586,0,Thấp
138488,FL,Công lập,Chứng chỉ,0.6777,0.0,0.24396738135879134,0,Thấp
138497,FL,Công lập,Chứng chỉ,0.5044,0.0,0.04561938975275964,0,Thấp
138558,GA,Công lập,Bachelor,0.2912,1.0,0.8170147342764016,1,Cao
138600,GA,Tư thục phi lợi nhuận,Bachelor,0.7052,0.0,0.0016384429474472926,0,Thấp
138655,GA,Tư thục vì lợi nhuận,Chứng chỉ,0.3907,1.0,0.5221771510835468,1,Trung bình
138664,GA,Tư thục vì lợi nhuận,Chứng chỉ,0.4286,0.0,0.503432135324774,1,Trung bình
138682,GA,Công lập,Chứng chỉ,0.3413,1.0,0.9573945853301739,1,Cao
138716,GA,Công lập,Bachelor,0.2279,1.0,0.47126640559625244,0,Trung bình
138761,GA,Tư thục phi lợi nhuận,Associate,0.2696,1.0,0.8075335045724764,1,Cao
138822,GA,Tư thục vì lợi nhuận,Chứng chỉ,0.7077,0.0,0.12078225671579296,0,Thấp
138840,GA,Công lập,Chứng chỉ,0.408,0.0,0.9223375566639804,1,Cao
138868,GA,Tư thục phi lợi nhuận,Bachelor,0.4044,0.0,0.5691206599348276,1,Trung bình
138901,GA,Công lập,Associate,0.1429,1.0,0.9856216458133583,1,Cao
138938,GA,Tư thục vì lợi nhuận,Chứng chỉ,0.5833,0.0,0.027453379049112978,0,Thấp
138947,GA,Tư thục phi lợi nhuận,Bachelor,0.478,0.0,0.4694283454566115,0,Trung bình
138956,GA,Công lập,Chứng chỉ,0.3077,1.0,0.8055624627775904,1,Cao
139144,GA,Tư thục phi lợi nhuận,Bachelor,0.7391,0.0,0.0033931884541879304,0,Thấp
139153,GA,Tư thục phi lợi nhuận,Bachelor,0.1667,1.0,0.9772078580428654,1,Cao
139199,GA,Tư thục phi lợi nhuận,Bachelor,0.3536,1.0,0.34978322953344576,0,Thấp
139205,GA,Tư thục phi lợi nhuận,Bachelor,0.2349,1.0,0.7426800764683082,1,Cao
139250,GA,Công lập,Bachelor,0.2556,1.0,0.9431895413720468,1,Cao
139278,GA,Công lập,Chứng chỉ,0.3009,1.0,0.9003869951660738,1,Cao
139311,GA,Công lập,Bachelor,0.3539,1.0,0.7219237919089592,1,Cao
139357,GA,Công lập,Chứng chỉ,0.2069,1.0,0.9328709745925574,1,Cao
139366,GA,Công lập,Bachelor,0.4174,0.0,0.6624708790385302,1,Trung bình
139384,GA,Công lập,Chứng chỉ,0.344,1.0,0.81781215746266,1,Cao
139393,GA,Tư thục phi lợi nhuận,Bachelor,0.7186,0.0,0.006390565113359151,0,Thấp
139463,GA,Công lập,Bachelor,0.2959,1.0,0.9559370777699366,1,Cao
139506,GA,Tư thục vì lợi nhuận,Chứng chỉ,0.625,0.0,0.19724672808075225,0,Thấp
139579,GA,Tư thục vì lợi nhuận,Bachelor,0.2273,1.0,0.6827431963682682,1,Trung bình
139621,GA,Công lập,Associate,0.1376,1.0,0.8421642354056759,1,Cao
139630,GA,Tư thục phi lợi nhuận,Bachelor,0.346,1.0,0.6629544425048344,1,Trung bình
139658,GA,Tư thục phi lợi nhuận,Bachelor,0.9176,0.0,0.011270444828045227,0,Thấp
139700,GA,Công lập,Associate,0.2079,1.0,0.9349574426395673,1,Cao
139719,GA,Công lập,Bachelor,0.4519,0.0,0.6625618441101662,1,Trung bình
139755,GA,Công lập,Bachelor,0.9228,0.0,0.05016597040136837,0,Thấp
139764,GA,Công lập,Bachelor,0.3191,1.0,0.8028225205510261,1,Cao
139861,GA,Công lập,Bachelor,0.6157,0.0,0.11598690386655691,0,Thấp
139931,GA,Công lập,Bachelor,0.5205,0.0,0.2750377631325372,0,Thấp
139940,GA,Công lập,Bachelor,0.5372,0.0,0.16644817484291008,0,Thấp
139959,GA,Công lập,Bachelor,0.8716,0.0,0.050158916540997536,0,Thấp
139968,GA,Công lập,Associate,0.1731,1.0,0.9590996542546305,1,Cao
139986,GA,Công lập,Chứng chỉ,0.5115,0.0,0.7743880268665005,1,Cao
139995,GA,Tư thục phi lợi nhuận,Associate,0.6176,0.0,0.22524197463766368,0,Thấp
140003,GA,Tư thục vì lợi nhuận,Chứng chỉ,0.4091,0.0,0.3673198640895638,0,Thấp
140012,GA,Công lập,Chứng chỉ,0.2697,1.0,0.8978657809641478,1,Cao
140234,GA,Tư thục phi lợi nhuận,Bachelor,0.4176,0.0,0.3077080541595274,0,Thấp
140243,GA,Công lập,Chứng chỉ,0.3609,1.0,0.8497667245141283,1,Cao
140252,GA,Tư thục phi lợi nhuận,Bachelor,0.3214,1.0,0.4862992606353625,0,Trung bình
140331,GA,Công lập,Chứng chỉ,0.3894,1.0,0.8516129073825072,1,Cao
140340,GA,Tư thục phi lợi nhuận,Associate,0.2917,1.0,0.934398745815833,1,Cao
140447,GA,Tư thục phi lợi nhuận,Bachelor,0.7339,0.0,0.005743309329812924,0,Thấp
140553,GA,Tư thục phi lợi nhuận,Bachelor,0.5267,0.0,0.04301574167788672,0,Thấp
140571,GA,Tư thục phi lợi nhuận,Bachelor,1.0,0.0,0.8964579226997181,1,Cao
140678,GA,Công lập,Chứng chỉ,0.3669,1.0,0.8178749695785072,1,Cao
140696,GA,Tư thục phi lợi nhuận,Bachelor,0.5392,0.0,0.0034979795790318294,0,Thấp
140720,GA,Tư thục phi lợi nhuận,Bachelor,0.2169,1.0,0.7360035620497907,1,Cao
140818,GA,Tư thục phi lợi nhuận,Bachelor,0.4146,0.0,0.08314744784761641,0,Thấp
140872,GA,Tư thục phi lợi nhuận,Bachelor,0.3562,1.0,0.44670771126252495,0,Trung bình
140942,GA,Công lập,Chứng chỉ,0.3654,1.0,0.9339401400248482,1,Cao
140951,GA,Tư thục phi lợi nhuận,Bachelor,0.7048,0.0,0.0055446794953393904,0,Thấp
140960,GA,Công lập,Bachelor,0.2517,1.0,0.708626633967218,1,Cao
140988,GA,Tư thục phi lợi nhuận,Bachelor,0.3708,1.0,0.39200929339991253,0,Thấp
141006,GA,Công lập,Chứng chỉ,0.5859,0.0,0.7777841996911098,1,Cao
141060,GA,Tư thục phi lợi nhuận,Bachelor,0.761,0.0,0.04749610717940296,0,Thấp
141167,GA,Tư thục phi lợi nhuận,Bachelor,0.2778,1.0,0.8081514018247656,1,Cao
141185,GA,Tư thục phi lợi nhuận,Bachelor,0.4601,0.0,0.8281661481460413,1,Cao
141237,GA,Tư thục phi lợi nhuận,Bachelor,0.4115,0.0,0.7401870437343155,1,Cao
141255,GA,Công lập,Chứng chỉ,0.4375,0.0,0.7006896983456319,1,Cao
141264,GA,Công lập,Bachelor,0.4174,0.0,0.7094117742983191,1,Cao
141325,GA,Tư thục phi lợi nhuận,Bachelor,0.6056,0.0,0.28129220320807125,0,Thấp
141334,GA,Công lập,Bachelor,0.4272,0.0,0.3951110223230291,0,Thấp
141361,GA,Tư thục phi lợi nhuận,Bachelor,0.4566,0.0,0.3504921780122386,0,Thấp
141486,HI,Tư thục phi lợi nhuận,Bachelor,0.5814,0.0,0.2558253732528702,0,Thấp
141565,HI,Công lập,Bachelor,0.4163,0.0,0.3583307809831402,0,Thấp
141574,HI,Công lập,Bachelor,0.6257,0.0,0.06382637414753753,0,Thấp
141608,HI,Tư thục vì lợi nhuận,Chứng chỉ,0.8222,0.0,0.3376707672327923,0,Thấp
141644,HI,Tư thục phi lợi nhuận,Bachelor,0.4121,0.0,0.3078413940658887,0,Thấp
141680,HI,Công lập,Associate,0.3478,1.0,0.9351994421199039,1,Cao
141796,HI,Công lập,Associate,0.2036,1.0,0.9161303481429329,1,Cao
141802,HI,Công lập,Chứng chỉ,0.291,1.0,0.20797946863251876,0,Thấp
141811,HI,Công lập,Associate,0.3163,1.0,0.8411850203489991,1,Cao
141839,HI,Công lập,Associate,0.2734,1.0,0.9609342027623657,1,Cao
141981,HI,Công lập,Bachelor,0.4684,0.0,0.615315714934862,1,Trung bình
141990,HI,Công lập,Associate,0.2944,1.0,0.9288209282560469,1,Cao
142054,ID,Tư thục vì lợi nhuận,Chứng chỉ,0.5797,0.0,0.04758665268794708,0,Thấp
142090,ID,Tư thục phi lợi nhuận,Bachelor,0.4815,0.0,0.7322726683203586,1,Cao
142115,ID,Công lập,Bachelor,0.6187,0.0,0.23324709332484334,0,Thấp
142179,ID,Công lập,Associate,0.3533,1.0,0.9394665383899129,1,Cao
142276,ID,Công lập,Bachelor,0.383,1.0,0.46999287623126845,0,Trung bình
142285,ID,Công lập,Bachelor,0.609,0.0,0.20744615730705857,0,Thấp
142294,ID,Tư thục phi lợi nhuận,Bachelor,0.6412,0.0,0.01747485986265392,0,Thấp
142328,ID,Công lập,Bachelor,0.4472,0.0,0.8052130138815745,1,Cao
142407,ID,Tư thục vì lợi nhuận,Chứng chỉ,0.8293,0.0,0.1698142289497741,0,Thấp
142443,ID,Công lập,Chứng chỉ,0.3569,1.0,0.8232309511765561,1,Cao
142461,ID,Tư thục phi lợi nhuận,Bachelor,0.5993,0.0,0.013300683727013578,0,Thấp
142489,ID,Tư thục vì lợi nhuận,Chứng chỉ,0.6667,0.0,0.12339964495218608,0,Thấp
142522,ID,Tư thục phi lợi nhuận,Bachelor,0.5508,0.0,0.8341648104279569,1,Cao
142559,ID,Công lập,Associate,0.3509,1.0,0.8801856859482856,1,Cao
142887,IL,Tư thục vì lợi nhuận,Bachelor,0.45,0.0,0.10005729232021221,0,Thấp
143048,IL,Tư thục phi lợi nhuận,Bachelor,0.6402,0.0,0.021391208212912356,0,Thấp
143084,IL,Tư thục phi lợi nhuận,Bachelor,0.7918,0.0,0.001753946229148715,0,Thấp
143118,IL,Tư thục phi lợi nhuận,Bachelor,0.5832,0.0,0.22042786004815215,0,Thấp
143215,IL,Công lập,Chứng chỉ,0.3691,1.0,0.7751708482902631,1,Cao
143279,IL,Công lập,Chứng chỉ,0.4322,0.0,0.4924456738503533,0,Trung bình
143288,IL,Tư thục phi lợi nhuận,Bachelor,0.5241,0.0,0.5546328526693013,1,Trung bình
143358,IL,Tư thục phi lợi nhuận,Bachelor,0.7214,0.0,0.003668757549396629,0,Thấp
143376,IL,Tư thục vì lợi nhuận,Chứng chỉ,0.6176,0.0,0.1677811438104654,0,Thấp
143464,IL,Tư thục vì lợi nhuận,Chứng chỉ,0.2222,1.0,0.14333749908227755,0,Thấp
143473,IL,Tư thục vì lợi nhuận,Chứng chỉ,0.7143,0.0,0.42016674043178365,0,Trung bình
143482,IL,Tư thục vì lợi nhuận,Chứng chỉ,0.5833,0.0,0.11060262783451473,0,Thấp
143491,IL,Tư thục vì lợi nhuận,Chứng chỉ,0.5333,0.0,0.05898170861949795,0,Thấp
143552,IL,Tư thục vì lợi nhuận,Chứng chỉ,0.8571,0.0,0.07288288017259922,0,Thấp
143613,IL,Công lập,Associate,0.3704,1.0,0.901440704253712,1,Cao
144005,IL,Công lập,Bachelor,0.1695,1.0,0.7912535641069178,1,Cao
144050,IL,Tư thục phi lợi nhuận,Bachelor,0.9491,0.0,0.0383120419800284,0,Thấp
144157,IL,Công lập,Chứng chỉ,0.2551,1.0,0.7842976585811224,1,Cao
144166,IL,Công lập,Chứng chỉ,0.1442,1.0,0.756538578471212,1,Cao
144175,IL,Công lập,Chứng chỉ,0.1951,1.0,0.7705790965338956,1,Cao
144184,IL,Công lập,Chứng chỉ,0.3147,1.0,0.7545658773039475,1,Cao
144193,IL,Công lập,Chứng chỉ,0.2756,1.0,0.6386476241331318,1,Trung bình
144209,IL,Công lập,Associate,0.2863,1.0,0.8803311803212722,1,Cao
144218,IL,Công lập,Associate,0.3255,1.0,0.78933465455454,1,Cao
144281,IL,Tư thục phi lợi nhuận,Bachelor,0.4846,0.0,0.2943890483109863,0,Thấp
144351,IL,Tư thục phi lợi nhuận,Bachelor,0.474,0.0,0.11262964797491269,0,Thấp
144564,IL,Công lập,Chứng chỉ,0.3791,1.0,0.42625193530618455,0,Trung bình
144740,IL,Tư thục phi lợi nhuận,Bachelor,0.7,0.0,0.0013886512397886632,0,Thấp
144795,IL,Tư thục vì lợi nhuận,Chứng chỉ,0.6,0.0,0.045461817897873354,0,Thấp
144865,IL,Công lập,Associate,0.242,1.0,0.892946277539742,1,Cao
144883,IL,Tư thục phi lợi nhuận,Bachelor,0.2295,1.0,0.8497346230578323,1,Cao
144892,IL,Công lập,Bachelor,0.4517,0.0,0.19914357851316464,0,Thấp
144944,IL,Công lập,Chứng chỉ,0.4114,0.0,0.411574327664793,0,Trung bình
144962,IL,Tư thục phi lợi nhuận,Bachelor,0.6519,0.0,0.010655218691053202,0,Thấp
144971,IL,Tư thục phi lợi nhuận,Bachelor,0.4057,0.0,0.34625584863221376,0,Thấp
145099,IL,Tư thục vì lợi nhuận,Chứng chỉ,0.7718,0.0,0.09852311330768794,0,Thấp
145239,IL,Tư thục vì lợi nhuận,Associate,0.4444,0.0,0.45497876294495804,0,Trung bình
145309,IL,Tư thục vì lợi nhuận,Chứng chỉ,0.8571,0.0,0.051628370840487846,0,Thấp
145336,IL,Công lập,Bachelor,0.196,1.0,0.8729215003811975,1,Cao
145354,IL,Tư thục phi lợi nhuận,Chứng chỉ,0.5,0.0,0.7309467922493713,1,Cao
145372,IL,Tư thục phi lợi nhuận,Bachelor,0.5136,0.0,0.2592155238762792,0,Thấp
145406,IL,Tư thục vì lợi nhuận,Chứng chỉ,0.7647,0.0,0.07776903694365657,0,Thấp
145433,IL,Tư thục vì lợi nhuận,Chứng chỉ,0.7143,0.0,0.10005835289938685,0,Thấp
145497,IL,Tư thục phi lợi nhuận,Bachelor,0.7308,0.0,0.5325386498689546,1,Trung bình
145521,IL,Công lập,Chứng chỉ,0.46,0.0,0.3710313384780606,0,Thấp
145600,IL,Công lập,Bachelor,0.603,0.0,0.04690808143208157,0,Thấp
145619,IL,Tư thục phi lợi nhuận,Bachelor,0.5095,0.0,0.12892274153249195,0,Thấp
145637,IL,Công lập,Bachelor,0.8489,0.0,0.016835762227136186,0,Thấp
145646,IL,Tư thục phi lợi nhuận,Bachelor,0.8254,0.0,0.0038963838950790927,0,Thấp
145682,IL,Công lập,Associate,0.4036,0.0,0.7970191363672252,1,Cao
145691,IL,Tư thục phi lợi nhuận,Bachelor,0.6109,0.0,0.033878975000881585,0,Thấp
145707,IL,Công lập,Chứng chỉ,0.6212,0.0,0.396372969160133,0,Thấp
145725,IL,Tư thục phi lợi nhuận,Bachelor,0.7244,0.0,0.001095900966940717,0,Thấp
145813,IL,Công lập,Bachelor,0.6632,0.0,0.04328077527423472,0,Thấp
145831,IL,Công lập,Chứng chỉ,0.4453,0.0,0.5724229855235211,1,Trung bình
146205,IL,Công lập,Associate,0.4146,0.0,0.8987039833814788,1,Cao
146278,IL,Công lập,Associate,0.4595,0.0,0.9136528803901649,1,Cao
146296,IL,Công lập,Chứng chỉ,0.2075,1.0,0.5983477994888697,1,Trung bình
146339,IL,Tư thục phi lợi nhuận,Bachelor,0.5325,0.0,0.25664621247432395,0,Thấp
146348,IL,Công lập,Chứng chỉ,0.3815,1.0,0.6677759889106815,1,Trung bình
146366,IL,Công lập,Chứng chỉ,0.4852,0.0,0.3859406223453285,0,Thấp
146418,IL,Công lập,Chứng chỉ,0.3841,1.0,0.6359934971908056,1,Trung bình
146427,IL,Tư thục phi lợi nhuận,Bachelor,0.6751,0.0,0.005901685709654893,0,Thấp
146454,IL,Tư thục vì lợi nhuận,Chứng chỉ,0.6383,0.0,0.04467013067065885,0,Thấp
146472,IL,Công lập,Chứng chỉ,0.3828,1.0,0.4147150683752041,0,Trung bình
146481,IL,Tư thục phi lợi nhuận,Bachelor,0.7042,0.0,0.003316093635626311,0,Thấp
146506,IL,Công lập,Chứng chỉ,0.5355,0.0,0.390267130883401,0,Thấp
146603,IL,Công lập,Chứng chỉ,0.4781,0.0,0.6079042348266296,1,Trung bình
146612,IL,Tư thục phi lợi nhuận,Bachelor,0.6256,0.0,0.009591288489352884,0,Thấp
146667,IL,Tư thục phi lợi nhuận,Bachelor,0.5823,0.0,0.7969227153569367,1,Cao
146685,IL,Công lập,Chứng chỉ,0.425,0.0,0.5138457073149194,1,Trung bình
146700,IL,Tư thục vì lợi nhuận,Chứng chỉ,0.6532,0.0,0.08003084051029799,0,Thấp
146719,IL,Tư thục phi lợi nhuận,Bachelor,0.7692,0.0,0.0019708256038381278,0,Thấp
146807,IL,Tư thục vì lợi nhuận,Chứng chỉ,0.7,0.0,0.16772182578257988,0,Thấp
146816,IL,Tư thục phi lợi nhuận,Associate,0.0645,1.0,0.9619900549651035,1,Cao
147004,IL,Công lập,Chứng chỉ,0.3934,1.0,0.4638137902375803,0,Trung bình
147013,IL,Tư thục phi lợi nhuận,Bachelor,0.5954,0.0,0.18205111914025,0,Thấp
147129,IL,Tư thục phi lợi nhuận,Bachelor,0.75,0.0,0.827707559851937,1,Cao
147244,IL,Tư thục phi lợi nhuận,Bachelor,0.5907,0.0,0.1375187117600948,0,Thấp
147341,IL,Tư thục phi lợi nhuận,Bachelor,0.6014,0.0,0.00923886088612471,0,Thấp
147369,IL,Tư thục phi lợi nhuận,Bachelor,0.6199,0.0,0.22269295128695196,0,Thấp
147378,IL,Công lập,Chứng chỉ,0.3322,1.0,0.44868866310426464,0,Trung bình
147396,IL,Tư thục phi lợi nhuận,Associate,0.6667,0.0,0.0949997552244136,0,Thấp
147411,IL,Công lập,Associate,0.2835,1.0,0.8162583904224052,1,Cao
147536,IL,Tư thục phi lợi nhuận,Bachelor,0.3687,1.0,0.8963891803478048,1,Cao
147642,IL,Tư thục vì lợi nhuận,Chứng chỉ,0.5714,0.0,0.12588590445414377,0,Thấp
147660,IL,Tư thục phi lợi nhuận,Bachelor,0.7114,0.0,0.002649603694762555,0,Thấp
147679,IL,Tư thục phi lợi nhuận,Bachelor,0.5596,0.0,0.13032452000843595,0,Thấp
147703,IL,Công lập,Bachelor,0.4965,0.0,0.176533247730539,0,Thấp
147767,IL,Tư thục phi lợi nhuận,Bachelor,0.9589,0.0,0.02260362474869141,0,Thấp
147776,IL,Công lập,Bachelor,0.1679,1.0,0.7632490545229326,1,Cao
147800,IL,Công lập,Chứng chỉ,0.314,1.0,0.5669331181764984,1,Trung bình
147819,IL,Tư thục vì lợi nhuận,Chứng chỉ,0.85,0.0,0.11509641097809228,0,Thấp
147828,IL,Tư thục phi lợi nhuận,Bachelor,0.6027,0.0,0.06177392140483999,0,Thấp
147916,IL,Công lập,Chứng chỉ,0.3254,1.0,0.6743068452543588,1,Trung bình
148007,IL,Công lập,Chứng chỉ,0.1907,1.0,0.8567841268835866,1,Cao
148016,IL,Tư thục phi lợi nhuận,Bachelor,0.7619,0.0,0.0924795074543032,0,Thấp
148098,IL,Tư thục vì lợi nhuận,Chứng chỉ,0.9189,0.0,0.0190672275564996,0,Thấp
148131,IL,Tư thục phi lợi nhuận,Bachelor,0.4274,0.0,0.11200705595500486,0,Thấp
148256,IL,Công lập,Chứng chỉ,0.6037,0.0,0.36282231590372643,0,Thấp
148292,IL,Công lập,Chứng chỉ,0.4652,0.0,0.6798039846695617,1,Trung bình
148380,IL,Công lập,Associate,0.3953,1.0,0.9338954251798179,1,Cao
148405,IL,Tư thục phi lợi nhuận,Bachelor,0.3826,1.0,0.06104338927373808,0,Thấp
148487,IL,Tư thục phi lợi nhuận,Bachelor,0.4099,0.0,0.705957379112301,1,Cao
148496,IL,Tư thục phi lợi nhuận,Bachelor,0.6236,0.0,0.025268771051877578,0,Thấp
148584,IL,Tư thục phi lợi nhuận,Bachelor,0.6463,0.0,0.03547178093181392,0,Thấp
148627,IL,Tư thục phi lợi nhuận,Bachelor,0.59,0.0,0.10561121659463624,0,Thấp
148654,IL,Công lập,Bachelor,0.6137,0.0,0.13429927642987594,0,Thấp
148672,IL,Công lập,Chứng chỉ,0.5148,0.0,0.44581409816259754,0,Trung bình
148821,IL,Công lập,Chứng chỉ,0.441,0.0,0.6629626908343322,1,Trung bình
148876,IL,Tư thục phi lợi nhuận,Associate,0.2775,1.0,0.9467864435055654,1,Cao
148937,IL,Công lập,Chứng chỉ,0.5103,0.0,0.5760619758736096,1,Trung bình
148991,IL,Công lập,Chứng chỉ,0.431,0.0,0.6141738375333226,1,Trung bình
149204,IL,Tư thục vì lợi nhuận,Chứng chỉ,0.6667,0.0,0.2994959125478278,0,Thấp
149222,IL,Công lập,Bachelor,0.563,0.0,0.2375994974904759,0,Thấp
149231,IL,Công lập,Bachelor,0.5497,0.0,0.17806894479091176,0,Thấp
149310,IL,Tư thục vì lợi nhuận,Associate,0.6757,0.0,0.6962811162895981,1,Trung bình
149329,IL,Tư thục phi lợi nhuận,Bachelor,0.0769,1.0,0.272865008297301,0,Thấp
149365,IL,Công lập,Associate,0.2418,1.0,0.8404540934853965,1,Cao
149505,IL,Tư thục phi lợi nhuận,Bachelor,0.6387,0.0,0.12604910725447405,0,Thấp
149514,IL,Tư thục phi lợi nhuận,Bachelor,0.4565,0.0,0.8760937238000209,1,Cao
149532,IL,Công lập,Associate,0.2906,1.0,0.8938723506285773,1,Cao
149550,IL,Tư thục vì lợi nhuận,Chứng chỉ,0.6,0.0,0.1349370416531088,0,Thấp
149639,IL,Tư thục phi lợi nhuận,Bachelor,0.4667,0.0,0.4562799865924886,0,Trung bình
149727,IL,Công lập,Associate,0.4097,0.0,0.8455787507514226,1,Cao
149772,IL,Công lập,Bachelor,0.4477,0.0,0.4155480922848948,0,Trung bình
149781,IL,Tư thục phi lợi nhuận,Bachelor,0.8655,0.0,0.002169231568544328,0,Thấp
149842,IL,Công lập,Chứng chỉ,0.456,0.0,0.3218480345792161,0,Thấp
150066,IN,Tư thục phi lợi nhuận,Bachelor,0.4942,0.0,0.09303815181125401,0,Thấp
150136,IN,Công lập,Bachelor,0.6327,0.0,0.11624541885359023,0,Thấp
150145,IN,Tư thục phi lợi nhuận,Bachelor,0.5721,0.0,0.1943962116351807,0,Thấp
150163,IN,Tư thục phi lợi nhuận,Bachelor,0.8015,0.0,0.00408391797752822,0,Thấp
150172,IN,Tư thục phi lợi nhuận,Bachelor,0.299,1.0,0.8623424784621196,1,Cao
150251,IN,Tư thục vì lợi nhuận,Associate,0.0,1.0,0.664104835891484,1,Trung bình
150303,IN,Tư thục vì lợi nhuận,Chứng chỉ,0.6471,0.0,0.04227213496992876,0,Thấp
150400,IN,Tư thục phi lợi nhuận,Bachelor,0.8,0.0,0.005262842248047611,0,Thấp
150428,IN,Tư thục vì lợi nhuận,Chứng chỉ,0.8,0.0,0.10986398106969375,0,Thấp
150455,IN,Tư thục phi lợi nhuận,Bachelor,0.6794,0.0,0.004611867451281572,0,Thấp
150534,IN,Tư thục phi lợi nhuận,Bachelor,0.7127,0.0,0.00409041942370845,0,Thấp
150604,IN,Tư thục phi lợi nhuận,Bachelor,0.634,0.0,0.0253551304340734,0,Thấp
150668,IN,Tư thục phi lợi nhuận,Bachelor,0.6047,0.0,0.015210135868955104,0,Thấp
150677,IN,Tư thục phi lợi nhuận,Bachelor,0.6991,0.0,0.07821977813184496,0,Thấp
150756,IN,Tư thục phi lợi nhuận,Bachelor,0.6356,0.0,0.004391090956903382,0,Thấp
150765,IN,Tư thục vì lợi nhuận,Chứng chỉ,0.7049,0.0,0.03760328860051974,0,Thấp
150774,IN,Tư thục phi lợi nhuận,Bachelor,0.2947,1.0,0.033031512242070266,0,Thấp
150853,IN,Tư thục vì lợi nhuận,Chứng chỉ,0.5938,0.0,0.38471885543250545,0,Thấp
150941,IN,Tư thục phi lợi nhuận,Bachelor,0.682,0.0,0.15377698772791387,0,Thấp
150987,IN,Công lập,Chứng chỉ,0.3661,1.0,0.6334005082264973,1,Trung bình
151102,IN,Công lập,Bachelor,0.3247,1.0,0.6794669218534566,1,Trung bình
151111,IN,Công lập,Bachelor,0.5387,0.0,0.32262571142921914,0,Thấp
151263,IN,Tư thục phi lợi nhuận,Bachelor,0.5581,0.0,0.10873255243234137,0,Thấp
151290,IN,Tư thục phi lợi nhuận,Bachelor,0.3139,1.0,0.3101079321451708,0,Thấp
151306,IN,Công lập,Bachelor,0.5195,0.0,0.5834051003448405,1,Trung bình
151324,IN,Công lập,Bachelor,0.4107,0.0,0.3589224193567205,0,Thấp
151333,IN,Công lập,Bachelor,0.4475,0.0,0.6432744443257421,1,Trung bình
151342,IN,Công lập,Bachelor,0.3574,1.0,0.6549147396582257,1,Trung bình
151351,IN,Công lập,Bachelor,0.8117,0.0,0.03851557339033032,0,Thấp
151360,IN,Công lập,Bachelor,0.3685,1.0,0.7104556336727084,1,Cao
151379,IN,Công lập,Bachelor,0.3341,1.0,0.6246312559278098,1,Trung bình
151388,IN,Công lập,Bachelor,0.4536,0.0,0.8237474223176131,1,Cao
151467,IN,Tư thục vì lợi nhuận,Associate,0.6915,0.0,0.5116414016187139,1,Trung bình
151564,IN,Tư thục vì lợi nhuận,Chứng chỉ,0.1429,1.0,0.02980717612792022,0,Thấp
151607,IN,Tư thục vì lợi nhuận,Chứng chỉ,0.6667,0.0,0.13436860444455734,0,Thấp
151661,IN,Tư thục vì lợi nhuận,Chứng chỉ,0.5295,0.0,0.26873518475196356,0,Thấp
151777,IN,Tư thục phi lợi nhuận,Bachelor,0.4484,0.0,0.03805728488889548,0,Thấp
151786,IN,Tư thục phi lợi nhuận,Bachelor,0.6095,0.0,0.020594175779508797,0,Thấp
151801,IN,Tư thục phi lợi nhuận,Bachelor,0.6633,0.0,0.08288739862476315,0,Thấp
151810,IN,Tư thục phi lợi nhuận,Bachelor,0.3333,1.0,0.5047527866069567,1,Trung bình
151962,IN,Tư thục phi lợi nhuận,Associate,0.5574,0.0,0.6390120415623654,1,Trung bình
152044,MI,Tư thục vì lợi nhuận,Chứng chỉ,1.0,0.0,0.28786547904844156,0,Thấp
152080,IN,Tư thục phi lợi nhuận,Bachelor,0.9683,0.0,0.01341445887701513,0,Thấp
152099,IN,Tư thục phi lợi nhuận,Bachelor,0.7,0.0,0.6163712407321796,1,Trung bình
152150,IN,Tư thục vì lợi nhuận,Chứng chỉ,0.6667,0.0,0.43930148142745923,0,Trung bình
152275,IN,Tư thục vì lợi nhuận,Chứng chỉ,0.5957,0.0,0.03952958019074283,0,Thấp
152309,IN,Tư thục vì lợi nhuận,Chứng chỉ,0.5946,0.0,0.04132224015146518,0,Thấp
152318,IN,Tư thục phi lợi nhuận,Bachelor,0.8169,0.0,0.007273894308308413,0,Thấp
152336,IN,Tư thục phi lợi nhuận,Bachelor,0.6067,0.0,0.1853061314625372,0,Thấp
152381,IN,Tư thục phi lợi nhuận,Bachelor,0.5227,0.0,0.5324013975901897,1,Trung bình
152390,IN,Tư thục phi lợi nhuận,Bachelor,0.7652,0.0,0.0018304526764944876,0,Thấp
152497,IN,Tư thục phi lợi nhuận,Chứng chỉ,0.5,0.0,0.108941159630634,0,Thấp
152530,IN,Tư thục phi lợi nhuận,Bachelor,0.7656,0.0,0.008492280173493141,0,Thấp
152567,IN,Tư thục phi lợi nhuận,Bachelor,0.6761,0.0,0.03893612621259061,0,Thấp
152600,IN,Tư thục phi lợi nhuận,Bachelor,0.6704,0.0,0.002102892541703388,0,Thấp
152628,IN,Tư thục vì lợi nhuận,Chứng chỉ,0.1667,1.0,0.10483084374640184,0,Thấp
152637,IN,Công lập,Associate,0.3473,1.0,0.9394742039116455,1,Cao
152673,IN,Tư thục phi lợi nhuận,Bachelor,0.7706,0.0,0.0019435659886975828,0,Thấp
152992,IA,Tư thục phi lợi nhuận,Bachelor,0.4937,0.0,0.11489655888743837,0,Thấp
153001,IA,Tư thục phi lợi nhuận,Bachelor,0.4729,0.0,0.03002856556867273,0,Thấp
153074,IA,Tư thục vì lợi nhuận,Chứng chỉ,0.7714,0.0,0.020491172514017067,0,Thấp
153083,IA,Tư thục vì lợi nhuận,Chứng chỉ,0.8065,0.0,0.060644022428298236,0,Thấp
153108,IA,Tư thục phi lợi nhuận,Bachelor,0.6916,0.0,0.16233198346165548,0,Thấp
153126,IA,Tư thục phi lợi nhuận,Bachelor,0.5494,0.0,0.024894859927590912,0,Thấp
153144,IA,Tư thục phi lợi nhuận,Bachelor,0.59,0.0,0.010902721124309197,0,Thấp
153162,IA,Tư thục phi lợi nhuận,Bachelor,0.7167,0.0,0.0078119810015223395,0,Thấp
153214,IA,Công lập,Chứng chỉ,0.3407,1.0,0.6127924660388934,1,Trung bình
153241,IA,Tư thục phi lợi nhuận,Bachelor,1.0,0.0,0.6168588970213367,1,Trung bình
153250,IA,Tư thục phi lợi nhuận,Bachelor,0.6533,0.0,0.016130611324545754,0,Thấp
153269,IA,Tư thục phi lợi nhuận,Bachelor,0.7731,0.0,0.0013654180249350392,0,Thấp
153278,IA,Tư thục phi lợi nhuận,Bachelor,0.4105,0.0,0.02733270029397083,0,Thấp
153296,IA,Công lập,Associate,0.4262,0.0,0.9030039439638091,1,Cao
153302,IA,Tư thục phi lợi nhuận,Chứng chỉ,0.8167,0.0,0.10806773358985716,0,Thấp
153311,IA,Công lập,Associate,0.3427,1.0,0.9323030708219322,1,Cao
153320,IA,Tư thục phi lợi nhuận,Bachelor,0.6105,0.0,0.24723851478551245,0,Thấp
153366,IA,Tư thục phi lợi nhuận,Bachelor,0.3834,1.0,0.3228932662461471,0,Thấp
153375,IA,Tư thục phi lợi nhuận,Bachelor,0.5579,0.0,0.08549827446418257,0,Thấp
153384,IA,Tư thục phi lợi nhuận,Bachelor,0.8747,0.0,0.025929351927699663,0,Thấp
153427,IA,Tư thục vì lợi nhuận,Chứng chỉ,0.8049,0.0,0.07182950686719095,0,Thấp
153445,IA,Công lập,Associate,0.3147,1.0,0.8555023263620335,1,Cao
153463,IA,Tư thục vì lợi nhuận,Chứng chỉ,0.6923,0.0,0.33226156365400006,0,Thấp
153472,IA,Công lập,Associate,0.404,0.0,0.9204547711855808,1,Cao
153524,IA,Công lập,Associate,0.4396,0.0,0.9179215716457055,1,Cao
153533,IA,Công lập,Associate,0.2583,1.0,0.8571259693467804,1,Cao
153597,IA,Tư thục vì lợi nhuận,Chứng chỉ,0.8,0.0,0.29007092009622404,0,Thấp
153603,IA,Công lập,Bachelor,0.7547,0.0,0.029696138342577262,0,Thấp
153630,IA,Công lập,Associate,0.4007,0.0,0.8819049430918225,1,Cao
153658,IA,Công lập,Bachelor,0.7306,0.0,0.029737507817419573,0,Thấp
153737,IA,Công lập,Associate,0.4046,0.0,0.8081018449430706,1,Cao
153746,IA,Tư thục vì lợi nhuận,Chứng chỉ,1.0,0.0,0.09870196263725343,0,Thấp
153764,IA,Tư thục vì lợi nhuận,Chứng chỉ,0.6429,0.0,0.038272987483801625,0,Thấp
153773,IA,Tư thục vì lợi nhuận,Chứng chỉ,0.7083,0.0,0.061351938910647635,0,Thấp
153782,IA,Tư thục vì lợi nhuận,Chứng chỉ,1.0,0.0,0.09259364578255734,0,Thấp
153825,IA,Tư thục phi lợi nhuận,Bachelor,0.6985,0.0,0.005681000857358863,0,Thấp
153834,IA,Tư thục phi lợi nhuận,Bachelor,0.75,0.0,0.0018858152090018168,0,Thấp
153861,IA,Tư thục phi lợi nhuận,Bachelor,0.1765,1.0,0.7079754705060438,1,Cao
153922,IA,Công lập,Chứng chỉ,0.3744,1.0,0.384243352014804,0,Thấp
153977,IA,Tư thục phi lợi nhuận,Bachelor,0.4857,0.0,0.7630545808015952,1,Cao
154004,IA,Tư thục phi lợi nhuận,Bachelor,0.5284,0.0,0.05088041418352615,0,Thấp
154013,IA,Tư thục phi lợi nhuận,Bachelor,0.5588,0.0,0.03934419344456131,0,Thấp
154022,CA,Tư thục vì lợi nhuận,Bachelor,0.0877,1.0,0.8909124368901441,1,Cao
154059,IA,Công lập,Associate,0.5522,0.0,0.6733371025523263,1,Trung bình
154095,IA,Công lập,Bachelor,0.6894,0.0,0.09805065053784252,0,Thấp
154101,IA,Tư thục phi lợi nhuận,Bachelor,0.6357,0.0,0.031937285695010864,0,Thấp
154110,IA,Công lập,Associate,0.4766,0.0,0.8937677021753263,1,Cao
154129,IA,Công lập,Associate,0.5502,0.0,0.7387659672966401,1,Cao
154174,IA,Tư thục phi lợi nhuận,Bachelor,0.0,1.0,0.3692557517158351,0,Thấp
154208,IA,Tư thục vì lợi nhuận,Chứng chỉ,0.2667,1.0,0.09406951964896579,0,Thấp
154235,IA,Tư thục phi lợi nhuận,Bachelor,0.6285,0.0,0.02587217225500152,0,Thấp
154262,IA,Tư thục phi lợi nhuận,Associate,0.3333,1.0,0.30167189438444725,0,Thấp
154332,IA,Tư thục vì lợi nhuận,Chứng chỉ,0.6667,0.0,0.07047750914670049,0,Thấp
154350,IA,Tư thục phi lợi nhuận,Bachelor,0.6566,0.0,0.0047930964631259865,0,Thấp
154378,IA,Công lập,Chứng chỉ,0.4326,0.0,0.3892347332405408,0,Thấp
154396,IA,Công lập,Associate,0.53,0.0,0.5917340912800396,1,Trung bình
154448,IA,Tư thục vì lợi nhuận,Chứng chỉ,0.5789,0.0,0.029921667874409866,0,Thấp
154457,IA,Tư thục vì lợi nhuận,Chứng chỉ,0.6364,0.0,0.18241843831392868,0,Thấp
154466,IA,Tư thục vì lợi nhuận,Chứng chỉ,0.6667,0.0,0.13835407041785067,0,Thấp
154493,IA,Tư thục phi lợi nhuận,Bachelor,0.4147,0.0,0.7294980815039281,1,Cao
154518,IA,Tư thục vì lợi nhuận,Bachelor,0.2897,1.0,0.7618826086057916,1,Cao
154527,IA,Tư thục phi lợi nhuận,Bachelor,0.6682,0.0,0.0056104454129945885,0,Thấp
154545,IA,Tư thục vì lợi nhuận,Chứng chỉ,0.5135,0.0,0.10056104560977351,0,Thấp
154572,IA,Công lập,Chứng chỉ,0.4018,0.0,0.7361359169124009,1,Cao
154590,IA,Tư thục phi lợi nhuận,Bachelor,0.2924,1.0,0.7363258631808415,1,Cao
154642,KS,Công lập,Associate,0.3912,1.0,0.9790339867833568,1,Cao
154688,KS,Tư thục phi lợi nhuận,Bachelor,0.5938,0.0,0.1442330309081236,0,Thấp
154697,KS,Công lập,Associate,0.4289,0.0,0.9744589104224289,1,Cao
154712,KS,Tư thục phi lợi nhuận,Bachelor,0.6507,0.0,0.02846167422935041,0,Thấp
154721,KS,Tư thục phi lợi nhuận,Bachelor,0.2867,1.0,0.5290038556203978,1,Trung bình
154749,KS,Tư thục phi lợi nhuận,Bachelor,0.4309,0.0,0.20640734838796232,0,Thấp
154800,KS,Công lập,Associate,0.298,1.0,0.9443018972379225,1,Cao
154855,KS,Tư thục phi lợi nhuận,Bachelor,0.2303,1.0,0.8266074866540494,1,Cao
154907,KS,Công lập,Chứng chỉ,0.4587,0.0,0.7392083478290038,1,Cao
154925,KS,Công lập,Associate,0.4156,0.0,0.9395507073049594,1,Cao
154934,KS,Công lập,Chứng chỉ,0.5727,0.0,0.4164474188216994,0,Trung bình
154952,KS,Công lập,Chứng chỉ,0.4743,0.0,0.7665046246237001,1,Cao
154998,KS,Công lập,Associate,0.3098,1.0,0.9540092929587195,1,Cao
155007,KS,Tư thục phi lợi nhuận,Associate,0.38,1.0,0.6988494958029642,1,Trung bình
155025,KS,Công lập,Bachelor,0.543,0.0,0.5331578515484479,1,Trung bình
155052,KS,Công lập,Chứng chỉ,0.675,0.0,0.14480289796365245,0,Thấp
155061,KS,Công lập,Bachelor,0.4785,0.0,0.619687048406154,1,Trung bình
155070,KS,Tư thục phi lợi nhuận,Bachelor,0.5517,0.0,0.8314796454933647,1,Cao
155089,KS,Tư thục phi lợi nhuận,Bachelor,0.6149,0.0,0.19919662455185808,0,Thấp
155098,KS,Công lập,Chứng chỉ,0.3369,1.0,0.7101265721759589,1,Cao
155104,KS,Công lập,Chứng chỉ,0.4113,0.0,0.687655944796796,1,Trung bình
155140,KS,Công lập,Associate,0.4259,0.0,0.9604193435447462,1,Cao
155159,KS,Tư thục vì lợi nhuận,Chứng chỉ,0.7442,0.0,0.021557370664563594,0,Thấp
155177,KS,Tư thục phi lợi nhuận,Associate,0.5741,0.0,0.03514672371195662,0,Thấp
155186,KS,Công lập,Chứng chỉ,0.3862,1.0,0.8624556969494687,1,Cao
155195,KS,Công lập,Associate,0.4523,0.0,0.931396372432734,1,Cao
155201,KS,Công lập,Associate,0.3427,1.0,0.9420041515602295,1,Cao
155210,KS,Công lập,Associate,0.2948,1.0,0.9470832122121058,1,Cao
155283,MO,Tư thục vì lợi nhuận,Chứng chỉ,0.5693,0.0,0.1038509170550041,0,Thấp
155292,KS,Công lập,Chứng chỉ,0.3791,1.0,0.8866443433672198,1,Cao
155308,KS,Tư thục phi lợi nhuận,Bachelor,0.2857,1.0,0.8093008969096044,1,Cao
155317,KS,Công lập,Bachelor,0.6879,0.0,0.04138401589771986,0,Thấp
155335,KS,Tư thục phi lợi nhuận,Bachelor,0.5377,0.0,0.14493626347963934,0,Thấp
155353,KS,Tư thục vì lợi nhuận,Chứng chỉ,0.5652,0.0,0.09412565982274812,0,Thấp
155399,KS,Công lập,Bachelor,0.7047,0.0,0.06949341293699195,0,Thấp
155414,KS,Tư thục phi lợi nhuận,Bachelor,0.3846,1.0,0.3518894432976855,0,Thấp
155423,KS,Công lập,Chứng chỉ,0.627,0.0,0.11604362137868926,0,Thấp
155450,KS,Công lập,Associate,0.2871,1.0,0.9623652656723594,1,Cao
155487,KS,Công lập,Chứng chỉ,0.6613,0.0,0.10031598702683557,0,Thấp
155496,KS,Tư thục phi lợi nhuận,Bachelor,0.5479,0.0,0.5515385758625388,1,Trung bình
155511,KS,Tư thục phi lợi nhuận,Bachelor,0.52,0.0,0.10583275214564947,0,Thấp
155520,KS,Tư thục phi lợi nhuận,Bachelor,0.4615,0.0,0.2446103791394332,0,Thấp
155566,KS,Công lập,Chứng chỉ,0.3891,1.0,0.7073183563382548,1,Cao
155593,KS,Công lập,Chứng chỉ,0.7546,0.0,0.04870493293307163,0,Thấp
155618,KS,Công lập,Chứng chỉ,0.7692,0.0,0.057505590694899265,0,Thấp
155627,KS,Tư thục phi lợi nhuận,Bachelor,0.2872,1.0,0.2019979498473098,0,Thấp
155681,KS,Công lập,Bachelor,0.5758,0.0,0.20682245622592293,0,Thấp
155715,KS,Công lập,Chứng chỉ,0.4304,0.0,0.6322260514521664,1,Trung bình
155812,KS,Tư thục phi lợi nhuận,Bachelor,0.4406,0.0,0.18534245369218927,0,Thấp
155830,KS,Công lập,Chứng chỉ,0.7164,0.0,0.1532962632272352,0,Thấp
155858,KS,Công lập,Chứng chỉ,0.4637,0.0,0.5997427932880952,1,Trung bình
155900,KS,Tư thục phi lợi nhuận,Bachelor,0.3351,1.0,0.24243153227365838,0,Thấp
155937,KS,Tư thục phi lợi nhuận,Bachelor,0.2903,1.0,0.3380824198849401,0,Thấp
155973,KS,Tư thục phi lợi nhuận,Bachelor,0.3289,1.0,0.10095937127348013,0,Thấp
156082,KS,Công lập,Bachelor,0.5263,0.0,0.4365310225868434,0,Trung bình
156107,KS,Công lập,Chứng chỉ,0.3628,1.0,0.6967428212938082,1,Trung bình
156125,KS,Công lập,Bachelor,0.5143,0.0,0.4915633680169564,0,Trung bình
156134,KS,Tư thục vì lợi nhuận,Chứng chỉ,0.4132,0.0,0.43096747018255516,0,Trung bình
156189,KY,Tư thục phi lợi nhuận,Bachelor,0.2636,1.0,0.794102239945767,1,Cao
156213,KY,Tư thục phi lợi nhuận,Bachelor,0.65,0.0,0.04254864167314514,0,Thấp
156231,KY,Công lập,Chứng chỉ,0.5925,0.0,0.6230563610926968,1,Trung bình
156286,KY,Tư thục phi lợi nhuận,Bachelor,0.6775,0.0,0.004623203397389096,0,Thấp
156295,KY,Tư thục phi lợi nhuận,Bachelor,0.6204,0.0,0.0039654657277568926,0,Thấp
156310,KY,Tư thục vì lợi nhuận,Chứng chỉ,0.6628,0.0,0.39522444007893065,0,Thấp
156338,KY,Công lập,Chứng chỉ,0.5212,0.0,0.35583678550716724,0,Thấp
156356,KY,Tư thục phi lợi nhuận,Bachelor,0.4597,0.0,0.3729910522531749,0,Thấp
156365,KY,Tư thục phi lợi nhuận,Bachelor,0.4713,0.0,0.7190656019503724,1,Cao
156392,KY,Công lập,Chứng chỉ,0.3806,1.0,0.7061644333315908,1,Cao
156408,KY,Tư thục phi lợi nhuận,Bachelor,0.8529,0.0,0.0019906937744259326,0,Thấp
156417,KY,Tư thục phi lợi nhuận,Bachelor,0.3333,1.0,0.7999958513741146,1,Cao
156426,KY,Tư thục vì lợi nhuận,Chứng chỉ,0.7436,0.0,0.03884315859620694,0,Thấp
156471,KY,Tư thục vì lợi nhuận,Bachelor,0.6316,0.0,0.7033948338264142,1,Cao
156541,KY,Tư thục phi lợi nhuận,Bachelor,0.4624,0.0,0.6204239611153348,1,Trung bình
156620,KY,Công lập,Bachelor,0.4974,0.0,0.5160063395640541,1,Trung bình
156648,KY,Công lập,Chứng chỉ,0.4961,0.0,0.44596556476793914,0,Trung bình
156745,KY,Tư thục phi lợi nhuận,Bachelor,0.4754,0.0,0.021591034794425985,0,Thấp
156754,KY,Tư thục vì lợi nhuận,Chứng chỉ,0.5294,0.0,0.4738450784723988,0,Trung bình
156790,KY,Công lập,Chứng chỉ,0.4729,0.0,0.6728288557567857,1,Trung bình
156842,KY,Tư thục vì lợi nhuận,Chứng chỉ,0.6364,0.0,0.04470227797520758,0,Thấp
156851,KY,Công lập,Chứng chỉ,0.4437,0.0,0.37756599689778536,0,Thấp
156860,KY,Công lập,Chứng chỉ,0.367,1.0,0.7160903743893345,1,Cao
156921,KY,Công lập,Chứng chỉ,0.3071,1.0,0.7211801056862961,1,Cao
156967,KY,Tư thục vì lợi nhuận,Chứng chỉ,0.5641,0.0,0.04138598375656671,0,Thấp
157021,KY,Tư thục vì lợi nhuận,Associate,0.5,0.0,0.8904246807964441,1,Cao
157030,KY,Tư thục phi lợi nhuận,Bachelor,0.3571,1.0,0.30218294942076745,0,Thấp
157058,KY,Công lập,Bachelor,0.2714,1.0,0.7110729661649405,1,Cao
157076,KY,Tư thục phi lợi nhuận,Bachelor,0.526,0.0,0.27303068028298566,0,Thấp
157085,KY,Công lập,Bachelor,0.6993,0.0,0.030626501236712757,0,Thấp
157100,KY,Tư thục phi lợi nhuận,Bachelor,0.3377,1.0,0.702437650204871,1,Cao
157216,KY,Tư thục phi lợi nhuận,Bachelor,0.3808,1.0,0.4935962795932674,0,Trung bình
157289,KY,Công lập,Bachelor,0.6068,0.0,0.11310855493669712,0,Thấp
157304,KY,Công lập,Chứng chỉ,0.5498,0.0,0.5692847672098529,1,Trung bình
157331,KY,Công lập,Chứng chỉ,0.5125,0.0,0.5199594329399748,1,Trung bình
157377,KY,Tư thục phi lợi nhuận,Bachelor,0.4638,0.0,0.5368208747363461,1,Trung bình
157386,KY,Công lập,Bachelor,0.4769,0.0,0.36196094847461185,0,Thấp
157401,KY,Công lập,Bachelor,0.5953,0.0,0.19613765997140575,0,Thấp
157438,KY,Công lập,Chứng chỉ,0.4895,0.0,0.36933455542283056,0,Thấp
157447,KY,Công lập,Bachelor,0.4828,0.0,0.2704573247964921,0,Thấp
157483,KY,Công lập,Chứng chỉ,0.4874,0.0,0.5921171982172697,1,Trung bình
157535,KY,Tư thục phi lợi nhuận,Bachelor,0.3907,1.0,0.4359408890884144,0,Trung bình
157553,KY,Công lập,Chứng chỉ,0.3836,1.0,0.6776436845831614,1,Trung bình
157614,KY,Tư thục vì lợi nhuận,Chứng chỉ,0.7143,0.0,0.04964612909076842,0,Thấp
157650,KY,Tư thục vì lợi nhuận,Chứng chỉ,0.4727,0.0,0.21348630123953927,0,Thấp
157669,KY,Tư thục vì lợi nhuận,Chứng chỉ,0.4667,0.0,0.3783912868810573,0,Thấp
157678,KY,Tư thục vì lợi nhuận,Chứng chỉ,0.5893,0.0,0.04682411104236146,0,Thấp
157711,KY,Công lập,Chứng chỉ,0.4026,0.0,0.7080273319145733,1,Cao
157739,KY,Công lập,Chứng chỉ,0.4364,0.0,0.5355559533008514,1,Trung bình
157748,KY,Tư thục phi lợi nhuận,Bachelor,0.4386,0.0,0.24080668448076564,0,Thấp
157757,KY,Tư thục phi lợi nhuận,Bachelor,0.5732,0.0,0.21061556055995867,0,Thấp
157793,KY,Tư thục vì lợi nhuận,Associate,0.3018,1.0,0.46990195186541955,0,Trung bình
157809,KY,Tư thục phi lợi nhuận,Bachelor,0.4011,0.0,0.04236818920156192,0,Thấp
157818,KY,Tư thục phi lợi nhuận,Bachelor,0.6975,0.0,0.0012402299280890696,0,Thấp
157863,KY,Tư thục phi lợi nhuận,Bachelor,0.3603,1.0,0.5687406915230161,1,Trung bình
157951,KY,Công lập,Bachelor,0.5367,0.0,0.14523472865529777,0,Thấp
158088,LA,Công lập,Chứng chỉ,0.7516,0.0,0.4055263105322034,0,Trung bình
158246,LA,Tư thục vì lợi nhuận,Chứng chỉ,0.6809,0.0,0.0855584143459874,0,Thấp
158431,LA,Công lập,Chứng chỉ,0.1301,1.0,0.7953386880883951,1,Cao
158477,LA,Tư thục phi lợi nhuận,Bachelor,0.593,0.0,0.013566478095399572,0,Thấp
158538,LA,Tư thục vì lợi nhuận,Chứng chỉ,0.5,0.0,0.0924356800578061,0,Thấp
158617,LA,Tư thục vì lợi nhuận,Chứng chỉ,0.7598,0.0,0.14700496166891314,0,Thấp
158662,LA,Công lập,Chứng chỉ,0.2212,1.0,0.8770305145817187,1,Cao
158778,LA,Tư thục vì lợi nhuận,Chứng chỉ,0.5,0.0,0.3688633235965917,0,Thấp
158787,LA,Tư thục vì lợi nhuận,Chứng chỉ,0.619,0.0,0.04580874674298975,0,Thấp
158802,LA,Tư thục phi lợi nhuận,Bachelor,0.451,0.0,0.4540062326362135,0,Trung bình
158884,LA,Công lập,Chứng chỉ,0.1795,1.0,0.7602391226771864,1,Cao
159009,LA,Công lập,Bachelor,0.3234,1.0,0.3638661898824277,0,Thấp
159027,LA,Tư thục vì lợi nhuận,Chứng chỉ,0.3846,1.0,0.34263038850597705,0,Thấp
159197,LA,Tư thục vì lợi nhuận,Associate,0.5556,0.0,0.833392208366073,1,Cao
159328,LA,Tư thục vì lợi nhuận,Chứng chỉ,0.4717,0.0,0.19242776561051614,0,Thấp
159382,LA,Công lập,Bachelor,0.3552,1.0,0.7260279495353231,1,Cao
159391,LA,Công lập,Bachelor,0.7096,0.0,0.045625258809198446,0,Thấp
159407,LA,Công lập,Associate,0.1391,1.0,0.9080576722693431,1,Cao
159416,LA,Công lập,Bachelor,0.3321,1.0,0.7073997799198524,1,Cao
159513,LA,Tư thục vì lợi nhuận,Chứng chỉ,0.6964,0.0,0.026294987479729512,0,Thấp
159522,LA,Tư thục vì lợi nhuận,Chứng chỉ,0.871,0.0,0.062130864770302864,0,Thấp
159531,LA,Tư thục vì lợi nhuận,Chứng chỉ,0.8333,0.0,0.09500797696831455,0,Thấp
159568,LA,Tư thục phi lợi nhuận,Bachelor,0.4128,0.0,0.46447013941820164,0,Trung bình
159601,LA,Tư thục vì lợi nhuận,Chứng chỉ,0.0714,1.0,0.21576318333466282,0,Thấp
159647,LA,Công lập,Bachelor,0.5762,0.0,0.1399550353744166,0,Thấp
159656,LA,Tư thục phi lợi nhuận,Bachelor,0.6742,0.0,0.002663978090491196,0,Thấp
159717,LA,Công lập,Bachelor,0.5201,0.0,0.6432251602685463,1,Trung bình
159939,LA,Công lập,Bachelor,0.4251,0.0,0.46055870568031143,0,Trung bình
159948,LA,Tư thục phi lợi nhuận,Chứng chỉ,0.4074,0.0,0.11437895163007902,0,Thấp
159966,LA,Công lập,Bachelor,0.5429,0.0,0.4374347661382238,0,Trung bình
159993,LA,Công lập,Bachelor,0.506,0.0,0.31045309823998474,0,Thấp
160010,LA,Công lập,Chứng chỉ,0.7295,0.0,0.38943384237128265,0,Thấp
160038,LA,Công lập,Bachelor,0.4463,0.0,0.4653925599016767,0,Trung bình
160065,LA,Tư thục phi lợi nhuận,Bachelor,0.3582,1.0,0.534252998040806,1,Trung bình
160074,LA,Tư thục phi lợi nhuận,Bachelor,0.5132,0.0,0.6941942657723246,1,Trung bình
160117,LA,Tư thục vì lợi nhuận,Chứng chỉ,0.64,0.0,0.06120665186201477,0,Thấp
160126,LA,Tư thục vì lợi nhuận,Chứng chỉ,0.8,0.0,0.14477201701078457,0,Thấp
160199,LA,Tư thục vì lợi nhuận,Chứng chỉ,0.4444,0.0,0.07466716414206939,0,Thấp
160320,LA,Tư thục vì lợi nhuận,Chứng chỉ,0.742,0.0,0.0261931007433097,0,Thấp
160409,LA,Tư thục phi lợi nhuận,Bachelor,0.4,0.0,0.2921182386345416,0,Thấp
160472,LA,Tư thục vì lợi nhuận,Chứng chỉ,0.7609,0.0,0.06005553848465396,0,Thấp
160481,LA,Công lập,Chứng chỉ,0.2548,1.0,0.8232255355896035,1,Cao
160524,LA,Tư thục phi lợi nhuận,Chứng chỉ,0.3603,1.0,0.303731310090565,0,Thấp
160579,LA,Công lập,Chứng chỉ,0.4324,0.0,0.6867427895692884,1,Trung bình
160612,LA,Công lập,Bachelor,0.448,0.0,0.27505591310574123,0,Thấp
160621,LA,Công lập,Bachelor,0.2845,1.0,0.7824901548097595,1,Cao
160630,LA,Công lập,Bachelor,0.1786,1.0,0.9368390557796475,1,Cao
160649,LA,Công lập,Associate,0.0723,1.0,0.9388852725185679,1,Cao
160658,LA,Công lập,Bachelor,0.52,0.0,0.1483703138741771,0,Thấp
160667,LA,Công lập,Chứng chỉ,0.3518,1.0,0.618081421252029,1,Trung bình
160755,LA,Tư thục phi lợi nhuận,Bachelor,0.8891,0.0,0.04286575560040417,0,Thấp
160904,LA,Tư thục phi lợi nhuận,Bachelor,0.5021,0.0,0.17032160779935537,0,Thấp
160959,ME,Tư thục phi lợi nhuận,Bachelor,0.6923,0.0,0.0031965083198951505,0,Thấp
160977,ME,Tư thục phi lợi nhuận,Bachelor,0.9059,0.0,0.034080021885673085,0,Thấp
160995,ME,Tư thục vì lợi nhuận,Associate,0.3415,1.0,0.8784598597240931,1,Cao
161004,ME,Tư thục phi lợi nhuận,Bachelor,0.956,0.0,0.03875151327685017,0,Thấp
161022,ME,Tư thục phi lợi nhuận,Associate,0.8333,0.0,0.30064661796351305,0,Thấp
161077,ME,Công lập,Associate,0.2759,1.0,0.9688808757838052,1,Cao
161086,ME,Tư thục phi lợi nhuận,Bachelor,0.9022,0.0,0.04089098018618101,0,Thấp
161138,ME,Công lập,Associate,0.33,1.0,0.9636965592763578,1,Cao
161192,ME,Công lập,Associate,0.4778,0.0,0.9682929873088119,1,Cao
161208,ME,Tư thục phi lợi nhuận,Chứng chỉ,1.0,0.0,0.07036778484282177,0,Thấp
161217,ME,Công lập,Bachelor,0.2328,1.0,0.8448867164775401,1,Cao
161226,ME,Công lập,Bachelor,0.5275,0.0,0.10766327170459665,0,Thấp
161235,ME,Công lập,Bachelor,0.3984,1.0,0.7282517467124706,1,Cao
161253,ME,Công lập,Bachelor,0.5643,0.0,0.07081501374553031,0,Thấp
161299,ME,Công lập,Bachelor,0.6141,0.0,0.05036663650551362,0,Thấp
161341,ME,Công lập,Bachelor,0.3766,1.0,0.6477784539905396,1,Trung bình
161457,ME,Tư thục phi lợi nhuận,Bachelor,0.6083,0.0,0.008532866520281854,0,Thấp
161484,ME,Công lập,Associate,0.3333,1.0,0.9518363095512599,1,Cao
161493,ME,Tư thục vì lợi nhuận,Chứng chỉ,0.6395,0.0,0.060331424600186666,0,Thấp
161509,ME,Tư thục phi lợi nhuận,Bachelor,0.4874,0.0,0.01344335799680221,0,Thấp
161518,ME,Tư thục phi lợi nhuận,Bachelor,0.6855,0.0,0.0070666407494808,0,Thấp
161527,ME,Tư thục vì lợi nhuận,Chứng chỉ,0.8642,0.0,0.04186211800404744,0,Thấp
161545,ME,Công lập,Associate,0.2122,1.0,0.969347971530161,1,Cao
161554,ME,Công lập,Bachelor,0.4634,0.0,0.2437315581541783,0,Thấp
161563,ME,Tư thục phi lợi nhuận,Bachelor,0.5136,0.0,0.09979490293517264,0,Thấp
161572,ME,Tư thục phi lợi nhuận,Bachelor,0.5698,0.0,0.9370535268691299,1,Cao
161581,ME,Công lập,Chứng chỉ,0.4342,0.0,0.8536723843080164,1,Cao
161688,MD,Công lập,Associate,0.4481,0.0,0.8786573218996543,1,Cao
161767,MD,Công lập,Associate,0.2546,1.0,0.937313673657475,1,Cao
161800,MD,Tư thục vì lợi nhuận,Chứng chỉ,0.5294,0.0,0.24188398099416702,0,Thấp
161855,MD,Tư thục vì lợi nhuận,Chứng chỉ,0.8667,0.0,0.06434005339712238,0,Thấp
161864,MD,Công lập,Associate,0.1246,1.0,0.9718695689657864,1,Cao
161873,MD,Công lập,Bachelor,0.4673,0.0,0.36629009360311615,0,Thấp
162007,MD,Công lập,Bachelor,0.3814,1.0,0.4374322048545685,0,Trung bình
162061,MD,Tư thục phi lợi nhuận,Bachelor,0.4667,0.0,0.39449957013476356,0,Thấp
162104,MD,Công lập,Associate,0.2791,1.0,0.9539282222456843,1,Cao
162122,MD,Công lập,Associate,0.3325,1.0,0.8214120241069437,1,Cao
162168,MD,Công lập,Associate,0.212,1.0,0.8978097133191533,1,Cao
162210,MD,Tư thục phi lợi nhuận,Bachelor,0.4,0.0,0.27362743752559404,0,Thấp
162283,MD,Công lập,Bachelor,0.2559,1.0,0.5691233475148618,1,Trung bình
162335,MD,Tư thục vì lợi nhuận,Chứng chỉ,0.6,0.0,0.21675127756940718,0,Thấp
162371,MD,Tư thục vì lợi nhuận,Chứng chỉ,0.6919,0.0,0.07184890763570645,0,Thấp
162557,MD,Công lập,Associate,0.3524,1.0,0.908123092888982,1,Cao
162584,MD,Công lập,Bachelor,0.5207,0.0,0.3903950247276921,0,Thấp
162609,MD,Công lập,Associate,0.3172,1.0,0.9382467578392579,1,Cao
162654,MD,Tư thục phi lợi nhuận,Bachelor,0.6,0.0,0.004037184005269212,0,Thấp
162690,MD,Công lập,Associate,0.3636,1.0,0.9177281732676257,1,Cao
162706,MD,Công lập,Associate,0.3836,1.0,0.928626955073463,1,Cao
162760,MD,Tư thục phi lợi nhuận,Bachelor,0.5529,0.0,0.0035924491796196487,0,Thấp
162779,MD,Công lập,Associate,0.2636,1.0,0.9468430213381637,1,Cao
162830,MD,Tư thục vì lợi nhuận,Chứng chỉ,0.8649,0.0,0.03900275781148982,0,Thấp
162928,MD,Tư thục phi lợi nhuận,Bachelor,0.9463,0.0,0.022812231305868222,0,Thấp
163028,MD,Tư thục vì lợi nhuận,Chứng chỉ,0.6434,0.0,0.031874332582607426,0,Thấp
163046,MD,Tư thục phi lợi nhuận,Bachelor,0.8049,0.0,0.006777572494165097,0,Thấp
163204,MD,Công lập,Bachelor,0.2958,1.0,0.8899263072541569,1,Cao
163268,MD,Công lập,Bachelor,0.7055,0.0,0.038849101097269176,0,Thấp
163286,MD,Công lập,Bachelor,0.8862,0.0,0.023072209647955994,0,Thấp
163295,MD,Tư thục phi lợi nhuận,Bachelor,0.7133,0.0,0.015214270662156484,0,Thấp
163338,MD,Công lập,Bachelor,0.3464,1.0,0.4185111954667521,0,Trung bình
163347,MD,Tư thục vì lợi nhuận,Chứng chỉ,0.3872,1.0,0.37972372607933136,0,Thấp
163408,MD,Tư thục vì lợi nhuận,Chứng chỉ,0.6047,0.0,0.3334616916060899,0,Thấp
163426,MD,Công lập,Associate,0.2747,1.0,0.6199478335148633,1,Trung bình
163453,MD,Công lập,Bachelor,0.4161,0.0,0.3723595278657751,0,Thấp
163462,MD,Tư thục phi lợi nhuận,Bachelor,0.5802,0.0,0.010453212040525864,0,Thấp
163532,MD,Tư thục phi lợi nhuận,Bachelor,0.439,0.0,0.328907755746489,0,Thấp
163541,MD,Tư thục vì lợi nhuận,Chứng chỉ,0.5372,0.0,0.30681461927825715,0,Thấp
163578,MD,Tư thục phi lợi nhuận,Bachelor,0.5195,0.0,0.016140402545922278,0,Thấp
163657,MD,Công lập,Associate,0.2508,1.0,0.9630270279543008,1,Cao
163815,MD,Tư thục vì lợi nhuận,Chứng chỉ,0.7813,0.0,0.17521525068240648,0,Thấp
163851,MD,Công lập,Bachelor,0.6745,0.0,0.0834659238154357,0,Thấp
163912,MD,Công lập,Bachelor,0.6804,0.0,0.05288174164622005,0,Thấp
163976,MD,Tư thục phi lợi nhuận,Bachelor,0.6741,0.0,0.00411732198113111,0,Thấp
164076,MD,Công lập,Bachelor,0.6762,0.0,0.0852519582302247,0,Thấp
164155,MD,Công lập,Bachelor,0.9185,0.0,0.10481156121943444,0,Thấp
164173,MD,Tư thục phi lợi nhuận,Bachelor,0.6642,0.0,0.013713998263893776,0,Thấp
164216,MD,Tư thục phi lợi nhuận,Bachelor,0.7411,0.0,0.003411497980881495,0,Thấp
164270,MD,Tư thục phi lợi nhuận,Bachelor,0.6376,0.0,0.0065663254381361095,0,Thấp
164313,MD,Công lập,Associate,0.2711,1.0,0.9566499213443366,1,Cao
164368,MA,Tư thục phi lợi nhuận,Bachelor,0.6582,0.0,0.035496293602209204,0,Thấp
164447,MA,Tư thục phi lợi nhuận,Bachelor,0.4228,0.0,0.0645231181092243,0,Thấp
164465,MA,Tư thục phi lợi nhuận,Bachelor,0.9342,0.0,0.0568690877385711,0,Thấp
164492,MA,Tư thục phi lợi nhuận,Bachelor,0.4044,0.0,0.0511337823865088,0,Thấp
164535,MA,Công lập,Chứng chỉ,0.5,0.0,0.03433247622353522,0,Thấp
164562,MA,Tư thục phi lợi nhuận,Bachelor,0.7459,0.0,0.0024116864979359157,0,Thấp
164580,MA,Tư thục phi lợi nhuận,Bachelor,0.9236,0.0,0.0031622176184501597,0,Thấp
164614,MA,Tư thục phi lợi nhuận,Bachelor,0.4444,0.0,0.3597514061458126,0,Thấp
164632,MA,Tư thục phi lợi nhuận,Bachelor,0.5694,0.0,0.2918730993405851,0,Thấp
164739,MA,Tư thục phi lợi nhuận,Bachelor,0.8821,0.0,0.0029732087541753842,0,Thấp
164748,MA,Tư thục phi lợi nhuận,Bachelor,0.6635,0.0,0.011732439669527406,0,Thấp
164775,MA,Công lập,Associate,0.2279,1.0,0.9419870781434256,1,Cao
164872,MA,Tư thục phi lợi nhuận,Chứng chỉ,0.3846,1.0,0.43020482588315423,0,Trung bình
164924,MA,Tư thục phi lợi nhuận,Bachelor,0.9099,0.0,0.018780317663409218,0,Thấp
164988,MA,Tư thục phi lợi nhuận,Bachelor,0.8997,0.0,0.012971187779386958,0,Thấp
165015,MA,Tư thục phi lợi nhuận,Bachelor,0.8611,0.0,0.009141981606288117,0,Thấp
165024,MA,Công lập,Bachelor,0.5461,0.0,0.16359820062803757,0,Thấp
165033,MA,Công lập,Associate,0.2065,1.0,0.9450809817804678,1,Cao
165060,MA,Tư thục phi lợi nhuận,Chứng chỉ,0.0,1.0,0.3622994441638221,0,Thấp
165112,MA,Công lập,Associate,0.193,1.0,0.9450414715671447,1,Cao
165167,MA,Tư thục phi lợi nhuận,Bachelor,0.125,1.0,0.5008559816029453,1,Trung bình
165194,MA,Công lập,Associate,0.2159,1.0,0.9636652567438566,1,Cao
165255,MA,Tư thục vì lợi nhuận,Chứng chỉ,0.9346,0.0,0.0872178918154563,0,Thấp
165334,MA,Tư thục phi lợi nhuận,Bachelor,0.7712,0.0,0.0025336170896313793,0,Thấp
165529,MA,Tư thục phi lợi nhuận,Bachelor,0.4825,0.0,0.009990889415238012,0,Thấp
165574,MA,Tư thục phi lợi nhuận,Bachelor,0.4317,0.0,0.010716498277932267,0,Thấp
165608,MA,Công lập,Chứng chỉ,0.7143,0.0,0.5309758849788353,1,Trung bình
165635,MA,Tư thục vì lợi nhuận,Chứng chỉ,0.8361,0.0,0.14306288994250416,0,Thấp
165644,MA,Tư thục phi lợi nhuận,Bachelor,0.3529,1.0,0.5397058209388086,1,Trung bình
165662,MA,Tư thục phi lợi nhuận,Bachelor,0.7927,0.0,0.012604694242345558,0,Thấp
165671,MA,Tư thục phi lợi nhuận,Bachelor,0.6582,0.0,0.0017106876689899182,0,Thấp
165699,MA,Tư thục phi lợi nhuận,Bachelor,0.7543,0.0,0.008624139338202417,0,Thấp
165750,MA,Tư thục vì lợi nhuận,Chứng chỉ,0.8333,0.0,0.17831202612690716,0,Thấp
165802,MA,Tư thục phi lợi nhuận,Bachelor,0.2844,1.0,0.4829538076895762,0,Trung bình
165820,MA,Công lập,Bachelor,0.5273,0.0,0.22460418900512802,0,Thấp
165866,MA,Công lập,Bachelor,0.4954,0.0,0.1657197738693436,0,Thấp
165884,MA,Tư thục phi lợi nhuận,Chứng chỉ,0.4716,0.0,0.07896820768634537,0,Thấp
165936,MA,Tư thục phi lợi nhuận,Bachelor,0.6763,0.0,0.07160214436763511,0,Thấp
165981,MA,Công lập,Associate,0.217,1.0,0.827410805359534,1,Cao
166018,MA,Tư thục phi lợi nhuận,Bachelor,0.5723,0.0,0.008053857884757654,0,Thấp
166027,MA,Tư thục phi lợi nhuận,Bachelor,0.9733,0.0,0.030400375608713538,0,Thấp
166054,MA,Tư thục phi lợi nhuận,Bachelor,0.4444,0.0,0.46646033789566677,0,Trung bình
166124,MA,Tư thục phi lợi nhuận,Bachelor,0.8961,0.0,0.010878515366818109,0,Thấp
166133,MA,Công lập,Associate,0.3182,1.0,0.9103220798038364,1,Cao
166391,MA,Tư thục phi lợi nhuận,Bachelor,0.5317,0.0,0.30578717094715335,0,Thấp
166452,MA,Tư thục phi lợi nhuận,Bachelor,0.6174,0.0,0.08206480439261052,0,Thấp
166489,MA,Tư thục phi lợi nhuận,Chứng chỉ,0.4444,0.0,0.004617094626913057,0,Thấp
166498,MA,Tư thục vì lợi nhuận,Chứng chỉ,0.625,0.0,0.1483327280167217,0,Thấp
166513,MA,Công lập,Bachelor,0.701,0.0,0.023491162543446263,0,Thấp
166629,MA,Công lập,Bachelor,0.8316,0.0,0.013277442061488978,0,Thấp
166638,MA,Công lập,Bachelor,0.5115,0.0,0.09284271492929888,0,Thấp
166647,MA,Công lập,Associate,0.1565,1.0,0.9508566523830615,1,Cao
166656,MA,Tư thục phi lợi nhuận,Bachelor,0.6332,0.0,0.010096637722010101,0,Thấp
166674,MA,Công lập,Bachelor,0.6919,0.0,0.06406466742631764,0,Thấp
166683,MA,Tư thục phi lợi nhuận,Bachelor,0.9608,0.0,0.03610522836366986,0,Thấp
166692,MA,Công lập,Bachelor,0.7912,0.0,0.09475381543057214,0,Thấp
166805,MA,Tư thục vì lợi nhuận,Chứng chỉ,0.8421,0.0,0.124698728965259,0,Thấp
166823,MA,Công lập,Associate,0.2367,1.0,0.9623280170941167,1,Cao
166850,MA,Tư thục phi lợi nhuận,Bachelor,0.7213,0.0,0.002435672762721126,0,Thấp
166887,MA,Công lập,Associate,0.2274,1.0,0.9373135666864699,1,Cao
166911,MA,Tư thục phi lợi nhuận,Bachelor,0.6154,0.0,0.026516074470632246,0,Thấp
166939,MA,Tư thục phi lợi nhuận,Bachelor,0.8504,0.0,0.014092435515934301,0,Thấp
166957,MA,Công lập,Associate,0.2912,1.0,0.9155879224436256,1,Cao
167039,MA,Tư thục vì lợi nhuận,Chứng chỉ,0.8333,0.0,0.19378756960371485,0,Thấp
167057,MA,Tư thục phi lợi nhuận,Bachelor,0.7778,0.0,0.07415628349682948,0,Thấp
167260,MA,Tư thục phi lợi nhuận,Bachelor,0.6364,0.0,0.01639647653780026,0,Thấp
167288,MA,Công lập,Bachelor,0.4913,0.0,0.2212113998547628,0,Thấp
167297,MA,Tư thục phi lợi nhuận,Chứng chỉ,0.96,0.0,0.05999670409191766,0,Thấp
167312,MA,Công lập,Associate,0.1772,1.0,0.9376937997357689,1,Cao
167358,MA,Tư thục phi lợi nhuận,Bachelor,0.9038,0.0,0.016781007590579093,0,Thấp
167376,MA,Công lập,Associate,0.1904,1.0,0.900058743956383,1,Cao
167394,MA,Tư thục phi lợi nhuận,Bachelor,0.6474,0.0,0.015426618062169573,0,Thấp
167525,MA,Công lập,Associate,0.1663,1.0,0.2548029703337783,0,Thấp
167534,MA,Công lập,Associate,0.2083,1.0,0.9181561813256046,1,Cao
167598,MA,Tư thục phi lợi nhuận,Bachelor,0.6949,0.0,0.0037188401348288718,0,Thấp
167631,MA,Công lập,Associate,0.1042,1.0,0.9806889332823616,1,Cao
167729,MA,Công lập,Bachelor,0.5499,0.0,0.21157472695116045,0,Thấp
167783,MA,Tư thục phi lợi nhuận,Bachelor,0.7125,0.0,0.004737299793538777,0,Thấp
167792,MA,Tư thục phi lợi nhuận,Associate,0.5417,0.0,0.05741822317755256,0,Thấp
167835,MA,Tư thục phi lợi nhuận,Bachelor,0.8966,0.0,0.010083271561116765,0,Thấp
167871,MA,Công lập,Chứng chỉ,0.6364,0.0,0.03885457701634754,0,Thấp
167899,MA,Tư thục phi lợi nhuận,Bachelor,0.6763,0.0,0.0043372863158683125,0,Thấp
167905,MA,Công lập,Associate,0.2705,1.0,0.880060148488801,1,Cao
167987,MA,Công lập,Bachelor,0.4897,0.0,0.15289960015070064,0,Thấp
167996,MA,Tư thục phi lợi nhuận,Bachelor,0.8081,0.0,0.002867245871517688,0,Thấp
168005,MA,Tư thục phi lợi nhuận,Bachelor,0.5985,0.0,0.0013467618622881093,0,Thấp
168032,MA,Tư thục vì lợi nhuận,Chứng chỉ,1.0,0.0,0.06963986719513128,0,Thấp
168148,MA,Tư thục phi lợi nhuận,Bachelor,0.9333,0.0,0.04313599875073372,0,Thấp
168218,MA,Tư thục phi lợi nhuận,Bachelor,0.9121,0.0,0.023416642362695975,0,Thấp
168227,MA,Tư thục phi lợi nhuận,Bachelor,0.6863,0.0,0.00423061916635071,0,Thấp
168254,MA,Tư thục phi lợi nhuận,Bachelor,0.6389,0.0,0.0028344440497706617,0,Thấp
168263,MA,Công lập,Bachelor,0.5486,0.0,0.19960240665717524,0,Thấp
168281,MA,Tư thục phi lợi nhuận,Bachelor,0.757,0.0,0.01601742404344517,0,Thấp
168342,MA,Tư thục phi lợi nhuận,Bachelor,0.9655,0.0,0.031470561121451655,0,Thấp
168421,MA,Tư thục phi lợi nhuận,Bachelor,0.8843,0.0,0.007577509068020172,0,Thấp
168430,MA,Công lập,Bachelor,0.5551,0.0,0.1555483196381652,0,Thấp
168528,MI,Tư thục phi lợi nhuận,Bachelor,0.5595,0.0,0.05309103170623161,0,Thấp
168546,MI,Tư thục phi lợi nhuận,Bachelor,0.5709,0.0,0.02416896296794747,0,Thấp
168555,MI,Tư thục vì lợi nhuận,Chứng chỉ,0.6923,0.0,0.27308849333495955,0,Thấp
168573,MI,Tư thục vì lợi nhuận,Chứng chỉ,0.7519,0.0,0.10622705922144877,0,Thấp
168591,MI,Tư thục phi lợi nhuận,Bachelor,0.6373,0.0,0.0029465744477502527,0,Thấp
168607,MI,Công lập,Associate,0.502,0.0,0.5844601900455972,1,Trung bình
168740,MI,Tư thục phi lợi nhuận,Bachelor,0.6593,0.0,0.03162960947711958,0,Thấp
168786,MI,Tư thục phi lợi nhuận,Bachelor,0.625,0.0,0.021223192474383926,0,Thấp
168847,MI,Tư thục phi lợi nhuận,Bachelor,0.3133,1.0,0.6615701559687769,1,Trung bình
168883,MI,Công lập,Associate,0.2143,1.0,0.944922746945964,1,Cao
168892,MI,Tư thục vì lợi nhuận,Chứng chỉ,0.7778,0.0,0.08664841865691714,0,Thấp
169080,MI,Tư thục phi lợi nhuận,Bachelor,0.7736,0.0,0.011624510863265205,0,Thấp
169187,MI,Tư thục vì lợi nhuận,Chứng chỉ,1.0,0.0,0.12259290228483978,0,Thấp
169248,MI,Công lập,Bachelor,0.6184,0.0,0.08062216570033105,0,Thấp
169275,MI,Công lập,Associate,0.1477,1.0,0.9189002098231478,1,Cao
169284,MI,Tư thục vì lợi nhuận,Chứng chỉ,0.6019,0.0,0.061783990629751456,0,Thấp
169327,MI,Tư thục phi lợi nhuận,Bachelor,0.3939,1.0,0.7150801696694525,1,Cao
169363,MI,Tư thục phi lợi nhuận,Bachelor,0.5,0.0,0.1721178617703037,0,Thấp
169442,MI,Tư thục phi lợi nhuận,Bachelor,0.6962,0.0,0.004570550543737407,0,Thấp
169479,MI,Tư thục phi lợi nhuận,Bachelor,0.4952,0.0,0.4883567875683652,0,Trung bình
169503,MI,Tư thục vì lợi nhuận,Chứng chỉ,0.8308,0.0,0.11517112265401601,0,Thấp
169521,MI,Công lập,Associate,0.1677,1.0,0.9404425974630426,1,Cao
169576,MI,Tư thục vì lợi nhuận,Chứng chỉ,1.0,0.0,0.18882062769147842,0,Thấp
169655,MI,Tư thục vì lợi nhuận,Chứng chỉ,0.6435,0.0,0.0471711687523404,0,Thấp
169716,MI,Tư thục phi lợi nhuận,Bachelor,0.681,0.0,0.05542262270931448,0,Thấp
169761,MI,Tư thục vì lợi nhuận,Chứng chỉ,0.3833,1.0,0.23857910159148163,0,Thấp
169798,MI,Công lập,Bachelor,0.4549,0.0,0.30817339812139194,0,Thấp
169813,MI,Tư thục vì lợi nhuận,Chứng chỉ,0.3333,1.0,0.07557892351740407,0,Thấp
169910,MI,Công lập,Bachelor,0.4787,0.0,0.11183739602816319,0,Thấp
169974,MI,Công lập,Associate,0.3659,1.0,0.8388639254533912,1,Cao
169983,MI,Tư thục phi lợi nhuận,Bachelor,0.7054,0.0,0.003843883156699242,0,Thấp
169992,MI,Công lập,Associate,0.3218,1.0,0.8965407364158345,1,Cao
170000,MI,Tư thục phi lợi nhuận,Bachelor,0.4286,0.0,0.8323297249969508,1,Cao
170037,MI,Tư thục phi lợi nhuận,Bachelor,0.6157,0.0,0.09978287688948394,0,Thấp
170055,MI,Công lập,Associate,0.1846,1.0,0.9274992840846317,1,Cao
170082,MI,Công lập,Bachelor,0.6865,0.0,0.06697868199419417,0,Thấp
170091,MI,Tư thục phi lợi nhuận,Bachelor,0.2593,1.0,0.8676987918085125,1,Cao
170240,MI,Công lập,Chứng chỉ,0.1063,1.0,0.5282445684282207,1,Trung bình
170286,MI,Tư thục phi lợi nhuận,Bachelor,0.8482,0.0,0.10809606109531064,0,Thấp
170301,MI,Tư thục phi lợi nhuận,Bachelor,0.8226,0.0,0.003586570578952653,0,Thấp
170444,MI,Công lập,Associate,0.1738,1.0,0.7782004061782195,1,Cao
170532,MI,Tư thục phi lợi nhuận,Bachelor,0.817,0.0,0.008320238168240339,0,Thấp
170541,MI,Công lập,Associate,0.2264,1.0,0.9148057792884225,1,Cao
170550,MI,Công lập,Associate,0.2561,1.0,0.9490007941465705,1,Cao
170587,MI,Công lập,Associate,0.2588,1.0,0.9087416584647634,1,Cao
170611,MI,Tư thục vì lợi nhuận,Chứng chỉ,0.75,0.0,0.05410303307497758,0,Thấp
170620,MI,Công lập,Associate,0.2218,1.0,0.4828449189681896,0,Trung bình
170639,MI,Công lập,Bachelor,0.5694,0.0,0.3065414881591233,0,Thấp
170657,MI,Công lập,Associate,0.2264,1.0,0.9607852385356345,1,Cao
170675,MI,Tư thục phi lợi nhuận,Bachelor,0.6257,0.0,0.008345905398918036,0,Thấp
170736,MI,Tư thục vì lợi nhuận,Chứng chỉ,0.9286,0.0,0.024456581222400058,0,Thấp
170790,MI,Công lập,Associate,0.1611,1.0,0.935164882163101,1,Cao
170806,MI,Tư thục phi lợi nhuận,Bachelor,0.5815,0.0,0.3523425886680662,0,Thấp
170967,MI,Tư thục phi lợi nhuận,Bachelor,0.414,0.0,0.27056468383586363,0,Thấp
170976,MI,Công lập,Bachelor,0.9322,0.0,0.035949438435847414,0,Thấp
171012,MI,Tư thục phi lợi nhuận,Chứng chỉ,0.5,0.0,0.6899156500604973,1,Trung bình
171100,MI,Công lập,Bachelor,0.8217,0.0,0.016425673348395505,0,Thấp
171128,MI,Công lập,Bachelor,0.6872,0.0,0.029951452745431994,0,Thấp
171137,MI,Công lập,Bachelor,0.5655,0.0,0.05752002476116068,0,Thấp
171146,MI,Công lập,Bachelor,0.4456,0.0,0.157780578198428,0,Thấp
171155,MI,Công lập,Associate,0.1792,1.0,0.9047428232664236,1,Cao
171225,MI,Công lập,Associate,0.3143,1.0,0.927297836023506,1,Cao
171234,MI,Công lập,Associate,0.2688,1.0,0.8140687601444626,1,Cao
171304,MI,Công lập,Associate,0.3071,1.0,0.744241616131321,1,Cao
171395,MI,Công lập,Associate,0.2418,1.0,0.890743716876517,1,Cao
171456,MI,Công lập,Bachelor,0.5084,0.0,0.09513450202515036,0,Thấp
171483,MI,Công lập,Associate,0.2489,1.0,0.5457302535646292,1,Trung bình
171492,MI,Tư thục phi lợi nhuận,Bachelor,0.6107,0.0,0.12437053443373053,0,Thấp
171535,MI,Công lập,Associate,0.1852,1.0,0.9755978730518963,1,Cao
171571,MI,Công lập,Bachelor,0.5694,0.0,0.12755690181626075,0,Thấp
171599,MI,Tư thục phi lợi nhuận,Bachelor,0.3704,1.0,0.43877605920397644,0,Trung bình
171775,MI,Tư thục vì lợi nhuận,Chứng chỉ,0.6786,0.0,0.06381983907879986,0,Thấp
171881,MI,Tư thục phi lợi nhuận,Bachelor,0.5357,0.0,0.267440792460143,0,Thấp
171988,MI,Tư thục vì lợi nhuận,Chứng chỉ,0.6567,0.0,0.08581617373089133,0,Thấp
171997,MI,Tư thục vì lợi nhuận,Chứng chỉ,0.5824,0.0,0.40282550092125263,0,Trung bình
172015,MI,Tư thục vì lợi nhuận,Chứng chỉ,0.5565,0.0,0.3566972805573999,0,Thấp
172033,MI,Tư thục phi lợi nhuận,Chứng chỉ,0.6667,0.0,0.21635576753070482,0,Thấp
172051,MI,Công lập,Bachelor,0.5382,0.0,0.16236751550349868,0,Thấp
172200,MI,Công lập,Associate,0.153,1.0,0.8394963600694444,1,Cao
172264,MI,Tư thục phi lợi nhuận,Bachelor,0.5111,0.0,0.31374097250143723,0,Thấp
172291,MI,Công lập,Associate,0.3167,1.0,0.8627750039526066,1,Cao
172307,MI,Công lập,Associate,0.2727,1.0,0.9223806316635534,1,Cao
172334,MI,Tư thục phi lợi nhuận,Bachelor,0.5985,0.0,0.1443447048116503,0,Thấp
172422,MI,Công lập,Chứng chỉ,1.0,0.0,0.05988168906348578,0,Thấp
172495,MI,Tư thục vì lợi nhuận,Chứng chỉ,0.4375,0.0,0.15302373610112893,0,Thấp
172617,MI,Công lập,Chứng chỉ,0.3029,1.0,0.8643740079923684,1,Cao
172635,MI,Công lập,Associate,0.2343,1.0,0.973825961476385,1,Cao
172644,MI,Công lập,Bachelor,0.5651,0.0,0.0569690032210477,0,Thấp
172671,MI,Công lập,Associate,0.3025,1.0,0.903005537147754,1,Cao
172680,MI,Tư thục vì lợi nhuận,Chứng chỉ,0.625,0.0,0.06560361879074501,0,Thấp
172699,MI,Công lập,Bachelor,0.5777,0.0,0.045909903551311915,0,Thấp
172866,MN,Tư thục vì lợi nhuận,Bachelor,1.0,0.0,0.3592594651441417,0,Thấp
172918,MN,Công lập,Associate,0.605,0.0,0.5312706461812282,1,Trung bình
172954,MN,Công lập,Chứng chỉ,0.5556,0.0,0.3655764094113571,0,Thấp
172963,MN,Công lập,Associate,0.24,1.0,0.8377442702589251,1,Cao
173045,MN,Tư thục phi lợi nhuận,Bachelor,0.5244,0.0,0.017391077302625686,0,Thấp
173063,MN,Công lập,Associate,0.5304,0.0,0.8090722316022997,1,Cao
173115,MN,Công lập,Associate,0.5,0.0,0.8982884881803618,1,Cao
173124,MN,Công lập,Bachelor,0.534,0.0,0.15856678995558088,0,Thấp
173142,MN,Tư thục phi lợi nhuận,Bachelor,0.5956,0.0,0.0828320032422263,0,Thấp
173160,MN,Tư thục phi lợi nhuận,Bachelor,0.7522,0.0,0.005010038238258449,0,Thấp
173203,MN,Công lập,Associate,0.477,0.0,0.7236048998121287,1,Cao
173258,MN,Tư thục phi lợi nhuận,Bachelor,0.9119,0.0,0.01947764966937396,0,Thấp
173300,MN,Tư thục phi lợi nhuận,Bachelor,0.7183,0.0,0.04752438958092325,0,Thấp
173328,MN,Tư thục phi lợi nhuận,Bachelor,0.5878,0.0,0.6447353774693653,1,Trung bình
173416,MN,Công lập,Associate,0.4525,0.0,0.7539941460683807,1,Cao
173452,MN,Tư thục phi lợi nhuận,Bachelor,0.7143,0.0,0.07297813869171499,0,Thấp
173461,MN,Công lập,Associate,0.3815,1.0,0.8359128253693523,1,Cao
173559,MN,Công lập,Associate,0.464,0.0,0.7530609680109343,1,Cao
173638,MN,Công lập,Chứng chỉ,0.4664,0.0,0.33600200164938226,0,Thấp
173647,MN,Tư thục phi lợi nhuận,Bachelor,0.7585,0.0,0.004124771659816528,0,Thấp
173665,MN,Tư thục phi lợi nhuận,Bachelor,0.5771,0.0,0.00664745819819532,0,Thấp
173708,MN,Công lập,Chứng chỉ,0.4425,0.0,0.32413974319039407,0,Thấp
173735,MN,Công lập,Associate,0.4191,0.0,0.763608042551901,1,Cao
173744,MN,Tư thục vì lợi nhuận,Chứng chỉ,0.5657,0.0,0.02459411624527942,0,Thấp
173799,MN,Công lập,Associate,0.1908,1.0,0.8806296190445713,1,Cao
173902,MN,Tư thục phi lợi nhuận,Bachelor,0.9041,0.0,0.017685931411259088,0,Thấp
173911,MN,Công lập,Associate,0.2857,1.0,0.8679608042136069,1,Cao
173920,MN,Công lập,Bachelor,0.5411,0.0,0.09351745406126866,0,Thấp
174020,MN,Công lập,Bachelor,0.3837,1.0,0.5203027922136599,1,Trung bình
174066,MN,Công lập,Bachelor,0.8482,0.0,0.019185394160453687,0,Thấp
174075,MN,Công lập,Bachelor,0.4973,0.0,0.27094455654225186,0,Thấp
174127,MN,Tư thục phi lợi nhuận,Bachelor,0.6917,0.0,0.006001627529105928,0,Thấp
174136,MN,Công lập,Associate,0.1678,1.0,0.933314148816677,1,Cao
174154,MN,Tư thục phi lợi nhuận,Bachelor,0.7353,0.0,0.9015677212949904,1,Cao
174190,MN,Tư thục vì lợi nhuận,Chứng chỉ,0.8077,0.0,0.036601425451110205,0,Thấp
174233,MN,Công lập,Bachelor,0.6445,0.0,0.056915347541617096,0,Thấp
174251,MN,Công lập,Bachelor,0.6193,0.0,0.22114250985928802,0,Thấp
174321,MN,Tư thục vì lợi nhuận,Chứng chỉ,0.614,0.0,0.022437874034443094,0,Thấp
174358,MN,Công lập,Bachelor,0.5464,0.0,0.19157210029149452,0,Thấp
174376,MN,Công lập,Associate,0.1569,1.0,0.9309634825449755,1,Cao
174428,MN,Công lập,Associate,0.1893,1.0,0.8615073747602934,1,Cao
174437,MN,Tư thục phi lợi nhuận,Bachelor,0.6359,0.0,0.20223651398543907,0,Thấp
174473,MN,Công lập,Associate,0.481,0.0,0.7976680370392683,1,Cao
174491,MN,Tư thục phi lợi nhuận,Bachelor,0.6837,0.0,0.02973857956850499,0,Thấp
174507,MN,Tư thục phi lợi nhuận,Associate,1.0,0.0,0.3008362843826198,0,Thấp
174525,MN,Tư thục phi lợi nhuận,Associate,0.3077,1.0,0.8327840058487513,1,Cao
174570,MN,Công lập,Chứng chỉ,0.3978,1.0,0.6405486506502879,1,Trung bình
174738,MN,Công lập,Associate,0.2607,1.0,0.8612702991225842,1,Cao
174747,MN,Tư thục phi lợi nhuận,Bachelor,0.8304,0.0,0.0021408469945081985,0,Thấp
174756,MN,Công lập,Associate,0.4216,0.0,0.8578232784269118,1,Cao
174783,MN,Công lập,Bachelor,0.4691,0.0,0.3551019575519556,0,Thấp
174792,MN,Tư thục phi lợi nhuận,Bachelor,0.757,0.0,0.0022389474013060503,0,Thấp
174817,MN,Tư thục phi lợi nhuận,Bachelor,0.6767,0.0,0.010449654835029402,0,Thấp
174844,MN,Tư thục phi lợi nhuận,Bachelor,0.835,0.0,0.00568602932458204,0,Thấp
174862,MN,Tư thục phi lợi nhuận,Bachelor,0.6434,0.0,0.46521480146578104,0,Trung bình
174899,MN,Tư thục phi lợi nhuận,Bachelor,0.6299,0.0,0.008575288309610404,0,Thấp
174914,MN,Tư thục phi lợi nhuận,Bachelor,0.7517,0.0,0.0020785702661967956,0,Thấp
174978,MN,Tư thục vì lợi nhuận,Chứng chỉ,0.6494,0.0,0.08538620190347235,0,Thấp
175005,MN,Tư thục phi lợi nhuận,Bachelor,0.6513,0.0,0.006212767726759668,0,Thấp
175014,MN,Tư thục vì lợi nhuận,Associate,0.5322,0.0,0.7271573490294371,1,Cao
175041,MN,Công lập,Chứng chỉ,0.3223,1.0,0.5994343839879135,1,Trung bình
175078,MN,Công lập,Bachelor,0.4407,0.0,0.4262218181270188,0,Trung bình
175120,MN,Tư thục phi lợi nhuận,Chứng chỉ,0.547,0.0,0.1960780089012423,0,Thấp
175227,MN,Tư thục phi lợi nhuận,Associate,0.627,0.0,0.2822129081153479,0,Thấp
175236,MN,Công lập,Associate,0.4491,0.0,0.6928194442881626,1,Trung bình
175263,MN,Công lập,Chứng chỉ,0.5127,0.0,0.3603581229228192,0,Thấp
175272,MN,Công lập,Bachelor,0.6089,0.0,0.10020045773465254,0,Thấp
175315,MN,Công lập,Associate,0.2096,1.0,0.8900500907420189,1,Cao
175342,MS,Công lập,Bachelor,0.4615,0.0,0.27812305395329817,0,Thấp
175421,MS,Tư thục phi lợi nhuận,Bachelor,0.5113,0.0,0.5665709692649811,1,Trung bình
175430,MS,Tư thục phi lợi nhuận,Bachelor,0.512,0.0,0.23484002863246436,0,Thấp
175494,MS,Tư thục vì lợi nhuận,Chứng chỉ,0.7536,0.0,0.045037621949387936,0,Thấp
175519,MS,Công lập,Chứng chỉ,0.3816,1.0,0.7137244286812653,1,Cao
175573,MS,Công lập,Associate,0.5162,0.0,0.8487784270224376,1,Cao
175616,MS,Công lập,Bachelor,0.4686,0.0,0.3882704391034264,0,Thấp
175643,MS,Công lập,Associate,0.3932,1.0,0.9279059252035848,1,Cao
175652,MS,Công lập,Associate,0.4176,0.0,0.9327222792801688,1,Cao
175698,MS,Tư thục vì lợi nhuận,Chứng chỉ,0.7826,0.0,0.0239194991774605,0,Thấp
175722,MS,Tư thục vì lợi nhuận,Chứng chỉ,0.7273,0.0,0.207908566755618,0,Thấp
175786,MS,Công lập,Associate,0.4214,0.0,0.9623021830570903,1,Cao
175810,MS,Công lập,Associate,0.4545,0.0,0.9774449145576701,1,Cao
175829,MS,Công lập,Associate,0.4527,0.0,0.8426665048341934,1,Cao
175856,MS,Công lập,Bachelor,0.3219,1.0,0.6555802501185032,1,Trung bình
175883,MS,Công lập,Associate,0.3588,1.0,0.9134450327275392,1,Cao
175935,MS,Công lập,Associate,0.4423,0.0,0.9379450726632135,1,Cao
175980,MS,Tư thục phi lợi nhuận,Bachelor,0.5546,0.0,0.0033342152496369524,0,Thấp
176008,MS,Công lập,Associate,0.2992,1.0,0.9347961757991228,1,Cao
176017,MS,Công lập,Bachelor,0.6849,0.0,0.10026499352967397,0,Thấp
176035,MS,Công lập,Bachelor,0.3779,1.0,0.5220124657662865,1,Trung bình
176044,MS,Công lập,Bachelor,0.2214,1.0,0.7929582135359785,1,Cao
176053,MS,Tư thục phi lợi nhuận,Bachelor,0.6281,0.0,0.13212231862429935,0,Thấp
176062,MS,Tư thục vì lợi nhuận,Chứng chỉ,0.85,0.0,0.050783417088913055,0,Thấp
176071,MS,Công lập,Associate,0.4736,0.0,0.8855124998676026,1,Cao
176080,MS,Công lập,Bachelor,0.6291,0.0,0.081022836266702,0,Thấp
176169,MS,Công lập,Associate,0.3541,1.0,0.8065265329715737,1,Cao
176178,MS,Công lập,Associate,0.4229,0.0,0.9372194970696996,1,Cao
176239,MS,Công lập,Associate,0.353,1.0,0.967630993504224,1,Cao
176318,MS,Tư thục phi lợi nhuận,Bachelor,0.2695,1.0,0.7726927484073914,1,Cao
176336,MS,Tư thục phi lợi nhuận,Associate,1.0,0.0,0.9812428406568481,1,Cao
176354,MS,Công lập,Associate,0.4021,0.0,0.933696840860275,1,Cao
176372,MS,Công lập,Bachelor,0.5058,0.0,0.5878099158260708,1,Trung bình
176406,MS,Tư thục phi lợi nhuận,Bachelor,0.3231,1.0,0.5734555380550757,1,Trung bình
176433,MS,Tư thục vì lợi nhuận,Chứng chỉ,1.0,0.0,0.5460792946734699,1,Trung bình
176479,MS,Tư thục phi lợi nhuận,Bachelor,0.4083,0.0,0.3188743150813434,0,Thấp
176628,MO,Tư thục phi lợi nhuận,Bachelor,0.4262,0.0,0.13271844366414226,0,Thấp
176664,MO,Tư thục phi lợi nhuận,Bachelor,0.3824,1.0,0.6040934099961454,1,Trung bình
176716,MO,Tư thục vì lợi nhuận,Chứng chỉ,0.7458,0.0,0.08147219494009292,0,Thấp
176770,MO,Tư thục phi lợi nhuận,Bachelor,1.0,0.0,0.2918016127480593,0,Thấp
176789,MO,Tư thục phi lợi nhuận,Bachelor,0.5263,0.0,0.7233024693188334,1,Cao
176798,MO,Công lập,Chứng chỉ,0.8056,0.0,0.29794028300567316,0,Thấp
176910,MO,Tư thục phi lợi nhuận,Bachelor,0.4091,0.0,0.3471045324580007,0,Thấp
176947,MO,Tư thục phi lợi nhuận,Bachelor,0.525,0.0,0.44451631315587603,0,Trung bình
176965,MO,Công lập,Bachelor,0.494,0.0,0.4953563041732028,0,Trung bình
176983,MO,Công lập,Chứng chỉ,0.8889,0.0,0.13395523513315852,0,Thấp
177038,KS,Tư thục phi lợi nhuận,Bachelor,0.3333,1.0,0.8766251101577973,1,Cao
177065,MO,Tư thục phi lợi nhuận,Bachelor,0.4567,0.0,0.6218159061415328,1,Trung bình
177083,MO,Tư thục phi lợi nhuận,Bachelor,0.6429,0.0,0.568154323994144,1,Trung bình
177117,MO,Tư thục phi lợi nhuận,Bachelor,0.6145,0.0,0.42356622238915376,0,Trung bình
177135,MO,Công lập,Associate,0.4331,0.0,0.846840419145659,1,Cao
177144,MO,Tư thục phi lợi nhuận,Bachelor,0.5017,0.0,0.21821623091576417,0,Thấp
177214,MO,Tư thục phi lợi nhuận,Bachelor,0.6602,0.0,0.029140095117372845,0,Thấp
177250,MO,Công lập,Associate,0.3801,1.0,0.932151036467832,1,Cao
177302,MO,Tư thục vì lợi nhuận,Chứng chỉ,0.5593,0.0,0.5345188385329812,1,Trung bình
177339,MO,Tư thục phi lợi nhuận,Bachelor,0.648,0.0,0.2663209077943842,0,Thấp
177418,MO,Tư thục phi lợi nhuận,Bachelor,0.5683,0.0,0.46661317935771235,0,Trung bình
177436,MO,Công lập,Chứng chỉ,0.4,0.0,0.08489819600260229,0,Thấp
177472,MO,Công lập,Associate,0.319,1.0,0.9060873031265402,1,Cao
177542,MO,Tư thục phi lợi nhuận,Bachelor,0.4431,0.0,0.2389733175625417,0,Thấp
177551,MO,Công lập,Bachelor,0.2741,1.0,0.8622349749342472,1,Cao
177588,MO,Tư thục vì lợi nhuận,Chứng chỉ,0.3529,1.0,0.3248989933338372,0,Thấp
177603,MO,Tư thục vì lợi nhuận,Chứng chỉ,0.7,0.0,0.3852208438558484,0,Thấp
177676,MO,Công lập,Associate,0.3226,1.0,0.9311690630180864,1,Cao
177685,MO,Tư thục vì lợi nhuận,Chứng chỉ,0.7647,0.0,0.03791235360432697,0,Thấp
177746,MO,Tư thục phi lợi nhuận,Bachelor,0.6491,0.0,0.007831607563449578,0,Thấp
177931,MO,Công lập,Chứng chỉ,1.0,0.0,0.39618880610358775,0,Thấp
177940,MO,Công lập,Bachelor,0.221,1.0,0.7396055362417246,1,Cao
177968,MO,Tư thục phi lợi nhuận,Bachelor,0.5032,0.0,0.3076836986477957,0,Thấp
177977,MO,Công lập,Associate,0.7904,0.0,0.17848213540770613,0,Thấp
177986,MO,Tư thục phi lợi nhuận,Bachelor,0.0,1.0,0.895807595948274,1,Cao
177995,MO,Công lập,Associate,0.2912,1.0,0.9440132557031365,1,Cao
178059,MO,Tư thục phi lợi nhuận,Bachelor,0.7152,0.0,0.21832017855016944,0,Thấp
178077,MO,Tư thục vì lợi nhuận,Chứng chỉ,0.7692,0.0,0.03293164537500502,0,Thấp
178183,MO,Tư thục vì lợi nhuận,Chứng chỉ,0.6522,0.0,0.10010707225035811,0,Thấp
178208,MO,Tư thục phi lợi nhuận,Bachelor,0.7,0.0,0.8935435322735444,1,Cao
178217,MO,Công lập,Associate,0.4235,0.0,0.8417960575712997,1,Cao
178244,MO,Tư thục phi lợi nhuận,Bachelor,0.4819,0.0,0.3924262817911363,0,Thấp
178341,MO,Công lập,Bachelor,0.3833,1.0,0.5996833340837325,1,Trung bình
178369,MO,Tư thục phi lợi nhuận,Bachelor,0.2448,1.0,0.5871321525779365,1,Trung bình
178387,MO,Công lập,Bachelor,0.398,1.0,0.6671479000832735,1,Trung bình
178396,MO,Công lập,Bachelor,0.7618,0.0,0.03312721161036571,0,Thấp
178402,MO,Công lập,Bachelor,0.5589,0.0,0.12534239698476038,0,Thấp
178411,MO,Công lập,Bachelor,0.636,0.0,0.024930922233785343,0,Thấp
178420,MO,Công lập,Bachelor,0.5687,0.0,0.3599995341440529,0,Thấp
178448,MO,Công lập,Associate,0.3946,1.0,0.9165219507719875,1,Cao
178527,MO,Tư thục vì lợi nhuận,Chứng chỉ,0.4848,0.0,0.09896201464926463,0,Thấp
178615,MO,Công lập,Bachelor,0.6839,0.0,0.151054332907628,0,Thấp
178624,MO,Công lập,Bachelor,0.575,0.0,0.17207567961345488,0,Thấp
178679,MO,Tư thục phi lợi nhuận,Bachelor,0.6792,0.0,0.14945967172746932,0,Thấp
178697,MO,Tư thục phi lợi nhuận,Bachelor,0.6131,0.0,0.11477899481423391,0,Thấp
178721,MO,Tư thục phi lợi nhuận,Bachelor,0.2996,1.0,0.8808352556026608,1,Cao
178767,MO,Tư thục vì lợi nhuận,Associate,0.8,0.0,0.43438257973116706,0,Trung bình
178828,MO,Công lập,Chứng chỉ,0.8182,0.0,0.3936315952708466,0,Thấp
178891,MO,Tư thục phi lợi nhuận,Associate,0.5058,0.0,0.2591357654376873,0,Thấp
179043,MO,Tư thục phi lợi nhuận,Bachelor,0.7558,0.0,0.004228739945002899,0,Thấp
179159,MO,Tư thục phi lợi nhuận,Bachelor,0.7975,0.0,0.002510338733290472,0,Thấp
179195,MO,Tư thục vì lợi nhuận,Chứng chỉ,0.3333,1.0,0.2245502214154099,0,Thấp
179265,MO,Tư thục phi lợi nhuận,Bachelor,0.7547,0.0,0.13504268811456638,0,Thấp
179308,MO,Công lập,Associate,0.1769,1.0,0.8997935539496998,1,Cao
179326,MO,Tư thục phi lợi nhuận,Bachelor,0.5121,0.0,0.48539072339383776,0,Trung bình
179344,MO,Công lập,Associate,0.3506,1.0,0.9353697866740136,1,Cao
179511,MO,Tư thục vì lợi nhuận,Chứng chỉ,0.64,0.0,0.05139491229940808,0,Thấp
179539,MO,Công lập,Associate,0.3992,1.0,0.9490983300663759,1,Cao
179548,MO,Tư thục phi lợi nhuận,Bachelor,0.4651,0.0,0.19568125170730064,0,Thấp
179557,MO,Công lập,Bachelor,0.5568,0.0,0.21767781721156532,0,Thấp
179566,MO,Công lập,Bachelor,0.5733,0.0,0.1736634622126207,0,Thấp
179645,MO,Công lập,Associate,0.3452,1.0,0.9629957622331825,1,Cao
179715,MO,Công lập,Associate,0.5644,0.0,0.8310682782814055,1,Cao
179867,MO,Tư thục phi lợi nhuận,Bachelor,0.9445,0.0,2.0709956049016954e-07,0,Thấp
179894,MO,Tư thục phi lợi nhuận,Bachelor,0.6106,0.0,0.1199814271270136,0,Thấp
179946,MO,Tư thục phi lợi nhuận,Bachelor,0.5747,0.0,0.12457621611293748,0,Thấp
179955,MO,Tư thục phi lợi nhuận,Bachelor,0.6162,0.0,0.20788925947057585,0,Thấp
179964,MO,Tư thục phi lợi nhuận,Bachelor,0.5699,0.0,0.33167474774195055,0,Thấp
179991,MT,Tư thục vì lợi nhuận,Chứng chỉ,0.9412,0.0,0.031669785457974116,0,Thấp
180054,MT,Tư thục phi lợi nhuận,Associate,0.0769,1.0,0.9233364150278555,1,Cao
180063,MT,Tư thục vì lợi nhuận,Chứng chỉ,0.8235,0.0,0.5244588498689943,1,Trung bình
180081,MT,Công lập,Chứng chỉ,0.2901,1.0,0.4249416271253579,0,Trung bình
180090,MT,Tư thục vì lợi nhuận,Chứng chỉ,0.8222,0.0,0.11457400398730255,0,Thấp
180106,MT,Tư thục phi lợi nhuận,Bachelor,0.6633,0.0,0.005144105429700039,0,Thấp
180151,MT,Công lập,Associate,0.379,1.0,0.9522189562391883,1,Cao
180179,MT,Công lập,Bachelor,0.282,1.0,0.8683136580436597,1,Cao
180197,MT,Công lập,Associate,0.2696,1.0,0.9069641762203821,1,Cao
180203,MT,Công lập,Associate,0.3235,1.0,0.8943563966279187,1,Cao
180212,MT,Công lập,Associate,0.1591,1.0,0.9803077414290354,1,Cao
180249,MT,Công lập,Associate,0.3217,1.0,0.9713609349661635,1,Cao
180258,MT,Tư thục phi lợi nhuận,Bachelor,0.4674,0.0,0.3335117344667284,0,Thấp
180276,MT,Công lập,Associate,0.4149,0.0,0.9589247121451725,1,Cao
180328,MT,Công lập,Associate,0.1081,1.0,0.9647468367234101,1,Cao
180373,MT,Công lập,Associate,0.4876,0.0,0.8969845680587437,1,Cao
180416,MT,Công lập,Bachelor,0.5805,0.0,0.22153100835101125,0,Thấp
180461,MT,Công lập,Bachelor,0.5735,0.0,0.22946513917803343,0,Thấp
180489,MT,Công lập,Bachelor,0.4544,0.0,0.26362627592857607,0,Thấp
180522,MT,Công lập,Bachelor,0.4233,0.0,0.8182093513689517,1,Cao
180595,MT,Tư thục phi lợi nhuận,Bachelor,0.4675,0.0,0.13452714227927687,0,Thấp
180647,MT,Công lập,Associate,0.3521,1.0,0.7097464455915374,1,Cao
180692,MT,Công lập,Bachelor,0.4945,0.0,0.5787298812411855,1,Trung bình
180814,NE,Tư thục phi lợi nhuận,Bachelor,0.5588,0.0,0.9727466456925735,1,Cao
180832,NE,Tư thục phi lợi nhuận,Bachelor,0.75,0.0,0.1877961724506368,0,Thấp
180878,NE,Tư thục phi lợi nhuận,Bachelor,0.7547,0.0,0.09544482459297547,0,Thấp
180902,NE,Công lập,Chứng chỉ,0.4479,0.0,0.5984385864905044,1,Trung bình
180948,NE,Công lập,Bachelor,0.3807,1.0,0.4629118399920586,0,Trung bình
180957,NE,Tư thục vì lợi nhuận,Chứng chỉ,0.9024,0.0,0.056488987605385586,0,Thấp
180984,NE,Tư thục phi lợi nhuận,Bachelor,0.6408,0.0,0.023022389227722654,0,Thấp
181002,NE,Tư thục phi lợi nhuận,Bachelor,0.8052,0.0,0.001343663501936453,0,Thấp
181020,NE,Tư thục phi lợi nhuận,Bachelor,0.5585,0.0,0.01961637909365735,0,Thấp
181127,NE,Tư thục phi lợi nhuận,Bachelor,0.5327,0.0,0.10147683537132811,0,Thấp
181190,NE,Tư thục vì lợi nhuận,Chứng chỉ,0.5854,0.0,0.11552919497329893,0,Thấp
181215,NE,Công lập,Bachelor,0.5975,0.0,0.2436257920348659,0,Thấp
181297,NE,Tư thục phi lợi nhuận,Bachelor,0.6667,0.0,0.1782800230335948,0,Thấp
181303,NE,Công lập,Associate,0.2513,1.0,0.9432674054815481,1,Cao
181312,NE,Công lập,Associate,0.4563,0.0,0.9567641344246081,1,Cao
181330,NE,Tư thục phi lợi nhuận,Bachelor,0.4321,0.0,0.021374160116480113,0,Thấp
181394,NE,Công lập,Bachelor,0.475,0.0,0.36132320450470623,0,Thấp
181419,NE,Công lập,Associate,0.1667,1.0,0.890933993837667,1,Cao
181446,NE,Tư thục phi lợi nhuận,Bachelor,0.6889,0.0,0.006047239394797311,0,Thấp
181464,NE,Công lập,Bachelor,0.6585,0.0,0.04581300531911404,0,Thấp
181491,NE,Công lập,Associate,0.5577,0.0,0.8880267268528408,1,Cao
181534,NE,Công lập,Bachelor,0.3772,1.0,0.7841931122636621,1,Cao
181543,NE,Tư thục phi lợi nhuận,Bachelor,0.6667,0.0,0.7267893597102962,1,Cao
181604,NE,Tư thục phi lợi nhuận,Bachelor,0.5941,0.0,0.32131718390388375,0,Thấp
181640,NE,Công lập,Associate,0.265,1.0,0.8694701466413974,1,Cao
181738,NE,Tư thục phi lợi nhuận,Bachelor,0.4586,0.0,0.1339608927045263,0,Thấp
181765,NE,Công lập,Associate,0.5686,0.0,0.6333614583781577,1,Trung bình
181783,NE,Công lập,Bachelor,0.557,0.0,0.44669069613788787,0,Trung bình
181817,NE,Công lập,Associate,0.355,1.0,0.9780242467359439,1,Cao
181853,NE,Tư thục phi lợi nhuận,Bachelor,0.374,1.0,0.4647904401927309,0,Trung bình
181880,NV,Tư thục vì lợi nhuận,Chứng chỉ,0.8194,0.0,0.07331208816159036,0,Thấp
182005,NV,Công lập,Associate,0.1785,1.0,0.8213082724202275,1,Cao
182148,NV,Tư thục vì lợi nhuận,Chứng chỉ,0.5789,0.0,0.0879079222345725,0,Thấp
182281,NV,Công lập,Bachelor,0.5012,0.0,0.2263202747810669,0,Thấp
182290,NV,Công lập,Bachelor,0.6245,0.0,0.16297631883169017,0,Thấp
182306,NV,Công lập,Chứng chỉ,0.5153,0.0,0.8325045768133098,1,Cao
182500,NV,Công lập,Chứng chỉ,0.2817,1.0,0.5854842471346681,1,Trung bình
182564,NV,Công lập,Chứng chỉ,0.3663,1.0,0.4805901754498188,0,Trung bình
182634,NH,Tư thục phi lợi nhuận,Bachelor,0.6162,0.0,0.14603724207342833,0,Thấp
182670,NH,Tư thục phi lợi nhuận,Bachelor,0.9604,0.0,0.018692826753685537,0,Thấp
182704,NH,Tư thục vì lợi nhuận,Chứng chỉ,0.8571,0.0,0.19468901481691173,0,Thấp
182722,NH,Tư thục vì lợi nhuận,Chứng chỉ,0.5714,0.0,0.029770834723466935,0,Thấp
182795,NH,Tư thục phi lợi nhuận,Bachelor,0.461,0.0,0.014333815846964242,0,Thấp
182892,NH,Tư thục vì lợi nhuận,Chứng chỉ,0.7143,0.0,0.21748177157780937,0,Thấp
182917,NH,Tư thục phi lợi nhuận,Bachelor,0.5333,0.0,0.12317005222770905,0,Thấp
182980,NH,Tư thục phi lợi nhuận,Bachelor,0.3109,1.0,0.11843267728253128,0,Thấp
183026,NH,Tư thục phi lợi nhuận,Bachelor,0.4487,0.0,0.37204037546823143,0,Thấp
183035,NH,Tư thục vì lợi nhuận,Chứng chỉ,1.0,0.0,0.08027133303731991,0,Thấp
183044,NH,Công lập,Bachelor,0.7645,0.0,0.019938276871674394,0,Thấp
183062,NH,Công lập,Bachelor,0.5844,0.0,0.07674803581871917,0,Thấp
183071,NH,Công lập,Bachelor,0.6508,0.0,0.3226108464888452,0,Thấp
183080,NH,Công lập,Bachelor,0.4743,0.0,0.17715788267392504,0,Thấp
183099,NH,Công lập,Associate,0.3079,1.0,0.8942626855125234,1,Cao
183105,NH,Công lập,Chứng chỉ,0.6,0.0,0.2890238408182835,0,Thấp
183114,NH,Công lập,Associate,0.3143,1.0,0.7752370304936076,1,Cao
183123,NH,Công lập,Associate,0.4286,0.0,0.6344460892278165,1,Trung bình
183132,NH,Công lập,Associate,0.3682,1.0,0.8609784835499428,1,Cao
183141,NH,Công lập,Associate,0.302,1.0,0.9293392787047174,1,Cao
183150,NH,Công lập,Associate,0.2965,1.0,0.8886927658869156,1,Cao
183202,NH,Tư thục vì lợi nhuận,Chứng chỉ,0.8214,0.0,0.023312949950382966,0,Thấp
183211,NH,Tư thục phi lợi nhuận,Bachelor,0.5871,0.0,0.03618648653409859,0,Thấp
183239,NH,Tư thục phi lợi nhuận,Bachelor,0.8315,0.0,0.001300373515233573,0,Thấp
183257,NH,Công lập,Bachelor,0.1429,1.0,0.9716959710062238,1,Cao
183275,NH,Tư thục phi lợi nhuận,Bachelor,0.6154,0.0,0.22792555932017977,0,Thấp
183488,NJ,Tư thục vì lợi nhuận,Associate,0.44,0.0,0.7125441269489645,1,Cao
183600,NJ,Tư thục phi lợi nhuận,Associate,1.0,0.0,0.9118704380961006,1,Cao
183655,NJ,Công lập,Associate,0.249,1.0,0.9678578041111083,1,Cao
183725,NJ,Tư thục vì lợi nhuận,Chứng chỉ,0.6257,0.0,0.21194184213072922,0,Thấp
183743,NJ,Công lập,Associate,0.2388,1.0,0.9335853009877424,1,Cao
183789,NJ,Tư thục vì lợi nhuận,Bachelor,0.4476,0.0,0.4712606921136518,0,Trung bình
183822,NJ,Tư thục phi lợi nhuận,Bachelor,0.3105,1.0,0.6717744692783136,1,Trung bình
183859,NJ,Công lập,Associate,0.2885,1.0,0.7953687573752237,1,Cao
183877,NJ,Công lập,Associate,0.3788,1.0,0.9139278231779627,1,Cao
183910,NJ,Tư thục phi lợi nhuận,Bachelor,0.587,0.0,0.030140395871653028,0,Thấp
183938,NJ,Công lập,Associate,0.3304,1.0,0.9395120216646379,1,Cao
183974,NJ,Tư thục phi lợi nhuận,Bachelor,0.5659,0.0,0.04484266444551557,0,Thấp
183983,NJ,Công lập,Chứng chỉ,0.7258,0.0,0.04087705687047445,0,Thấp
184056,NJ,Tư thục vì lợi nhuận,Chứng chỉ,0.5145,0.0,0.4377669934757322,0,Trung bình
184092,NJ,Tư thục vì lợi nhuận,Chứng chỉ,0.5407,0.0,0.12110898968167384,0,Thấp
184180,NJ,Công lập,Associate,0.3528,1.0,0.7516196312161788,1,Cao
184205,NJ,Công lập,Associate,0.325,1.0,0.9402409066566201,1,Cao
184348,NJ,Tư thục phi lợi nhuận,Bachelor,0.7243,0.0,0.002643147601556407,0,Thấp
184427,NJ,Tư thục vì lợi nhuận,Chứng chỉ,0.7594,0.0,0.11956600420742122,0,Thấp
184481,NJ,Công lập,Associate,0.2077,1.0,0.9648512136441152,1,Cao
184506,NJ,Tư thục vì lợi nhuận,Chứng chỉ,0.6563,0.0,0.2798912230262076,0,Thấp
184603,NJ,Tư thục phi lợi nhuận,Bachelor,0.6171,0.0,0.08676554294080038,0,Thấp
184612,NJ,Tư thục phi lợi nhuận,Bachelor,0.4968,0.0,0.029891290773731462,0,Thấp
184694,NJ,Tư thục phi lợi nhuận,Bachelor,0.723,0.0,0.0261258016310937,0,Thấp
184746,NJ,Tư thục vì lợi nhuận,Chứng chỉ,0.802,0.0,0.06337876493792974,0,Thấp
184773,NJ,Tư thục phi lợi nhuận,Bachelor,0.5509,0.0,0.033389786795034064,0,Thấp
184782,NJ,Công lập,Bachelor,0.6828,0.0,0.06140447840293377,0,Thấp
184791,NJ,Công lập,Associate,0.3305,1.0,0.8365842707549298,1,Cao
184816,NJ,Tư thục vì lợi nhuận,Chứng chỉ,0.5366,0.0,0.27092492103686644,0,Thấp
184959,NJ,Tư thục vì lợi nhuận,Associate,0.6364,0.0,0.33985948643175234,0,Thấp
184968,NJ,Tư thục phi lợi nhuận,Chứng chỉ,0.75,0.0,0.23968174572596965,0,Thấp
184995,NJ,Công lập,Associate,0.2282,1.0,0.9663950246074969,1,Cao
185129,NJ,Công lập,Bachelor,0.3874,1.0,0.46361012040790694,0,Trung bình
185262,NJ,Công lập,Bachelor,0.4338,0.0,0.31672728143489043,0,Thấp
185396,NJ,Tư thục vì lợi nhuận,Chứng chỉ,0.7227,0.0,0.035734400961792825,0,Thấp
185466,NJ,Tư thục vì lợi nhuận,Chứng chỉ,0.8631,0.0,0.0360113828328495,0,Thấp
185509,NJ,Công lập,Associate,0.2086,1.0,0.9180257308664497,1,Cao
185536,NJ,Công lập,Associate,0.3455,1.0,0.8391454878033077,1,Cao
185572,NJ,Tư thục phi lợi nhuận,Bachelor,0.7033,0.0,0.002856437393571303,0,Thấp
185590,NJ,Công lập,Bachelor,0.6426,0.0,0.10683075633086406,0,Thấp
185679,NJ,Tư thục phi lợi nhuận,Chứng chỉ,0.3333,1.0,0.31838473506305953,0,Thấp
185721,NJ,Tư thục vì lợi nhuận,Associate,0.6387,0.0,0.44827803867682703,0,Trung bình
185767,NJ,Tư thục vì lợi nhuận,Chứng chỉ,0.0,1.0,0.08561549256275572,0,Thấp
185828,NJ,Công lập,Bachelor,0.7311,0.0,0.04651639270914522,0,Thấp
185873,NJ,Công lập,Associate,0.391,1.0,0.9000074345179018,1,Cao
185970,NJ,Tư thục vì lợi nhuận,Chứng chỉ,0.6538,0.0,0.07958328745610996,0,Thấp
186016,NJ,Tư thục vì lợi nhuận,Chứng chỉ,0.8438,0.0,0.0479281160465246,0,Thấp
186034,NJ,Công lập,Associate,0.1517,1.0,0.9321214704682786,1,Cao
186052,NJ,Tư thục vì lợi nhuận,Chứng chỉ,0.6862,0.0,0.11323108224156402,0,Thấp
186131,NJ,Tư thục phi lợi nhuận,Bachelor,0.9709,0.0,0.03835012141956104,0,Thấp
186186,NJ,Tư thục phi lợi nhuận,Bachelor,0.1833,1.0,0.20265690399772773,0,Thấp
186201,NJ,Công lập,Bachelor,0.7186,0.0,0.0609660341400732,0,Thấp
186274,FL,Tư thục vì lợi nhuận,Chứng chỉ,0.8,0.0,0.030749411153691352,0,Thấp
186283,NJ,Tư thục phi lợi nhuận,Bachelor,0.6332,0.0,0.0039289726743804085,0,Thấp
186371,NJ,Công lập,Bachelor,0.6645,0.0,0.04172032126895953,0,Thấp
186380,NJ,Công lập,Bachelor,0.8501,0.0,0.018623928384306127,0,Thấp
186399,NJ,Công lập,Bachelor,0.676,0.0,0.03330639364439667,0,Thấp
186432,NJ,Tư thục phi lợi nhuận,Bachelor,0.6313,0.0,0.05346777274356196,0,Thấp
186469,NJ,Công lập,Associate,0.3723,1.0,0.9064751040563597,1,Cao
186584,NJ,Tư thục phi lợi nhuận,Bachelor,0.7147,0.0,0.0014030878932409737,0,Thấp
186593,NJ,Tư thục vì lợi nhuận,Chứng chỉ,0.6222,0.0,0.056226961057651056,0,Thấp
186618,NJ,Tư thục phi lợi nhuận,Bachelor,0.4024,0.0,0.059174935003120196,0,Thấp
186645,NJ,Công lập,Associate,0.3527,1.0,0.8098513831490786,1,Cao
186867,NJ,Tư thục phi lợi nhuận,Bachelor,0.8988,0.0,0.008518557284568145,0,Thấp
186876,NJ,Công lập,Bachelor,0.7197,0.0,0.09108287406123239,0,Thấp
186900,NJ,Tư thục phi lợi nhuận,Bachelor,0.1,1.0,0.418078998443971,0,Trung bình
187000,NJ,Tư thục vì lợi nhuận,Chứng chỉ,0.7895,0.0,0.04103413295464335,0,Thấp
187134,NJ,Công lập,Bachelor,0.8523,0.0,0.04304813996830566,0,Thấp
187198,NJ,Công lập,Associate,0.3478,1.0,0.8842500234229748,1,Cao
187444,NJ,Công lập,Bachelor,0.4771,0.0,0.2148938813446042,0,Thấp
187505,NM,Tư thục vì lợi nhuận,Chứng chỉ,0.5965,0.0,0.16941468443081711,0,Thấp
187532,NM,Công lập,Chứng chỉ,0.2893,1.0,0.8962765008229128,1,Cao
187596,NM,Công lập,Chứng chỉ,0.1971,1.0,0.41543496199304175,0,Trung bình
187620,NM,Công lập,Associate,0.156,1.0,0.9817455430487203,1,Cao
187639,NM,Công lập,Chứng chỉ,0.4068,0.0,0.9424682235725708,1,Cao
187648,NM,Công lập,Bachelor,0.3981,1.0,0.8420759220829024,1,Cao
187666,NM,Công lập,Chứng chỉ,0.2784,1.0,0.9183350789489692,1,Cao
187745,NM,Công lập,Bachelor,0.2453,1.0,0.9335218327645171,1,Cao
187897,NM,Công lập,Bachelor,0.2559,1.0,0.9073802813024721,1,Cao
187903,NM,Công lập,Associate,0.2415,1.0,0.9807047727807188,1,Cao
187912,NM,Công lập,Associate,0.3843,1.0,0.9126271966713486,1,Cao
187958,NM,Công lập,Associate,0.1875,1.0,0.9645293157195108,1,Cao
187967,NM,Công lập,Bachelor,0.5636,0.0,0.1530514315662941,0,Thấp
187976,NM,Công lập,Associate,0.2963,1.0,0.9833297844328817,1,Cao
187985,NM,Công lập,Bachelor,0.5253,0.0,0.238360906085895,0,Thấp
187994,NM,Công lập,Associate,0.1967,1.0,0.9808957919724177,1,Cao
188003,NM,Công lập,Associate,0.29,1.0,0.9865855606795281,1,Cao
188021,NM,Công lập,Associate,0.2424,1.0,0.9845783714492304,1,Cao
188030,NM,Công lập,Bachelor,0.5222,0.0,0.34600409328467197,0,Thấp
188049,NM,Công lập,Associate,0.1875,1.0,0.9693630929726192,1,Cao
188058,NM,Công lập,Bachelor,0.3259,1.0,0.9340705335742934,1,Cao
188100,NM,Công lập,Chứng chỉ,0.3147,1.0,0.907813304782474,1,Cao
188137,NM,Công lập,Chứng chỉ,0.2471,1.0,0.9456966180102276,1,Cao
188182,NM,Tư thục phi lợi nhuận,Bachelor,0.2667,1.0,0.7888544949250709,1,Cao
188216,NM,Công lập,Associate,0.0882,1.0,0.9925148036219374,1,Cao
188225,NM,Công lập,Chứng chỉ,0.1556,1.0,0.9458851783551009,1,Cao
188261,NM,Công lập,Chứng chỉ,0.5676,0.0,0.9141526145158958,1,Cao
188304,NM,Công lập,Bachelor,0.3489,1.0,0.9209340219655392,1,Cao
188340,NY,Tư thục phi lợi nhuận,Associate,0.3992,1.0,0.462607940514842,0,Trung bình
188429,NY,Tư thục phi lợi nhuận,Bachelor,0.6893,0.0,0.0013595472424302235,0,Thấp
188438,NY,Công lập,Associate,0.292,1.0,0.838228141186146,1,Cao
188517,NY,Tư thục phi lợi nhuận,Associate,0.2195,1.0,0.6966327704709893,1,Trung bình
188526,NY,Tư thục phi lợi nhuận,Bachelor,0.6882,0.0,0.0035147002682206947,0,Thấp
188641,NY,Tư thục phi lợi nhuận,Bachelor,0.555,0.0,0.006063929806483948,0,Thấp
188650,NY,Tư thục vì lợi nhuận,Chứng chỉ,0.8649,0.0,0.12858304851178298,0,Thấp
188678,NY,Tư thục phi lợi nhuận,Associate,0.9268,0.0,0.1229332587957572,0,Thấp
188687,NY,Tư thục phi lợi nhuận,Associate,0.2857,1.0,0.40235615492024596,0,Trung bình
188854,NY,Tư thục phi lợi nhuận,Chứng chỉ,0.7202,0.0,0.0014240217895438744,0,Thấp
188890,NY,Tư thục vì lợi nhuận,Chứng chỉ,0.7965,0.0,0.252973689988951,0,Thấp
188915,NY,Tư thục phi lợi nhuận,Associate,0.8,0.0,0.5627268227358017,1,Trung bình
188942,NY,Tư thục phi lợi nhuận,Chứng chỉ,0.7407,0.0,0.5515280056988838,1,Trung bình
189088,NY,Tư thục phi lợi nhuận,Bachelor,0.7271,0.0,0.019624533005357794,0,Thấp
189097,NY,Tư thục phi lợi nhuận,Bachelor,0.9294,0.0,0.04848667795274241,0,Thấp
189219,NY,Tư thục vì lợi nhuận,Chứng chỉ,0.943,0.0,0.12946077643842835,0,Thấp
189228,NY,Tư thục vì lợi nhuận,Bachelor,0.4025,0.0,0.6740306131699078,1,Trung bình
189255,NY,Tư thục vì lợi nhuận,Chứng chỉ,0.8829,0.0,0.11831886772353166,0,Thấp
189273,NY,Tư thục phi lợi nhuận,Associate,0.35,1.0,0.30806958895526,0,Thấp
189282,NY,Tư thục phi lợi nhuận,Bachelor,1.0,0.0,0.5248857403239354,1,Trung bình
189404,NY,Tư thục vì lợi nhuận,Chứng chỉ,0.75,0.0,0.12470079669787125,0,Thấp
189413,NY,Tư thục phi lợi nhuận,Bachelor,0.7063,0.0,0.771528909462453,1,Cao
189468,NY,Tư thục vì lợi nhuận,Chứng chỉ,0.9149,0.0,0.04034732647522917,0,Thấp
189477,NY,Tư thục vì lợi nhuận,Chứng chỉ,0.7143,0.0,0.14911521433241862,0,Thấp
189547,NY,Công lập,Associate,0.2291,1.0,0.8314567756024167,1,Cao
189565,NY,Tư thục phi lợi nhuận,Associate,0.25,1.0,0.8556211907932569,1,Cao
189583,NY,Tư thục phi lợi nhuận,Associate,0.275,1.0,0.6400626406780917,1,Trung bình
189592,NY,Tư thục phi lợi nhuận,Associate,0.3043,1.0,0.6212211779920527,1,Trung bình
189705,NY,Tư thục phi lợi nhuận,Bachelor,0.7065,0.0,0.03997494530164062,0,Thấp
189714,NY,Tư thục vì lợi nhuận,Chứng chỉ,0.8889,0.0,0.04207456215405447,0,Thấp
189811,NY,Tư thục vì lợi nhuận,Associate,0.4154,0.0,0.7513744497956585,1,Cao
189839,NY,Công lập,Associate,0.3398,1.0,0.8900768481474658,1,Cao
189857,NY,Tư thục phi lợi nhuận,Bachelor,0.0278,1.0,0.4221622987341693,0,Trung bình
189990,NY,Tư thục vì lợi nhuận,Chứng chỉ,0.0,1.0,0.08487235309073889,0,Thấp
190008,NY,Tư thục phi lợi nhuận,Chứng chỉ,1.0,0.0,0.0701019457005905,0,Thấp
190044,NY,Tư thục phi lợi nhuận,Bachelor,0.7356,0.0,0.00400592326342626,0,Thấp
190053,NY,Công lập,Associate,0.2137,1.0,0.8963542737821361,1,Cao
190099,NY,Tư thục phi lợi nhuận,Bachelor,0.9053,0.0,0.03991442469767875,0,Thấp
190114,NY,Tư thục phi lợi nhuận,Bachelor,0.2474,1.0,0.943438316131025,1,Cao
190150,NY,Tư thục phi lợi nhuận,Bachelor,0.9496,0.0,0.0166051590208255,0,Thấp
190169,NY,Công lập,Associate,0.3366,1.0,0.9280989310698272,1,Cao
190239,NY,Tư thục vì lợi nhuận,Chứng chỉ,0.641,0.0,0.05105984196544502,0,Thấp
190318,NY,Tư thục vì lợi nhuận,Chứng chỉ,0.557,0.0,0.074436012191083,0,Thấp
190372,NY,Tư thục phi lợi nhuận,Bachelor,0.8032,0.0,0.002310415345000243,0,Thấp
190415,NY,Tư thục phi lợi nhuận,Bachelor,0.9514,0.0,0.026061221790194933,0,Thấp
190442,NY,Công lập,Associate,0.3269,1.0,0.9020210210885943,1,Cao
190451,NY,Tư thục phi lợi nhuận,Associate,0.6923,0.0,0.09173845728918244,0,Thấp
190503,NY,Tư thục phi lợi nhuận,Associate,0.6467,0.0,0.013695976391041993,0,Thấp
190512,NY,Công lập,Bachelor,0.7211,0.0,0.29965723890919055,0,Thấp
190521,NY,Công lập,Associate,0.2592,1.0,0.9161206973208212,1,Cao
190530,NY,Công lập,Associate,0.1759,1.0,0.9331787594447056,1,Cao
190549,NY,Công lập,Bachelor,0.5658,0.0,0.4577698185401991,0,Trung bình
190558,NY,Công lập,Bachelor,0.3278,1.0,0.46684734611702394,0,Trung bình
190567,NY,Công lập,Bachelor,0.5466,0.0,0.44703462601652516,0,Trung bình
190585,NY,Công lập,Associate,0.1696,1.0,0.9537737064304033,1,Cao
190594,NY,Công lập,Bachelor,0.6099,0.0,0.4250123456036637,0,Trung bình
190600,NY,Công lập,Bachelor,0.5549,0.0,0.4772183912078741,0,Trung bình
190619,NY,Công lập,Associate,0.2355,1.0,0.7844550221234537,1,Cao
190628,NY,Công lập,Associate,0.2533,1.0,0.8491442580219385,1,Cao
190637,NY,Công lập,Bachelor,0.4929,0.0,0.7309084435615368,1,Cao
190646,NY,Công lập,Bachelor,0.2229,1.0,0.9372710409065502,1,Cao
190655,NY,Công lập,Bachelor,0.1941,1.0,0.8996885466984885,1,Cao
190664,NY,Công lập,Bachelor,0.6016,0.0,0.39823995896023623,0,Thấp
190673,NY,Công lập,Associate,0.2298,1.0,0.8209004492528315,1,Cao
190691,NY,Công lập,Bachelor,0.3027,1.0,0.8502177843924345,1,Cao
190707,NY,Tư thục phi lợi nhuận,Chứng chỉ,0.5,0.0,0.13497160043343992,0,Thấp
190716,NY,Tư thục phi lợi nhuận,Bachelor,0.5668,0.0,0.07165137948035756,0,Thấp
190725,NY,Tư thục phi lợi nhuận,Bachelor,0.584,0.0,0.044975328712858344,0,Thấp
190752,NY,Tư thục phi lợi nhuận,Bachelor,0.5333,0.0,0.4085043374097841,0,Trung bình
190761,NY,Tư thục phi lợi nhuận,Bachelor,0.5677,0.0,0.2048356607295797,0,Thấp
190840,NY,Công lập,Associate,0.293,1.0,0.8964832599243038,1,Cao
190983,NY,Tư thục phi lợi nhuận,Bachelor,0.6404,0.0,0.026703766036352238,0,Thấp
191083,NY,Công lập,Associate,0.2711,1.0,0.9029492050026191,1,Cao
191126,NY,Công lập,Associate,0.8333,0.0,0.311793553097998,0,Thấp
191199,NY,Công lập,Associate,0.2795,1.0,0.916487467566221,1,Cao
191205,NY,Tư thục vì lợi nhuận,Bachelor,0.4898,0.0,0.2077308217330318,0,Thấp
191241,NY,Tư thục phi lợi nhuận,Bachelor,0.8027,0.0,0.013953202695568469,0,Thấp
191302,NY,Công lập,Associate,0.3367,1.0,0.8392070966627337,1,Cao
191311,NY,Tư thục phi lợi nhuận,Chứng chỉ,0.2656,1.0,0.14785737986253333,0,Thấp
191339,NY,Công lập,Associate,0.2838,1.0,0.9366075410302882,1,Cao
191515,NY,Tư thục phi lợi nhuận,Bachelor,0.9125,0.0,0.025258205422312833,0,Thấp
191533,NY,Tư thục phi lợi nhuận,Bachelor,0.4615,0.0,0.022610805544813106,0,Thấp
191612,NY,Công lập,Associate,0.28,1.0,0.9324495264695705,1,Cao
191621,NY,Tư thục phi lợi nhuận,Bachelor,0.4699,0.0,0.40992126727327216,0,Trung bình
191630,NY,Tư thục phi lợi nhuận,Bachelor,0.7271,0.0,0.03657794505746834,0,Thấp
191649,NY,Tư thục phi lợi nhuận,Bachelor,0.671,0.0,0.002762774806364427,0,Thấp
191676,NY,Tư thục phi lợi nhuận,Bachelor,0.6466,0.0,0.1290993407881515,0,Thấp
191719,NY,Công lập,Associate,0.3302,1.0,0.8595697977286144,1,Cao
191728,NY,Tư thục vì lợi nhuận,Chứng chỉ,0.8186,0.0,0.047483808968140806,0,Thấp
191931,NY,Tư thục phi lợi nhuận,Bachelor,0.5744,0.0,0.0022859992989102134,0,Thấp
191940,NY,Tư thục phi lợi nhuận,Chứng chỉ,0.8265,0.0,0.20296563772693496,0,Thấp
191959,NY,Tư thục vì lợi nhuận,Associate,0.7692,0.0,0.1585645420922226,0,Thấp
191968,NY,Tư thục phi lợi nhuận,Bachelor,0.7411,0.0,0.001393457780963403,0,Thấp
191986,NY,Công lập,Associate,0.3368,1.0,0.9162709266171282,1,Cao
192004,NY,Tư thục vì lợi nhuận,Associate,0.6053,0.0,0.49635864551189446,0,Trung bình
192022,NY,Công lập,Associate,0.2628,1.0,0.9298668800885994,1,Cao
192040,NY,Tư thục phi lợi nhuận,Bachelor,0.8684,0.0,0.11383394679306663,0,Thấp
192110,NY,Tư thục phi lợi nhuận,Bachelor,0.9,0.0,0.02069196130335302,0,Thấp
192165,NY,Tư thục phi lợi nhuận,Bachelor,0.4694,0.0,0.5103488651532485,1,Trung bình
192192,NY,Tư thục phi lợi nhuận,Bachelor,0.4877,0.0,0.058478192186974594,0,Thấp
192271,NY,Tư thục vì lợi nhuận,Bachelor,0.5299,0.0,0.25858416175063675,0,Thấp
192323,NY,Tư thục phi lợi nhuận,Bachelor,0.7098,0.0,0.00507057717387512,0,Thấp
192448,NY,Tư thục phi lợi nhuận,Bachelor,0.5544,0.0,0.005207081345186539,0,Thấp
192484,NY,Tư thục vì lợi nhuận,Chứng chỉ,0.8333,0.0,0.11883209774436346,0,Thấp
192509,NY,Tư thục vì lợi nhuận,Associate,0.2152,1.0,0.9422079145114489,1,Cao
192624,NY,Tư thục phi lợi nhuận,Bachelor,0.2791,1.0,0.36886516716592005,0,Thấp
192688,NY,Tư thục vì lợi nhuận,Associate,0.3182,1.0,0.8341507976154724,1,Cao
192703,NY,Tư thục phi lợi nhuận,Bachelor,0.6597,0.0,0.002011824671410723,0,Thấp
192712,NY,Tư thục phi lợi nhuận,Bachelor,0.7826,0.0,0.030929627376991772,0,Thấp
192749,NY,Tư thục phi lợi nhuận,Bachelor,0.5373,0.0,0.01259513974124305,0,Thấp
192785,NY,Tư thục phi lợi nhuận,Associate,0.4286,0.0,0.79840179579939,1,Cao
192819,NY,Tư thục phi lợi nhuận,Bachelor,0.7984,0.0,0.002626450204951358,0,Thấp
192864,NY,Tư thục phi lợi nhuận,Bachelor,0.4981,0.0,0.06891127592120445,0,Thấp
193016,NY,Tư thục phi lợi nhuận,Bachelor,0.481,0.0,0.4305758059008118,0,Trung bình
193052,NY,Tư thục phi lợi nhuận,Bachelor,0.3333,1.0,0.2474613594246993,0,Thấp
193061,NY,Tư thục phi lợi nhuận,Associate,0.75,0.0,0.8414537453922515,1,Cao
193070,NY,Tư thục phi lợi nhuận,Bachelor,0.1667,1.0,0.2211283575376483,0,Thấp
193201,NY,Tư thục vì lợi nhuận,Chứng chỉ,0.2683,1.0,0.4269213736321657,0,Trung bình
193247,NY,Tư thục phi lợi nhuận,Associate,0.6383,0.0,0.5401569443088019,1,Trung bình
193265,NY,Tư thục vì lợi nhuận,Chứng chỉ,0.9219,0.0,0.07305356891533935,0,Thấp
193283,NY,Công lập,Associate,0.347,1.0,0.88111557222834,1,Cao
193292,NY,Tư thục phi lợi nhuận,Bachelor,0.7176,0.0,0.011129048389613051,0,Thấp
193308,NY,Tư thục vì lợi nhuận,Bachelor,0.5748,0.0,0.6216423255108151,1,Trung bình
193326,NY,Công lập,Associate,0.2252,1.0,0.9278515117870056,1,Cao
193353,NY,Tư thục phi lợi nhuận,Bachelor,0.6566,0.0,0.00897885649737368,0,Thấp
193399,NY,Tư thục phi lợi nhuận,Bachelor,0.5714,0.0,0.021555799952803153,0,Thấp
193478,NY,Công lập,Associate,0.2342,1.0,0.8155752548452141,1,Cao
193584,NY,Tư thục phi lợi nhuận,Bachelor,0.7291,0.0,0.005205417948907933,0,Thấp
193609,NY,Tư thục phi lợi nhuận,Chứng chỉ,1.0,0.0,0.2279998000147488,0,Thấp
193654,NY,Tư thục phi lợi nhuận,Bachelor,0.7119,0.0,0.061092376051222454,0,Thấp
193858,NY,Tư thục vì lợi nhuận,Chứng chỉ,0.6299,0.0,0.26088996999042974,0,Thấp
193900,NY,Tư thục phi lợi nhuận,Bachelor,0.8846,0.0,0.011595959258645892,0,Thấp
193946,NY,Công lập,Associate,0.307,1.0,0.86021927305328,1,Cao
193973,NY,Tư thục phi lợi nhuận,Bachelor,0.7024,0.0,0.011139327113593018,0,Thấp
193991,NY,Tư thục vì lợi nhuận,Chứng chỉ,0.8696,0.0,0.030628470409058497,0,Thấp
194028,NY,Công lập,Associate,0.2538,1.0,0.9293642986392524,1,Cao
194091,NY,Tư thục phi lợi nhuận,Bachelor,0.5604,0.0,0.0030361228499727,0,Thấp
194116,NY,Tư thục phi lợi nhuận,Chứng chỉ,0.5385,0.0,0.26547542641160055,0,Thấp
194189,NY,Tư thục phi lợi nhuận,Associate,0.75,0.0,0.7468197641871226,1,Cao
194222,NY,Công lập,Associate,0.248,1.0,0.951595499425664,1,Cao
194240,NY,Công lập,Associate,0.2326,1.0,0.8597826113486261,1,Cao
194259,NY,Công lập,Chứng chỉ,0.7273,0.0,0.2526110395946792,0,Thấp
194310,NY,Tư thục phi lợi nhuận,Bachelor,0.6141,0.0,0.0030944683945423484,0,Thấp
194392,NY,Tư thục phi lợi nhuận,Bachelor,0.5333,0.0,0.06664295597562428,0,Thấp
194435,NY,Tư thục vì lợi nhuận,Chứng chỉ,0.6364,0.0,0.05328191496184163,0,Thấp
194499,NY,Tư thục vì lợi nhuận,Associate,0.6287,0.0,0.33544144071847837,0,Thấp
194569,NY,Tư thục phi lợi nhuận,Bachelor,0.3889,1.0,0.35217475662907144,0,Thấp
194578,NY,Tư thục phi lợi nhuận,Bachelor,0.7269,0.0,0.06227524574119478,0,Thấp
194657,NY,Tư thục phi lợi nhuận,Bachelor,0.1923,1.0,0.2706421802458669,0,Thấp
194666,NY,Tư thục phi lợi nhuận,Bachelor,0.9714,0.0,0.6234270918955919,1,Trung bình
194693,NY,Tư thục phi lợi nhuận,Associate,0.4545,0.0,0.3158097294481292,0,Thấp
194718,NJ,Tư thục phi lợi nhuận,Bachelor,0.25,1.0,0.6140441509932087,1,Trung bình
194736,NY,Tư thục phi lợi nhuận,Associate,0.3415,1.0,0.4522738815376425,0,Trung bình
194763,NY,Tư thục phi lợi nhuận,Bachelor,0.3431,1.0,0.26607040925421654,0,Thấp
194824,NY,Tư thục phi lợi nhuận,Bachelor,0.8316,0.0,0.006801923880449838,0,Thấp
194958,NY,Tư thục phi lợi nhuận,Bachelor,0.6393,0.0,0.01954436130900358,0,Thấp
195003,NY,Tư thục phi lợi nhuận,Bachelor,0.708,0.0,0.0033261473311122112,0,Thấp
195030,NY,Tư thục phi lợi nhuận,Bachelor,0.8448,0.0,0.014589268545616556,0,Thấp
195058,NY,Công lập,Associate,0.293,1.0,0.8713728236102948,1,Cao
195067,NY,Tư thục vì lợi nhuận,Chứng chỉ,0.5789,0.0,0.1677519058832796,0,Thấp
195128,NY,Tư thục phi lợi nhuận,Bachelor,0.6567,0.0,0.031639334225031436,0,Thấp
195164,NY,Tư thục phi lợi nhuận,Bachelor,0.7039,0.0,0.004954609373636442,0,Thấp
195173,NY,Tư thục phi lợi nhuận,Bachelor,0.5229,0.0,0.8008752306774158,1,Cao
195191,NY,Tư thục phi lợi nhuận,Associate,1.0,0.0,0.7005225042871155,1,Cao
195216,NY,Tư thục phi lợi nhuận,Bachelor,0.7965,0.0,0.01458247784129332,0,Thấp
195234,NY,Tư thục phi lợi nhuận,Bachelor,0.5095,0.0,0.031428240818911574,0,Thấp
195243,NY,Tư thục phi lợi nhuận,Bachelor,0.626,0.0,0.03167148546573977,0,Thấp
195289,NY,Tư thục phi lợi nhuận,Associate,0.5,0.0,0.6800874115551149,1,Trung bình
195304,NY,Tư thục phi lợi nhuận,Bachelor,0.6997,0.0,0.04254323089609606,0,Thấp
195322,NY,Công lập,Associate,0.2919,1.0,0.9352783326875355,1,Cao
195438,NY,Tư thục phi lợi nhuận,Bachelor,0.0,1.0,0.5606166084713405,1,Trung bình
195474,NY,Tư thục phi lợi nhuận,Bachelor,0.7584,0.0,0.0016508115900046062,0,Thấp
195526,NY,Tư thục phi lợi nhuận,Bachelor,0.8167,0.0,0.016862722679431313,0,Thấp
195544,NY,Tư thục phi lợi nhuận,Bachelor,0.6421,0.0,0.04293146554627807,0,Thấp
195720,NY,Tư thục phi lợi nhuận,Bachelor,0.7444,0.0,0.006287006905737423,0,Thấp
195784,NY,Tư thục vì lợi nhuận,Associate,0.283,1.0,0.8195393513458233,1,Cao
195809,NY,Tư thục phi lợi nhuận,Bachelor,0.6846,0.0,0.002088449282966738,0,Thấp
195988,NY,Công lập,Associate,0.2222,1.0,0.9239191324477043,1,Cao
196006,NY,Công lập,Associate,0.5269,0.0,0.17575336269876435,0,Thấp
196015,NY,Công lập,Bachelor,0.4406,0.0,0.663130389551179,1,Trung bình
196024,NY,Công lập,Bachelor,0.4796,0.0,0.5069001178590815,1,Trung bình
196033,NY,Công lập,Bachelor,0.4091,0.0,0.32867618078629923,0,Thấp
196042,NY,Công lập,Bachelor,0.5706,0.0,0.3994603419758079,0,Thấp
196051,NY,Công lập,Associate,0.319,1.0,0.6231535419143128,1,Trung bình
196060,NY,Công lập,Bachelor,0.6389,0.0,0.0762187143527267,0,Thấp
196079,NY,Công lập,Bachelor,0.8365,0.0,0.04179159135679115,0,Thấp
196088,NY,Công lập,Bachelor,0.7341,0.0,0.04123009366516246,0,Thấp
196097,NY,Công lập,Bachelor,0.7785,0.0,0.03462318003736779,0,Thấp
196103,NY,Công lập,Bachelor,0.6994,0.0,0.08476083396417512,0,Thấp
196112,NY,Công lập,Bachelor,0.5918,0.0,0.5128655033958666,1,Trung bình
196121,NY,Công lập,Bachelor,0.5664,0.0,0.3052631269683589,0,Thấp
196130,NY,Công lập,Bachelor,0.3604,1.0,0.7871058947699903,1,Cao
196149,NY,Công lập,Bachelor,0.6825,0.0,0.14295571551669237,0,Thấp
196158,NY,Công lập,Bachelor,0.5348,0.0,0.2212017947412969,0,Thấp
196167,NY,Công lập,Bachelor,0.7209,0.0,0.12026810372374182,0,Thấp
196176,NY,Công lập,Bachelor,0.6888,0.0,0.19000119971744234,0,Thấp
196185,NY,Công lập,Bachelor,0.7024,0.0,0.18131426337912657,0,Thấp
196194,NY,Công lập,Bachelor,0.6037,0.0,0.34078108037965354,0,Thấp
196200,NY,Công lập,Bachelor,0.4788,0.0,0.18676982272571838,0,Thấp
196219,NY,Công lập,Bachelor,0.6156,0.0,0.26651705190716163,0,Thấp
196237,NY,Công lập,Bachelor,0.4659,0.0,0.5250185921160606,1,Trung bình
196246,NY,Công lập,Bachelor,0.5884,0.0,0.34325536511392624,0,Thấp
196264,NY,Công lập,Bachelor,0.2932,1.0,0.957774833336046,1,Cao
196291,NY,Công lập,Bachelor,0.7485,0.0,0.13994306627790115,0,Thấp
196389,NY,Tư thục vì lợi nhuận,Associate,0.7692,0.0,0.5037455347308912,1,Trung bình
196413,NY,Tư thục phi lợi nhuận,Bachelor,0.8135,0.0,0.013972029237813592,0,Thấp
196431,NY,Tư thục phi lợi nhuận,Bachelor,0.1395,1.0,0.9404581624465334,1,Cao
196440,NY,Tư thục phi lợi nhuận,Bachelor,0.1667,1.0,0.021519490138780628,0,Thấp
196565,NY,Công lập,Associate,0.2738,1.0,0.9051826817252011,1,Cao
196583,NY,Tư thục phi lợi nhuận,Bachelor,0.0952,1.0,0.47349797875569655,0,Trung bình
196592,NY,Tư thục phi lợi nhuận,Bachelor,0.6496,0.0,0.22619156155156153,0,Thấp
196653,NY,Tư thục phi lợi nhuận,Associate,0.1919,1.0,0.5794213870261803,1,Trung bình
196699,NY,Công lập,Associate,0.3084,1.0,0.8525522120223347,1,Cao
196866,NY,Tư thục phi lợi nhuận,Bachelor,0.8526,0.0,0.018941615965937065,0,Thấp
197018,NY,Tư thục phi lợi nhuận,Bachelor,0.5694,0.0,0.2626862002320207,0,Thấp
197027,NY,Công lập,Bachelor,0.8061,0.0,0.5275429151799559,1,Trung bình
197036,NY,Công lập,Bachelor,0.8541,0.0,0.13813811002152154,0,Thấp
197045,NY,Tư thục phi lợi nhuận,Bachelor,0.5547,0.0,0.22175782089486942,0,Thấp
197133,NY,Tư thục phi lợi nhuận,Bachelor,0.8914,0.0,0.022418259553386687,0,Thấp
197142,NY,Tư thục phi lợi nhuận,Bachelor,0.3101,1.0,0.6368596138771991,1,Trung bình
197151,NY,Tư thục vì lợi nhuận,Bachelor,0.7493,0.0,0.04304184662819594,0,Thấp
197197,NY,Tư thục phi lợi nhuận,Bachelor,0.6814,0.0,0.004655862782598389,0,Thấp
197221,NY,Tư thục phi lợi nhuận,Bachelor,0.8077,0.0,0.03304245995183878,0,Thấp
197230,NY,Tư thục phi lợi nhuận,Bachelor,0.4088,0.0,0.24404109742224994,0,Thấp
197285,NY,Tư thục vì lợi nhuận,Associate,0.3205,1.0,0.7917607634110252,1,Cao
197294,NY,Công lập,Associate,0.2333,1.0,0.9061123607381835,1,Cao
197337,NY,Tư thục vì lợi nhuận,Chứng chỉ,0.8333,0.0,0.18601383156728574,0,Thấp
197531,NY,Tư thục phi lợi nhuận,Chứng chỉ,0.8657,0.0,0.03491366665856541,0,Thấp
197601,NY,Tư thục phi lợi nhuận,Bachelor,0.3333,1.0,0.323153824046548,0,Thấp
197647,NY,Tư thục phi lợi nhuận,Bachelor,0.1818,1.0,0.21924583252066362,0,Thấp
197674,NY,Tư thục phi lợi nhuận,Bachelor,0.1818,1.0,0.2866674079114834,0,Thấp
197692,NY,Tư thục phi lợi nhuận,Bachelor,0.5455,0.0,0.29738737130211096,0,Thấp
197708,NY,Tư thục phi lợi nhuận,Bachelor,0.8367,0.0,0.006913861615986106,0,Thấp
197735,NY,Tư thục phi lợi nhuận,Bachelor,0.6949,0.0,0.6655605597262321,1,Trung bình
197744,NY,Tư thục phi lợi nhuận,Associate,0.5,0.0,0.37835393212640855,0,Thấp
197814,NC,Công lập,Associate,0.3898,1.0,0.9231081699660372,1,Cao
197850,NC,Công lập,Associate,0.3519,1.0,0.9705617882747887,1,Cao
197869,NC,Công lập,Bachelor,0.7311,0.0,0.12756183723263095,0,Thấp
197887,NC,Công lập,Chứng chỉ,0.3211,1.0,0.9406704438982166,1,Cao
197911,NC,Tư thục phi lợi nhuận,Bachelor,0.5152,0.0,0.1387367100040736,0,Thấp
197966,NC,Công lập,Associate,0.3625,1.0,0.8604280959980359,1,Cao
197984,NC,Tư thục phi lợi nhuận,Bachelor,0.4637,0.0,0.27759001244271797,0,Thấp
197993,NC,Tư thục phi lợi nhuận,Bachelor,0.2063,1.0,0.25885050025835044,0,Thấp
198011,NC,Công lập,Associate,0.3095,1.0,0.9741157547418777,1,Cao
198039,NC,Công lập,Chứng chỉ,0.3767,1.0,0.7401384648475541,1,Cao
198066,NC,Tư thục phi lợi nhuận,Bachelor,0.3902,1.0,0.2778397149175554,0,Thấp
198084,NC,Công lập,Associate,0.4632,0.0,0.9707171837192456,1,Cao
198109,NC,Tư thục phi lợi nhuận,Associate,0.4545,0.0,0.30619498509914767,0,Thấp
198118,NC,Công lập,Associate,0.3978,1.0,0.9516993407948451,1,Cao
198136,NC,Tư thục phi lợi nhuận,Bachelor,0.5586,0.0,0.015126991794833547,0,Thấp
198154,NC,Công lập,Associate,0.3354,1.0,0.9636450391300132,1,Cao
198206,NC,Công lập,Chứng chỉ,0.4153,0.0,0.6959621180611425,1,Trung bình
198215,NC,Tư thục phi lợi nhuận,Bachelor,0.5211,0.0,0.04710016950379605,0,Thấp
198233,NC,Công lập,Associate,0.3562,1.0,0.9560133879775636,1,Cao
198251,NC,Công lập,Chứng chỉ,0.4133,0.0,0.8036535263045901,1,Cao
198260,NC,Công lập,Associate,0.2636,1.0,0.9560106054314537,1,Cao
198303,NC,Tư thục phi lợi nhuận,Bachelor,0.2852,1.0,0.7522328891778628,1,Cao
198321,NC,Công lập,Associate,0.1058,1.0,0.9935419572352466,1,Cao
198330,NC,Công lập,Associate,0.4203,0.0,0.9487182281997688,1,Cao
198367,NC,Công lập,Associate,0.4576,0.0,0.983136470441145,1,Cao
198376,NC,Công lập,Chứng chỉ,0.4211,0.0,0.9002263533039137,1,Cao
198385,NC,Tư thục phi lợi nhuận,Bachelor,0.9189,0.0,0.01958336724788143,0,Thấp
198419,NC,Tư thục phi lợi nhuận,Bachelor,0.9583,0.0,0.04332854469469248,0,Thấp
198455,NC,Công lập,Associate,0.3622,1.0,0.9842019652783611,1,Cao
198464,NC,Công lập,Bachelor,0.6214,0.0,0.1443232603123911,0,Thấp
198491,NC,Công lập,Chứng chỉ,0.5758,0.0,0.6386879719791362,1,Trung bình
198507,NC,Công lập,Bachelor,0.4809,0.0,0.7224460875673027,1,Cao
198516,NC,Tư thục phi lợi nhuận,Bachelor,0.8296,0.0,0.0031852008323076464,0,Thấp
198534,NC,Công lập,Associate,0.2143,1.0,0.9779584931635968,1,Cao
198543,NC,Công lập,Bachelor,0.352,1.0,0.6497715929956335,1,Trung bình
198552,NC,Công lập,Associate,0.2767,1.0,0.9432158829262788,1,Cao
198561,NC,Tư thục phi lợi nhuận,Bachelor,0.6168,0.0,0.17629019141572477,0,Thấp
198570,NC,Công lập,Chứng chỉ,0.507,0.0,0.8235183194138807,1,Cao
198598,NC,Tư thục phi lợi nhuận,Bachelor,0.4081,0.0,0.6517812085403055,1,Trung bình
198613,NC,Tư thục phi lợi nhuận,Bachelor,0.4766,0.0,0.026321502697946066,0,Thấp
198622,NC,Công lập,Associate,0.3124,1.0,0.9755010699914243,1,Cao
198640,NC,Công lập,Associate,0.4138,0.0,0.9407774187168072,1,Cao
198668,NC,Công lập,Chứng chỉ,0.4413,0.0,0.9420266958851817,1,Cao
198677,NC,Tư thục phi lợi nhuận,Bachelor,0.4,0.0,0.9467108382274814,1,Cao
198695,NC,Tư thục phi lợi nhuận,Bachelor,0.7,0.0,0.006443996029757018,0,Thấp
198710,NC,Công lập,Chứng chỉ,0.4874,0.0,0.8863396357565007,1,Cao
198729,NC,Công lập,Chứng chỉ,0.3889,1.0,0.9336787388920066,1,Cao
198756,NC,Tư thục phi lợi nhuận,Bachelor,0.3414,1.0,0.6160983669693423,1,Trung bình
198774,NC,Công lập,Associate,0.2876,1.0,0.9742905305445225,1,Cao
198808,NC,Tư thục phi lợi nhuận,Bachelor,0.4423,0.0,0.3702870924035164,0,Thấp
198817,NC,Công lập,Associate,0.2772,1.0,0.9816323403367799,1,Cao
198835,NC,Tư thục phi lợi nhuận,Bachelor,0.5105,0.0,0.19665778511271803,0,Thấp
198844,NC,Tư thục vì lợi nhuận,Chứng chỉ,0.5594,0.0,0.07159888089281356,0,Thấp
198862,NC,Tư thục phi lợi nhuận,Bachelor,0.2712,1.0,0.20019545346707382,0,Thấp
198871,NC,Tư thục phi lợi nhuận,Associate,0.3944,1.0,0.7496698473618528,1,Cao
198899,NC,Tư thục phi lợi nhuận,Bachelor,0.4193,0.0,0.1517716566279728,0,Thấp
198905,NC,Công lập,Chứng chỉ,0.375,1.0,0.9075378939609322,1,Cao
198914,NC,Công lập,Chứng chỉ,0.4857,0.0,0.909770648686021,1,Cao
198923,NC,Công lập,Chứng chỉ,0.5714,0.0,0.825055758706297,1,Cao
198950,NC,Tư thục phi lợi nhuận,Bachelor,0.6497,0.0,0.0046990736774642486,0,Thấp
198969,NC,Tư thục phi lợi nhuận,Bachelor,0.4015,0.0,0.04902800804226949,0,Thấp
198978,NC,Tư thục vì lợi nhuận,Associate,0.1876,1.0,0.753133300137027,1,Cao
198987,NC,Công lập,Chứng chỉ,0.1643,1.0,0.8599710413214862,1,Cao
199005,NC,Tư thục vì lợi nhuận,Chứng chỉ,0.8696,0.0,0.04653322141352665,0,Thấp
199023,NC,Công lập,Chứng chỉ,0.5385,0.0,0.8616441783742451,1,Cao
199032,NC,Tư thục phi lợi nhuận,Bachelor,0.4057,0.0,0.29950696610784294,0,Thấp
199069,NC,Tư thục phi lợi nhuận,Bachelor,0.4746,0.0,0.3393358866586597,0,Thấp
199078,NC,Tư thục vì lợi nhuận,Chứng chỉ,0.3333,1.0,0.042114978682707215,0,Thấp
199087,NC,Công lập,Associate,0.5248,0.0,0.9397374210473783,1,Cao
199102,NC,Công lập,Bachelor,0.5527,0.0,0.24981123769528144,0,Thấp
199111,NC,Công lập,Bachelor,0.5495,0.0,0.3302256784773564,0,Thấp
199120,NC,Công lập,Bachelor,0.9207,0.0,0.07326961999776219,0,Thấp
199139,NC,Công lập,Bachelor,0.6771,0.0,0.08654485597172597,0,Thấp
199148,NC,Công lập,Bachelor,0.579,0.0,0.28749147533642877,0,Thấp
199157,NC,Công lập,Bachelor,0.4597,0.0,0.4002780710881442,0,Trung bình
199184,NC,Công lập,Bachelor,0.7919,0.0,0.07078119799460592,0,Thấp
199193,NC,Công lập,Bachelor,0.8464,0.0,0.05554114149537382,0,Thấp
199209,NC,Tư thục phi lợi nhuận,Bachelor,0.4043,0.0,0.25913370294788995,0,Thấp
199218,NC,Công lập,Bachelor,0.7073,0.0,0.15274264999565718,0,Thấp
199263,NC,Công lập,Chứng chỉ,0.4706,0.0,0.8030618635679859,1,Cao
199272,NC,Tư thục phi lợi nhuận,Bachelor,0.4433,0.0,0.33385010046191255,0,Thấp
199281,NC,Công lập,Bachelor,0.4452,0.0,0.827712500352969,1,Cao
199306,NC,Tư thục phi lợi nhuận,Bachelor,0.426,0.0,0.26949620504264243,0,Thấp
199324,NC,Công lập,Associate,0.4167,0.0,0.9426866461147131,1,Cao
199333,NC,Công lập,Associate,0.2842,1.0,0.9811223490526272,1,Cao
199412,NC,Tư thục phi lợi nhuận,Bachelor,0.6588,0.0,0.006523669093015728,0,Thấp
199421,NC,Công lập,Chứng chỉ,0.5357,0.0,0.5150684709099294,1,Trung bình
199449,NC,Công lập,Chứng chỉ,0.4091,0.0,0.44099053984815223,0,Trung bình
199458,NC,Tư thục phi lợi nhuận,Bachelor,0.4259,0.0,0.7946927682452353,1,Cao
199467,NC,Công lập,Associate,0.2143,1.0,0.9611076900343244,1,Cao
199476,NC,Công lập,Associate,0.2993,1.0,0.9939573147554327,1,Cao
199485,NC,Công lập,Associate,0.2831,1.0,0.9846363157769016,1,Cao
199494,NC,Công lập,Associate,0.3004,1.0,0.9850222990077477,1,Cao
199582,NC,Tư thục phi lợi nhuận,Bachelor,0.3323,1.0,0.7217711835673462,1,Cao
199607,NC,Tư thục phi lợi nhuận,Bachelor,0.5625,0.0,0.3128196998044114,0,Thấp
199625,NC,Công lập,Associate,0.5248,0.0,0.9802485473882573,1,Cao
199634,NC,Công lập,Associate,0.4789,0.0,0.9452622143704147,1,Cao
199643,NC,Tư thục phi lợi nhuận,Bachelor,0.2025,1.0,0.7117341672704288,1,Cao
199689,NC,Tư thục vì lợi nhuận,Chứng chỉ,0.6429,0.0,0.11643867010240458,0,Thấp
199698,NC,Tư thục phi lợi nhuận,Bachelor,0.2713,1.0,0.5449123538863352,1,Trung bình
199722,NC,Công lập,Associate,0.5102,0.0,0.9832711508690142,1,Cao
199731,NC,Công lập,Chứng chỉ,0.5362,0.0,0.6038939003464434,1,Trung bình
199740,NC,Công lập,Chứng chỉ,0.7174,0.0,0.7894963489898853,1,Cao
199759,NC,Tư thục phi lợi nhuận,Bachelor,0.4643,0.0,0.34129771368928097,0,Thấp
199768,NC,Công lập,Chứng chỉ,0.0767,1.0,0.5598892643447507,1,Trung bình
199786,NC,Công lập,Associate,0.2952,1.0,0.9599817786441788,1,Cao
199795,NC,Công lập,Associate,0.5362,0.0,0.973798681146536,1,Cao
199838,NC,Công lập,Associate,0.4724,0.0,0.9387774559282116,1,Cao
199847,NC,Tư thục phi lợi nhuận,Bachelor,0.9087,0.0,0.022361669549166293,0,Thấp
199856,NC,Công lập,Associate,0.3137,1.0,0.9277940558095742,1,Cao
199865,NC,Tư thục phi lợi nhuận,Bachelor,0.4315,0.0,0.01479146676825559,0,Thấp
199892,NC,Công lập,Chứng chỉ,0.5658,0.0,0.7992328709199362,1,Cao
199908,NC,Công lập,Associate,0.3571,1.0,0.9014572341561424,1,Cao
199926,NC,Công lập,Chứng chỉ,0.5238,0.0,0.6639650019423756,1,Trung bình
199953,NC,Công lập,Associate,0.3559,1.0,0.9735616250057482,1,Cao
199962,NC,Tư thục phi lợi nhuận,Bachelor,0.4678,0.0,0.039095718778545674,0,Thấp
199971,NC,Tư thục phi lợi nhuận,Bachelor,0.0,1.0,0.8231192125193053,1,Cao
199980,NC,Tư thục vì lợi nhuận,Chứng chỉ,0.6783,0.0,0.32864550963311956,0,Thấp
199999,NC,Công lập,Bachelor,0.4855,0.0,0.46752864505951214,0,Trung bình
200004,NC,Công lập,Bachelor,0.5908,0.0,0.4808801306012209,0,Trung bình
200013,ND,Tư thục vì lợi nhuận,Associate,0.5789,0.0,0.568897935780366,1,Trung bình
200022,ND,Công lập,Associate,0.4803,0.0,0.6913329103713305,1,Trung bình
200059,ND,Công lập,Bachelor,0.4339,0.0,0.7466596415794287,1,Cao
200086,ND,Công lập,Associate,0.1707,1.0,0.8704535461118069,1,Cao
200110,ND,Tư thục vì lợi nhuận,Chứng chỉ,0.7083,0.0,0.03366880884231897,0,Thấp
200156,ND,Tư thục phi lợi nhuận,Bachelor,0.4402,0.0,0.4989964290086663,0,Trung bình
200192,ND,Công lập,Associate,0.5059,0.0,0.7508292825646974,1,Cao
200208,ND,Công lập,Associate,0.0909,1.0,0.9638852855024597,1,Cao
200217,ND,Tư thục phi lợi nhuận,Bachelor,0.6819,0.0,0.09162059675817455,0,Thấp
200226,ND,Công lập,Bachelor,0.4032,0.0,0.7018468009752474,1,Cao
200253,ND,Công lập,Bachelor,0.4776,0.0,0.4363280397128464,0,Trung bình
200280,ND,Công lập,Bachelor,0.6333,0.0,0.1010241417947455,0,Thấp
200305,ND,Công lập,Associate,0.4992,0.0,0.5609074330757786,1,Trung bình
200314,ND,Công lập,Associate,0.534,0.0,0.8767163883873899,1,Cao
200332,ND,Công lập,Bachelor,0.6372,0.0,0.148531655121717,0,Thấp
200341,ND,Công lập,Associate,0.3946,1.0,0.8948082576306046,1,Cao
200466,ND,Công lập,Associate,0.2388,1.0,0.8771543355636651,1,Cao
200484,ND,Tư thục phi lợi nhuận,Bachelor,0.3878,1.0,0.4085975543011619,0,Trung bình
200527,ND,Tư thục phi lợi nhuận,Chứng chỉ,0.5447,0.0,0.7568995797985888,1,Cao
200554,ND,Tư thục phi lợi nhuận,Associate,0.3377,1.0,0.9146745804778199,1,Cao
200572,ND,Công lập,Bachelor,0.4813,0.0,0.6876890895609575,1,Trung bình
200590,OH,Tư thục vì lợi nhuận,Chứng chỉ,0.625,0.0,0.16479832165415081,0,Thấp
200785,OH,Tư thục phi lợi nhuận,Associate,0.2121,1.0,0.9457400804053517,1,Cao
200800,OH,Công lập,Bachelor,0.4818,0.0,0.27575833589096405,0,Thấp
200846,OH,Công lập,Chứng chỉ,0.0959,1.0,0.5823180748932606,1,Trung bình
200873,OH,Tư thục phi lợi nhuận,Bachelor,0.4,0.0,0.9341323065525379,1,Cao
201034,OH,Công lập,Chứng chỉ,0.7368,0.0,0.20263714242182526,0,Thấp
201061,OH,Tư thục phi lợi nhuận,Bachelor,0.4444,0.0,0.11766029188129262,0,Thấp
201098,OH,Công lập,Chứng chỉ,0.8571,0.0,0.11640168435935475,0,Thấp
201104,OH,Tư thục phi lợi nhuận,Bachelor,0.6059,0.0,0.2906662981239649,0,Thấp
201131,OH,Công lập,Chứng chỉ,0.4857,0.0,0.35200434892947874,0,Thấp
201159,OH,Công lập,Chứng chỉ,0.7586,0.0,0.05251010473610586,0,Thấp
201177,OH,Tư thục phi lợi nhuận,Bachelor,0.5185,0.0,0.6922987329313233,1,Trung bình
201195,OH,Tư thục phi lợi nhuận,Bachelor,0.6861,0.0,0.009545091978510247,0,Thấp
201283,OH,Công lập,Associate,0.3852,1.0,0.9264274748545164,1,Cao
201371,OH,Tư thục phi lợi nhuận,Bachelor,0.4952,0.0,0.09016532086393111,0,Thấp
201432,OH,Công lập,Associate,0.1016,1.0,0.8697356321841185,1,Cao
201441,OH,Công lập,Bachelor,0.6277,0.0,0.04477600537867653,0,Thấp
201469,OH,Tư thục phi lợi nhuận,Associate,0.2069,1.0,0.9281298491901133,1,Cao
201478,OH,Công lập,Chứng chỉ,0.8263,0.0,0.14357484658217104,0,Thấp
201496,OH,Công lập,Chứng chỉ,0.8732,0.0,0.05340858107030654,0,Thấp
201539,OH,Công lập,Chứng chỉ,0.75,0.0,0.12792303939534827,0,Thấp
201548,OH,Tư thục phi lợi nhuận,Bachelor,0.6554,0.0,0.010619850874995352,0,Thấp
201645,OH,Tư thục phi lợi nhuận,Bachelor,0.8695,0.0,0.010600946479192455,0,Thấp
201654,OH,Tư thục phi lợi nhuận,Bachelor,0.7431,0.0,0.015346419849502342,0,Thấp
201672,OH,Công lập,Associate,0.2423,1.0,0.8148176978304559,1,Cao
201681,OH,Tư thục phi lợi nhuận,Chứng chỉ,0.3118,1.0,0.27248193824937256,0,Thấp
201690,OH,Công lập,Bachelor,0.2557,1.0,0.9219310567699042,1,Cao
201803,OH,Công lập,Chứng chỉ,0.7162,0.0,0.08872396618357717,0,Thấp
201821,OH,Tư thục phi lợi nhuận,Bachelor,0.6,0.0,0.5045951787298862,1,Trung bình
201885,OH,Công lập,Bachelor,0.7155,0.0,0.033893641153702775,0,Thấp
201928,OH,Công lập,Chứng chỉ,0.2043,1.0,0.6650636490698388,1,Trung bình
201946,OH,Công lập,Associate,0.246,1.0,0.751476993191047,1,Cao
201955,OH,Công lập,Associate,0.1514,1.0,0.49489348552915974,0,Trung bình
201964,OH,Tư thục phi lợi nhuận,Bachelor,0.3571,1.0,0.7223817884391479,1,Cao
201973,OH,Công lập,Chứng chỉ,0.2465,1.0,0.8893877179426896,1,Cao
202046,OH,Tư thục phi lợi nhuận,Bachelor,0.6753,0.0,0.005221351437623084,0,Thấp
202073,OH,Tư thục phi lợi nhuận,Bachelor,0.6852,0.0,0.010891616425996209,0,Thấp
202134,OH,Công lập,Bachelor,0.4891,0.0,0.28877850391693527,0,Thấp
202152,OH,Công lập,Chứng chỉ,0.7791,0.0,0.0658218780037088,0,Thấp
202170,OH,Tư thục phi lợi nhuận,Bachelor,0.6133,0.0,0.029393512366491736,0,Thấp
202222,OH,Công lập,Chứng chỉ,0.2506,1.0,0.6452623277201348,1,Trung bình
202356,OH,Công lập,Chứng chỉ,0.2865,1.0,0.8318819026188223,1,Cao
202435,OH,Tư thục vì lợi nhuận,Associate,0.0833,1.0,0.49396455016844004,0,Trung bình
202453,OH,Tư thục vì lợi nhuận,Chứng chỉ,0.6889,0.0,0.0882184363274105,0,Thấp
202480,OH,Tư thục phi lợi nhuận,Bachelor,0.8152,0.0,0.0016368582866322686,0,Thấp
202514,OH,Tư thục phi lợi nhuận,Bachelor,0.3667,1.0,0.06813984645442764,0,Thấp
202523,OH,Tư thục phi lợi nhuận,Bachelor,0.8006,0.0,0.017407894758715518,0,Thấp
202648,OH,Công lập,Chứng chỉ,0.3146,1.0,0.7016284774775936,1,Cao
202657,OH,Công lập,Chứng chỉ,0.8421,0.0,0.04463570084880349,0,Thấp
202763,OH,Tư thục phi lợi nhuận,Bachelor,0.6263,0.0,0.02037335511045956,0,Thấp
202806,OH,Tư thục phi lợi nhuận,Bachelor,0.3025,1.0,0.9225803729116445,1,Cao
202888,OH,Tư thục vì lợi nhuận,Chứng chỉ,0.8929,0.0,0.35748266881547963,0,Thấp
202903,OH,Tư thục phi lợi nhuận,Bachelor,0.5,0.0,0.48494302977419035,0,Trung bình
202912,OH,Tư thục phi lợi nhuận,Associate,0.75,0.0,0.19773022896944423,0,Thấp
202949,OH,Công lập,Chứng chỉ,0.6055,0.0,0.05719420478327767,0,Thấp
202985,OH,Công lập,Chứng chỉ,0.2667,1.0,0.482369911924218,0,Trung bình
203030,OH,Công lập,Chứng chỉ,0.9535,0.0,0.0875841692302317,0,Thấp
203085,OH,Tư thục phi lợi nhuận,Bachelor,0.4984,0.0,0.05749255722638987,0,Thấp
203128,OH,Tư thục phi lợi nhuận,Bachelor,0.5914,0.0,0.4623167281933745,0,Trung bình
203146,OH,Tư thục phi lợi nhuận,Chứng chỉ,0.8732,0.0,0.05667662285996608,0,Thấp
203155,OH,Công lập,Associate,0.2901,1.0,0.9410466555413376,1,Cao
203234,OH,Tư thục vì lợi nhuận,Chứng chỉ,0.5135,0.0,0.3832115697000899,0,Thấp
203289,OH,Tư thục vì lợi nhuận,Associate,0.8571,0.0,0.22693501352198278,0,Thấp
203331,OH,Công lập,Associate,0.2966,1.0,0.9777263298624372,1,Cao
203368,OH,Tư thục phi lợi nhuận,Bachelor,0.7649,0.0,0.0021385063810727004,0,Thấp
203386,OH,Tư thục vì lợi nhuận,Chứng chỉ,0.1939,1.0,0.28037103112649914,0,Thấp
203438,OH,Tư thục vì lợi nhuận,Chứng chỉ,0.5556,0.0,0.04026108516170757,0,Thấp
203447,OH,Công lập,Associate,0.2584,1.0,0.8803637714009634,1,Cao
203456,OH,Công lập,Associate,0.098,1.0,0.881999146963851,1,Cao
203465,OH,Công lập,Associate,0.3726,1.0,0.7882672969415638,1,Cao
203474,OH,Công lập,Associate,0.2677,1.0,0.7513834249540782,1,Cao
203483,OH,Công lập,Associate,0.371,1.0,0.8009749368598218,1,Cao
203492,OH,Công lập,Associate,0.2819,1.0,0.7694436373599922,1,Cao
203517,OH,Công lập,Bachelor,0.6545,0.0,0.06028039824700597,0,Thấp
203526,OH,Công lập,Associate,0.2593,1.0,0.9012167882382562,1,Cao
203535,OH,Tư thục phi lợi nhuận,Bachelor,0.8675,0.0,0.07879598606167292,0,Thấp
203544,OH,Tư thục phi lợi nhuận,Bachelor,0.65,0.0,0.12211236845586687,0,Thấp
203580,OH,Tư thục phi lợi nhuận,Bachelor,0.4194,0.0,0.09074072715567473,0,Thấp
203599,OH,Công lập,Associate,0.2314,1.0,0.9582252870457949,1,Cao
203614,OH,Công lập,Chứng chỉ,0.6042,0.0,0.16971419914477157,0,Thấp
203678,OH,Công lập,Chứng chỉ,0.3291,1.0,0.47214756127401053,0,Trung bình
203720,OH,Tư thục vì lợi nhuận,Chứng chỉ,0.7105,0.0,0.26108533076176293,0,Thấp
203739,OH,Tư thục vì lợi nhuận,Chứng chỉ,0.5,0.0,0.5497430392521352,1,Trung bình
203748,OH,Công lập,Associate,0.3272,1.0,0.8620754793709372,1,Cao
203757,OH,Tư thục phi lợi nhuận,Bachelor,0.381,1.0,0.4725267598880752,0,Trung bình
203775,OH,Tư thục phi lợi nhuận,Bachelor,0.5134,0.0,0.06563294667427856,0,Thấp
203845,OH,Tư thục phi lợi nhuận,Bachelor,0.5809,0.0,0.021622311622445874,0,Thấp
203881,OH,Công lập,Associate,0.2233,1.0,0.7504142922249871,1,Cao
203942,OH,Công lập,Chứng chỉ,0.8333,0.0,0.11490600404339883,0,Thấp
203960,OH,Tư thục phi lợi nhuận,Bachelor,0.4464,0.0,0.1919708918233347,0,Thấp
204006,OH,Công lập,Bachelor,0.2159,1.0,0.8803959277639347,1,Cao
204015,OH,Công lập,Bachelor,0.2454,1.0,0.845722684865846,1,Cao
204024,OH,Công lập,Bachelor,0.8184,0.0,0.07395267865360962,0,Thấp
204121,OH,Tư thục vì lợi nhuận,Chứng chỉ,0.9583,0.0,0.16175628410863463,0,Thấp
204158,OH,Công lập,Chứng chỉ,0.8732,0.0,0.0434724747434115,0,Thấp
204176,OH,Tư thục phi lợi nhuận,Bachelor,0.7089,0.0,0.11529757627009984,0,Thấp
204185,OH,Tư thục phi lợi nhuận,Bachelor,0.6487,0.0,0.09412562698012623,0,Thấp
204194,OH,Tư thục phi lợi nhuận,Bachelor,0.6364,0.0,0.021533824094878792,0,Thấp
204200,OH,Tư thục phi lợi nhuận,Bachelor,0.5471,0.0,0.025009245842373965,0,Thấp
204255,OH,Công lập,Associate,0.5297,0.0,0.7704034777527992,1,Cao
204264,OH,Tư thục phi lợi nhuận,Bachelor,0.5273,0.0,0.2972723405330832,0,Thấp
204422,OH,Công lập,Associate,0.3418,1.0,0.687391206086828,1,Trung bình
204431,OH,Tư thục vì lợi nhuận,Chứng chỉ,0.5,0.0,0.3742700726414243,0,Thấp
204440,OH,Công lập,Associate,0.4673,0.0,0.8581960708562962,1,Cao
204459,OH,Công lập,Chứng chỉ,0.6071,0.0,0.06391599069383909,0,Thấp
204468,OH,Tư thục phi lợi nhuận,Bachelor,0.3663,1.0,0.21014483158757893,0,Thấp
204486,OH,Tư thục phi lợi nhuận,Associate,0.5415,0.0,0.5679361570118368,1,Trung bình
204501,OH,Tư thục phi lợi nhuận,Bachelor,0.7948,0.0,0.018029611468018535,0,Thấp
204608,OH,Tư thục vì lợi nhuận,Chứng chỉ,0.7131,0.0,0.020328036754184674,0,Thấp
204617,OH,Tư thục phi lợi nhuận,Bachelor,0.479,0.0,0.19272589365448278,0,Thấp
204635,OH,Tư thục phi lợi nhuận,Bachelor,0.7418,0.0,0.004542369144246496,0,Thấp
204662,OH,Công lập,Associate,0.412,0.0,0.4708981864648936,0,Trung bình
204671,OH,Công lập,Bachelor,0.181,1.0,0.7905655182268273,1,Cao
204680,OH,Công lập,Associate,0.1406,1.0,0.7450375703096401,1,Cao
204699,OH,Công lập,Associate,0.2566,1.0,0.6857641282626336,1,Trung bình
204705,OH,Công lập,Associate,0.3088,1.0,0.6818987451476222,1,Trung bình
204714,OH,Tư thục vì lợi nhuận,Chứng chỉ,0.6,0.0,0.18728252510164856,0,Thấp
204723,OH,Tư thục vì lợi nhuận,Chứng chỉ,0.6917,0.0,0.03787319909559401,0,Thấp
204769,OH,Tư thục vì lợi nhuận,Chứng chỉ,0.678,0.0,0.03355285473227201,0,Thấp
204778,OH,Tư thục vì lợi nhuận,Chứng chỉ,0.5667,0.0,0.04482497272657236,0,Thấp
204796,OH,Công lập,Bachelor,0.8773,0.0,0.02402562206612271,0,Thấp
204802,OH,Công lập,Bachelor,0.2,1.0,0.7823686307833965,1,Cao
204820,OH,Công lập,Associate,0.1213,1.0,0.8411755322465696,1,Cao
204839,OH,Công lập,Associate,0.1929,1.0,0.8367850590344058,1,Cao
204848,OH,Công lập,Bachelor,0.1371,1.0,0.8312676048486768,1,Cao
204857,OH,Công lập,Bachelor,0.6644,0.0,0.04331716860335018,0,Thấp
204866,OH,Công lập,Bachelor,0.177,1.0,0.7661304546174812,1,Cao
204884,OH,Tư thục vì lợi nhuận,Associate,0.6667,0.0,0.29990689325980374,0,Thấp
204893,OH,Tư thục phi lợi nhuận,Chứng chỉ,0.25,1.0,0.4891455927804346,0,Trung bình
204909,OH,Tư thục phi lợi nhuận,Bachelor,0.6174,0.0,0.002122431626791381,0,Thấp
204936,OH,Tư thục phi lợi nhuận,Bachelor,0.6895,0.0,0.0312686965745583,0,Thấp
204945,OH,Công lập,Associate,0.316,1.0,0.9457705882571541,1,Cao
204963,OH,Tư thục vì lợi nhuận,Chứng chỉ,0.8485,0.0,0.04195030694568093,0,Thấp
204981,OH,Công lập,Chứng chỉ,0.4615,0.0,0.037252940303621786,0,Thấp
205027,OH,Tư thục phi lợi nhuận,Bachelor,0.2727,1.0,0.5912411188380065,1,Trung bình
205054,OH,Tư thục vì lợi nhuận,Associate,0.6739,0.0,0.9407375556166214,1,Cao
205124,OH,Tư thục phi lợi nhuận,Bachelor,0.5333,0.0,0.2093938340021549,0,Thấp
205142,OH,Tư thục vì lợi nhuận,Chứng chỉ,0.5,0.0,0.06282757521614338,0,Thấp
205179,OH,Tư thục vì lợi nhuận,Chứng chỉ,0.419,0.0,0.6184370884735118,1,Trung bình
205203,OH,Tư thục phi lợi nhuận,Associate,0.3216,1.0,0.5756250395738199,1,Trung bình
205391,OH,Tư thục vì lợi nhuận,Associate,0.6195,0.0,0.20543867326492635,0,Thấp
205443,OH,Công lập,Bachelor,0.4298,0.0,0.5016311189344606,1,Trung bình
205470,OH,Công lập,Chứng chỉ,0.3186,1.0,0.6582877311865313,1,Trung bình
205841,OH,Công lập,Associate,0.2266,1.0,0.970655492522781,1,Cao
205887,OH,Tư thục vì lợi nhuận,Chứng chỉ,0.5556,0.0,0.3504430403908611,0,Thấp
205957,OH,Tư thục phi lợi nhuận,Bachelor,0.7709,0.0,0.04702674881325403,0,Thấp
205966,OH,Công lập,Associate,0.2619,1.0,0.9019513179396722,1,Cao
206011,OH,Công lập,Chứng chỉ,0.3614,1.0,0.5563122206449361,1,Trung bình
206039,OH,Tư thục vì lợi nhuận,Chứng chỉ,0.6111,0.0,0.07501765422978815,0,Thấp
206048,OH,Tư thục phi lợi nhuận,Bachelor,0.4295,0.0,0.39969320716906626,0,Thấp
206084,OH,Công lập,Bachelor,0.5563,0.0,0.10169556133102815,0,Thấp
206172,OH,Công lập,Chứng chỉ,0.9583,0.0,0.5274743927621535,1,Trung bình
206181,OH,Công lập,Chứng chỉ,0.7143,0.0,0.11412104964538669,0,Thấp
206321,OH,Công lập,Chứng chỉ,0.5,0.0,0.06575536151139355,0,Thấp
206349,OH,Tư thục phi lợi nhuận,Bachelor,0.5325,0.0,0.07268094549993362,0,Thấp
206437,OH,Tư thục phi lợi nhuận,Bachelor,0.6169,0.0,0.08664153117268114,0,Thấp
206446,OH,Công lập,Associate,0.3211,1.0,0.9126470619474681,1,Cao
206491,OH,Tư thục phi lợi nhuận,Bachelor,0.1597,1.0,0.4333683926985348,0,Trung bình
206507,OH,Tư thục phi lợi nhuận,Bachelor,0.5508,0.0,0.1865658389443489,0,Thấp
206525,OH,Tư thục phi lợi nhuận,Bachelor,0.5382,0.0,0.003881080524281303,0,Thấp
206589,OH,Tư thục phi lợi nhuận,Bachelor,0.7356,0.0,0.010618793485377611,0,Thấp
206604,OH,Công lập,Bachelor,0.4586,0.0,0.45557744858066634,0,Trung bình
206613,OH,Công lập,Bachelor,0.4247,0.0,0.645462533483824,1,Trung bình
206622,OH,Tư thục phi lợi nhuận,Bachelor,0.705,0.0,0.0019315729140731049,0,Thấp
206695,OH,Công lập,Bachelor,0.5291,0.0,0.2694341992307767,0,Thấp
206817,OK,Tư thục phi lợi nhuận,Bachelor,0.0239,1.0,0.931087245294765,1,Cao
206835,OK,Tư thục phi lợi nhuận,Bachelor,0.2843,1.0,0.582798794204953,1,Trung bình
206862,OK,Tư thục phi lợi nhuận,Bachelor,0.4879,0.0,0.13886276728772198,0,Thấp
206905,OK,Công lập,Chứng chỉ,0.8182,0.0,0.0990006795564582,0,Thấp
206914,OK,Công lập,Bachelor,0.2154,1.0,0.8132693623806668,1,Cao
206923,OK,Công lập,Associate,0.4119,0.0,0.9615629964433476,1,Cao
206932,OK,Tư thục vì lợi nhuận,Chứng chỉ,0.75,0.0,0.2613005425375961,0,Thấp
206941,OK,Công lập,Bachelor,0.375,1.0,0.7302045315166554,1,Cao
206996,OK,Công lập,Associate,0.2881,1.0,0.9388508004665941,1,Cao
207041,OK,Công lập,Bachelor,0.3274,1.0,0.8575097524642129,1,Cao
207050,OK,Công lập,Associate,0.3036,1.0,0.9595362631345934,1,Cao
207069,OK,Công lập,Associate,0.342,1.0,0.9417951824512922,1,Cao
207087,OK,Tư thục vì lợi nhuận,Chứng chỉ,0.0,1.0,0.4038478804960452,0,Trung bình
207102,OK,Tư thục vì lợi nhuận,Chứng chỉ,0.52,0.0,0.4292655396628989,0,Trung bình
207157,OK,Tư thục phi lợi nhuận,Bachelor,0.2055,1.0,0.7423931241074339,1,Cao
207209,OK,Công lập,Bachelor,0.175,1.0,0.8173774065515848,1,Cao
207236,OK,Công lập,Associate,0.3047,1.0,0.8478530881482568,1,Cao
207254,OK,Tư thục vì lợi nhuận,Associate,0.6047,0.0,0.1629871200336043,0,Thấp
207263,OK,Công lập,Bachelor,0.372,1.0,0.7468213025829321,1,Cao
207281,OK,Công lập,Associate,0.4091,0.0,0.8673537157628194,1,Cao
207290,OK,Công lập,Associate,0.3132,1.0,0.9472614259864613,1,Cao
207306,OK,Công lập,Bachelor,0.3542,1.0,0.7759022620029631,1,Cao
207324,OK,Tư thục phi lợi nhuận,Bachelor,0.5517,0.0,0.3275267005275531,0,Thấp
207351,OK,Công lập,Bachelor,0.2613,1.0,0.8281967391848987,1,Cao
207388,OK,Công lập,Bachelor,0.6589,0.0,0.06772534697567668,0,Thấp
207397,OK,Công lập,Associate,0.1321,1.0,0.9045941191278596,1,Cao
207403,OK,Tư thục phi lợi nhuận,Bachelor,0.4973,0.0,0.08812804495017218,0,Thấp
207449,OK,Công lập,Associate,0.2125,1.0,0.9706744899990375,1,Cao
207458,OK,Tư thục phi lợi nhuận,Bachelor,0.6419,0.0,0.028048522586962683,0,Thấp
207500,OK,Công lập,Bachelor,0.753,0.0,0.07245953069974533,0,Thấp
207564,OK,Công lập,Associate,0.4215,0.0,0.6124241858358681,1,Trung bình
207582,OK,Tư thục phi lợi nhuận,Bachelor,0.539,0.0,0.047062355161068437,0,Thấp
207661,OK,Công lập,Bachelor,0.2541,1.0,0.7756608668936584,1,Cao
207670,OK,Công lập,Associate,0.2076,1.0,0.9414804389441204,1,Cao
207704,OK,Tư thục vì lợi nhuận,Chứng chỉ,0.85,0.0,0.044992695760744,0,Thấp
207722,OK,Công lập,Bachelor,0.3626,1.0,0.47894134949512523,0,Trung bình
207740,OK,Công lập,Associate,0.2895,1.0,0.8444438588878347,1,Cao
207786,OK,Tư thục vì lợi nhuận,Chứng chỉ,0.8,0.0,0.07505811244594672,0,Thấp
207847,OK,Công lập,Bachelor,0.3333,1.0,0.7886715910983391,1,Cao
207856,OK,Tư thục phi lợi nhuận,Bachelor,0.1271,1.0,0.7649104503207622,1,Cao
207865,OK,Công lập,Bachelor,0.3471,1.0,0.6174839489056811,1,Trung bình
207935,OK,Công lập,Associate,0.2681,1.0,0.9408173707440742,1,Cao
207962,OK,Tư thục vì lợi nhuận,Chứng chỉ,0.6708,0.0,0.3853120728281646,0,Thấp
207971,OK,Tư thục phi lợi nhuận,Bachelor,0.7331,0.0,0.001027419578454365,0,Thấp
208035,OK,Công lập,Associate,0.3383,1.0,0.9299361218040888,1,Cao
208044,OK,Tư thục vì lợi nhuận,Chứng chỉ,0.6042,0.0,0.2742039443302169,0,Thấp
208053,OK,Công lập,Chứng chỉ,0.5,0.0,0.28224306275144984,0,Thấp
208275,OR,Công lập,Associate,0.2278,1.0,0.9420492998637953,1,Cao
208318,OR,Công lập,Associate,0.2455,1.0,0.9288722746528313,1,Cao
208390,OR,Công lập,Associate,0.2215,1.0,0.7598903224509665,1,Cao
208406,OR,Công lập,Associate,0.2224,1.0,0.8846756444975385,1,Cao
208415,OR,Công lập,Associate,0.2373,1.0,0.9658907731122051,1,Cao
208433,OR,Tư thục vì lợi nhuận,Chứng chỉ,0.6316,0.0,0.043827812941576144,0,Thấp
208479,OR,Tư thục vì lợi nhuận,Chứng chỉ,0.697,0.0,0.03615656526937141,0,Thấp
208512,OR,Tư thục vì lợi nhuận,Chứng chỉ,0.7895,0.0,0.2074533375090859,0,Thấp
208646,OR,Công lập,Bachelor,0.3662,1.0,0.556740839005376,1,Trung bình
208725,OR,Tư thục phi lợi nhuận,Bachelor,0.25,1.0,0.8472541248860779,1,Cao
208822,OR,Tư thục phi lợi nhuận,Bachelor,0.6868,0.0,0.009995562527744004,0,Thấp
208859,OR,Tư thục vì lợi nhuận,Chứng chỉ,0.8,0.0,0.055977924272011675,0,Thấp
209038,OR,Công lập,Associate,0.2191,1.0,0.8737387277778829,1,Cao
209056,OR,Tư thục phi lợi nhuận,Bachelor,0.7124,0.0,0.021763827965593598,0,Thấp
209065,OR,Tư thục phi lợi nhuận,Bachelor,0.6515,0.0,0.005902478804112241,0,Thấp
209074,OR,Công lập,Associate,0.2492,1.0,0.8248206144082284,1,Cao
209083,OR,Tư thục vì lợi nhuận,Chứng chỉ,0.5,0.0,0.04424552531493555,0,Thấp
209153,OR,Tư thục vì lợi nhuận,Chứng chỉ,0.6818,0.0,0.05729665686863213,0,Thấp
209205,OR,Tư thục vì lợi nhuận,Chứng chỉ,0.4773,0.0,0.04428312197409506,0,Thấp
209241,OR,Tư thục phi lợi nhuận,Bachelor,0.3333,1.0,0.32205553553506727,0,Thấp
209250,OR,Công lập,Associate,0.2605,1.0,0.79735500044229,1,Cao
209287,OR,Tư thục phi lợi nhuận,Bachelor,0.5082,0.0,0.7320073179678096,1,Cao
209409,OR,Tư thục phi lợi nhuận,Bachelor,0.6176,0.0,0.12527669158591911,0,Thấp
209506,OR,Công lập,Bachelor,0.5908,0.0,0.3642313322710433,0,Thấp
209542,OR,Công lập,Bachelor,0.7063,0.0,0.03927898611828397,0,Thấp
209551,OR,Công lập,Bachelor,0.7148,0.0,0.02683269212381503,0,Thấp
209603,OR,Tư thục phi lợi nhuận,Bachelor,0.4568,0.0,0.06933910505875598,0,Thấp
209612,OR,Tư thục phi lợi nhuận,Bachelor,0.6478,0.0,0.006860984643187806,0,Thấp
209667,OR,Tư thục vì lợi nhuận,Chứng chỉ,0.7885,0.0,0.03710799585517348,0,Thấp
209676,OR,Tư thục vì lợi nhuận,Chứng chỉ,0.8295,0.0,0.09534174098781766,0,Thấp
209694,OR,Tư thục vì lợi nhuận,Chứng chỉ,0.6379,0.0,0.05328560081012757,0,Thấp
209700,OR,Tư thục vì lợi nhuận,Chứng chỉ,0.8,0.0,0.09064200152521065,0,Thấp
209719,OR,Tư thục vì lợi nhuận,Chứng chỉ,0.5584,0.0,0.04574413309599086,0,Thấp
209746,OR,Công lập,Associate,0.1766,1.0,0.9314881887338566,1,Cao
209807,OR,Công lập,Bachelor,0.5313,0.0,0.23981745457694684,0,Thấp
209825,OR,Tư thục phi lợi nhuận,Bachelor,0.8042,0.0,0.005072002238147994,0,Thấp
209922,OR,Tư thục phi lợi nhuận,Bachelor,0.7592,0.0,0.024358354300644654,0,Thấp
209940,OR,Công lập,Associate,0.1232,1.0,0.976243912499631,1,Cao
210146,OR,Công lập,Bachelor,0.4418,0.0,0.4012119966916634,0,Trung bình
210155,OR,Công lập,Associate,0.3808,1.0,0.9288897255124502,1,Cao
210234,OR,Công lập,Chứng chỉ,0.2698,1.0,0.7162339933038967,1,Cao
210270,OR,Công lập,Associate,0.3184,1.0,0.9075583828722651,1,Cao
210304,OR,Tư thục phi lợi nhuận,Bachelor,0.8209,0.0,0.2978052339362163,0,Thấp
210331,OR,Tư thục phi lợi nhuận,Bachelor,0.6103,0.0,0.01925019808303076,0,Thấp
210401,OR,Tư thục phi lợi nhuận,Bachelor,0.7273,0.0,0.0011201039368761096,0,Thấp
210429,OR,Công lập,Bachelor,0.4483,0.0,0.16642978793417632,0,Thấp
210492,PA,Tư thục phi lợi nhuận,Bachelor,0.4632,0.0,0.2984421806828142,0,Thấp
210571,PA,Tư thục phi lợi nhuận,Bachelor,0.4215,0.0,0.38509311400355717,0,Thấp
210599,PA,Tư thục vì lợi nhuận,Chứng chỉ,0.4551,0.0,0.42568442202062934,0,Trung bình
210605,PA,Công lập,Associate,0.2335,1.0,0.9522218060253442,1,Cao
210669,PA,Tư thục phi lợi nhuận,Bachelor,0.6653,0.0,0.0033123044783599006,0,Thấp
210711,PA,Tư thục vì lợi nhuận,Chứng chỉ,0.5816,0.0,0.15639427249862883,0,Thấp
210739,PA,Tư thục phi lợi nhuận,Bachelor,0.7102,0.0,0.0038139955992644217,0,Thấp
210748,PA,Tư thục vì lợi nhuận,Chứng chỉ,0.76,0.0,0.0626559820520052,0,Thấp
210775,PA,Tư thục phi lợi nhuận,Bachelor,0.5849,0.0,0.01863688560736473,0,Thấp
210784,PA,Tư thục vì lợi nhuận,Chứng chỉ,0.5982,0.0,0.0991207047912791,0,Thấp
211006,PA,Tư thục vì lợi nhuận,Chứng chỉ,0.7364,0.0,0.0696512397260794,0,Thấp
211024,PA,Tư thục phi lợi nhuận,Bachelor,0.5417,0.0,0.4762234375664722,0,Trung bình
211079,PA,Công lập,Associate,0.2115,1.0,0.8733459102311049,1,Cao
211088,PA,Tư thục phi lợi nhuận,Bachelor,0.6401,0.0,0.0030792146563431567,0,Thấp
211273,PA,Tư thục phi lợi nhuận,Bachelor,0.8559,0.0,0.009480707562666493,0,Thấp
211291,PA,Tư thục phi lợi nhuận,Bachelor,0.8623,0.0,0.05016472258721911,0,Thấp
211307,PA,Công lập,Associate,0.2836,1.0,0.8683640338056465,1,Cao
211316,PA,Tư thục vì lợi nhuận,Chứng chỉ,0.9245,0.0,0.08079449646883023,0,Thấp
211334,PA,Tư thục vì lợi nhuận,Chứng chỉ,0.7586,0.0,0.07839590852288138,0,Thấp
211343,PA,Công lập,Associate,0.3122,1.0,0.9036845046996023,1,Cao
211352,PA,Tư thục phi lợi nhuận,Bachelor,0.5052,0.0,0.36937210511960694,0,Thấp
211431,PA,Tư thục phi lợi nhuận,Bachelor,0.5519,0.0,0.08096643015666832,0,Thấp
211440,PA,Tư thục phi lợi nhuận,Bachelor,0.9252,0.0,0.025133688805618448,0,Thấp
211468,PA,Tư thục phi lợi nhuận,Bachelor,0.5822,0.0,0.008446332949623868,0,Thấp
211477,PA,Tư thục vì lợi nhuận,Bachelor,0.3889,1.0,0.37203875198462055,0,Thấp
211556,PA,Tư thục phi lợi nhuận,Bachelor,0.662,0.0,0.005599244442156781,0,Thấp
211583,PA,Tư thục phi lợi nhuận,Bachelor,0.561,0.0,0.11606983478789037,0,Thấp
211608,PA,Công lập,Bachelor,0.1616,1.0,0.39995782346886205,0,Thấp
211635,PA,Tư thục phi lợi nhuận,Chứng chỉ,0.8333,0.0,0.3520410560466925,0,Thấp
211802,PA,Tư thục vì lợi nhuận,Chứng chỉ,0.3636,1.0,0.26337881478206693,0,Thấp
211893,PA,Tư thục phi lợi nhuận,Bachelor,0.9474,0.0,0.7787955347291977,1,Cao
211927,PA,Công lập,Associate,0.2047,1.0,0.8623375676533366,1,Cao
211981,PA,Tư thục phi lợi nhuận,Bachelor,0.522,0.0,0.01817308982652497,0,Thấp
212009,PA,Tư thục phi lợi nhuận,Bachelor,0.8342,0.0,0.014667640543424568,0,Thấp
212045,PA,Tư thục vì lợi nhuận,Chứng chỉ,0.8171,0.0,0.021408298656782204,0,Thấp
212054,PA,Tư thục phi lợi nhuận,Bachelor,0.7712,0.0,0.010652640308509915,0,Thấp
212106,PA,Tư thục phi lợi nhuận,Bachelor,0.7555,0.0,0.0018577160957973348,0,Thấp
212115,PA,Công lập,Bachelor,0.4383,0.0,0.1583408923843387,0,Thấp
212133,PA,Tư thục phi lợi nhuận,Bachelor,0.5596,0.0,0.11441399660842344,0,Thấp
212197,PA,Tư thục phi lợi nhuận,Bachelor,0.7707,0.0,0.011638671863105784,0,Thấp
212230,PA,Tư thục vì lợi nhuận,Chứng chỉ,0.9048,0.0,0.050460085039079616,0,Thấp
212267,PA,Tư thục vì lợi nhuận,Chứng chỉ,0.7442,0.0,0.068941173554285,0,Thấp
212276,PA,Tư thục vì lợi nhuận,Chứng chỉ,0.8276,0.0,0.04918971695397353,0,Thấp
212294,PA,Tư thục vì lợi nhuận,Chứng chỉ,0.5385,0.0,0.03161804413491157,0,Thấp
212300,PA,Tư thục vì lợi nhuận,Chứng chỉ,0.6889,0.0,0.26211490848049646,0,Thấp
212328,PA,Tư thục vì lợi nhuận,Chứng chỉ,0.6429,0.0,0.04311169893904305,0,Thấp
212337,GA,Tư thục vì lợi nhuận,Chứng chỉ,0.5862,0.0,0.25186515916665675,0,Thấp
212355,PA,Tư thục vì lợi nhuận,Chứng chỉ,0.6222,0.0,0.041728522124713306,0,Thấp
212382,PA,Tư thục vì lợi nhuận,Chứng chỉ,0.569,0.0,0.046772701254859765,0,Thấp
212391,PA,Tư thục vì lợi nhuận,Chứng chỉ,0.5556,0.0,0.04841823034175388,0,Thấp
212434,PA,Tư thục vì lợi nhuận,Chứng chỉ,0.8415,0.0,0.03462153661657547,0,Thấp
212577,PA,Tư thục phi lợi nhuận,Bachelor,0.8602,0.0,0.019630448752943293,0,Thấp
212601,PA,Tư thục phi lợi nhuận,Bachelor,0.6954,0.0,0.012650438336658337,0,Thấp
212656,PA,Tư thục phi lợi nhuận,Bachelor,0.6146,0.0,0.04418220885802309,0,Thấp
212674,PA,Tư thục phi lợi nhuận,Bachelor,0.8273,0.0,0.015055858241097793,0,Thấp
212753,PA,Tư thục vì lợi nhuận,Chứng chỉ,0.7857,0.0,0.040880657046430464,0,Thấp
212805,PA,Tư thục phi lợi nhuận,Bachelor,0.7972,0.0,0.1770314274336474,0,Thấp
212832,PA,Tư thục phi lợi nhuận,Bachelor,0.5849,0.0,0.021659919708176892,0,Thấp
212869,PA,Tư thục phi lợi nhuận,Associate,0.3878,1.0,0.7178113766892831,1,Cao
212878,PA,Công lập,Associate,0.2054,1.0,0.9202420167692564,1,Cao
212911,PA,Tư thục phi lợi nhuận,Bachelor,0.894,0.0,0.04697560629975937,0,Thấp
212975,PA,Tư thục phi lợi nhuận,Chứng chỉ,0.7436,0.0,0.2256813957935883,0,Thấp
212984,PA,Tư thục phi lợi nhuận,Bachelor,0.6039,0.0,0.0865643993251907,0,Thấp
213011,PA,Tư thục phi lợi nhuận,Bachelor,0.6447,0.0,0.1354712928224443,0,Thấp
213020,PA,Công lập,Bachelor,0.5239,0.0,0.11908541932876306,0,Thấp
213163,PA,Tư thục phi lợi nhuận,Chứng chỉ,0.5714,0.0,0.2279000020775046,0,Thấp
213181,PA,Tư thục vì lợi nhuận,Chứng chỉ,0.5714,0.0,0.22267808732479333,0,Thấp
213233,PA,Tư thục phi lợi nhuận,Associate,0.4709,0.0,0.5616862859526763,1,Trung bình
213251,PA,Tư thục phi lợi nhuận,Bachelor,0.6891,0.0,0.0064271910628028025,0,Thấp
213303,PA,Tư thục phi lợi nhuận,Bachelor,0.4116,0.0,0.7850268557051531,1,Cao
213321,PA,Tư thục phi lợi nhuận,Bachelor,0.601,0.0,0.0032003522619064107,0,Thấp
213330,PA,Tư thục vì lợi nhuận,Chứng chỉ,0.7097,0.0,0.05982986383318188,0,Thấp
213349,PA,Công lập,Bachelor,0.5411,0.0,0.08260549487529179,0,Thấp
213358,PA,Tư thục phi lợi nhuận,Bachelor,0.5766,0.0,0.18677526889472965,0,Thấp
213367,PA,Tư thục phi lợi nhuận,Bachelor,0.579,0.0,0.07381548563827708,0,Thấp
213376,PA,Tư thục phi lợi nhuận,Associate,0.3773,1.0,0.5543611048215157,1,Trung bình
213385,PA,Tư thục phi lợi nhuận,Bachelor,0.8805,0.0,0.011389867790745451,0,Thấp
213400,PA,Tư thục phi lợi nhuận,Bachelor,0.7143,0.0,0.3449321813981281,0,Thấp
213455,PA,Tư thục vì lợi nhuận,Chứng chỉ,0.8571,0.0,0.024458845968818085,0,Thấp
213473,PA,Tư thục vì lợi nhuận,Chứng chỉ,0.6957,0.0,0.06141228445974454,0,Thấp
213491,PA,Tư thục vì lợi nhuận,Chứng chỉ,0.5556,0.0,0.03471795587501616,0,Thấp
213507,PA,Tư thục phi lợi nhuận,Bachelor,0.7251,0.0,0.0028718361013312446,0,Thấp
213525,PA,Công lập,Associate,0.2835,1.0,0.95138611588322,1,Cao
213534,PA,Tư thục vì lợi nhuận,Chứng chỉ,0.5154,0.0,0.18183402014885752,0,Thấp
213543,PA,Tư thục phi lợi nhuận,Bachelor,0.8921,0.0,0.005454131472189058,0,Thấp
213570,PA,Tư thục vì lợi nhuận,Chứng chỉ,0.5906,0.0,0.17144907895677158,0,Thấp
213589,PA,Tư thục vì lợi nhuận,Chứng chỉ,0.5385,0.0,0.18334352865575582,0,Thấp
213598,PA,Công lập,Bachelor,0.5212,0.0,0.5227589873109404,1,Trung bình
213622,PA,Tư thục phi lợi nhuận,Chứng chỉ,0.5,0.0,0.18643000337110488,0,Thấp
213659,PA,Công lập,Associate,0.2142,1.0,0.9131422810400366,1,Cao
213668,PA,Tư thục phi lợi nhuận,Bachelor,0.5957,0.0,0.002146447917529523,0,Thấp
213774,PA,Tư thục phi lợi nhuận,Associate,0.2442,1.0,0.8397208679513617,1,Cao
213826,PA,Tư thục phi lợi nhuận,Bachelor,0.7252,0.0,0.009838630269398286,0,Thấp
213914,PA,Tư thục vì lợi nhuận,Associate,0.6264,0.0,0.18663822525870247,0,Thấp
213987,PA,Tư thục phi lợi nhuận,Bachelor,0.5873,0.0,0.00334229753463138,0,Thấp
213996,PA,Tư thục phi lợi nhuận,Bachelor,0.785,0.0,0.003928695053491969,0,Thấp
214023,PA,Tư thục phi lợi nhuận,Chứng chỉ,0.0,1.0,0.6478648035462546,1,Trung bình
214041,PA,Công lập,Bachelor,0.544,0.0,0.05607664731426188,0,Thấp
214069,PA,Tư thục phi lợi nhuận,Bachelor,0.692,0.0,0.01471203290960246,0,Thấp
214111,PA,Công lập,Associate,0.2331,1.0,0.8116898320329399,1,Cao
214148,PA,Tư thục phi lợi nhuận,Bachelor,0.6344,0.0,0.01557888848320596,0,Thấp
214157,PA,Tư thục phi lợi nhuận,Bachelor,0.7107,0.0,0.005156465404580939,0,Thấp
214166,PA,Tư thục phi lợi nhuận,Bachelor,0.5556,0.0,0.4081054671173775,0,Trung bình
214175,PA,Tư thục phi lợi nhuận,Bachelor,0.8025,0.0,0.014025859482217495,0,Thấp
214272,PA,Tư thục phi lợi nhuận,Bachelor,0.4611,0.0,0.07079400122219773,0,Thấp
214290,PA,Tư thục vì lợi nhuận,Chứng chỉ,0.7429,0.0,0.062047784884734676,0,Thấp
214379,PA,Công lập,Associate,0.2123,1.0,0.9401077691647205,1,Cao
214476,PA,Tư thục phi lợi nhuận,Chứng chỉ,0.4545,0.0,0.14592931031155068,0,Thấp
214528,PA,Tư thục phi lợi nhuận,Chứng chỉ,0.8723,0.0,0.04562091385311832,0,Thấp
214582,PA,Tư thục phi lợi nhuận,Chứng chỉ,0.3258,1.0,0.3348692777808154,0,Thấp
214591,PA,Công lập,Bachelor,0.457,0.0,0.0339523423661317,0,Thấp
214625,PA,Công lập,Bachelor,0.2443,1.0,0.08318301150748206,0,Thấp
214634,PA,Công lập,Bachelor,0.2295,1.0,0.5696491123891271,1,Trung bình
214643,PA,Công lập,Bachelor,0.1667,1.0,0.061068637923172256,0,Thấp
214652,PA,Công lập,Bachelor,0.3189,1.0,0.10356717368566488,0,Thấp
214670,PA,Công lập,Bachelor,0.1736,1.0,0.07307995488050296,0,Thấp
214689,PA,Công lập,Bachelor,0.1784,1.0,0.058040991483677314,0,Thấp
214698,PA,Công lập,Bachelor,0.212,1.0,0.07558524610804218,0,Thấp
214704,PA,Công lập,Bachelor,0.2441,1.0,0.050717241761199294,0,Thấp
214713,PA,Công lập,Bachelor,0.2926,1.0,0.04483769901484421,0,Thấp
214731,PA,Công lập,Bachelor,0.2133,1.0,0.12604848759511578,0,Thấp
214740,PA,Công lập,Associate,0.2901,1.0,0.04357356961637312,0,Thấp
214759,PA,Công lập,Bachelor,0.3352,1.0,0.09857181607273285,0,Thấp
214768,PA,Công lập,Bachelor,0.1791,1.0,0.11869906359739185,0,Thấp
214777,PA,Công lập,Bachelor,0.8568,0.0,0.019798798549486466,0,Thấp
214786,PA,Công lập,Bachelor,0.2743,1.0,0.1706048103506078,0,Thấp
214795,PA,Công lập,Bachelor,0.2512,1.0,0.08871311760211344,0,Thấp
214801,PA,Công lập,Bachelor,0.2222,1.0,0.09649444544628463,0,Thấp
214810,PA,Công lập,Bachelor,0.2069,1.0,0.047467058415329416,0,Thấp
214829,PA,Công lập,Bachelor,0.1143,1.0,0.06394426697060573,0,Thấp
214883,PA,Tư thục phi lợi nhuận,Bachelor,0.0526,1.0,0.9379269131618895,1,Cao
214892,PA,Tư thục vì lợi nhuận,Chứng chỉ,0.7273,0.0,0.03467626541346756,0,Thấp
214944,PA,Tư thục vì lợi nhuận,Chứng chỉ,0.78,0.0,0.08296497351205463,0,Thấp
214971,PA,Tư thục phi lợi nhuận,Bachelor,0.6757,0.0,0.007061482157405633,0,Thấp
215008,PA,Tư thục vì lợi nhuận,Chứng chỉ,0.7727,0.0,0.0431349076587926,0,Thấp
215044,PA,Tư thục vì lợi nhuận,Chứng chỉ,0.7333,0.0,0.3106213387205636,0,Thấp
215053,PA,Tư thục phi lợi nhuận,Bachelor,0.6377,0.0,0.13939032462331133,0,Thấp
215062,PA,Tư thục phi lợi nhuận,Bachelor,0.9681,0.0,0.03749599403197864,0,Thấp
215105,PA,Tư thục phi lợi nhuận,Bachelor,0.6919,0.0,0.02669401600691455,0,Thấp
215114,PA,Tư thục phi lợi nhuận,Bachelor,0.6516,0.0,0.0638950782797012,0,Thấp
215239,PA,Công lập,Associate,0.1967,1.0,0.9728113347020441,1,Cao
215266,PA,Công lập,Bachelor,0.4344,0.0,0.32356209613540476,0,Thấp
215275,PA,Công lập,Bachelor,0.3963,1.0,0.2095693117149956,0,Thấp
215284,PA,Công lập,Bachelor,0.5345,0.0,0.08987416205261628,0,Thấp
215293,PA,Công lập,Bachelor,0.8434,0.0,0.031002764269079202,0,Thấp
215309,PA,Công lập,Associate,0.0,1.0,0.555265092398155,1,Trung bình
215381,PA,Tư thục phi lợi nhuận,Associate,0.5887,0.0,0.11348518013839981,0,Thấp
215390,PA,Tư thục phi lợi nhuận,Associate,0.9231,0.0,0.28453328497728864,0,Thấp
215415,PA,Tư thục phi lợi nhuận,Associate,0.5309,0.0,0.23362684239564047,0,Thấp
215442,PA,Tư thục phi lợi nhuận,Bachelor,0.5956,0.0,0.05258621958125827,0,Thấp
215530,PA,Tư thục vì lợi nhuận,Chứng chỉ,0.8387,0.0,0.05027740877982275,0,Thấp
215585,PA,Công lập,Associate,0.2559,1.0,0.9079793644049224,1,Cao
215594,PA,Tư thục phi lợi nhuận,Chứng chỉ,0.2759,1.0,0.024661536788774294,0,Thấp
215637,PA,Tư thục vì lợi nhuận,Associate,0.6,0.0,0.5010780481715686,1,Trung bình
215655,PA,Tư thục phi lợi nhuận,Bachelor,0.6555,0.0,0.011006035586829919,0,Thấp
215682,PA,Tư thục phi lợi nhuận,Associate,0.8022,0.0,0.17203929635440665,0,Thấp
215691,PA,Tư thục phi lợi nhuận,Bachelor,0.4348,0.0,0.6983332523741296,1,Trung bình
215743,PA,Tư thục phi lợi nhuận,Bachelor,0.7275,0.0,0.007113000181283404,0,Thấp
215770,PA,Tư thục phi lợi nhuận,Bachelor,0.7983,0.0,0.002555240000763901,0,Thấp
215798,PA,Tư thục phi lợi nhuận,Bachelor,0.7215,0.0,0.005480367159920655,0,Thấp
215886,PA,Công lập,Chứng chỉ,0.5745,0.0,0.20168627925789956,0,Thấp
215929,PA,Tư thục phi lợi nhuận,Bachelor,0.808,0.0,0.0011570220752841777,0,Thấp
215947,PA,Tư thục phi lợi nhuận,Bachelor,0.7099,0.0,0.005507481364450114,0,Thấp
215974,PA,Tư thục phi lợi nhuận,Chứng chỉ,0.4286,0.0,0.26493104731537914,0,Thấp
215983,PA,Tư thục vì lợi nhuận,Chứng chỉ,0.4615,0.0,0.09818327006524635,0,Thấp
215992,PA,Tư thục vì lợi nhuận,Chứng chỉ,0.7419,0.0,0.03713551919790081,0,Thấp
216010,PA,Công lập,Bachelor,0.5161,0.0,0.039528607709002,0,Thấp
216038,PA,Công lập,Bachelor,0.6591,0.0,0.06170942076392861,0,Thấp
216047,PA,Tư thục phi lợi nhuận,Bachelor,0.4444,0.0,0.5353835709602428,1,Trung bình
216074,PA,Tư thục vì lợi nhuận,Chứng chỉ,0.9119,0.0,0.0748203768183226,0,Thấp
216083,PA,Tư thục vì lợi nhuận,Associate,0.6053,0.0,0.12223830376642268,0,Thấp
216223,PA,Tư thục vì lợi nhuận,Chứng chỉ,0.661,0.0,0.10447723532877526,0,Thấp
216278,PA,Tư thục phi lợi nhuận,Bachelor,0.7409,0.0,0.015292978919815509,0,Thấp
216287,PA,Tư thục phi lợi nhuận,Bachelor,0.9413,0.0,0.03292758282109915,0,Thấp
216296,PA,Công lập,Associate,0.6,0.0,0.07631453048537977,0,Thấp
216311,PA,Tư thục phi lợi nhuận,Bachelor,0.8158,0.0,0.3768650850937688,0,Thấp
216339,PA,Công lập,Bachelor,0.7468,0.0,0.021811102589064765,0,Thấp
216357,PA,Tư thục phi lợi nhuận,Bachelor,0.4355,0.0,0.03839787613959473,0,Thấp
216366,PA,Tư thục phi lợi nhuận,Bachelor,0.6819,0.0,0.0038494183495518565,0,Thấp
216436,PA,Tư thục vì lợi nhuận,Associate,0.5862,0.0,0.2179547192427605,0,Thấp
216445,PA,Tư thục vì lợi nhuận,Associate,0.8,0.0,0.1258824025816352,0,Thấp
216454,PA,Tư thục vì lợi nhuận,Associate,0.6667,0.0,0.1436605375818588,0,Thấp
216524,PA,Tư thục phi lợi nhuận,Bachelor,0.7662,0.0,0.007973155971742588,0,Thấp
216542,PA,Tư thục phi lợi nhuận,Bachelor,0.5612,0.0,0.5965432802948359,1,Trung bình
216551,PA,Tư thục phi lợi nhuận,Associate,0.9429,0.0,0.0756568533503567,0,Thấp
216579,PA,Tư thục vì lợi nhuận,Chứng chỉ,0.8353,0.0,0.030251547039110954,0,Thấp
216597,PA,Tư thục phi lợi nhuận,Bachelor,0.9241,0.0,0.02568070096170619,0,Thấp
216667,PA,Tư thục phi lợi nhuận,Bachelor,0.7139,0.0,0.10456244626476568,0,Thấp
216694,PA,Tư thục phi lợi nhuận,Bachelor,0.605,0.0,0.1938396359844557,0,Thấp
216746,PA,Tư thục vì lợi nhuận,Chứng chỉ,0.9333,0.0,0.06104368067699739,0,Thấp
216764,PA,Công lập,Bachelor,0.698,0.0,0.04201903631801873,0,Thấp
216773,PA,Tư thục phi lợi nhuận,Chứng chỉ,0.6842,0.0,0.3569167541382638,0,Thấp
216807,PA,Tư thục phi lợi nhuận,Bachelor,0.6586,0.0,0.004914849747593532,0,Thấp
216825,PA,Công lập,Associate,0.2536,1.0,0.9209712901972223,1,Cao
216852,PA,Tư thục phi lợi nhuận,Bachelor,0.6351,0.0,0.008152808366738064,0,Thấp
216931,PA,Tư thục phi lợi nhuận,Bachelor,0.6034,0.0,0.009067739638393982,0,Thấp
216940,PA,Tư thục phi lợi nhuận,Associate,0.6559,0.0,0.14437937704742176,0,Thấp
217013,PA,Tư thục phi lợi nhuận,Bachelor,0.5183,0.0,0.3044851832741732,0,Thấp
217040,PA,Tư thục phi lợi nhuận,Associate,0.75,0.0,0.695923704461926,1,Trung bình
217059,PA,Tư thục phi lợi nhuận,Bachelor,0.5974,0.0,0.14037302883507682,0,Thấp
217077,PA,Tư thục vì lợi nhuận,Chứng chỉ,0.4084,0.0,0.3315256330695887,0,Thấp
217156,RI,Tư thục phi lợi nhuận,Bachelor,0.9595,0.0,0.044647914968329545,0,Thấp
217165,RI,Tư thục phi lợi nhuận,Bachelor,0.8061,0.0,0.0008472136157384869,0,Thấp
217235,RI,Tư thục phi lợi nhuận,Bachelor,0.5488,0.0,0.008471671887670446,0,Thấp
217305,RI,Tư thục phi lợi nhuận,Associate,0.5747,0.0,0.4142571597486788,0,Trung bình
217323,RI,Tư thục vì lợi nhuận,Chứng chỉ,0.7196,0.0,0.36508558097058175,0,Thấp
217402,RI,Tư thục phi lợi nhuận,Bachelor,0.8785,0.0,0.012670127532745478,0,Thấp
217420,RI,Công lập,Bachelor,0.4618,0.0,0.22601464078625622,0,Thấp
217475,RI,Công lập,Associate,0.2496,1.0,0.9555148309297175,1,Cao
217484,RI,Công lập,Bachelor,0.7103,0.0,0.03243910992683216,0,Thấp
217493,RI,Tư thục phi lợi nhuận,Bachelor,0.8847,0.0,0.04231599628345166,0,Thấp
217518,RI,Tư thục phi lợi nhuận,Bachelor,0.6661,0.0,0.002267807476564304,0,Thấp
217536,RI,Tư thục phi lợi nhuận,Bachelor,0.7492,0.0,0.002966073180664943,0,Thấp
217581,RI,Tư thục vì lợi nhuận,Chứng chỉ,0.7083,0.0,0.0422461742431046,0,Thấp
217606,MA,Tư thục phi lợi nhuận,Bachelor,0.5085,0.0,0.9195132953219838,1,Cao
217615,SC,Công lập,Chứng chỉ,0.1865,1.0,0.8784078195277913,1,Cao
217624,SC,Tư thục phi lợi nhuận,Bachelor,0.1323,1.0,0.20020944823420592,0,Thấp
217633,SC,Tư thục phi lợi nhuận,Bachelor,0.7099,0.0,0.0473101027221592,0,Thấp
217688,SC,Tư thục phi lợi nhuận,Bachelor,0.4858,0.0,0.2782885628382907,0,Thấp
217712,SC,Công lập,Chứng chỉ,0.121,1.0,0.7296831240402729,1,Cao
217721,SC,Tư thục phi lợi nhuận,Bachelor,0.2115,1.0,0.48436077093512375,0,Trung bình
217749,SC,Tư thục phi lợi nhuận,Bachelor,0.6961,0.0,0.1845482819553939,0,Thấp
217776,SC,Tư thục phi lợi nhuận,Bachelor,0.5202,0.0,0.534214808225321,1,Trung bình
217794,SC,Tư thục vì lợi nhuận,Chứng chỉ,0.661,0.0,0.040559839699101735,0,Thấp
217819,SC,Công lập,Bachelor,0.6498,0.0,0.0664016648580232,0,Thấp
217828,SC,Tư thục vì lợi nhuận,Chứng chỉ,0.6452,0.0,0.29978050505718795,0,Thấp
217837,SC,Công lập,Chứng chỉ,0.3494,1.0,0.7444987293216749,1,Cao
217864,SC,Công lập,Bachelor,0.7282,0.0,0.06370672480154926,0,Thấp
217873,SC,Tư thục phi lợi nhuận,Bachelor,0.4913,0.0,0.1731199984827668,0,Thấp
217882,SC,Công lập,Bachelor,0.879,0.0,0.024006232767322604,0,Thấp
217891,SC,Tư thục phi lợi nhuận,Bachelor,0.1111,1.0,0.9590997802092335,1,Cao
217907,SC,Tư thục phi lợi nhuận,Bachelor,0.3462,1.0,0.34381145718706585,0,Thấp
217925,SC,Tư thục phi lợi nhuận,Bachelor,0.6552,0.0,0.6176923624174939,1,Trung bình
217934,SC,Tư thục phi lợi nhuận,Bachelor,0.5346,0.0,0.8859806803220068,1,Cao
217961,SC,Tư thục phi lợi nhuận,Bachelor,0.471,0.0,0.43533850290070786,0,Trung bình
217989,SC,Công lập,Chứng chỉ,0.1379,1.0,0.5719477857312388,1,Trung bình
217998,SC,Tư thục phi lợi nhuận,Bachelor,0.4859,0.0,0.16875902228275583,0,Thấp
218025,SC,Công lập,Associate,0.201,1.0,0.9623497251160774,1,Cao
218061,SC,Công lập,Bachelor,0.4273,0.0,0.2819729260345695,0,Thấp
218070,SC,Tư thục phi lợi nhuận,Bachelor,0.8149,0.0,0.008237482416171896,0,Thấp
218113,SC,Công lập,Chứng chỉ,0.1759,1.0,0.4797053407481236,0,Trung bình
218140,SC,Công lập,Chứng chỉ,0.2819,1.0,0.7648513015054104,1,Cao
218159,SC,Tư thục vì lợi nhuận,Chứng chỉ,0.6829,0.0,0.049515997834518176,0,Thấp
218195,SC,Tư thục vì lợi nhuận,Chứng chỉ,0.5,0.0,0.1292206362898087,0,Thấp
218229,SC,Công lập,Bachelor,0.4876,0.0,0.3775212985354697,0,Thấp
218238,SC,Tư thục phi lợi nhuận,Bachelor,0.2757,1.0,0.6469454858181662,1,Trung bình
218353,SC,Công lập,Associate,0.1634,1.0,0.9764050382288028,1,Cao
218399,SC,Tư thục phi lợi nhuận,Bachelor,0.2043,1.0,0.8109190560543768,1,Cao
218414,SC,Tư thục phi lợi nhuận,Bachelor,0.4438,0.0,0.37267728853993176,0,Thấp
218441,SC,Tư thục phi lợi nhuận,Bachelor,0.5491,0.0,0.2590259516015072,0,Thấp
218487,SC,Công lập,Chứng chỉ,0.4045,0.0,0.6220907380132075,1,Trung bình
218520,SC,Công lập,Chứng chỉ,0.3333,1.0,0.8461115792952855,1,Cao
218539,SC,Tư thục phi lợi nhuận,Bachelor,0.619,0.0,0.010820355170995999,0,Thấp
218645,SC,Công lập,Bachelor,0.4011,0.0,0.47698484508954125,0,Trung bình
218654,SC,Công lập,Bachelor,0.3859,1.0,0.5332232709174368,1,Trung bình
218663,SC,Công lập,Bachelor,0.7775,0.0,0.025913804774221453,0,Thấp
218672,SC,Công lập,Associate,0.2948,1.0,0.8075085980419208,1,Cao
218681,SC,Công lập,Associate,0.2184,1.0,0.9201673368168304,1,Cao
218690,SC,Công lập,Associate,0.3609,1.0,0.8053746183379055,1,Cao
218706,SC,Công lập,Associate,0.375,1.0,0.8246669223213473,1,Cao
218724,SC,Công lập,Bachelor,0.5084,0.0,0.20576291870069663,0,Thấp
218733,SC,Công lập,Bachelor,0.2941,1.0,0.771485596930919,1,Cao
218742,SC,Công lập,Bachelor,0.4242,0.0,0.36920440534060334,0,Thấp
218821,SC,Tư thục phi lợi nhuận,Associate,0.3833,1.0,0.37509482498505403,0,Thấp
218830,SC,Công lập,Associate,0.3002,1.0,0.9474732072694926,1,Cao
218858,SC,Công lập,Associate,0.3081,1.0,0.9613527168237398,1,Cao
218885,SC,Công lập,Chứng chỉ,0.3915,1.0,0.8350342159858546,1,Cao
218894,SC,Công lập,Associate,0.2874,1.0,0.9165046839841687,1,Cao
218919,SC,Tư thục phi lợi nhuận,Bachelor,0.3779,1.0,0.7830681752533345,1,Cao
218955,SC,Công lập,Chứng chỉ,0.2121,1.0,0.7270282632396249,1,Cao
218964,SC,Công lập,Bachelor,0.6122,0.0,0.12926707281374672,0,Thấp
218973,SC,Tư thục phi lợi nhuận,Bachelor,0.8075,0.0,0.003033717678237193,0,Thấp
218991,SC,Công lập,Chứng chỉ,0.3243,1.0,0.5797816992443715,1,Trung bình
219000,SD,Tư thục phi lợi nhuận,Bachelor,0.7563,0.0,0.004319156993848836,0,Thấp
219037,SD,Tư thục vì lợi nhuận,Chứng chỉ,0.7895,0.0,0.27086814074789467,0,Thấp
219046,SD,Công lập,Bachelor,0.3858,1.0,0.3783893616165453,0,Thấp
219082,SD,Công lập,Bachelor,0.493,0.0,0.18136860562084886,0,Thấp
219091,SD,Tư thục phi lợi nhuận,Bachelor,0.4643,0.0,0.1554894873040588,0,Thấp
219125,SD,Tư thục vì lợi nhuận,Chứng chỉ,0.7778,0.0,0.05565621217301047,0,Thấp
219143,SD,Công lập,Associate,0.6392,0.0,0.13443131121894877,0,Thấp
219189,SD,Công lập,Associate,0.7072,0.0,0.15047627048006673,0,Thấp
219198,SD,Tư thục phi lợi nhuận,Bachelor,0.6055,0.0,0.18990053130441875,0,Thấp
219204,SD,Tư thục vì lợi nhuận,Bachelor,0.6,0.0,0.7569923967609005,1,Cao
219259,SD,Công lập,Bachelor,0.5224,0.0,0.41977339549536313,0,Trung bình
219277,SD,Công lập,Associate,0.1146,1.0,0.9762611125318448,1,Cao
219347,SD,Công lập,Bachelor,0.5817,0.0,0.05552380236536776,0,Thấp
219356,SD,Công lập,Bachelor,0.5964,0.0,0.08860638947646374,0,Thấp
219374,SD,Công lập,Bachelor,0.0,1.0,0.944363221917046,1,Cao
219383,SD,Tư thục phi lợi nhuận,Bachelor,0.6051,0.0,0.24611378149762184,0,Thấp
219408,SD,Công lập,Associate,0.1296,1.0,0.8833464552213106,1,Cao
219426,SD,Công lập,Associate,0.5084,0.0,0.5055008931350868,1,Trung bình
219453,SD,Tư thục vì lợi nhuận,Chứng chỉ,0.8596,0.0,0.018142100452680446,0,Thấp
219471,SD,Công lập,Bachelor,0.6143,0.0,0.1312408554949331,0,Thấp
219480,SD,Công lập,Associate,0.5309,0.0,0.6176955083005489,1,Trung bình
219505,TN,Tư thục phi lợi nhuận,Bachelor,0.3333,1.0,0.5874723704391865,1,Trung bình
219587,TN,Tư thục vì lợi nhuận,Chứng chỉ,0.5952,0.0,0.09021289168437441,0,Thấp
219596,TN,Công lập,Chứng chỉ,0.5758,0.0,0.23557220070066312,0,Thấp
219602,TN,Công lập,Bachelor,0.445,0.0,0.7600957682218286,1,Cao
219639,TN,Tư thục phi lợi nhuận,Bachelor,0.5375,0.0,0.8287419533403017,1,Cao
219709,TN,Tư thục phi lợi nhuận,Bachelor,0.717,0.0,0.003450565926326818,0,Thấp
219718,TN,Tư thục phi lợi nhuận,Bachelor,0.349,1.0,0.6769533975376102,1,Trung bình
219790,TN,Tư thục phi lợi nhuận,Bachelor,0.5593,0.0,0.7129400962730186,1,Cao
219806,TN,Tư thục phi lợi nhuận,Bachelor,0.4645,0.0,0.06587084597106546,0,Thấp
219824,TN,Công lập,Associate,0.2185,1.0,0.9392708304494563,1,Cao
219833,TN,Tư thục phi lợi nhuận,Bachelor,0.5599,0.0,0.058867059509510516,0,Thấp
219851,TN,Tư thục vì lợi nhuận,Chứng chỉ,0.75,0.0,0.09514297961762726,0,Thấp
219879,TN,Công lập,Chứng chỉ,0.2905,1.0,0.7558488524523902,1,Cao
219888,TN,Công lập,Associate,0.3077,1.0,0.9440797944271404,1,Cao
219903,TN,Tư thục vì lợi nhuận,Chứng chỉ,0.511,0.0,0.2287242017374309,0,Thấp
219949,TN,Tư thục phi lợi nhuận,Bachelor,0.4698,0.0,0.6676082210317441,1,Trung bình
219976,TN,Tư thục phi lợi nhuận,Bachelor,0.687,0.0,0.00966340491281317,0,Thấp
219994,TN,Công lập,Chứng chỉ,0.7649,0.0,0.1093661478704711,0,Thấp
220057,TN,Công lập,Chứng chỉ,0.2744,1.0,0.8058195049430447,1,Cao
220075,TN,Công lập,Bachelor,0.4988,0.0,0.262086130334763,0,Thấp
220118,TN,Tư thục vì lợi nhuận,Chứng chỉ,0.8736,0.0,0.5141878356239324,1,Trung bình
220127,TN,Công lập,Chứng chỉ,0.7865,0.0,0.05797675855448828,0,Thấp
220163,TN,Tư thục vì lợi nhuận,Chứng chỉ,0.6667,0.0,0.04438294738410461,0,Thấp
220181,TN,Tư thục phi lợi nhuận,Bachelor,0.4351,0.0,0.2725093080532581,0,Thấp
220206,TN,Tư thục phi lợi nhuận,Bachelor,0.6143,0.0,0.5743429439871979,1,Trung bình
220215,TN,Tư thục phi lợi nhuận,Bachelor,0.6837,0.0,0.18199055444208495,0,Thấp
220251,TN,Công lập,Chứng chỉ,0.7108,0.0,0.04086224001483472,0,Thấp
220279,TN,Công lập,Chứng chỉ,0.7596,0.0,0.032129983103949704,0,Thấp
220321,TN,Công lập,Chứng chỉ,0.5,0.0,0.028829197152309687,0,Thấp
220394,TN,Công lập,Chứng chỉ,0.7975,0.0,0.05845531477822868,0,Thấp
220400,TN,Công lập,Associate,0.2005,1.0,0.9705743741537973,1,Cao
220464,TN,Tư thục phi lợi nhuận,Associate,0.3077,1.0,0.7832935214476626,1,Cao
220473,TN,Tư thục phi lợi nhuận,Bachelor,0.6216,0.0,0.2975952454104963,0,Thấp
220491,TN,Tư thục vì lợi nhuận,Chứng chỉ,0.5882,0.0,0.02812311188747473,0,Thấp
220516,TN,Tư thục phi lợi nhuận,Bachelor,0.4643,0.0,0.22164821148135821,0,Thấp
220552,TN,Tư thục vì lợi nhuận,Associate,0.367,1.0,0.5749485681071556,1,Trung bình
220598,TN,Tư thục phi lợi nhuận,Bachelor,0.1703,1.0,0.8800283708885386,1,Cao
220604,TN,Tư thục phi lợi nhuận,Bachelor,0.247,1.0,0.862815198777761,1,Cao
220613,TN,Tư thục phi lợi nhuận,Bachelor,0.6067,0.0,0.1120025039417446,0,Thấp
220631,TN,Tư thục phi lợi nhuận,Bachelor,0.5392,0.0,0.28119268904092043,0,Thấp
220640,TN,Công lập,Chứng chỉ,0.7333,0.0,0.07639463366768813,0,Thấp
220701,TN,Công lập,Bachelor,0.3566,1.0,0.6603471167947248,1,Trung bình
220710,TN,Tư thục phi lợi nhuận,Bachelor,0.4718,0.0,0.06902321593805641,0,Thấp
220756,TN,Công lập,Chứng chỉ,0.625,0.0,0.07555184333583875,0,Thấp
220765,TN,Tư thục vì lợi nhuận,Chứng chỉ,0.4615,0.0,0.38320064515650665,0,Thấp
220853,TN,Công lập,Chứng chỉ,0.4006,0.0,0.2137810177551279,0,Thấp
220862,TN,Công lập,Bachelor,0.4942,0.0,0.2840443299734604,0,Thấp
220978,TN,Công lập,Bachelor,0.54,0.0,0.1589384131037851,0,Thấp
221050,TN,Công lập,Chứng chỉ,0.7637,0.0,0.040002975208933735,0,Thấp
221096,TN,Công lập,Associate,0.2869,1.0,0.9343682903429733,1,Cao
221102,TN,Công lập,Chứng chỉ,0.7419,0.0,0.06054928661199719,0,Thấp
221148,TN,Tư thục vì lợi nhuận,Chứng chỉ,0.639,0.0,0.032223759558474924,0,Thấp
221184,TN,Công lập,Associate,0.1701,1.0,0.975521089315112,1,Cao
221236,TN,Công lập,Chứng chỉ,0.6453,0.0,0.12376693182485092,0,Thấp
221281,TN,Công lập,Chứng chỉ,0.6714,0.0,0.19060041811202,0,Thấp
221333,TN,Công lập,Chứng chỉ,0.6951,0.0,0.031414103432465555,0,Thấp
221351,TN,Tư thục phi lợi nhuận,Bachelor,0.8164,0.0,0.004266960199206385,0,Thấp
221397,TN,Công lập,Associate,0.3214,1.0,0.9315107164911393,1,Cao
221430,TN,Công lập,Chứng chỉ,0.6239,0.0,0.05296376117241107,0,Thấp
221485,TN,Công lập,Associate,0.1935,1.0,0.9621284081065453,1,Cao
221494,TN,Công lập,Chứng chỉ,0.6804,0.0,0.04355453839264975,0,Thấp
221519,TN,Tư thục phi lợi nhuận,Bachelor,0.8237,0.0,0.0031147924191740756,0,Thấp
221582,TN,Công lập,Chứng chỉ,0.7,0.0,0.03100401386543036,0,Thấp
221591,TN,Công lập,Chứng chỉ,0.8153,0.0,0.06349199179088834,0,Thấp
221607,TN,Công lập,Chứng chỉ,0.6667,0.0,0.037253051239417766,0,Thấp
221616,TN,Công lập,Chứng chỉ,0.7447,0.0,0.03123995006430345,0,Thấp
221625,TN,Công lập,Chứng chỉ,0.7045,0.0,0.07579151022877444,0,Thấp
221643,TN,Công lập,Associate,0.2766,1.0,0.9406291916304926,1,Cao
221661,TN,Tư thục phi lợi nhuận,Bachelor,0.5143,0.0,0.15889143115111592,0,Thấp
221731,TN,Tư thục phi lợi nhuận,Bachelor,0.4363,0.0,0.46932117165088544,0,Trung bình
221740,TN,Công lập,Bachelor,0.5309,0.0,0.1880274787226573,0,Thấp
221759,TN,Công lập,Bachelor,0.735,0.0,0.022921844951210076,0,Thấp
221768,TN,Công lập,Bachelor,0.5483,0.0,0.2618787650497757,0,Thấp
221829,TN,Tư thục vì lợi nhuận,Chứng chỉ,0.6635,0.0,0.1552457320562851,0,Thấp
221838,TN,Công lập,Bachelor,0.3303,1.0,0.7118171327548354,1,Cao
221847,TN,Công lập,Bachelor,0.5423,0.0,0.1336451870356248,0,Thấp
221892,TN,Tư thục phi lợi nhuận,Bachelor,0.5481,0.0,0.1678696360177098,0,Thấp
221908,TN,Công lập,Associate,0.3219,1.0,0.9469029105492967,1,Cao
221953,TN,Tư thục phi lợi nhuận,Bachelor,0.3054,1.0,0.481161553362545,0,Trung bình
221971,TN,Tư thục phi lợi nhuận,Bachelor,0.7092,0.0,0.010831475022087481,0,Thấp
221999,TN,Tư thục phi lợi nhuận,Bachelor,0.9269,0.0,0.022206671724140058,0,Thấp
222053,TN,Công lập,Associate,0.2431,1.0,0.9603372340989781,1,Cao
222062,TN,Công lập,Associate,0.36,1.0,0.923528556926199,1,Cao
222105,TN,Tư thục phi lợi nhuận,Chứng chỉ,0.4737,0.0,0.26578117147452923,0,Thấp
222178,TX,Tư thục phi lợi nhuận,Bachelor,0.6021,0.0,0.003240997865050475,0,Thấp
222567,TX,Công lập,Associate,0.3355,1.0,0.9571734816508245,1,Cao
222576,TX,Công lập,Associate,0.3065,1.0,0.9674714313667332,1,Cao
222822,TX,Công lập,Chứng chỉ,0.2733,1.0,0.8851385739362427,1,Cao
222831,TX,Công lập,Bachelor,0.4073,0.0,0.41086505977185156,0,Trung bình
222877,TX,Tư thục phi lợi nhuận,Bachelor,0.0455,1.0,0.9108301342770514,1,Cao
222886,TX,Tư thục vì lợi nhuận,Chứng chỉ,0.7811,0.0,0.14907420099748706,0,Thấp
222983,TX,Tư thục phi lợi nhuận,Bachelor,0.6949,0.0,0.0014539073249515476,0,Thấp
222992,TX,Công lập,Associate,0.18,1.0,0.8573587357311114,1,Cao
223056,TX,Tư thục vì lợi nhuận,Chứng chỉ,0.3182,1.0,0.12350862881843419,0,Thấp
223232,TX,Tư thục phi lợi nhuận,Bachelor,0.8016,0.0,0.004014825607479601,0,Thấp
223320,TX,Công lập,Associate,0.1104,1.0,0.9828430600669043,1,Cao
223427,TX,Công lập,Associate,0.1097,1.0,0.8934993376828342,1,Cao
223463,TX,Tư thục phi lợi nhuận,Chứng chỉ,0.3762,1.0,0.3578512545843804,0,Thấp
223472,TX,Tư thục vì lợi nhuận,Associate,0.6,0.0,0.15567528472276265,0,Thấp
223506,TX,Công lập,Chứng chỉ,0.3867,1.0,0.7034500195056816,1,Cao
223816,TX,Công lập,Associate,0.1464,1.0,0.9838046482448541,1,Cao
223852,TX,Tư thục vì lợi nhuận,Chứng chỉ,0.8276,0.0,0.017722338346524095,0,Thấp
223898,TX,Công lập,Chứng chỉ,0.3058,1.0,0.7635773597792108,1,Cao
223922,TX,Công lập,Chứng chỉ,0.6061,0.0,0.862332560265851,1,Cao
224004,TX,Tư thục phi lợi nhuận,Bachelor,0.4051,0.0,0.2084406132557437,0,Thấp
224013,TX,Tư thục vì lợi nhuận,Chứng chỉ,0.7143,0.0,0.3127464058343435,0,Thấp
224110,TX,Công lập,Associate,0.3462,1.0,0.9636501231919177,1,Cao
224147,TX,Công lập,Bachelor,0.3374,1.0,0.5355794334052256,1,Trung bình
224156,TX,Tư thục vì lợi nhuận,Chứng chỉ,0.7101,0.0,0.02495940878315002,0,Thấp
224226,TX,Tư thục phi lợi nhuận,Bachelor,0.6041,0.0,0.09656675625438221,0,Thấp
224244,TX,Tư thục phi lợi nhuận,Bachelor,0.2391,1.0,0.8654145015256918,1,Cao
224271,TX,Tư thục phi lợi nhuận,Associate,0.2596,1.0,0.8726476496844743,1,Cao
224323,TX,Tư thục phi lợi nhuận,Bachelor,0.6802,0.0,0.002325637638161423,0,Thấp
224350,TX,Công lập,Associate,0.128,1.0,0.9054561450277407,1,Cao
224527,TX,Tư thục phi lợi nhuận,Bachelor,0.4797,0.0,0.26230021744037607,0,Thấp
224545,TX,Công lập,Bachelor,0.312,1.0,0.7611000501227977,1,Cao
224554,TX,Công lập,Bachelor,0.4593,0.0,0.7269266194449828,1,Cao
224615,TX,Công lập,Associate,0.3553,1.0,0.6969309905304572,1,Trung bình
224642,TX,Công lập,Associate,0.2198,1.0,0.9251780751664477,1,Cao
224660,TX,Tư thục vì lợi nhuận,Associate,0.6786,0.0,0.22819407004313522,0,Thấp
224679,TX,Tư thục vì lợi nhuận,Chứng chỉ,0.7131,0.0,0.024064206301499202,0,Thấp
224758,TX,Tư thục vì lợi nhuận,Chứng chỉ,0.0909,1.0,0.06765579690557587,0,Thấp
224828,TX,Tư thục vì lợi nhuận,Chứng chỉ,0.625,0.0,0.366372706974385,0,Thấp
224891,TX,Công lập,Associate,0.3349,1.0,0.9649871067159747,1,Cao
224961,TX,Công lập,Chứng chỉ,0.3235,1.0,0.6504346165791447,1,Trung bình
225043,TX,Tư thục vì lợi nhuận,Chứng chỉ,1.0,0.0,0.44384275343668267,0,Trung bình
225070,TX,Công lập,Chứng chỉ,0.2007,1.0,0.6426734059747575,1,Trung bình
225201,TX,Tư thục phi lợi nhuận,Bachelor,0.6827,0.0,0.7979940881060537,1,Cao
225247,TX,Tư thục phi lợi nhuận,Bachelor,0.4956,0.0,0.23480677867425634,0,Thấp
225308,TX,Công lập,Associate,0.2395,1.0,0.8348391359306753,1,Cao
225371,TX,Công lập,Associate,0.2804,1.0,0.9717809719513628,1,Cao
225399,TX,Tư thục phi lợi nhuận,Bachelor,0.498,0.0,0.06288077599232565,0,Thấp
225414,TX,Công lập,Bachelor,0.5085,0.0,0.4887353110866293,0,Trung bình
225423,TX,Công lập,Associate,0.1697,1.0,0.9199606070238161,1,Cao
225432,TX,Công lập,Bachelor,0.3376,1.0,0.7945620680812585,1,Cao
225502,TX,Công lập,Bachelor,0.2652,1.0,0.8192159543127151,1,Cao
225511,TX,Công lập,Bachelor,0.6492,0.0,0.03566316083709466,0,Thấp
225520,TX,Công lập,Associate,0.3571,1.0,0.9681135451583794,1,Cao
225548,TX,Tư thục phi lợi nhuận,Bachelor,0.3112,1.0,0.4168664229793839,0,Trung bình
225575,TX,Tư thục phi lợi nhuận,Bachelor,0.3607,1.0,0.8887337176344908,1,Cao
225627,TX,Tư thục phi lợi nhuận,Bachelor,0.5184,0.0,0.07050802291566337,0,Thấp
225876,TX,Tư thục phi lợi nhuận,Associate,0.4202,0.0,0.9381522692110976,1,Cao
225885,TX,Tư thục phi lợi nhuận,Bachelor,0.1508,1.0,0.8924093970102974,1,Cao
225991,TX,Tư thục vì lợi nhuận,Associate,0.72,0.0,0.5999086813354176,1,Trung bình
226019,TX,Công lập,Associate,0.3333,1.0,0.945049102818175,1,Cao
226091,TX,Công lập,Bachelor,0.3718,1.0,0.6793936923991077,1,Trung bình
226107,TX,Công lập,Chứng chỉ,0.3123,1.0,0.7502804167026629,1,Cao
226116,TX,Công lập,Associate,0.302,1.0,0.955706218149567,1,Cao
226134,TX,Công lập,Associate,0.3054,1.0,0.80747969113967,1,Cao
226152,TX,Công lập,Bachelor,0.4892,0.0,0.583541967362667,1,Trung bình
226204,TX,Công lập,Chứng chỉ,0.1881,1.0,0.7928429417949998,1,Cao
226231,TX,Tư thục phi lợi nhuận,Bachelor,0.6111,0.0,0.046961354395059676,0,Thấp
226277,TX,Tư thục vì lợi nhuận,Chứng chỉ,0.7237,0.0,0.04192731422286439,0,Thấp
226383,TX,Tư thục phi lợi nhuận,Bachelor,0.4871,0.0,0.18792191385694215,0,Thấp
226408,TX,Công lập,Associate,0.2825,1.0,0.9304691441857182,1,Cao
226471,TX,Tư thục phi lợi nhuận,Bachelor,0.534,0.0,0.11704092092936755,0,Thấp
226578,TX,Công lập,Associate,0.3528,1.0,0.9028587871687709,1,Cao
226587,TX,Tư thục phi lợi nhuận,Bachelor,0.3862,1.0,0.34854374696044566,0,Thấp
226806,TX,Công lập,Chứng chỉ,0.1713,1.0,0.5612768098889303,1,Trung bình
226833,TX,Công lập,Bachelor,0.4128,0.0,0.5178183957537397,1,Trung bình
226860,TX,Tư thục vì lợi nhuận,Chứng chỉ,0.9091,0.0,0.10519364325103332,0,Thấp
226879,TX,Tư thục vì lợi nhuận,Associate,0.4545,0.0,0.4863430987161347,0,Trung bình
226903,TX,Tư thục vì lợi nhuận,Chứng chỉ,0.5155,0.0,0.256750584483782,0,Thấp
227058,TX,Tư thục vì lợi nhuận,Chứng chỉ,0.4091,0.0,0.2903442504903197,0,Thấp
227146,TX,Công lập,Associate,0.2395,1.0,0.9207279486667286,1,Cao
227182,TX,Công lập,Associate,0.185,1.0,0.8193280084389261,1,Cao
227216,TX,Công lập,Bachelor,0.5957,0.0,0.0767195672308176,0,Thấp
227225,TX,Công lập,Associate,0.3253,1.0,0.9510687447508177,1,Cao
227298,TX,Tư thục vì lợi nhuận,Chứng chỉ,0.8429,0.0,0.07500028264515221,0,Thấp
227304,TX,Công lập,Associate,0.2794,1.0,0.9702114045836655,1,Cao
227313,TX,Tư thục vì lợi nhuận,Chứng chỉ,0.5498,0.0,0.0440947372514021,0,Thấp
227322,TX,Tư thục vì lợi nhuận,Chứng chỉ,0.6678,0.0,0.09341420396147741,0,Thấp
227331,TX,Tư thục phi lợi nhuận,Bachelor,0.4243,0.0,0.5115434836069218,1,Trung bình
227368,TX,Công lập,Bachelor,0.4927,0.0,0.2550487564410698,0,Thấp
227377,TX,Công lập,Associate,0.2679,1.0,0.9526368977475747,1,Cao
227386,TX,Công lập,Associate,0.408,0.0,0.9783077638922504,1,Cao
227401,TX,Công lập,Chứng chỉ,0.3662,1.0,0.8313816531934984,1,Cao
227429,TX,Tư thục phi lợi nhuận,Bachelor,0.381,1.0,0.892628202680242,1,Cao
227526,TX,Công lập,Bachelor,0.4322,0.0,0.23897684295353736,0,Thấp
227687,TX,Công lập,Associate,0.3462,1.0,0.9631128208831018,1,Cao
227748,TX,Tư thục vì lợi nhuận,Chứng chỉ,0.5185,0.0,0.03025234306219754,0,Thấp
227757,TX,Tư thục phi lợi nhuận,Bachelor,0.9569,0.0,0.005868510675519574,0,Thấp
227845,TX,Tư thục phi lợi nhuận,Bachelor,0.6418,0.0,0.003977623126143194,0,Thấp
227854,TX,Công lập,Chứng chỉ,0.3453,1.0,0.7138631518748778,1,Cao
227863,TX,Tư thục phi lợi nhuận,Bachelor,0.6862,0.0,0.14025402476660553,0,Thấp
227881,TX,Công lập,Bachelor,0.5507,0.0,0.18261104919245408,0,Thấp
227924,TX,Công lập,Associate,0.2206,1.0,0.8593016620389645,1,Cao
227979,TX,Công lập,Associate,0.3439,1.0,0.9033471697457943,1,Cao
228042,TX,Tư thục phi lợi nhuận,Bachelor,0.437,0.0,0.03669214011937376,0,Thấp
228088,TX,Tư thục vì lợi nhuận,Chứng chỉ,0.5333,0.0,0.04054269772534065,0,Thấp
228149,TX,Tư thục phi lợi nhuận,Bachelor,0.5879,0.0,0.0392862162873352,0,Thấp
228158,TX,Công lập,Associate,0.252,1.0,0.9797125794225543,1,Cao
228185,TX,Tư thục vì lợi nhuận,Chứng chỉ,1.0,0.0,0.6178052897303732,1,Trung bình
228200,TX,Tư thục vì lợi nhuận,Chứng chỉ,0.7863,0.0,0.04431184455560014,0,Thấp
228219,TX,Tư thục vì lợi nhuận,Chứng chỉ,0.7913,0.0,0.307895718370164,0,Thấp
228246,TX,Tư thục phi lợi nhuận,Bachelor,0.8325,0.0,0.020993670438362578,0,Thấp
228282,TX,Tư thục vì lợi nhuận,Chứng chỉ,0.6507,0.0,0.07160394569143126,0,Thấp
228316,TX,Công lập,Associate,0.3333,1.0,0.9273103523738854,1,Cao
228325,TX,Tư thục phi lợi nhuận,Bachelor,0.3553,1.0,0.17902617146139574,0,Thấp
228343,TX,Tư thục phi lợi nhuận,Bachelor,0.6934,0.0,0.0013201430139311075,0,Thấp
228431,TX,Công lập,Bachelor,0.5175,0.0,0.24612424753817067,0,Thấp
228459,TX,Công lập,Bachelor,0.5617,0.0,0.07206934420819813,0,Thấp
228468,TX,Tư thục phi lợi nhuận,Bachelor,0.4109,0.0,0.3318572726855391,0,Thấp
228486,TX,Tư thục phi lợi nhuận,Associate,0.4918,0.0,0.5706839836289981,1,Trung bình
228501,TX,Công lập,Bachelor,0.2744,1.0,0.8624378175938134,1,Cao
228529,TX,Công lập,Bachelor,0.5123,0.0,0.35909958592432667,0,Thấp
228547,TX,Công lập,Associate,0.256,1.0,0.9074172085678435,1,Cao
228608,TX,Công lập,Associate,0.2707,1.0,0.9277607769909243,1,Cao
228699,TX,Công lập,Associate,0.3619,1.0,0.9682343333568751,1,Cao
228705,TX,Công lập,Bachelor,0.4559,0.0,0.4933825485852037,0,Trung bình
228723,TX,Công lập,Bachelor,0.8378,0.0,0.0174073743271829,0,Thấp
228769,TX,Công lập,Bachelor,0.5652,0.0,0.17262033884926484,0,Thấp
228778,TX,Công lập,Bachelor,0.8764,0.0,0.01738905175583681,0,Thấp
228787,TX,Công lập,Bachelor,0.7083,0.0,0.014443053902272827,0,Thấp
228796,TX,Công lập,Bachelor,0.4595,0.0,0.3148657490979,0,Thấp
228802,TX,Công lập,Bachelor,0.4677,0.0,0.06502244237516233,0,Thấp
228875,TX,Tư thục phi lợi nhuận,Bachelor,0.8561,0.0,0.009140820121402783,0,Thấp
228884,TX,Tư thục phi lợi nhuận,Bachelor,0.1069,1.0,0.7140706372641575,1,Cao
228981,TX,Tư thục phi lợi nhuận,Bachelor,0.5518,0.0,0.0896891430432976,0,Thấp
229018,TX,Công lập,Bachelor,0.4298,0.0,0.706606910715153,1,Cao
229027,TX,Công lập,Bachelor,0.5119,0.0,0.0963233079814145,0,Thấp
229063,TX,Công lập,Bachelor,0.1989,1.0,0.7652999834167068,1,Cao
229115,TX,Công lập,Bachelor,0.6747,0.0,0.02707771168775699,0,Thấp
229160,TX,Tư thục phi lợi nhuận,Bachelor,0.3235,1.0,0.1720140017938653,0,Thấp
229179,TX,Công lập,Bachelor,0.4421,0.0,0.5087631970788362,1,Trung bình
229267,TX,Tư thục phi lợi nhuận,Bachelor,0.8193,0.0,0.001074406318569791,0,Thấp
229355,TX,Công lập,Associate,0.2669,1.0,0.9376842812978624,1,Cao
229416,TX,Tư thục vì lợi nhuận,Associate,0.5666,0.0,0.29267196073236407,0,Thấp
229425,TX,Tư thục vì lợi nhuận,Chứng chỉ,0.7619,0.0,0.10122206288951904,0,Thấp
229504,TX,Công lập,Chứng chỉ,0.1844,1.0,0.8265731614484197,1,Cao
229522,TX,Tư thục vì lợi nhuận,Chứng chỉ,0.3265,1.0,0.04762673870521086,0,Thấp
229540,TX,Công lập,Associate,0.2476,1.0,0.9662094140017783,1,Cao
229656,TX,Tư thục vì lợi nhuận,Chứng chỉ,0.55,0.0,0.08851079564059876,0,Thấp
229780,TX,Tư thục phi lợi nhuận,Bachelor,0.1919,1.0,0.832290438059406,1,Cao
229799,TX,Công lập,Associate,0.2283,1.0,0.8410906196367217,1,Cao
229814,TX,Công lập,Bachelor,0.4731,0.0,0.4782457379367449,0,Trung bình
229832,TX,Công lập,Associate,0.5854,0.0,0.8681226649619548,1,Cao
229841,TX,Công lập,Associate,0.1961,1.0,0.8107824316507547,1,Cao
229887,TX,Tư thục phi lợi nhuận,Bachelor,0.2,1.0,0.8128602172357883,1,Cao
230010,UT,Công lập,Chứng chỉ,0.6502,0.0,0.04581633895406007,0,Thấp
230038,UT,Tư thục phi lợi nhuận,Bachelor,0.8221,0.0,0.12200037616580954,0,Thấp
230047,HI,Tư thục phi lợi nhuận,Bachelor,0.5439,0.0,0.829960776189546,1,Cao
230065,UT,Tư thục vì lợi nhuận,Chứng chỉ,0.8065,0.0,0.07804550966014966,0,Thấp
230144,UT,Tư thục vì lợi nhuận,Chứng chỉ,0.6964,0.0,0.029329096645488936,0,Thấp
230162,UT,Công lập,Chứng chỉ,0.5882,0.0,0.219385268831586,0,Thấp
230171,UT,Công lập,Chứng chỉ,0.3421,1.0,0.5117127725567175,1,Trung bình
230199,UT,Tư thục vì lợi nhuận,Chứng chỉ,0.8491,0.0,0.05001753689945275,0,Thấp
230205,UT,Tư thục vì lợi nhuận,Chứng chỉ,0.9286,0.0,0.0871580187572525,0,Thấp
230214,UT,Tư thục vì lợi nhuận,Chứng chỉ,0.5,0.0,0.03462765155862209,0,Thấp
230366,UT,Tư thục vì lợi nhuận,Bachelor,0.5278,0.0,0.3584804379401252,0,Thấp
230418,UT,Tư thục phi lợi nhuận,Chứng chỉ,0.3109,1.0,0.885137057457616,1,Cao
230490,UT,Công lập,Chứng chỉ,0.5542,0.0,0.10162592528499505,0,Thấp
230597,UT,Công lập,Associate,0.4665,0.0,0.9591123146577938,1,Cao
230603,UT,Công lập,Associate,0.5899,0.0,0.49641891327081117,0,Trung bình
230676,UT,Công lập,Chứng chỉ,0.9107,0.0,0.02552894851706642,0,Thấp
230728,UT,Công lập,Bachelor,0.5732,0.0,0.32900226730207144,0,Thấp
230737,UT,Công lập,Bachelor,0.4074,0.0,0.6634556184073738,1,Trung bình
230746,UT,Công lập,Associate,0.2973,1.0,0.9678194127128206,1,Cao
230764,UT,Công lập,Bachelor,0.6391,0.0,0.0685003588488046,0,Thấp
230782,UT,Công lập,Associate,0.4298,0.0,0.7000870023621575,1,Cao
230807,UT,Tư thục phi lợi nhuận,Bachelor,0.6936,0.0,0.009340461408278567,0,Thấp
230816,VT,Tư thục phi lợi nhuận,Bachelor,0.6667,0.0,0.0208564148706834,0,Thấp
230852,VT,Tư thục phi lợi nhuận,Bachelor,0.6301,0.0,0.0075680204739821556,0,Thấp
230861,VT,Công lập,Associate,0.2609,1.0,0.9701793377322909,1,Cao
230889,VT,Tư thục phi lợi nhuận,Bachelor,0.75,0.0,0.6966950350215583,1,Trung bình
230959,VT,Tư thục phi lợi nhuận,Bachelor,0.9259,0.0,0.025741115965523354,0,Thấp
230995,VT,Tư thục phi lợi nhuận,Bachelor,0.6103,0.0,0.013674243492511203,0,Thấp
231004,VT,Tư thục vì lợi nhuận,Chứng chỉ,0.6852,0.0,0.0707027306011255,0,Thấp
231059,VT,Tư thục phi lợi nhuận,Bachelor,0.6887,0.0,0.0025758004452003454,0,Thấp
231095,VT,Tư thục phi lợi nhuận,Bachelor,0.4286,0.0,0.12475597273684993,0,Thấp
231165,VT,Công lập,Bachelor,0.4894,0.0,0.524529389927255,1,Trung bình
231174,VT,Công lập,Bachelor,0.7856,0.0,0.03704766759991965,0,Thấp
231280,VA,Tư thục vì lợi nhuận,Chứng chỉ,0.3913,1.0,0.047345351860507964,0,Thấp
231411,VA,Tư thục vì lợi nhuận,Chứng chỉ,0.7299,0.0,0.021127160405669042,0,Thấp
231420,VA,Tư thục phi lợi nhuận,Bachelor,0.4357,0.0,0.12623304093833024,0,Thấp
231536,VA,Công lập,Chứng chỉ,0.3374,1.0,0.6744459626044441,1,Trung bình
231554,VA,Tư thục phi lợi nhuận,Bachelor,0.2714,1.0,0.6687053807852557,1,Trung bình
231581,VA,Tư thục phi lợi nhuận,Bachelor,0.4944,0.0,0.004162971431836613,0,Thấp
231624,VA,Công lập,Bachelor,0.9101,0.0,0.027921770619063514,0,Thấp
231651,VA,Tư thục phi lợi nhuận,Bachelor,0.5409,0.0,0.3660811054322189,0,Thấp
231688,VA,Công lập,Chứng chỉ,0.7647,0.0,0.2145509621751512,0,Thấp
231697,VA,Công lập,Chứng chỉ,0.4128,0.0,0.5801365782979786,1,Trung bình
231712,VA,Công lập,Bachelor,0.7508,0.0,0.043486371621268775,0,Thấp
231785,VA,Tư thục phi lợi nhuận,Associate,0.281,1.0,0.9274644352858346,1,Cao
231873,VA,Công lập,Chứng chỉ,0.4569,0.0,0.6168791706160641,1,Trung bình
231882,VA,Công lập,Chứng chỉ,0.3813,1.0,0.6546747135469813,1,Trung bình
232016,VA,Tư thục vì lợi nhuận,Chứng chỉ,0.5,0.0,0.12842960803649606,0,Thấp
232025,VA,Tư thục phi lợi nhuận,Bachelor,0.5375,0.0,0.0980890840996515,0,Thấp
232043,VA,Tư thục phi lợi nhuận,Bachelor,0.4709,0.0,0.00784668268021947,0,Thấp
232052,VA,Công lập,Chứng chỉ,0.3623,1.0,0.5337415796710253,1,Trung bình
232089,VA,Tư thục phi lợi nhuận,Bachelor,0.2886,1.0,0.18909752255943532,0,Thấp
232186,VA,Công lập,Bachelor,0.6932,0.0,0.02681068604097484,0,Thấp
232195,VA,Công lập,Associate,0.3681,1.0,0.8595626811855607,1,Cao
232256,VA,Tư thục phi lợi nhuận,Bachelor,0.6527,0.0,0.001952949030019757,0,Thấp
232265,VA,Tư thục phi lợi nhuận,Bachelor,0.5567,0.0,0.0766656559770774,0,Thấp
232308,VA,Tư thục phi lợi nhuận,Bachelor,0.6968,0.0,0.005673467518545868,0,Thấp
232414,VA,Công lập,Associate,0.3027,1.0,0.9370874456447112,1,Cao
232423,VA,Công lập,Bachelor,0.8089,0.0,0.045499848448474024,0,Thấp
232450,VA,Công lập,Associate,0.3871,1.0,0.9250741194149481,1,Cao
232557,VA,Tư thục phi lợi nhuận,Bachelor,0.6348,0.0,0.26961339211032104,0,Thấp
232566,VA,Công lập,Bachelor,0.616,0.0,0.12350874568687115,0,Thấp
232575,VA,Công lập,Associate,0.3879,1.0,0.8890405927730645,1,Cao
232609,VA,Tư thục phi lợi nhuận,Bachelor,0.6162,0.0,0.0181029765548909,0,Thấp
232618,VA,Tư thục phi lợi nhuận,Associate,1.0,0.0,0.45384670579566844,0,Trung bình
232672,VA,Tư thục phi lợi nhuận,Bachelor,0.5566,0.0,0.4491666357510534,0,Trung bình
232681,VA,Công lập,Bachelor,0.6738,0.0,0.062240532679751145,0,Thấp
232706,VA,Tư thục phi lợi nhuận,Bachelor,0.5789,0.0,0.0194130978721787,0,Thấp
232788,VA,Công lập,Chứng chỉ,0.5302,0.0,0.5538533971671245,1,Trung bình
232797,VA,Tư thục vì lợi nhuận,Chứng chỉ,0.2632,1.0,0.2890987096375648,0,Thấp
232867,VA,Công lập,Associate,0.4384,0.0,0.8680725238465925,1,Cao
232919,VA,Tư thục vì lợi nhuận,Chứng chỉ,0.7407,0.0,0.09848278755272728,0,Thấp
232937,VA,Công lập,Bachelor,0.3267,1.0,0.36280535404949876,0,Thấp
232946,VA,Công lập,Associate,0.3725,1.0,0.6478881125291797,1,Trung bình
232982,VA,Công lập,Bachelor,0.4435,0.0,0.1723314971575168,0,Thấp
233019,VA,Công lập,Associate,0.4535,0.0,0.9097931101500785,1,Cao
233037,VA,Công lập,Chứng chỉ,0.2247,1.0,0.8063033354800258,1,Cao
233116,VA,Công lập,Associate,0.3511,1.0,0.9063554495040873,1,Cao
233277,VA,Công lập,Bachelor,0.4962,0.0,0.14076082834350606,0,Thấp
233286,VA,Tư thục vì lợi nhuận,Chứng chỉ,0.4054,0.0,0.26140780302309463,0,Thấp
233295,VA,Tư thục phi lợi nhuận,Bachelor,0.746,0.0,0.0015603507632067901,0,Thấp
233301,VA,Tư thục phi lợi nhuận,Bachelor,0.5149,0.0,0.33065449974221134,0,Thấp
233310,VA,Công lập,Chứng chỉ,0.3952,1.0,0.8033797990687536,1,Cao
233329,VA,Tư thục vì lợi nhuận,Chứng chỉ,0.3256,1.0,0.47724900475794285,0,Trung bình
233338,VA,Công lập,Associate,0.2089,1.0,0.7803205504330407,1,Cao
233374,VA,Tư thục phi lợi nhuận,Bachelor,0.8784,0.0,0.007708976964945353,0,Thấp
233408,VA,Tư thục phi lợi nhuận,Associate,0.625,0.0,0.18649260922100133,0,Thấp
233426,VA,Tư thục phi lợi nhuận,Bachelor,0.6589,0.0,0.01407937334667681,0,Thấp
233541,VA,Tư thục phi lợi nhuận,Bachelor,0.7055,0.0,0.012263139631101996,0,Thấp
233602,NC,Tư thục phi lợi nhuận,Bachelor,0.5455,0.0,0.32537872480101504,0,Thấp
233611,VA,Tư thục phi lợi nhuận,Bachelor,0.3829,1.0,0.19129667813574652,0,Thấp
233639,VA,Công lập,Chứng chỉ,0.3473,1.0,0.7837285696055354,1,Cao
233648,VA,Công lập,Chứng chỉ,0.4378,0.0,0.7542304110251496,1,Cao
233666,VA,Tư thục vì lợi nhuận,Chứng chỉ,0.7143,0.0,0.15337051336944407,0,Thấp
233684,VA,Tư thục vì lợi nhuận,Bachelor,0.1333,1.0,0.9631340880508786,1,Cao
233718,VA,Tư thục phi lợi nhuận,Bachelor,0.481,0.0,0.10306507427045623,0,Thấp
233754,VA,Công lập,Associate,0.3414,1.0,0.9533101226625591,1,Cao
233772,VA,Công lập,Associate,0.3015,1.0,0.9519803447588675,1,Cao
233897,VA,Công lập,Bachelor,0.4981,0.0,0.5073958912495383,1,Trung bình
233903,VA,Công lập,Chứng chỉ,0.4173,0.0,0.7708254408599136,1,Cao
233921,VA,Công lập,Bachelor,0.8628,0.0,0.034093579984651484,0,Thấp
233949,VA,Công lập,Associate,0.4057,0.0,0.9080298190822166,1,Cao
234030,VA,Công lập,Bachelor,0.6538,0.0,0.02586402382139593,0,Thấp
234076,VA,Công lập,Bachelor,0.953,0.0,0.036688639424205874,0,Thấp
234085,VA,Công lập,Bachelor,0.818,0.0,0.08541952468874477,0,Thấp
234119,VA,Tư thục vì lợi nhuận,Chứng chỉ,0.45,0.0,0.10350017361336725,0,Thấp
234137,VA,Tư thục phi lợi nhuận,Bachelor,0.2609,1.0,0.7183777039963833,1,Cao
234155,VA,Công lập,Bachelor,0.4072,0.0,0.43681648631735837,0,Trung bình
234164,VA,Tư thục phi lợi nhuận,Bachelor,0.4133,0.0,0.7308064362973196,1,Cao
234173,VA,Tư thục phi lợi nhuận,Bachelor,0.4905,0.0,0.040639562981046054,0,Thấp
234207,VA,Tư thục phi lợi nhuận,Bachelor,0.949,0.0,0.021729036704207564,0,Thấp
234377,VA,Công lập,Associate,0.4527,0.0,0.9118964641300675,1,Cao
234669,WA,Công lập,Associate,0.335,1.0,0.8141792581464664,1,Cao
234696,WA,Công lập,Associate,0.4545,0.0,0.8228041805737527,1,Cao
234711,WA,Công lập,Associate,0.3667,1.0,0.7620860299068386,1,Cao
234827,WA,Công lập,Bachelor,0.4985,0.0,0.38975874386182485,0,Thấp
234845,WA,Công lập,Associate,0.4582,0.0,0.8121301858611145,1,Cao
234915,WA,Tư thục phi lợi nhuận,Bachelor,0.1667,1.0,0.9236737126685453,1,Cao
234924,WA,Tư thục vì lợi nhuận,Chứng chỉ,0.616,0.0,0.05076288777278433,0,Thấp
234933,WA,Công lập,Associate,0.3574,1.0,0.7527168326537016,1,Cao
234951,WA,Công lập,Associate,0.4066,0.0,0.733056826367158,1,Cao
234979,WA,Công lập,Associate,0.2765,1.0,0.7240624044206161,1,Cao
235024,WA,Tư thục phi lợi nhuận,Bachelor,0.5198,0.0,0.043121835578395135,0,Thấp
235088,WA,Tư thục vì lợi nhuận,Chứng chỉ,0.9308,0.0,0.10015555286736412,0,Thấp
235097,WA,Công lập,Bachelor,0.4721,0.0,0.39463895055275466,0,Thấp
235103,WA,Công lập,Associate,0.3315,1.0,0.7363303380420744,1,Cao
235149,WA,Công lập,Associate,0.3826,1.0,0.8319579547428889,1,Cao
235167,WA,Công lập,Bachelor,0.4356,0.0,0.49974569525600826,0,Trung bình
235237,WA,Công lập,Associate,0.3122,1.0,0.7805734743327666,1,Cao
235307,WA,Tư thục vì lợi nhuận,Chứng chỉ,0.6709,0.0,0.027786789412181687,0,Thấp
235316,WA,Tư thục phi lợi nhuận,Bachelor,0.8687,0.0,0.004961854335177797,0,Thấp
235334,WA,Công lập,Associate,0.3156,1.0,0.8138827543642801,1,Cao
235343,WA,Công lập,Associate,0.4121,0.0,0.7693503268327468,1,Cao
235352,WA,Tư thục vì lợi nhuận,Chứng chỉ,0.8571,0.0,0.04584964039598219,0,Thấp
235422,WA,Tư thục phi lợi nhuận,Bachelor,0.3981,1.0,0.9124479748194794,1,Cao
235431,WA,Công lập,Associate,0.3862,1.0,0.7486650185689278,1,Cao
235501,WA,Tư thục vì lợi nhuận,Chứng chỉ,0.7152,0.0,0.24388205260399962,0,Thấp
235671,WA,Công lập,Chứng chỉ,0.2989,1.0,0.545503959818363,1,Trung bình
235699,WA,Công lập,Chứng chỉ,0.3985,1.0,0.3738132007016284,0,Thấp
235750,WA,Công lập,Associate,0.25,1.0,0.778907947611904,1,Cao
236018,WA,Tư thục vì lợi nhuận,Chứng chỉ,0.9091,0.0,0.2382389144109725,0,Thấp
236072,WA,Công lập,Chứng chỉ,0.3243,1.0,0.37821914316239763,0,Thấp
236133,WA,Tư thục phi lợi nhuận,Bachelor,0.6349,0.0,0.06710356852876115,0,Thấp
236188,WA,Công lập,Associate,0.3403,1.0,0.8252139808184684,1,Cao
236212,WA,Tư thục phi lợi nhuận,Chứng chỉ,0.7687,0.0,0.04254922009047947,0,Thấp
236230,WA,Tư thục phi lợi nhuận,Bachelor,0.7099,0.0,0.002661245270236185,0,Thấp
236258,WA,Công lập,Associate,0.4063,0.0,0.8666964011474688,1,Cao
236328,WA,Tư thục phi lợi nhuận,Bachelor,0.6791,0.0,0.009710225982224763,0,Thấp
236382,WA,Công lập,Chứng chỉ,0.55,0.0,0.24834517582998422,0,Thấp
236452,WA,Tư thục phi lợi nhuận,Bachelor,0.5709,0.0,0.009229263111769697,0,Thấp
236504,WA,Công lập,Associate,0.2625,1.0,0.7762048820893247,1,Cao
236513,WA,Công lập,Associate,0.3141,1.0,0.784353748060266,1,Cao
236577,WA,Tư thục phi lợi nhuận,Bachelor,0.6215,0.0,0.01229545687065955,0,Thấp
236595,WA,Tư thục phi lợi nhuận,Bachelor,0.7331,0.0,0.0025805337368332245,0,Thấp
236610,WA,Công lập,Associate,0.3242,1.0,0.9580823608321375,1,Cao
236638,WA,Công lập,Associate,0.336,1.0,0.7876735804295667,1,Cao
236656,WA,Công lập,Associate,0.42,0.0,0.9148803107710789,1,Cao
236692,WA,Công lập,Associate,0.3726,1.0,0.8565587055641402,1,Cao
236708,WA,Công lập,Associate,0.3039,1.0,0.8525830394147723,1,Cao
236744,WA,Tư thục vì lợi nhuận,Chứng chỉ,0.5172,0.0,0.14381880756489843,0,Thấp
236753,WA,Công lập,Associate,0.3277,1.0,0.7829147608631035,1,Cao
236887,WA,Công lập,Associate,0.4746,0.0,0.7485322359334499,1,Cao
236896,WA,Tư thục phi lợi nhuận,Bachelor,0.6416,0.0,0.05265518866686384,0,Thấp
236939,WA,Công lập,Bachelor,0.6164,0.0,0.056835279709948776,0,Thấp
236948,WA,Công lập,Bachelor,0.837,0.0,0.02829755692398795,0,Thấp
236975,WA,Công lập,Associate,0.3955,1.0,0.7455428922558509,1,Cao
237011,WA,Công lập,Bachelor,0.6555,0.0,0.10383608165246633,0,Thấp
237039,WA,Công lập,Associate,0.3643,1.0,0.7259323492331423,1,Cao
237057,WA,Tư thục phi lợi nhuận,Bachelor,0.8098,0.0,0.016205266220104392,0,Thấp
237066,WA,Tư thục phi lợi nhuận,Bachelor,0.6839,0.0,0.004294722170325997,0,Thấp
237109,WA,Công lập,Associate,0.3377,1.0,0.8046051332657527,1,Cao
237127,KY,Tư thục vì lợi nhuận,Chứng chỉ,0.6471,0.0,0.16980229214879353,0,Thấp
237136,WV,Tư thục phi lợi nhuận,Bachelor,0.7561,0.0,0.20522948236359975,0,Thấp
237145,WV,Tư thục phi lợi nhuận,Chứng chỉ,1.0,0.0,0.2822874033065649,0,Thấp
237172,WV,Công lập,Chứng chỉ,0.7,0.0,0.08288433680206889,0,Thấp
237181,WV,Tư thục phi lợi nhuận,Bachelor,0.4625,0.0,0.24795558707116808,0,Thấp
237215,WV,Công lập,Bachelor,0.3456,1.0,0.6336066557771333,1,Trung bình
237242,WV,Công lập,Chứng chỉ,0.7917,0.0,0.5166876098834611,1,Trung bình
237303,WV,Tư thục vì lợi nhuận,Chứng chỉ,0.5,0.0,0.18461552385383206,0,Thấp
237312,WV,Tư thục phi lợi nhuận,Bachelor,0.4633,0.0,0.24230235595749938,0,Thấp
237321,WV,Tư thục vì lợi nhuận,Chứng chỉ,0.75,0.0,0.07836389263738457,0,Thấp
237330,WV,Công lập,Bachelor,0.4225,0.0,0.7025562819415236,1,Cao
237358,WV,Tư thục phi lợi nhuận,Bachelor,0.366,1.0,0.32453221752730366,0,Thấp
237367,WV,Công lập,Bachelor,0.4832,0.0,0.6585531322146995,1,Trung bình
237385,WV,Công lập,Bachelor,0.3549,1.0,0.6744801152448313,1,Trung bình
237437,WV,Tư thục phi lợi nhuận,Associate,0.125,1.0,0.5989213655637541,1,Trung bình
237473,WV,Công lập,Chứng chỉ,0.8889,0.0,0.0612943479334057,0,Thấp
237491,WV,Công lập,Chứng chỉ,0.8824,0.0,0.560128363887174,1,Trung bình
237525,WV,Công lập,Bachelor,0.4869,0.0,0.1716314180840279,0,Thấp
237543,WV,Công lập,Chứng chỉ,0.8214,0.0,0.11353647834969685,0,Thấp
237561,WV,Công lập,Chứng chỉ,0.8846,0.0,0.09212368336177913,0,Thấp
237570,WV,Tư thục vì lợi nhuận,Chứng chỉ,0.7692,0.0,0.042639305751911,0,Thấp
237686,WV,Công lập,Associate,0.3061,1.0,0.893086071922104,1,Cao
237701,WV,Công lập,Associate,0.2598,1.0,0.8027857302139858,1,Cao
237729,WV,Công lập,Chứng chỉ,0.7833,0.0,0.06608026302913465,0,Thấp
237783,WV,Tư thục vì lợi nhuận,Bachelor,0.273,1.0,0.8814956389350781,1,Cao
237792,WV,Công lập,Bachelor,0.4949,0.0,0.4417713798071272,0,Trung bình
237817,WV,Công lập,Associate,0.25,1.0,0.9462634318368275,1,Cao
237844,WV,Công lập,Chứng chỉ,0.9909,0.0,0.050030942804806834,0,Thấp
237899,WV,Công lập,Bachelor,0.3351,1.0,0.6834593298619548,1,Trung bình
237932,WV,Công lập,Bachelor,0.6062,0.0,0.4009244255534664,0,Trung bình
237950,WV,Công lập,Bachelor,0.3612,1.0,0.667665879442192,1,Trung bình
237969,WV,Tư thục phi lợi nhuận,Bachelor,0.4945,0.0,0.12692911787323558,0,Thấp
237987,WV,Tư thục vì lợi nhuận,Associate,0.766,0.0,0.1436050668925865,0,Thấp
237996,WV,Tư thục vì lợi nhuận,Associate,0.5904,0.0,0.41785228966772536,0,Trung bình
238005,WV,Tư thục vì lợi nhuận,Chứng chỉ,0.7647,0.0,0.05166084254871068,0,Thấp
238014,WV,Công lập,Associate,0.2961,1.0,0.9635193015392917,1,Cao
238032,WV,Công lập,Bachelor,0.612,0.0,0.05427464448971163,0,Thấp
238078,WV,Tư thục phi lợi nhuận,Bachelor,0.3204,1.0,0.3712913646494938,0,Thấp
238175,WI,Tư thục vì lợi nhuận,Chứng chỉ,0.7966,0.0,0.06906206098850998,0,Thấp
238193,WI,Tư thục phi lợi nhuận,Bachelor,0.5051,0.0,0.11065276990438476,0,Thấp
238263,WI,Công lập,Chứng chỉ,0.2626,1.0,0.37062963646237096,0,Thấp
238324,WI,Tư thục phi lợi nhuận,Bachelor,0.7429,0.0,0.07217485554998261,0,Thấp
238333,WI,Tư thục phi lợi nhuận,Bachelor,0.6718,0.0,0.0076719866020120405,0,Thấp
238397,WI,Công lập,Chứng chỉ,0.3011,1.0,0.7200771291962594,1,Cao
238458,WI,Tư thục phi lợi nhuận,Bachelor,0.696,0.0,0.016853650693763055,0,Thấp
238476,WI,Tư thục phi lợi nhuận,Bachelor,0.6051,0.0,0.01742789961581555,0,Thấp
238616,WI,Tư thục phi lợi nhuận,Bachelor,0.6431,0.0,0.0621497721296391,0,Thấp
238661,WI,Tư thục phi lợi nhuận,Bachelor,0.6738,0.0,0.05630901188907703,0,Thấp
238722,WI,Công lập,Chứng chỉ,0.6136,0.0,0.5241070756142028,1,Trung bình
238759,WI,Công lập,Chứng chỉ,0.4661,0.0,0.197636717290574,0,Thấp
238810,WI,Tư thục vì lợi nhuận,Chứng chỉ,0.8182,0.0,0.10069512143433378,0,Thấp
238980,WI,Tư thục phi lợi nhuận,Bachelor,0.5575,0.0,0.3640841517816788,0,Thấp
239008,WI,Công lập,Chứng chỉ,0.4279,0.0,0.4167945000683478,0,Trung bình
239017,WI,Tư thục phi lợi nhuận,Bachelor,0.7642,0.0,0.0032556079335555274,0,Thấp
239071,WI,Tư thục phi lợi nhuận,Bachelor,0.6569,0.0,0.22131021659368652,0,Thấp
239080,WI,Tư thục phi lợi nhuận,Bachelor,0.4119,0.0,0.2649968600228911,0,Thấp
239105,WI,Tư thục phi lợi nhuận,Bachelor,0.8006,0.0,0.0017779281267195355,0,Thấp
239220,WI,Công lập,Chứng chỉ,0.5405,0.0,0.6002072743596242,1,Trung bình
239248,WI,Công lập,Chứng chỉ,0.247,1.0,0.535937183034629,1,Trung bình
239309,WI,Tư thục phi lợi nhuận,Bachelor,0.6327,0.0,0.006168749895428711,0,Thấp
239318,WI,Tư thục phi lợi nhuận,Bachelor,0.7154,0.0,0.0013886238392079944,0,Thấp
239372,WI,Công lập,Chứng chỉ,0.4983,0.0,0.2056767242791975,0,Thấp
239390,WI,Tư thục phi lợi nhuận,Bachelor,0.5887,0.0,0.3958498844429962,0,Thấp
239442,WI,Công lập,Chứng chỉ,0.4535,0.0,0.8396245278224944,1,Cao
239460,WI,Công lập,Chứng chỉ,0.4895,0.0,0.48210235070006535,0,Trung bình
239488,WI,Công lập,Chứng chỉ,0.4614,0.0,0.33956784862277994,0,Thấp
239512,WI,Tư thục phi lợi nhuận,Bachelor,0.4332,0.0,0.007492686053081458,0,Thấp
239628,WI,Tư thục phi lợi nhuận,Bachelor,0.5991,0.0,0.006952283250757474,0,Thấp
239716,WI,Tư thục phi lợi nhuận,Bachelor,0.7357,0.0,0.001589163716746623,0,Thấp
239877,WI,Tư thục vì lợi nhuận,Chứng chỉ,0.55,0.0,0.12566563655488328,0,Thấp
239910,WI,Công lập,Chứng chỉ,0.5407,0.0,0.3524186726007341,0,Thấp
240107,WI,Tư thục phi lợi nhuận,Bachelor,0.6516,0.0,0.1999364057981035,0,Thấp
240116,WI,Công lập,Chứng chỉ,0.4631,0.0,0.4428554848417962,0,Trung bình
240125,WI,Công lập,Chứng chỉ,0.4615,0.0,0.2639243106717539,0,Thấp
240170,WI,Công lập,Chứng chỉ,0.3934,1.0,0.764064916203069,1,Cao
240189,WI,Công lập,Bachelor,0.643,0.0,0.16788375882910406,0,Thấp
240198,WI,Công lập,Chứng chỉ,0.5149,0.0,0.5124208592656929,1,Trung bình
240268,WI,Công lập,Bachelor,0.6756,0.0,0.10276926772946947,0,Thấp
240277,WI,Công lập,Bachelor,0.5309,0.0,0.45857836435121063,0,Trung bình
240329,WI,Công lập,Bachelor,0.7119,0.0,0.10302080650114599,0,Thấp
240338,WI,Tư thục phi lợi nhuận,Bachelor,0.6266,0.0,0.02764941366841512,0,Thấp
240365,WI,Công lập,Bachelor,0.5789,0.0,0.3845039998518082,0,Thấp
240374,WI,Công lập,Bachelor,0.3982,1.0,0.43336735416724215,0,Trung bình
240392,WI,Tư thục phi lợi nhuận,Chứng chỉ,0.2759,1.0,0.7900891410547407,1,Cao
240417,WI,Công lập,Bachelor,0.5253,0.0,0.1870410691267056,0,Thấp
240426,WI,Công lập,Bachelor,0.4412,0.0,0.42423205078529225,0,Trung bình
240444,WI,Công lập,Bachelor,0.8933,0.0,0.02444594134464582,0,Thấp
240453,WI,Công lập,Bachelor,0.5119,0.0,0.22169527737817174,0,Thấp
240462,WI,Công lập,Bachelor,0.6154,0.0,0.158348191389279,0,Thấp
240471,WI,Công lập,Bachelor,0.6088,0.0,0.29804761438481,0,Thấp
240480,WI,Công lập,Bachelor,0.5596,0.0,0.19424420814522095,0,Thấp
240505,WY,Công lập,Associate,0.3914,1.0,0.9277770269992732,1,Cao
240514,WY,Công lập,Associate,0.4043,0.0,0.6631091732973298,1,Trung bình
240596,WY,Công lập,Associate,0.5066,0.0,0.9502333110690693,1,Cao
240620,WY,Công lập,Associate,0.3131,1.0,0.836691128568625,1,Cao
240657,WY,Công lập,Associate,0.4375,0.0,0.7463323668475155,1,Cao
240666,WY,Công lập,Associate,0.4289,0.0,0.9358976353827095,1,Cao
240693,WY,Công lập,Associate,0.3333,1.0,0.9658176076074056,1,Cao
240709,WY,Tư thục vì lợi nhuận,Chứng chỉ,0.7059,0.0,0.17945169301562075,0,Thấp
240718,WY,Tư thục vì lợi nhuận,Chứng chỉ,0.8494,0.0,0.0448993454523465,0,Thấp
240727,WY,Công lập,Bachelor,0.5985,0.0,0.427236047415207,0,Trung bình
240736,AS,Công lập,Associate,0.4774,0.0,0.8817929233634453,1,Cao
240745,GU,Công lập,Associate,0.224,1.0,0.8831597804795349,1,Cao
240754,GU,Công lập,Bachelor,0.4211,0.0,0.48904625316219075,0,Trung bình
240790,MP,Công lập,Associate,0.4216,0.0,0.9661484957191153,1,Cao
240879,PR,Tư thục vì lợi nhuận,Chứng chỉ,0.1404,1.0,0.229717851374567,0,Thấp
241146,PR,Tư thục vì lợi nhuận,Chứng chỉ,0.6869,0.0,0.42798044123281886,0,Trung bình
241182,PR,Tư thục vì lợi nhuận,Chứng chỉ,0.4923,0.0,0.4065456363698112,0,Trung bình
241191,PR,Tư thục phi lợi nhuận,Bachelor,0.4603,0.0,0.7625725651776771,1,Cao
241216,PR,Tư thục phi lợi nhuận,Bachelor,0.3574,1.0,0.6362535600867861,1,Trung bình
241225,PR,Tư thục phi lợi nhuận,Bachelor,0.3789,1.0,0.8013672415638121,1,Cao
241304,PR,Tư thục vì lợi nhuận,Chứng chỉ,0.5386,0.0,0.7380676436262441,1,Cao
241331,PR,Tư thục phi lợi nhuận,Bachelor,0.69,0.0,0.8289655748942053,1,Cao
241377,PR,Tư thục phi lợi nhuận,Chứng chỉ,0.367,1.0,0.8613249574524812,1,Cao
241386,PR,Tư thục phi lợi nhuận,Bachelor,0.44,0.0,0.9747948869072943,1,Cao
241395,PR,Tư thục phi lợi nhuận,Bachelor,0.3919,1.0,0.738711511668481,1,Cao
241410,PR,Tư thục phi lợi nhuận,Bachelor,0.4794,0.0,0.59821185643615,1,Trung bình
241517,PR,Tư thục vì lợi nhuận,Associate,0.2584,1.0,0.8094848558010392,1,Cao
241614,PR,Tư thục phi lợi nhuận,Bachelor,0.2105,1.0,0.9365794508461717,1,Cao
241720,PR,Công lập,Bachelor,0.3013,1.0,0.9500535076764717,1,Cao
241739,PR,Tư thục phi lợi nhuận,Bachelor,0.3111,1.0,0.9264012333916611,1,Cao
241766,PR,Công lập,Bachelor,0.5714,0.0,0.9450019475369836,1,Cao
241836,PR,Tư thục phi lợi nhuận,Associate,0.3727,1.0,0.7687805791118332,1,Cao
241906,PR,Tư thục vì lợi nhuận,Chứng chỉ,0.8598,0.0,0.08639520245237814,0,Thấp
241951,PR,Công lập,Bachelor,0.4493,0.0,0.8470135720207034,1,Cao
242042,PR,Công lập,Associate,0.615,0.0,0.8581619212783098,1,Cao
242112,PR,Tư thục vì lợi nhuận,Chứng chỉ,0.5811,0.0,0.8047772815014835,1,Cao
242121,PR,Tư thục phi lợi nhuận,Associate,0.5493,0.0,0.9382935025216158,1,Cao
242130,PR,Tư thục vì lợi nhuận,Chứng chỉ,0.381,1.0,0.5274667645935263,1,Trung bình
242149,PR,Tư thục vì lợi nhuận,Chứng chỉ,0.4459,0.0,0.6491408041057162,1,Trung bình
242556,PR,Công lập,Associate,0.8675,0.0,0.9448714159367184,1,Cao
242583,PR,Công lập,Associate,0.5467,0.0,0.9849356433501844,1,Cao
242617,PR,Tư thục phi lợi nhuận,Bachelor,0.4272,0.0,0.8231929000630538,1,Cao
242626,PR,Tư thục phi lợi nhuận,Bachelor,0.3871,1.0,0.8885570195429153,1,Cao
242635,PR,Tư thục phi lợi nhuận,Bachelor,0.3537,1.0,0.8880950355133134,1,Cao
242644,PR,Tư thục phi lợi nhuận,Bachelor,0.3837,1.0,0.8497478019212785,1,Cao
242653,PR,Tư thục phi lợi nhuận,Bachelor,0.316,1.0,0.9494486669111972,1,Cao
242662,PR,Tư thục phi lợi nhuận,Bachelor,0.4311,0.0,0.89986022544648,1,Cao
242680,PR,Tư thục phi lợi nhuận,Bachelor,0.3285,1.0,0.9322779537853264,1,Cao
242699,PR,Tư thục phi lợi nhuận,Bachelor,0.3936,1.0,0.8549309076112143,1,Cao
242705,PR,Tư thục phi lợi nhuận,Bachelor,0.3301,1.0,0.9066831892343415,1,Cao
242820,PR,Tư thục vì lợi nhuận,Chứng chỉ,0.6473,0.0,0.09587155788519974,0,Thấp
242945,PR,Tư thục vì lợi nhuận,Chứng chỉ,0.485,0.0,0.03204967896837017,0,Thấp
242954,PR,Tư thục vì lợi nhuận,Chứng chỉ,0.8627,0.0,0.06916896666016392,0,Thấp
242972,PR,Tư thục vì lợi nhuận,Chứng chỉ,0.5618,0.0,0.7187359726807064,1,Cao
243106,PR,Công lập,Bachelor,0.4766,0.0,0.6739294062019194,1,Trung bình
243115,PR,Công lập,Bachelor,0.5068,0.0,0.5532788307951411,1,Trung bình
243133,PR,Công lập,Bachelor,0.3141,1.0,0.5798364434853691,1,Trung bình
243142,PR,Công lập,Bachelor,0.4023,0.0,0.5491113597893215,1,Trung bình
243151,PR,Công lập,Bachelor,0.4861,0.0,0.7089060068155523,1,Cao
243179,PR,Công lập,Bachelor,0.5293,0.0,0.7074083249220467,1,Cao
243188,PR,Công lập,Associate,0.2457,1.0,0.8834928198355896,1,Cao
243197,PR,Công lập,Bachelor,0.4696,0.0,0.6450315747715385,1,Trung bình
243212,PR,Công lập,Bachelor,0.5058,0.0,0.6603806738811566,1,Trung bình
243221,PR,Công lập,Bachelor,0.5248,0.0,0.6526851162091164,1,Trung bình
243346,PR,Tư thục phi lợi nhuận,Bachelor,0.3641,1.0,0.9210236667363475,1,Cao
243443,PR,Tư thục phi lợi nhuận,Bachelor,0.436,0.0,0.8661210841190473,1,Cao
243568,PR,Tư thục phi lợi nhuận,Chứng chỉ,0.5909,0.0,0.2779768829346709,0,Thấp
243577,PR,Tư thục phi lợi nhuận,Bachelor,0.2356,1.0,0.5269032419277783,1,Trung bình
243586,PR,Tư thục phi lợi nhuận,Bachelor,0.4211,0.0,0.689648420378153,1,Trung bình
243601,PR,Tư thục phi lợi nhuận,Bachelor,0.3021,1.0,0.8435720612216563,1,Cao
243638,FM,Công lập,Associate,0.2947,1.0,0.9278526815195968,1,Cao
243647,PW,Công lập,Associate,0.3417,1.0,0.89708253633597,1,Cao
243665,VI,Công lập,Bachelor,0.2857,1.0,0.8133153224792443,1,Cao
243744,CA,Tư thục phi lợi nhuận,Bachelor,0.9282,0.0,2.910365247730072e-05,0,Thấp
243780,IN,Công lập,Bachelor,0.831,0.0,0.052591120478910576,0,Thấp
243799,MA,Công lập,Chứng chỉ,1.0,0.0,0.465700726856596,0,Trung bình
243823,TX,Tư thục phi lợi nhuận,Associate,0.7179,0.0,0.7015829466351955,1,Cao
243832,PR,Tư thục phi lợi nhuận,Associate,0.2362,1.0,0.5295290257633595,1,Trung bình
243841,PR,Tư thục vì lợi nhuận,Chứng chỉ,0.5085,0.0,0.6729769252967616,1,Trung bình
244233,FL,Tư thục vì lợi nhuận,Chứng chỉ,0.8333,0.0,0.08291990353611486,0,Thấp
244279,FL,Tư thục vì lợi nhuận,Chứng chỉ,0.5085,0.0,0.040685379372468106,0,Thấp
244437,GA,Công lập,Associate,0.2221,1.0,0.901307047162129,1,Cao
244446,GA,Công lập,Chứng chỉ,0.3488,1.0,0.8984241121597236,1,Cao
244613,IL,Tư thục vì lợi nhuận,Chứng chỉ,0.7786,0.0,0.24774083101925023,0,Thấp
245281,MS,Tư thục vì lợi nhuận,Chứng chỉ,1.0,0.0,0.1609928805124849,0,Thấp
245625,NJ,Công lập,Associate,0.4768,0.0,0.7877554054120235,1,Cao
245652,NM,Tư thục phi lợi nhuận,Bachelor,0.6,0.0,0.005081678947356054,0,Thấp
245953,OK,Tư thục phi lợi nhuận,Bachelor,0.3333,1.0,0.5537706878326235,1,Trung bình
245962,OK,Tư thục vì lợi nhuận,Associate,0.7018,0.0,0.6801322618217129,1,Trung bình
245980,OK,Tư thục vì lợi nhuận,Chứng chỉ,0.7586,0.0,0.15112472481365757,0,Thấp
245999,OK,Công lập,Chứng chỉ,0.6276,0.0,0.2314738723381272,0,Thấp
246017,OK,Công lập,Chứng chỉ,0.93,0.0,0.24547834710918068,0,Thấp
246035,OR,Tư thục vì lợi nhuận,Chứng chỉ,0.4744,0.0,0.25348786196869066,0,Thấp
246354,TX,Công lập,Associate,0.3401,1.0,0.948919524264573,1,Cao
246415,TX,Tư thục vì lợi nhuận,Chứng chỉ,1.0,0.0,0.44574643919996876,0,Trung bình
246460,TX,Tư thục vì lợi nhuận,Chứng chỉ,0.7063,0.0,0.2863187975890902,0,Thấp
246813,GA,Công lập,Chứng chỉ,0.3306,1.0,0.6394448403680204,1,Trung bình
246895,AZ,Công lập,Chứng chỉ,0.5455,0.0,0.08672423553153864,0,Thấp
246974,CA,Tư thục vì lợi nhuận,Chứng chỉ,0.5513,0.0,0.11405952453035995,0,Thấp
247010,ID,Tư thục vì lợi nhuận,Chứng chỉ,0.64,0.0,0.050041154324141704,0,Thấp
247047,ID,Tư thục vì lợi nhuận,Chứng chỉ,0.925,0.0,0.10906740945317317,0,Thấp
247065,KY,Tư thục vì lợi nhuận,Associate,0.303,1.0,0.4690663203582672,0,Trung bình
247153,MI,Tư thục vì lợi nhuận,Chứng chỉ,0.2813,1.0,0.16869647052012493,0,Thấp
247409,MI,Tư thục vì lợi nhuận,Chứng chỉ,0.5341,0.0,0.16838327009694729,0,Thấp
247603,NJ,Công lập,Associate,0.4431,0.0,0.9161614008924115,1,Cao
247649,VT,Tư thục phi lợi nhuận,Associate,0.2651,1.0,0.37275769222547245,0,Thấp
247773,MI,Tư thục phi lợi nhuận,Bachelor,0.4615,0.0,0.5386758142218899,1,Trung bình
247834,TX,Công lập,Associate,0.2181,1.0,0.9286117031453983,1,Cao
247940,KY,Công lập,Chứng chỉ,0.4916,0.0,0.4227738402088358,0,Trung bình
248192,KY,Tư thục vì lợi nhuận,Chứng chỉ,0.5294,0.0,0.3984270601378233,0,Thấp
248527,LA,Tư thục vì lợi nhuận,Chứng chỉ,0.375,1.0,0.31576889812372977,0,Thấp
248606,OK,Công lập,Chứng chỉ,0.7681,0.0,0.02514693032617989,0,Thấp
248624,PA,Công lập,Chứng chỉ,0.7111,0.0,0.08097729593928782,0,Thấp
248633,PA,Công lập,Chứng chỉ,0.4,0.0,0.18881892092444594,0,Thấp
248660,TN,Tư thục vì lợi nhuận,Chứng chỉ,0.4667,0.0,0.1696353258096062,0,Thấp
248703,TX,Tư thục vì lợi nhuận,Chứng chỉ,0.7027,0.0,0.0919441000127172,0,Thấp
248925,TN,Công lập,Chứng chỉ,0.7059,0.0,0.048903172394726996,0,Thấp
248934,VA,Tư thục vì lợi nhuận,Associate,0.447,0.0,0.7403618544311436,1,Cao
249061,IL,Tư thục vì lợi nhuận,Chứng chỉ,0.56,0.0,0.3665443699702295,0,Thấp
249238,TX,Tư thục vì lợi nhuận,Chứng chỉ,0.7416,0.0,0.04428461787373449,0,Thấp
249609,PA,Tư thục vì lợi nhuận,Chứng chỉ,0.5752,0.0,0.15692257195174125,0,Thấp
250027,PA,Tư thục vì lợi nhuận,Chứng chỉ,0.7938,0.0,0.03426493648439437,0,Thấp
250285,PA,Tư thục vì lợi nhuận,Chứng chỉ,0.4444,0.0,0.0502924651529071,0,Thấp
250744,MI,Tư thục vì lợi nhuận,Chứng chỉ,0.313,1.0,0.2754655278450317,0,Thấp
250902,OH,Tư thục vì lợi nhuận,Chứng chỉ,0.9583,0.0,0.3448127090342546,0,Thấp
250993,OK,Công lập,Chứng chỉ,0.5294,0.0,0.18988448403341196,0,Thấp
251260,AL,Công lập,Chứng chỉ,0.27,1.0,0.539614974802511,1,Trung bình
251312,SC,Tư thục vì lợi nhuận,Bachelor,0.0,1.0,0.8653272503903275,1,Cao
260336,MO,Công lập,Chứng chỉ,0.7143,0.0,0.1740426555168585,0,Thấp
260363,PA,Công lập,Chứng chỉ,1.0,0.0,0.10418585427445141,0,Thấp
260372,WI,Công lập,Associate,0.1333,1.0,0.9531612846508599,1,Cao
260664,LA,Tư thục vì lợi nhuận,Chứng chỉ,0.7856,0.0,0.10341574637041338,0,Thấp
260691,AZ,Tư thục vì lợi nhuận,Associate,0.6291,0.0,0.15153145728908846,0,Thấp
260789,CA,Tư thục vì lợi nhuận,Associate,0.6225,0.0,0.40942927597505924,0,Trung bình
260813,CO,Tư thục vì lợi nhuận,Bachelor,0.2,1.0,0.238673619461207,0,Thấp
260929,ID,Tư thục vì lợi nhuận,Chứng chỉ,0.7426,0.0,0.07062668550709529,0,Thấp
260965,IL,Tư thục vì lợi nhuận,Chứng chỉ,0.6316,0.0,0.07506807558415633,0,Thấp
260992,IL,Tư thục vì lợi nhuận,Associate,0.3373,1.0,0.5736195765947284,1,Trung bình
261436,MI,Tư thục vì lợi nhuận,Chứng chỉ,0.6686,0.0,0.025026464327175924,0,Thấp
261676,MI,Tư thục vì lợi nhuận,Chứng chỉ,0.6552,0.0,0.5257710217920775,1,Trung bình
261685,MI,Tư thục vì lợi nhuận,Chứng chỉ,0.5349,0.0,0.22903813933718628,0,Thấp
261719,MI,Tư thục vì lợi nhuận,Chứng chỉ,0.5427,0.0,0.33563902204065255,0,Thấp
261773,MO,Công lập,Chứng chỉ,0.7333,0.0,0.3895476111334076,0,Thấp
262031,MO,Công lập,Associate,0.2303,1.0,0.9651157538267443,1,Cao
262086,CA,Công lập,Bachelor,0.0,1.0,0.8933271255971573,1,Cao
262129,FL,Công lập,Bachelor,0.6181,0.0,0.6639170102602114,1,Trung bình
262165,MT,Tư thục phi lợi nhuận,Chứng chỉ,0.5714,0.0,0.283978228566774,0,Thấp
262341,AZ,Tư thục vì lợi nhuận,Chứng chỉ,0.6479,0.0,0.01646097046068781,0,Thấp
262369,CA,Tư thục vì lợi nhuận,Chứng chỉ,0.6512,0.0,0.026921566262782283,0,Thấp
262457,CA,Tư thục vì lợi nhuận,Chứng chỉ,0.4895,0.0,0.19392156816521394,0,Thấp
262466,CO,Tư thục phi lợi nhuận,Chứng chỉ,1.0,0.0,0.40176712823292215,0,Trung bình
362700,FL,Tư thục vì lợi nhuận,Chứng chỉ,0.64,0.0,0.218390089321822,0,Thấp
363013,MI,Tư thục vì lợi nhuận,Chứng chỉ,0.7222,0.0,0.1688192742157167,0,Thấp
363147,OH,Tư thục vì lợi nhuận,Chứng chỉ,0.5917,0.0,0.04429575157721478,0,Thấp
363165,OK,Công lập,Chứng chỉ,0.3636,1.0,0.22935132980332518,0,Thấp
363633,NM,Công lập,Associate,0.3868,1.0,0.9912872422087132,1,Cao
363679,MO,Tư thục vì lợi nhuận,Chứng chỉ,0.7368,0.0,0.21451046771239188,0,Thấp
363712,FL,Tư thục phi lợi nhuận,Bachelor,0.3636,1.0,0.32686997196905354,0,Thấp
363882,OH,Tư thục vì lợi nhuận,Chứng chỉ,0.6061,0.0,0.056605393362148926,0,Thấp
363907,PR,Tư thục phi lợi nhuận,Bachelor,0.4167,0.0,0.9874765158450626,1,Cao
363916,PR,Tư thục phi lợi nhuận,Bachelor,0.625,0.0,0.9055725059051208,1,Cao
363934,AZ,Tư thục vì lợi nhuận,Bachelor,0.3929,1.0,0.20934643969975877,0,Thấp
364016,AZ,Công lập,Associate,0.1977,1.0,0.9542130732332212,1,Cao
364025,AZ,Công lập,Chứng chỉ,0.2283,1.0,0.6633533709412962,1,Trung bình
364548,OK,Công lập,Chứng chỉ,0.9223,0.0,0.10061613057468766,0,Thấp
364575,WV,Công lập,Chứng chỉ,0.8182,0.0,0.09619830858389071,0,Thấp
364627,OK,Công lập,Chứng chỉ,0.7188,0.0,0.05043682875952457,0,Thấp
364636,OH,Công lập,Chứng chỉ,0.6875,0.0,0.03206591615929184,0,Thấp
364760,IL,Tư thục vì lợi nhuận,Chứng chỉ,0.6667,0.0,0.21447829040937727,0,Thấp
364946,OK,Công lập,Chứng chỉ,0.625,0.0,0.08971225965452162,0,Thấp
364964,NY,Công lập,Chứng chỉ,0.8889,0.0,0.5322262331790312,1,Trung bình
365091,GA,Tư thục vì lợi nhuận,Chứng chỉ,0.55,0.0,0.1249167916511437,0,Thấp
365198,OK,Công lập,Chứng chỉ,0.68,0.0,0.031038753096746155,0,Thấp
365213,OK,Công lập,Chứng chỉ,0.5,0.0,0.08787311338784554,0,Thấp
365240,OH,Công lập,Chứng chỉ,0.8824,0.0,0.1321831497221729,0,Thấp
365374,OK,Công lập,Chứng chỉ,0.6019,0.0,0.04248980389984779,0,Thấp
365383,PA,Công lập,Chứng chỉ,0.3704,1.0,0.4582277140275349,0,Trung bình
365480,OK,Công lập,Chứng chỉ,0.4783,0.0,0.034077278994028376,0,Thấp
365505,MO,Công lập,Chứng chỉ,0.6667,0.0,0.1618474025510347,0,Thấp
365693,NE,Tư thục vì lợi nhuận,Chứng chỉ,0.8551,0.0,0.026723119932443685,0,Thấp
365763,NJ,Công lập,Chứng chỉ,0.9,0.0,0.07179329822864934,0,Thấp
365824,MI,Tư thục vì lợi nhuận,Chứng chỉ,0.7,0.0,0.11717801612374763,0,Thấp
365833,MI,Tư thục vì lợi nhuận,Chứng chỉ,0.5565,0.0,0.3664924195269963,0,Thấp
366003,FL,Tư thục phi lợi nhuận,Associate,0.0,1.0,0.9054147693936048,1,Cao
366155,LA,Tư thục vì lợi nhuận,Chứng chỉ,0.6,0.0,0.2536987955498644,0,Thấp
366191,IL,Tư thục vì lợi nhuận,Chứng chỉ,0.5884,0.0,0.02440018461438194,0,Thấp
366252,PA,Công lập,Associate,0.5042,0.0,0.06107438073937695,0,Thấp
366261,TX,Tư thục phi lợi nhuận,Associate,0.5455,0.0,0.7910766460307815,1,Cao
366270,LA,Tư thục vì lợi nhuận,Chứng chỉ,0.4054,0.0,0.4468981216540063,0,Trung bình
366340,MT,Công lập,Associate,0.325,1.0,0.8605295936418518,1,Cao
366395,NY,Công lập,Associate,0.2486,1.0,0.8206344971444202,1,Cao
366401,CA,Công lập,Associate,0.4849,0.0,0.7071901625532065,1,Cao
366465,GA,Công lập,Chứng chỉ,0.4035,0.0,0.8457278091668742,1,Cao
366535,AL,Tư thục phi lợi nhuận,Chứng chỉ,0.4746,0.0,0.3458509980872956,0,Thấp
366553,FL,Tư thục vì lợi nhuận,Chứng chỉ,0.4973,0.0,0.0992085383739145,0,Thấp
366623,OK,Công lập,Chứng chỉ,1.0,0.0,0.03405346865711865,0,Thấp
366711,CA,Công lập,Bachelor,0.5418,0.0,0.43115012748826637,0,Trung bình
367051,IL,Tư thục vì lợi nhuận,Chứng chỉ,0.8293,0.0,0.05126673458912362,0,Thấp
367088,IN,Tư thục vì lợi nhuận,Chứng chỉ,0.8125,0.0,0.034494913864673925,0,Thấp
367103,KY,Tư thục vì lợi nhuận,Chứng chỉ,0.425,0.0,0.7133156304982141,1,Cao
367112,LA,Tư thục vì lợi nhuận,Chứng chỉ,0.3662,1.0,0.6009813729206578,1,Trung bình
367158,MI,Tư thục vì lợi nhuận,Chứng chỉ,0.5714,0.0,0.04069872221644846,0,Thấp
367361,TX,Tư thục vì lợi nhuận,Chứng chỉ,0.2982,1.0,0.382287513256824,0,Thấp
367431,PA,Tư thục vì lợi nhuận,Chứng chỉ,0.5,0.0,0.05312099791554031,0,Thấp
367459,AR,Công lập,Associate,0.2727,1.0,0.9736061949665272,1,Cao
367875,FL,Công lập,Chứng chỉ,0.5289,0.0,0.30315893938925986,0,Thấp
367884,FL,Tư thục phi lợi nhuận,Bachelor,0.2239,1.0,0.6132061288284962,1,Trung bình
367981,IL,Tư thục vì lợi nhuận,Chứng chỉ,0.75,0.0,0.040169204368886324,0,Thấp
368230,NJ,Tư thục vì lợi nhuận,Chứng chỉ,0.4528,0.0,0.33307143944129436,0,Thấp
368364,OK,Công lập,Chứng chỉ,0.8298,0.0,0.035805860872661695,0,Thấp
368452,TN,Tư thục vì lợi nhuận,Bachelor,0.3548,1.0,0.39378499253304394,0,Thấp
368629,WA,Tư thục vì lợi nhuận,Chứng chỉ,0.5267,0.0,0.05270112888230878,0,Thấp
368647,WV,Công lập,Chứng chỉ,0.8846,0.0,0.2170722364373191,0,Thấp
368771,CA,Tư thục phi lợi nhuận,Chứng chỉ,1.0,0.0,0.5642383518383557,1,Trung bình
368832,CA,Tư thục vì lợi nhuận,Chứng chỉ,0.5455,0.0,0.12037823761374561,0,Thấp
368911,GA,Công lập,Chứng chỉ,0.3409,1.0,0.8006867995274624,1,Cao
369400,FL,Tư thục vì lợi nhuận,Associate,0.6181,0.0,0.26266617817390187,0,Thấp
369419,FL,Công lập,Chứng chỉ,0.7944,0.0,0.4561053990093407,0,Trung bình
369446,IL,Tư thục vì lợi nhuận,Chứng chỉ,0.9429,0.0,0.1482375663300061,0,Thấp
369455,IL,Tư thục vì lợi nhuận,Associate,0.6923,0.0,0.07220927357512315,0,Thấp
369516,MO,Tư thục vì lợi nhuận,Associate,0.275,1.0,0.5854262219733132,1,Trung bình
369668,PA,Công lập,Chứng chỉ,0.8933,0.0,0.09962943658984776,0,Thấp
369686,TX,Tư thục vì lợi nhuận,Chứng chỉ,0.8415,0.0,0.040521879373239984,0,Thấp
369783,TX,Tư thục vì lợi nhuận,Chứng chỉ,0.9968,0.0,0.050545091347076,0,Thấp
369950,OH,Tư thục vì lợi nhuận,Chứng chỉ,0.8971,0.0,0.23390756138768126,0,Thấp
371052,AL,Tư thục vì lợi nhuận,Chứng chỉ,0.4523,0.0,0.36836987531749166,0,Thấp
371690,CA,Công lập,Chứng chỉ,0.893,0.0,0.5162207670248989,1,Trung bình
371830,CA,Tư thục vì lợi nhuận,Chứng chỉ,0.5,0.0,0.14559990553589466,0,Thấp
371928,CA,Tư thục vì lợi nhuận,Chứng chỉ,0.7857,0.0,0.03740057897037626,0,Thấp
371964,CA,Tư thục vì lợi nhuận,Chứng chỉ,0.8405,0.0,0.06880402137164676,0,Thấp
372028,CA,Tư thục vì lợi nhuận,Chứng chỉ,0.5613,0.0,0.03603204002277904,0,Thấp
372073,CA,Tư thục vì lợi nhuận,Associate,0.338,1.0,0.7575796302088411,1,Cao
372082,CA,Công lập,Chứng chỉ,0.8182,0.0,0.5233174784467105,1,Trung bình
372329,CO,Tư thục vì lợi nhuận,Chứng chỉ,0.6846,0.0,0.45848204832241657,0,Trung bình
372356,CO,Tư thục vì lợi nhuận,Chứng chỉ,0.8148,0.0,0.05130014694923303,0,Thấp
372462,FL,Tư thục vì lợi nhuận,Chứng chỉ,0.3871,1.0,0.12205484954939126,0,Thấp
372921,GA,Tư thục vì lợi nhuận,Chứng chỉ,0.541,0.0,0.1227117460168446,0,Thấp
373085,IA,Tư thục vì lợi nhuận,Chứng chỉ,0.5862,0.0,0.214015398689387,0,Thấp
373216,IL,Tư thục vì lợi nhuận,Chứng chỉ,0.8136,0.0,0.04570542451793437,0,Thấp
373456,LA,Tư thục vì lợi nhuận,Chứng chỉ,0.5238,0.0,0.05825582118454646,0,Thấp
373526,LA,Tư thục vì lợi nhuận,Chứng chỉ,0.7398,0.0,0.11735920507677222,0,Thấp
373678,MA,Tư thục vì lợi nhuận,Chứng chỉ,0.7377,0.0,0.040051946707023736,0,Thấp
373696,MA,Tư thục vì lợi nhuận,Chứng chỉ,0.8857,0.0,0.21102057236632543,0,Thấp
373711,MA,Công lập,Chứng chỉ,0.5652,0.0,0.03279466187927183,0,Thấp
373784,MD,Tư thục vì lợi nhuận,Chứng chỉ,0.5381,0.0,0.3630179840192806,0,Thấp
374316,MS,Tư thục vì lợi nhuận,Chứng chỉ,0.6667,0.0,0.10404620189866418,0,Thấp
374343,MS,Tư thục vì lợi nhuận,Chứng chỉ,0.7368,0.0,0.07784995573767729,0,Thấp
374574,NJ,Tư thục vì lợi nhuận,Chứng chỉ,0.5473,0.0,0.09048787508686319,0,Thấp
374592,NJ,Công lập,Chứng chỉ,0.6429,0.0,0.41502774764044564,0,Trung bình
375230,NY,Tư thục phi lợi nhuận,Bachelor,0.6154,0.0,0.3642944040188798,0,Thấp
375373,OH,Công lập,Chứng chỉ,1.0,0.0,0.1398640204867452,0,Thấp
375407,OH,Công lập,Chứng chỉ,0.8462,0.0,0.06433564164237424,0,Thấp
375416,OH,Tư thục phi lợi nhuận,Chứng chỉ,0.4838,0.0,0.06652932872019314,0,Thấp
375568,OH,Công lập,Chứng chỉ,0.9268,0.0,0.44313046433395165,0,Trung bình
375656,OK,Công lập,Chứng chỉ,0.6154,0.0,0.03309125439250001,0,Thấp
375683,OK,Công lập,Chứng chỉ,0.7901,0.0,0.031282621081514514,0,Thấp
375726,OK,Công lập,Chứng chỉ,0.5076,0.0,0.09183137448964297,0,Thấp
375939,PA,Tư thục vì lợi nhuận,Associate,0.95,0.0,0.8665211756329892,1,Cao
375966,PA,Công lập,Chứng chỉ,0.8333,0.0,0.07402368090240108,0,Thấp
375984,PA,Tư thục vì lợi nhuận,Chứng chỉ,0.3419,1.0,0.3905126479033638,0,Thấp
376224,PR,Tư thục vì lợi nhuận,Associate,0.44,0.0,0.6149596336458574,1,Trung bình
376242,PR,Tư thục vì lợi nhuận,Chứng chỉ,0.8211,0.0,0.04108677582472772,0,Thấp
376288,PR,Tư thục vì lợi nhuận,Chứng chỉ,0.4783,0.0,0.26607418372913616,0,Thấp
376330,PR,Tư thục vì lợi nhuận,Chứng chỉ,0.7222,0.0,0.18142415204015072,0,Thấp
376385,PR,Tư thục phi lợi nhuận,Chứng chỉ,0.5487,0.0,0.3523759636669665,0,Thấp
376446,SC,Tư thục vì lợi nhuận,Chứng chỉ,0.5714,0.0,0.10155573994828175,0,Thấp
376631,TN,Tư thục vì lợi nhuận,Chứng chỉ,0.6923,0.0,0.4171603024843894,0,Trung bình
376677,TN,Tư thục vì lợi nhuận,Chứng chỉ,0.9375,0.0,0.16355862764070034,0,Thấp
376695,MH,Công lập,Associate,0.1418,1.0,0.5085160969607192,1,Trung bình
377111,TX,Tư thục phi lợi nhuận,Chứng chỉ,0.2642,1.0,0.23218997521332552,0,Thấp
377193,TX,Tư thục vì lợi nhuận,Chứng chỉ,0.0,1.0,0.1357604278338861,0,Thấp
377218,TX,Tư thục vì lợi nhuận,Chứng chỉ,0.931,0.0,0.05242705778749025,0,Thấp
377272,TX,Tư thục vì lợi nhuận,Chứng chỉ,0.8649,0.0,0.05130154291566579,0,Thấp
377281,TX,Tư thục vì lợi nhuận,Chứng chỉ,0.8875,0.0,0.04060524033786687,0,Thấp
377315,TX,Tư thục vì lợi nhuận,Chứng chỉ,0.7356,0.0,0.1164746124129681,0,Thấp
377449,VA,Tư thục vì lợi nhuận,Chứng chỉ,0.7097,0.0,0.03973650042882214,0,Thấp
377458,VA,Tư thục vì lợi nhuận,Chứng chỉ,0.6286,0.0,0.2531417975652732,0,Thấp
377485,VA,Công lập,Chứng chỉ,0.1111,1.0,0.20540311925208402,0,Thấp
377546,WA,Tư thục vì lợi nhuận,Bachelor,0.3636,1.0,0.13163720303558699,0,Thấp
377555,WA,Công lập,Bachelor,0.6822,0.0,0.051389376918935394,0,Thấp
377564,WA,Công lập,Bachelor,0.6226,0.0,0.08371073508342577,0,Thấp
377643,WV,Tư thục vì lợi nhuận,Chứng chỉ,0.7059,0.0,0.3237371034448932,0,Thấp
377652,WV,Tư thục vì lợi nhuận,Chứng chỉ,0.625,0.0,0.38510225286874766,0,Thấp
377661,WV,Tư thục vì lợi nhuận,Chứng chỉ,0.5828,0.0,0.14782657770584173,0,Thấp
377722,CA,Tư thục vì lợi nhuận,Chứng chỉ,0.6413,0.0,0.029552300676403593,0,Thấp
377759,CA,Tư thục vì lợi nhuận,Chứng chỉ,0.5158,0.0,0.03549473593394566,0,Thấp
378105,CA,Tư thục vì lợi nhuận,Chứng chỉ,0.887,0.0,0.059592955171854714,0,Thấp
378576,CA,Tư thục vì lợi nhuận,Chứng chỉ,0.6727,0.0,0.40230148592733717,0,Trung bình
378886,FL,Tư thục vì lợi nhuận,Chứng chỉ,0.75,0.0,0.10428689222325735,0,Thấp
378956,FL,Tư thục vì lợi nhuận,Chứng chỉ,0.7754,0.0,0.04443064833088926,0,Thấp
379621,NY,Công lập,Chứng chỉ,0.8966,0.0,0.16849817481542,0,Thấp
379746,TX,Tư thục vì lợi nhuận,Chứng chỉ,0.7043,0.0,0.03955397610961808,0,Thấp
379782,TX,Tư thục vì lợi nhuận,Chứng chỉ,0.5333,0.0,0.14823828449781937,0,Thấp
380067,TX,Tư thục vì lợi nhuận,Chứng chỉ,0.7727,0.0,0.21067343575683978,0,Thấp
380359,MI,Công lập,Chứng chỉ,0.3036,1.0,0.7997639922489892,1,Cao
380368,MN,Công lập,Associate,0.2083,1.0,0.9439515979110314,1,Cao
380377,WA,Công lập,Associate,0.2692,1.0,0.985302677419804,1,Cao
380438,UT,Tư thục vì lợi nhuận,Bachelor,0.6364,0.0,0.19560771388853723,0,Thấp
381255,CA,Tư thục phi lợi nhuận,Chứng chỉ,0.8113,0.0,0.08355637623338913,0,Thấp
381282,CA,Tư thục phi lợi nhuận,Chứng chỉ,0.6154,0.0,0.4928071021456549,0,Trung bình
381325,CA,Tư thục phi lợi nhuận,Chứng chỉ,0.5957,0.0,0.08340019516638227,0,Thấp
381370,MI,Tư thục vì lợi nhuận,Chứng chỉ,0.6681,0.0,0.05075070550160383,0,Thấp
381404,TX,Tư thục vì lợi nhuận,Chứng chỉ,0.5556,0.0,0.04090471563561192,0,Thấp
381486,IA,Tư thục vì lợi nhuận,Chứng chỉ,0.8,0.0,0.1490620265474651,0,Thấp
381699,CO,Tư thục vì lợi nhuận,Chứng chỉ,0.6875,0.0,0.2046402262618562,0,Thấp
381732,CO,Tư thục vì lợi nhuận,Chứng chỉ,1.0,0.0,0.12037428706173062,0,Thấp
382258,CA,Công lập,Chứng chỉ,0.6857,0.0,0.05558416403608299,0,Thấp
382416,MA,Công lập,Chứng chỉ,1.0,0.0,0.07171134418491279,0,Thấp
382461,MS,Tư thục vì lợi nhuận,Chứng chỉ,0.6667,0.0,0.14901066603037044,0,Thấp
382780,TN,Tư thục vì lợi nhuận,Chứng chỉ,0.4946,0.0,0.4003356169421364,0,Trung bình
382911,TX,Công lập,Associate,0.8,0.0,0.9726731759179066,1,Cao
382957,VA,Tư thục vì lợi nhuận,Chứng chỉ,0.3731,1.0,0.4311267499110743,0,Trung bình
383084,CA,Công lập,Chứng chỉ,0.8711,0.0,0.05182519809765836,0,Thấp
383163,FL,Tư thục vì lợi nhuận,Chứng chỉ,0.9857,0.0,0.09706309386215548,0,Thấp
383190,HI,Công lập,Associate,0.3158,1.0,0.9449771549043505,1,Cao
383279,NJ,Tư thục vì lợi nhuận,Chứng chỉ,1.0,0.0,0.08921846492130531,0,Thấp
383297,NY,Tư thục vì lợi nhuận,Chứng chỉ,1.0,0.0,0.09931867633288127,0,Thấp
383312,OH,Công lập,Chứng chỉ,0.8605,0.0,0.10582748983082713,0,Thấp
383330,OH,Công lập,Chứng chỉ,0.68,0.0,0.28556302183531823,0,Thấp
383367,PA,Công lập,Chứng chỉ,0.7436,0.0,0.11269306073002314,0,Thấp
383464,TX,Tư thục vì lợi nhuận,Chứng chỉ,0.6439,0.0,0.5589219017408478,1,Trung bình
383525,NY,Công lập,Chứng chỉ,0.7231,0.0,0.20468447962141267,0,Thấp
383765,NY,Tư thục vì lợi nhuận,Chứng chỉ,0.4,0.0,0.09928074140633852,0,Thấp
383996,NM,Công lập,Associate,0.1538,1.0,0.9940667857323044,1,Cao
384236,CA,Tư thục vì lợi nhuận,Chứng chỉ,0.5484,0.0,0.10317565393867953,0,Thấp
384245,CA,Tư thục vì lợi nhuận,Chứng chỉ,0.6914,0.0,0.05865187438887234,0,Thấp
384254,FL,Tư thục phi lợi nhuận,Bachelor,0.5732,0.0,0.009424369768809105,0,Thấp
384333,AZ,Công lập,Chứng chỉ,0.2457,1.0,0.6790187108365063,1,Trung bình
384342,IL,Công lập,Chứng chỉ,0.5175,0.0,0.5292155528801666,1,Trung bình
384412,DC,Tư thục vì lợi nhuận,Bachelor,0.5,0.0,0.6424897787692482,1,Trung bình
384421,NJ,Tư thục phi lợi nhuận,Bachelor,0.0357,1.0,0.3151726514420799,0,Thấp
385132,FL,Tư thục vì lợi nhuận,Chứng chỉ,0.6739,0.0,0.039971747024131275,0,Thấp
385503,PA,Tư thục vì lợi nhuận,Associate,0.4684,0.0,0.7375043871556661,1,Cao
385619,FL,Tư thục phi lợi nhuận,Bachelor,0.5775,0.0,0.5555255257640263,1,Trung bình
386153,NY,Tư thục phi lợi nhuận,Chứng chỉ,0.607,0.0,0.536541848562741,1,Trung bình
386472,FL,Tư thục phi lợi nhuận,Associate,0.4545,0.0,0.9384512667347813,1,Cao
387925,FL,Tư thục vì lợi nhuận,Chứng chỉ,0.6923,0.0,0.3508224529255322,0,Thấp
388520,TX,Tư thục phi lợi nhuận,Bachelor,0.6,0.0,0.8009065123440817,1,Cao
389860,OH,Công lập,Chứng chỉ,0.726,0.0,0.05817156750380549,0,Thấp
390905,OH,Công lập,Chứng chỉ,0.8571,0.0,0.0456572721945795,0,Thấp
391005,MI,Tư thục vì lợi nhuận,Chứng chỉ,0.8,0.0,0.1656140459440042,0,Thấp
392257,TX,Tư thục vì lợi nhuận,Chứng chỉ,0.4593,0.0,0.193163439789658,0,Thấp
392354,NY,Tư thục phi lợi nhuận,Chứng chỉ,1.0,0.0,0.29574980840248727,0,Thấp
392415,TX,Tư thục vì lợi nhuận,Chứng chỉ,0.4518,0.0,0.1940639610920018,0,Thấp
393649,CA,Tư thục vì lợi nhuận,Chứng chỉ,0.6292,0.0,0.35887712297853686,0,Thấp
393861,CA,Tư thục vì lợi nhuận,Chứng chỉ,0.8671,0.0,0.097844509442628,0,Thấp
395362,CA,Công lập,Associate,0.3833,1.0,0.9892264983025112,1,Cao
395690,CA,Tư thục vì lợi nhuận,Chứng chỉ,0.8445,0.0,0.2897710568383475,0,Thấp
397942,CA,Tư thục vì lợi nhuận,Chứng chỉ,0.5447,0.0,0.20998501154867608,0,Thấp
399212,CA,Công lập,Chứng chỉ,0.4732,0.0,0.6370822641136386,1,Trung bình
399869,CA,Tư thục vì lợi nhuận,Chứng chỉ,0.7944,0.0,0.05382700230618949,0,Thấp
399911,CA,Tư thục phi lợi nhuận,Bachelor,0.8692,0.0,0.005101352988833385,0,Thấp
400080,CA,Tư thục vì lợi nhuận,Chứng chỉ,0.7365,0.0,0.08496172068597285,0,Thấp
400187,CA,Tư thục vì lợi nhuận,Chứng chỉ,0.8416,0.0,0.08963160236826752,0,Thấp
401223,CA,Tư thục phi lợi nhuận,Bachelor,0.5,0.0,0.9140079789815018,1,Cao
401764,IL,Tư thục vì lợi nhuận,Chứng chỉ,0.5185,0.0,0.04363467567825321,0,Thấp
402563,LA,Tư thục vì lợi nhuận,Chứng chỉ,0.6905,0.0,0.4009794994693944,0,Trung bình
402800,TX,Tư thục vì lợi nhuận,Chứng chỉ,0.7857,0.0,0.051536351604342244,0,Thấp
403469,IL,Công lập,Chứng chỉ,0.5333,0.0,0.7338464516832768,1,Cao
403478,IL,Công lập,Chứng chỉ,0.4656,0.0,0.633111390597836,1,Trung bình
403487,IL,Công lập,Associate,0.5922,0.0,0.9195979276769594,1,Cao
404055,AZ,Tư thục vì lợi nhuận,Associate,0.6548,0.0,0.3647524657242015,0,Thấp
404338,FL,Tư thục vì lợi nhuận,Bachelor,0.5,0.0,0.7711836687309849,1,Cao
404426,AZ,Công lập,Chứng chỉ,0.2254,1.0,0.8609413298788764,1,Cao
404684,PR,Tư thục vì lợi nhuận,Chứng chỉ,0.6568,0.0,0.3101869142557458,0,Thấp
404718,TN,Tư thục phi lợi nhuận,Chứng chỉ,0.7718,0.0,0.06627716833215319,0,Thấp
404912,CO,Tư thục vì lợi nhuận,Chứng chỉ,0.642,0.0,0.04098082905104739,0,Thấp
405012,OH,Tư thục vì lợi nhuận,Chứng chỉ,0.7222,0.0,0.029359580531294657,0,Thấp
405058,NY,Tư thục phi lợi nhuận,Associate,0.6512,0.0,0.5130696566685783,1,Trung bình
405076,TX,Tư thục vì lợi nhuận,Chứng chỉ,0.6197,0.0,0.07394759037934656,0,Thấp
405854,NY,Tư thục phi lợi nhuận,Bachelor,0.4,0.0,0.7483623588909113,1,Cao
405872,MD,Công lập,Associate,0.4716,0.0,0.8831003162236064,1,Cao
406024,FL,Tư thục vì lợi nhuận,Associate,0.6449,0.0,0.7125386121779527,1,Cao
406033,TX,Tư thục vì lợi nhuận,Associate,0.6809,0.0,0.46589602206892183,0,Trung bình
406149,FL,Tư thục vì lợi nhuận,Chứng chỉ,0.7826,0.0,0.21564123969482715,0,Thấp
406325,NY,Công lập,Chứng chỉ,0.8421,0.0,0.07364667853679495,0,Thấp
406361,NY,Công lập,Chứng chỉ,0.6154,0.0,0.49505600818020506,0,Trung bình
406422,PA,Công lập,Chứng chỉ,0.7609,0.0,0.1157837469949068,0,Thấp
406486,UT,Tư thục vì lợi nhuận,Chứng chỉ,0.6364,0.0,0.07410026411654212,0,Thấp
407090,IL,Tư thục vì lợi nhuận,Chứng chỉ,0.8235,0.0,0.0239659395010141,0,Thấp
407142,LA,Tư thục vì lợi nhuận,Chứng chỉ,0.7429,0.0,0.10404561079834038,0,Thấp
407151,LA,Tư thục vì lợi nhuận,Chứng chỉ,0.8148,0.0,0.0372038097402965,0,Thấp
407179,MA,Tư thục vì lợi nhuận,Chứng chỉ,0.6098,0.0,0.08393075923129382,0,Thấp
407355,NE,Tư thục vì lợi nhuận,Chứng chỉ,0.7436,0.0,0.0370116951026868,0,Thấp
407434,NY,Tư thục vì lợi nhuận,Chứng chỉ,0.6739,0.0,0.025464531232050343,0,Thấp
407461,OH,Công lập,Chứng chỉ,0.6892,0.0,0.1538925357513809,0,Thấp
407470,OH,Tư thục vì lợi nhuận,Chứng chỉ,0.451,0.0,0.17226215852691049,0,Thấp
407489,OH,Công lập,Chứng chỉ,0.9,0.0,0.12867812677203325,0,Thấp
407513,OH,Công lập,Chứng chỉ,0.9714,0.0,0.09604684073994228,0,Thấp
407568,OH,Tư thục vì lợi nhuận,Chứng chỉ,0.7727,0.0,0.061731232120621995,0,Thấp
407577,OH,Công lập,Chứng chỉ,0.6729,0.0,0.2441138136321399,0,Thấp
407610,OR,Tư thục phi lợi nhuận,Associate,0.4,0.0,0.8241434234748967,1,Cao
407683,TX,Tư thục vì lợi nhuận,Chứng chỉ,0.4884,0.0,0.07855743632132209,0,Thấp
407708,WA,Tư thục vì lợi nhuận,Chứng chỉ,0.4634,0.0,0.03028457931798095,0,Thấp
407735,WI,Tư thục vì lợi nhuận,Chứng chỉ,0.6061,0.0,0.029830980829849866,0,Thấp
407832,OH,Công lập,Chứng chỉ,0.8201,0.0,0.043849242945162015,0,Thấp
408066,KS,Tư thục vì lợi nhuận,Chứng chỉ,0.6522,0.0,0.21060458435633078,0,Thấp
408163,NC,Tư thục vì lợi nhuận,Chứng chỉ,0.4,0.0,0.08563654576530712,0,Thấp
408385,TX,Tư thục vì lợi nhuận,Chứng chỉ,0.5472,0.0,0.1500056199732647,0,Thấp
408844,FL,Tư thục vì lợi nhuận,Bachelor,0.2811,1.0,0.6742229037960671,1,Trung bình
408862,GA,Tư thục vì lợi nhuận,Chứng chỉ,0.4719,0.0,0.1207117933132652,0,Thấp
409032,FL,Tư thục vì lợi nhuận,Chứng chỉ,0.8571,0.0,0.06295756031870203,0,Thấp
409120,MO,Công lập,Chứng chỉ,0.5918,0.0,0.09436589982127123,0,Thấp
409193,PR,Tư thục vì lợi nhuận,Chứng chỉ,0.8696,0.0,0.3232812876313928,0,Thấp
409315,TX,Công lập,Associate,0.2758,1.0,0.8805658812078675,1,Cao
409591,OH,Công lập,Chứng chỉ,0.6364,0.0,0.1445579451277552,0,Thấp
409698,CA,Công lập,Bachelor,0.6323,0.0,0.31842518070185144,0,Thấp
410797,OH,Tư thục vì lợi nhuận,Chứng chỉ,0.6814,0.0,0.23963333019557687,0,Thấp
410964,MA,Tư thục vì lợi nhuận,Chứng chỉ,0.7273,0.0,0.12518617950274966,0,Thấp
411684,CA,Tư thục vì lợi nhuận,Chứng chỉ,0.7778,0.0,0.026007494823118194,0,Thấp
412173,FL,Tư thục phi lợi nhuận,Associate,0.52,0.0,0.8416516131264243,1,Cao
412535,MA,Công lập,Chứng chỉ,1.0,0.0,0.1929395967174647,0,Thấp
412544,NY,Tư thục vì lợi nhuận,Chứng chỉ,0.8182,0.0,0.09453816853306117,0,Thấp
412599,TN,Tư thục phi lợi nhuận,Chứng chỉ,0.3303,1.0,0.36152643706129106,0,Thấp
413176,WV,Công lập,Chứng chỉ,0.9167,0.0,0.10012212939281538,0,Thấp
413413,MN,Tư thục vì lợi nhuận,Bachelor,0.3333,1.0,0.929479796319547,1,Cao
413617,WI,Tư thục phi lợi nhuận,Associate,0.275,1.0,0.9128110998575629,1,Cao
413626,MN,Công lập,Associate,0.0,1.0,0.8370642410035846,1,Cao
413680,CA,Tư thục vì lợi nhuận,Chứng chỉ,0.6816,0.0,0.02298382219557869,0,Thấp
413820,OK,Tư thục vì lợi nhuận,Chứng chỉ,0.7941,0.0,0.195223180361346,0,Thấp
413893,GA,Tư thục vì lợi nhuận,Chứng chỉ,0.5198,0.0,0.2837414278852134,0,Thấp
414063,NJ,Tư thục vì lợi nhuận,Chứng chỉ,0.9375,0.0,0.0198713185321129,0,Thấp
414124,MA,Tư thục vì lợi nhuận,Chứng chỉ,0.8776,0.0,0.029318517973916474,0,Thấp
414461,PR,Tư thục vì lợi nhuận,Chứng chỉ,0.6239,0.0,0.06754228930469407,0,Thấp
414489,TX,Tư thục vì lợi nhuận,Chứng chỉ,0.3505,1.0,0.0736279858536012,0,Thấp
414540,PA,Tư thục vì lợi nhuận,Chứng chỉ,0.5345,0.0,0.026525777348109274,0,Thấp
414595,NY,Tư thục vì lợi nhuận,Associate,0.6774,0.0,0.9501516712148749,1,Cao
414878,IN,Tư thục phi lợi nhuận,Bachelor,1.0,0.0,0.7417667230369713,1,Cao
414911,PA,Công lập,Associate,0.4088,0.0,0.9105139234643866,1,Cao
414939,NV,Tư thục vì lợi nhuận,Chứng chỉ,0.5,0.0,0.12379576668973256,0,Thấp
415039,PA,Tư thục vì lợi nhuận,Chứng chỉ,0.7778,0.0,0.023430612610651966,0,Thấp
415057,CT,Tư thục vì lợi nhuận,Chứng chỉ,0.759,0.0,0.10493665706909372,0,Thấp
415987,NY,Tư thục vì lợi nhuận,Chứng chỉ,0.7097,0.0,0.07400786400846496,0,Thấp
416458,CA,Tư thục vì lợi nhuận,Chứng chỉ,0.4545,0.0,0.15385731344821035,0,Thấp
417008,AL,Tư thục vì lợi nhuận,Chứng chỉ,0.5352,0.0,0.035061086120825834,0,Thấp
417062,CA,Tư thục vì lợi nhuận,Chứng chỉ,0.8,0.0,0.050611128146438124,0,Thấp
417105,CA,Công lập,Chứng chỉ,0.5363,0.0,0.06053336040562339,0,Thấp
417123,CA,Công lập,Chứng chỉ,0.9667,0.0,0.0925299701341403,0,Thấp
417248,CT,Công lập,Chứng chỉ,0.9697,0.0,0.08728540800383856,0,Thấp
417275,CT,Công lập,Chứng chỉ,0.8049,0.0,0.1021749073116625,0,Thấp
417327,FL,Tư thục vì lợi nhuận,Associate,0.75,0.0,0.0796775181353522,0,Thấp
417442,IL,Công lập,Chứng chỉ,0.6842,0.0,0.08689405872830148,0,Thấp
417503,KS,Tư thục vì lợi nhuận,Chứng chỉ,0.8286,0.0,0.026876807420629433,0,Thấp
417600,MN,Tư thục vì lợi nhuận,Chứng chỉ,0.6923,0.0,0.1852681318908096,0,Thấp
417628,MO,Công lập,Chứng chỉ,0.6364,0.0,0.20007095516508802,0,Thấp
417637,MO,Công lập,Chứng chỉ,0.8889,0.0,0.07549398301927046,0,Thấp
417646,MO,Công lập,Chứng chỉ,1.0,0.0,0.22348395626213927,0,Thấp
417655,MO,Công lập,Chứng chỉ,0.7333,0.0,0.15633909958875428,0,Thấp
417682,MO,Công lập,Chứng chỉ,1.0,0.0,0.18158623955903244,0,Thấp
417716,MO,Công lập,Chứng chỉ,0.0909,1.0,0.531829096463047,1,Trung bình
417725,MO,Tư thục vì lợi nhuận,Chứng chỉ,0.4444,0.0,0.1454443744482624,0,Thấp
417734,MO,Tư thục phi lợi nhuận,Associate,1.0,0.0,0.5785790412291364,1,Trung bình
417752,TX,Tư thục phi lợi nhuận,Bachelor,0.5556,0.0,0.6793811465888606,1,Trung bình
417831,NJ,Công lập,Chứng chỉ,0.9634,0.0,0.16957512486705378,0,Thấp
417840,PA,Tư thục vì lợi nhuận,Chứng chỉ,0.4118,0.0,0.10686229094203856,0,Thấp
417868,NY,Công lập,Chứng chỉ,0.9286,0.0,0.045241588125938356,0,Thấp
417886,NY,Công lập,Chứng chỉ,0.0,1.0,0.14509053372925906,0,Thấp
417910,NY,Công lập,Chứng chỉ,0.725,0.0,0.3088900164733781,0,Thấp
417992,NY,Công lập,Chứng chỉ,1.0,0.0,0.17634187298773119,0,Thấp
418001,NY,Công lập,Chứng chỉ,0.3571,1.0,0.1640616456775818,0,Thấp
418010,NY,Công lập,Chứng chỉ,1.0,0.0,0.18322242151420062,0,Thấp
418029,NY,Công lập,Chứng chỉ,0.7857,0.0,0.09800115318461182,0,Thấp
418038,NY,Công lập,Chứng chỉ,0.7111,0.0,0.12691924580266475,0,Thấp
418065,NY,Công lập,Chứng chỉ,0.7531,0.0,0.08116826495244882,0,Thấp
418083,NY,Công lập,Chứng chỉ,1.0,0.0,0.5149807287689757,1,Trung bình
418126,NY,Tư thục phi lợi nhuận,Bachelor,0.5417,0.0,0.7442391381119979,1,Cao
418171,NY,Tư thục vì lợi nhuận,Chứng chỉ,1.0,0.0,0.32858241135758137,0,Thấp
418199,OH,Công lập,Chứng chỉ,1.0,0.0,0.12257770716043252,0,Thấp
418205,OH,Công lập,Chứng chỉ,0.9032,0.0,0.1419648487470826,0,Thấp
418223,OH,Công lập,Chứng chỉ,0.8571,0.0,0.05865362578877266,0,Thấp
418250,OH,Công lập,Chứng chỉ,0.871,0.0,0.05589628197143659,0,Thấp
418269,OH,Tư thục vì lợi nhuận,Chứng chỉ,0.6034,0.0,0.12696720045856197,0,Thấp
418278,OH,Công lập,Chứng chỉ,0.7714,0.0,0.0524108235248359,0,Thấp
418296,OK,Công lập,Chứng chỉ,0.9735,0.0,0.13883781442830137,0,Thấp
418302,OK,Công lập,Chứng chỉ,0.5263,0.0,0.07793982529045437,0,Thấp
418320,OK,Công lập,Chứng chỉ,1.0,0.0,0.025585552058347377,0,Thấp
418348,OK,Công lập,Chứng chỉ,0.8409,0.0,0.028286195858207214,0,Thấp
418357,OK,Công lập,Chứng chỉ,0.9831,0.0,0.29483755190563676,0,Thấp
418409,PA,Công lập,Chứng chỉ,0.8911,0.0,0.05255213904067231,0,Thấp
418427,PA,Công lập,Chứng chỉ,0.7143,0.0,0.06191796675266757,0,Thấp
418445,PA,Công lập,Chứng chỉ,0.5714,0.0,0.5743919841038961,1,Trung bình
418454,PA,Công lập,Chứng chỉ,0.7358,0.0,0.08424608978898286,0,Thấp
418481,PA,Công lập,Chứng chỉ,0.88,0.0,0.23276703935896875,0,Thấp
418515,PA,Công lập,Chứng chỉ,0.8118,0.0,0.14186383977322997,0,Thấp
418524,PA,Công lập,Chứng chỉ,0.5217,0.0,0.25325949817466886,0,Thấp
418533,PA,Công lập,Chứng chỉ,0.75,0.0,0.05458747974123238,0,Thấp
418542,PA,Công lập,Chứng chỉ,0.4833,0.0,0.3970975747468475,0,Thấp
418560,PA,Công lập,Chứng chỉ,0.7143,0.0,0.33620860765833127,0,Thấp
418588,PA,Công lập,Chứng chỉ,0.5455,0.0,0.3676871094701838,0,Thấp
418658,PA,Tư thục vì lợi nhuận,Chứng chỉ,0.6442,0.0,0.11965899975917976,0,Thấp
418773,PR,Tư thục vì lợi nhuận,Chứng chỉ,0.6397,0.0,0.07403687938965463,0,Thấp
418782,PR,Tư thục vì lợi nhuận,Chứng chỉ,0.75,0.0,0.12584003271403874,0,Thấp
418889,TN,Tư thục vì lợi nhuận,Chứng chỉ,0.8462,0.0,0.11854122864379646,0,Thấp
418913,TX,Tư thục vì lợi nhuận,Chứng chỉ,0.0,1.0,0.6096416571008779,1,Trung bình
418968,TX,Tư thục vì lợi nhuận,Chứng chỉ,0.5161,0.0,0.1836444903220096,0,Thấp
419031,WV,Công lập,Chứng chỉ,0.75,0.0,0.7992031013057681,1,Cao
419095,MA,Công lập,Chứng chỉ,0.9167,0.0,0.16471041111953208,0,Thấp
419183,CA,Tư thục vì lợi nhuận,Chứng chỉ,0.875,0.0,0.1740819765706823,0,Thấp
419217,FL,Tư thục vì lợi nhuận,Chứng chỉ,1.0,0.0,0.1511282761339358,0,Thấp
419226,FL,Công lập,Chứng chỉ,0.7153,0.0,0.23950339647183122,0,Thấp
419235,GA,Tư thục vì lợi nhuận,Chứng chỉ,0.4358,0.0,0.19490881889954817,0,Thấp
419244,GA,Tư thục vì lợi nhuận,Associate,0.2623,1.0,0.8286278361511831,1,Cao
419253,IL,Tư thục vì lợi nhuận,Chứng chỉ,0.6735,0.0,0.11757993366314269,0,Thấp
419341,PA,Tư thục vì lợi nhuận,Chứng chỉ,0.1429,1.0,0.11652561059640922,0,Thấp
419420,WV,Công lập,Chứng chỉ,0.6667,0.0,0.28048031688981,0,Thấp
419484,PA,Công lập,Chứng chỉ,0.8333,0.0,0.5473026544402244,1,Trung bình
419633,TX,Tư thục vì lợi nhuận,Chứng chỉ,0.7262,0.0,0.1268152697942116,0,Thấp
419703,PR,Tư thục vì lợi nhuận,Chứng chỉ,0.7293,0.0,0.09632760119987271,0,Thấp
419712,PR,Tư thục vì lợi nhuận,Chứng chỉ,0.8286,0.0,0.060138244825867986,0,Thấp
419721,PR,Tư thục vì lợi nhuận,Chứng chỉ,0.7907,0.0,0.0676539305305511,0,Thấp
420024,VA,Tư thục vì lợi nhuận,Chứng chỉ,0.6667,0.0,0.07890723991958765,0,Thấp
420042,HI,Tư thục vì lợi nhuận,Bachelor,0.6667,0.0,0.7546936778976306,1,Cao
420130,NJ,Tư thục vì lợi nhuận,Chứng chỉ,0.4368,0.0,0.04300953747575852,0,Thấp
420255,PR,Tư thục vì lợi nhuận,Chứng chỉ,0.9,0.0,0.22258823527237467,0,Thấp
420325,NY,Tư thục phi lợi nhuận,Bachelor,0.0526,1.0,0.5994909715569201,1,Trung bình
420343,NJ,Tư thục vì lợi nhuận,Chứng chỉ,0.6957,0.0,0.02271660708410306,0,Thấp
420370,DC,Tư thục vì lợi nhuận,Chứng chỉ,0.558,0.0,0.0805626697655896,0,Thấp
420398,TX,Công lập,Associate,0.3676,1.0,0.9226868068061865,1,Cao
420431,GA,Công lập,Chứng chỉ,0.4167,0.0,0.4437829791130631,0,Trung bình
420440,ME,Công lập,Associate,0.2759,1.0,0.983334137037031,1,Cao
420468,NY,Công lập,Chứng chỉ,0.8333,0.0,0.029918316168364392,0,Thấp
420538,AR,Công lập,Chứng chỉ,0.5,0.0,0.8616920853919218,1,Cao
420556,OR,Công lập,Associate,0.1186,1.0,0.961491200171928,1,Cao
420723,OR,Công lập,Associate,0.4255,0.0,0.9537107844186732,1,Cao
420981,NY,Tư thục phi lợi nhuận,Chứng chỉ,0.7195,0.0,0.4252635401131386,0,Trung bình
421513,KY,Tư thục vì lợi nhuận,Chứng chỉ,0.4651,0.0,0.15157678809635267,0,Thấp
421610,UT,Tư thục vì lợi nhuận,Chứng chỉ,0.6154,0.0,0.0939673814962886,0,Thấp
421665,MI,Tư thục vì lợi nhuận,Chứng chỉ,1.0,0.0,0.3047990349720953,0,Thấp
421708,AZ,Tư thục vì lợi nhuận,Bachelor,0.0909,1.0,0.3130444553519386,0,Thấp
421717,OH,Công lập,Chứng chỉ,0.8333,0.0,0.1805553323184068,0,Thấp
421771,MO,Tư thục vì lợi nhuận,Chứng chỉ,0.4,0.0,0.36473514608479557,0,Thấp
421841,NY,Tư thục vì lợi nhuận,Associate,0.6462,0.0,0.2338116665274008,0,Thấp
421878,NJ,Tư thục vì lợi nhuận,Associate,0.2545,1.0,0.6407883478235522,1,Trung bình
421896,PR,Tư thục vì lợi nhuận,Chứng chỉ,0.8678,0.0,0.06787765680290661,0,Thấp
422020,CA,Tư thục vì lợi nhuận,Chứng chỉ,0.587,0.0,0.03637697264262415,0,Thấp
422695,CA,Tư thục vì lợi nhuận,Associate,0.7586,0.0,0.704980047669827,1,Cao
422835,CA,Tư thục vì lợi nhuận,Chứng chỉ,0.6538,0.0,0.1632662837498852,0,Thấp
423120,FL,Tư thục vì lợi nhuận,Chứng chỉ,0.6748,0.0,0.24735539526983183,0,Thấp
423397,PR,Tư thục vì lợi nhuận,Chứng chỉ,0.6065,0.0,0.15190769876195176,0,Thấp
423412,TX,Tư thục vì lợi nhuận,Chứng chỉ,0.5806,0.0,0.23950835935137976,0,Thấp
423652,OR,Công lập,Associate,0.3095,1.0,0.9777487303924354,1,Cao
425250,GA,Tư thục vì lợi nhuận,Chứng chỉ,0.6047,0.0,0.2163943481292282,0,Thấp
425986,MA,Tư thục vì lợi nhuận,Chứng chỉ,0.4118,0.0,0.17222861552122376,0,Thấp
426314,FL,Tư thục phi lợi nhuận,Bachelor,0.2156,1.0,0.8810407826891293,1,Cao
427308,NY,Tư thục phi lợi nhuận,Chứng chỉ,0.8739,0.0,0.3124539589212093,0,Thấp
427335,NY,Tư thục vì lợi nhuận,Chứng chỉ,0.093,1.0,0.15985751431203757,0,Thấp
427894,VA,Tư thục phi lợi nhuận,Chứng chỉ,0.7885,0.0,0.15341251667311803,0,Thấp
427973,VA,Tư thục vì lợi nhuận,Chứng chỉ,0.3103,1.0,0.1144780701483346,0,Thấp
427982,VA,Tư thục vì lợi nhuận,Chứng chỉ,0.5238,0.0,0.23500445682498472,0,Thấp
427991,FL,Công lập,Chứng chỉ,0.5408,0.0,0.3424825133926836,0,Thấp
428019,OK,Công lập,Chứng chỉ,0.8824,0.0,0.03858285759009865,0,Thấp
428055,PR,Tư thục vì lợi nhuận,Chứng chỉ,0.5824,0.0,0.24850441396726,0,Thấp
428125,CA,Tư thục vì lợi nhuận,Chứng chỉ,0.8333,0.0,0.15274650612786986,0,Thấp
428170,FL,Tư thục vì lợi nhuận,Associate,0.6667,0.0,0.44315272566128394,0,Trung bình
428392,OR,Công lập,Chứng chỉ,0.3675,1.0,0.8225139526796038,1,Cao
429128,MA,Tư thục phi lợi nhuận,Chứng chỉ,0.0,1.0,0.4594844655244528,0,Trung bình
430184,MD,Tư thục vì lợi nhuận,Bachelor,0.0,1.0,0.9530201377354115,1,Cao
430227,PA,Tư thục vì lợi nhuận,Chứng chỉ,0.7857,0.0,0.1973558964525537,0,Thấp
430245,TX,Tư thục vì lợi nhuận,Chứng chỉ,0.5894,0.0,0.21389823621277915,0,Thấp
430306,VA,Tư thục phi lợi nhuận,Chứng chỉ,0.9268,0.0,0.22440859603251448,0,Thấp
430403,NJ,Tư thục vì lợi nhuận,Chứng chỉ,0.4242,0.0,0.0883949325309934,0,Thấp
430564,NY,Tư thục vì lợi nhuận,Chứng chỉ,0.8696,0.0,0.11478867053754871,0,Thấp
430582,FL,Tư thục vì lợi nhuận,Chứng chỉ,0.8056,0.0,0.25490189393850327,0,Thấp
430670,PR,Tư thục phi lợi nhuận,Bachelor,0.3333,1.0,0.8673028141298548,1,Cao
430795,WV,Công lập,Chứng chỉ,0.8431,0.0,0.054390388846261635,0,Thấp
430883,NY,Công lập,Chứng chỉ,0.6,0.0,0.4677448216156061,0,Trung bình
430908,PA,Công lập,Chứng chỉ,0.8214,0.0,0.042258292818090265,0,Thấp
430935,PR,Tư thục vì lợi nhuận,Chứng chỉ,0.35,1.0,0.6983030513775469,1,Trung bình
430971,PA,Công lập,Chứng chỉ,0.7647,0.0,0.08484401681041094,0,Thấp
431017,OK,Công lập,Chứng chỉ,0.6531,0.0,0.03686951238864818,0,Thấp
431071,NY,Tư thục vì lợi nhuận,Chứng chỉ,0.8667,0.0,0.21048984089305675,0,Thấp
431105,NY,Công lập,Chứng chỉ,0.6875,0.0,0.16444134021538032,0,Thấp
431123,PR,Tư thục vì lợi nhuận,Chứng chỉ,0.9091,0.0,0.09377469965565746,0,Thấp
431141,CA,Tư thục vì lợi nhuận,Chứng chỉ,0.7446,0.0,0.05161590505873853,0,Thấp
431196,NY,Công lập,Chứng chỉ,0.7308,0.0,0.07912696021378957,0,Thấp
431275,NY,Công lập,Chứng chỉ,0.2632,1.0,0.2642947006069502,0,Thấp
431284,TX,Tư thục vì lợi nhuận,Chứng chỉ,0.9151,0.0,0.12294771490771712,0,Thấp
431558,FL,Công lập,Chứng chỉ,0.8613,0.0,0.061295289741672185,0,Thấp
431600,PA,Tư thục phi lợi nhuận,Chứng chỉ,0.8,0.0,0.1771277004759732,0,Thấp
431716,NJ,Công lập,Chứng chỉ,0.7063,0.0,0.0928042578363905,0,Thấp
431983,NY,Tư thục phi lợi nhuận,Bachelor,0.0606,1.0,0.742384756989543,1,Cao
432117,SC,Tư thục vì lợi nhuận,Chứng chỉ,0.6727,0.0,0.1395175465239269,0,Thấp
432269,TX,Tư thục phi lợi nhuận,Chứng chỉ,0.5429,0.0,0.58636529850076,1,Trung bình
432384,CA,Tư thục vì lợi nhuận,Associate,0.5729,0.0,0.5285659091608799,1,Trung bình
432524,DE,Tư thục phi lợi nhuận,Associate,0.4103,0.0,0.5854668847589388,1,Trung bình
433004,CA,Tư thục vì lợi nhuận,Bachelor,0.5,0.0,0.3134074021724718,0,Thấp
433013,CA,Tư thục vì lợi nhuận,Associate,0.7692,0.0,0.4836343843792108,0,Trung bình
433040,MA,Công lập,Chứng chỉ,0.7692,0.0,0.24803006755116064,0,Thấp
433068,FL,Công lập,Chứng chỉ,0.559,0.0,0.04561158482472696,0,Thấp
433101,RI,Tư thục vì lợi nhuận,Chứng chỉ,0.6412,0.0,0.11617472255959231,0,Thấp
433138,OH,Công lập,Chứng chỉ,0.8182,0.0,0.2134051996559787,0,Thấp
433174,NC,Công lập,Associate,1.0,0.0,0.19851840772060483,0,Thấp
433387,UT,Tư thục phi lợi nhuận,Bachelor,0.5089,0.0,0.6489326438617139,1,Trung bình
433420,CA,Tư thục vì lợi nhuận,Bachelor,0.4194,0.0,0.3691381545381826,0,Thấp
433536,LA,Tư thục phi lợi nhuận,Associate,0.2857,1.0,0.9061550181009446,1,Cao
433660,FL,Công lập,Bachelor,0.5602,0.0,0.2692385265077277,0,Thấp
434016,NE,Công lập,Chứng chỉ,0.1667,1.0,0.5987381064450816,1,Trung bình
434061,LA,Công lập,Chứng chỉ,0.3004,1.0,0.7974284124737328,1,Cao
434140,CA,Tư thục vì lợi nhuận,Chứng chỉ,0.569,0.0,0.07091989703197728,0,Thấp
434159,GA,Tư thục vì lợi nhuận,Chứng chỉ,0.532,0.0,0.43556392717353937,0,Trung bình
434274,TX,Tư thục vì lợi nhuận,Chứng chỉ,0.8444,0.0,0.46122831795623104,0,Trung bình
434283,TX,Tư thục vì lợi nhuận,Chứng chỉ,0.4,0.0,0.05592952194645596,0,Thấp
434308,MD,Tư thục vì lợi nhuận,Chứng chỉ,0.6538,0.0,0.13823360324673503,0,Thấp
434344,MA,Tư thục vì lợi nhuận,Chứng chỉ,0.8706,0.0,0.027994761743658857,0,Thấp
434362,WA,Tư thục phi lợi nhuận,Chứng chỉ,0.8276,0.0,0.09527276531211729,0,Thấp
434432,NE,Tư thục vì lợi nhuận,Associate,0.4286,0.0,0.5490508570380838,1,Trung bình
434469,FL,Tư thục vì lợi nhuận,Associate,1.0,0.0,0.6791083117840357,1,Trung bình
434496,SC,Tư thục vì lợi nhuận,Chứng chỉ,0.8,0.0,0.04292373074722761,0,Thấp
434584,AK,Công lập,Chứng chỉ,0.3571,1.0,0.4624014446316623,0,Trung bình
434672,MD,Công lập,Associate,0.1575,1.0,0.9680427393534784,1,Cao
434751,MN,Tư thục phi lợi nhuận,Associate,0.2273,1.0,0.9912402823629138,1,Cao
434821,LA,Tư thục vì lợi nhuận,Chứng chỉ,0.4578,0.0,0.3164538722971835,0,Thấp
434830,OH,Tư thục vì lợi nhuận,Chứng chỉ,0.6571,0.0,0.03685242301470942,0,Thấp
434900,PR,Tư thục phi lợi nhuận,Associate,0.6197,0.0,0.959679830284634,1,Cao
434937,MD,Tư thục phi lợi nhuận,Bachelor,0.5,0.0,0.6605223871374627,1,Trung bình
436030,MD,Tư thục vì lợi nhuận,Chứng chỉ,0.5,0.0,0.25517101130867403,0,Thấp
436304,LA,Công lập,Chứng chỉ,0.3114,1.0,0.7294189842631429,1,Cao
436429,CA,Tư thục vì lợi nhuận,Bachelor,0.4216,0.0,0.8375883915438607,1,Cao
436553,PR,Tư thục vì lợi nhuận,Chứng chỉ,0.8,0.0,0.09933635357679628,0,Thấp
436599,MA,Tư thục vì lợi nhuận,Associate,0.5,0.0,0.35453083686806397,0,Thấp
436614,AZ,Tư thục phi lợi nhuận,Bachelor,0.4286,0.0,0.5034871815015229,1,Trung bình
436632,NC,Tư thục vì lợi nhuận,Chứng chỉ,0.6316,0.0,0.06687909437867107,0,Thấp
436650,LA,Tư thục vì lợi nhuận,Chứng chỉ,0.5789,0.0,0.11118415361354683,0,Thấp
436818,CT,Công lập,Bachelor,0.5948,0.0,0.02563475339105713,0,Thấp
436827,CT,Công lập,Bachelor,0.5667,0.0,0.01714250620451443,0,Thấp
436836,CT,Công lập,Bachelor,0.5686,0.0,0.031265476064535704,0,Thấp
437097,VA,Tư thục vì lợi nhuận,Bachelor,1.0,0.0,0.5909122855878203,1,Trung bình
437103,LA,Công lập,Chứng chỉ,0.2746,1.0,0.894938434420082,1,Cao
437237,RI,Tư thục phi lợi nhuận,Chứng chỉ,0.6842,0.0,0.2811885848328973,0,Thấp
437556,IL,Tư thục vì lợi nhuận,Chứng chỉ,0.7391,0.0,0.10105813192445795,0,Thấp
437608,TX,Tư thục vì lợi nhuận,Chứng chỉ,0.5362,0.0,0.09283224721909215,0,Thấp
437635,TX,Tư thục vì lợi nhuận,Chứng chỉ,0.5232,0.0,0.2855488058535877,0,Thấp
437723,NJ,Tư thục phi lợi nhuận,Chứng chỉ,0.3131,1.0,0.6572763356348141,1,Trung bình
437732,TX,Tư thục phi lợi nhuận,Chứng chỉ,0.1875,1.0,0.6078927317499645,1,Trung bình
437750,CA,Tư thục vì lợi nhuận,Associate,0.4,0.0,0.5492309107786647,1,Trung bình
437769,VA,Tư thục vì lợi nhuận,Chứng chỉ,0.4,0.0,0.41029156114532656,0,Trung bình
437778,TX,Tư thục vì lợi nhuận,Chứng chỉ,0.59,0.0,0.0682097017892402,0,Thấp
437857,IN,Tư thục vì lợi nhuận,Chứng chỉ,0.6333,0.0,0.052809360878821744,0,Thấp
437936,CA,Tư thục vì lợi nhuận,Chứng chỉ,0.5556,0.0,0.11867389006078745,0,Thấp
438179,AZ,Tư thục vì lợi nhuận,Chứng chỉ,0.5514,0.0,0.4001220756948364,0,Trung bình
438221,PA,Tư thục vì lợi nhuận,Chứng chỉ,0.5161,0.0,0.14919041329736202,0,Thấp
438258,CA,Tư thục vì lợi nhuận,Chứng chỉ,0.5492,0.0,0.07401452568697915,0,Thấp
438285,FL,Tư thục vì lợi nhuận,Chứng chỉ,0.7671,0.0,0.3656942134439288,0,Thấp
438337,PR,Tư thục vì lợi nhuận,Chứng chỉ,0.731,0.0,0.038142936117424676,0,Thấp
438504,CA,Tư thục vì lợi nhuận,Associate,0.581,0.0,0.12517454138220027,0,Thấp
438586,GA,Tư thục vì lợi nhuận,Associate,0.2105,1.0,0.8651616084743814,1,Cao
438674,MS,Tư thục vì lợi nhuận,Chứng chỉ,0.5,0.0,0.1209412137860646,0,Thấp
438708,WV,Công lập,Associate,0.4063,0.0,0.9583891294894918,1,Cao
438735,IN,Tư thục vì lợi nhuận,Chứng chỉ,0.5909,0.0,0.3011826735297697,0,Thấp
438984,PR,Tư thục vì lợi nhuận,Chứng chỉ,0.6071,0.0,0.058601660052114785,0,Thấp
439118,WA,Tư thục vì lợi nhuận,Chứng chỉ,0.4495,0.0,0.15189987817697478,0,Thấp
439190,WA,Công lập,Associate,0.4124,0.0,0.6882280534722206,1,Trung bình
439367,CA,Tư thục phi lợi nhuận,Associate,0.686,0.0,0.4103357093486053,0,Trung bình
439455,IL,Tư thục vì lợi nhuận,Chứng chỉ,0.8571,0.0,0.40579827339256813,0,Trung bình
439473,DC,Tư thục vì lợi nhuận,Chứng chỉ,0.5099,0.0,0.31032439292870717,0,Thấp
439491,LA,Tư thục vì lợi nhuận,Chứng chỉ,0.3858,1.0,0.35966424562128296,0,Thấp
439570,OK,Tư thục phi lợi nhuận,Chứng chỉ,0.7804,0.0,0.12009993735624828,0,Thấp
439622,NY,Công lập,Chứng chỉ,0.8333,0.0,0.11095524340138702,0,Thấp
439668,AZ,Tư thục vì lợi nhuận,Chứng chỉ,0.8273,0.0,0.1597390103536363,0,Thấp
439701,TX,Tư thục phi lợi nhuận,Bachelor,0.4,0.0,0.6442951240800808,1,Trung bình
439738,LA,Tư thục vì lợi nhuận,Chứng chỉ,0.4504,0.0,0.2744103863427069,0,Thấp
439747,CA,Tư thục vì lợi nhuận,Chứng chỉ,0.9251,0.0,0.08198583338672968,0,Thấp
439774,FL,Tư thục vì lợi nhuận,Chứng chỉ,0.8,0.0,0.1135001990763527,0,Thấp
439792,FL,Tư thục vì lợi nhuận,Chứng chỉ,0.352,1.0,0.4683244547117893,0,Trung bình
439844,LA,Tư thục vì lợi nhuận,Chứng chỉ,0.8667,0.0,0.027524778594035123,0,Thấp
439862,GU,Tư thục phi lợi nhuận,Bachelor,0.5,0.0,0.7329083127056542,1,Cao
439871,CA,Tư thục vì lợi nhuận,Associate,0.7692,0.0,0.47062808068314527,0,Trung bình
439899,OH,Tư thục phi lợi nhuận,Associate,0.4706,0.0,0.3964837182513047,0,Thấp
439932,OK,Tư thục vì lợi nhuận,Chứng chỉ,0.9355,0.0,0.1145086197383556,0,Thấp
439969,FL,Tư thục vì lợi nhuận,Chứng chỉ,0.7931,0.0,0.13088587827834516,0,Thấp
440059,GA,Tư thục vì lợi nhuận,Chứng chỉ,0.5203,0.0,0.049267943352289005,0,Thấp
440101,GA,Tư thục vì lợi nhuận,Chứng chỉ,0.4483,0.0,0.1357557734480372,0,Thấp
440262,NY,Tư thục vì lợi nhuận,Chứng chỉ,0.6684,0.0,0.08478952876470008,0,Thấp
440271,LA,Tư thục phi lợi nhuận,Chứng chỉ,0.2657,1.0,0.40377551274411594,0,Trung bình
440396,ID,Tư thục phi lợi nhuận,Bachelor,0.697,0.0,0.10880666678688686,0,Thấp
440402,AR,Công lập,Chứng chỉ,0.4238,0.0,0.4094549737399456,0,Trung bình
440651,PR,Tư thục phi lợi nhuận,Associate,0.4259,0.0,0.5589493300648699,1,Trung bình
440730,NY,Công lập,Chứng chỉ,0.8171,0.0,0.0485239475889671,0,Thấp
440776,TX,Tư thục vì lợi nhuận,Chứng chỉ,0.4839,0.0,0.33889972395228274,0,Thấp
440794,NJ,Tư thục phi lợi nhuận,Associate,0.3409,1.0,0.40776354103593,0,Trung bình
440828,OR,Công lập,Bachelor,0.5116,0.0,0.05898113756974827,0,Thấp
440855,TX,Tư thục vì lợi nhuận,Chứng chỉ,0.5545,0.0,0.06915431440216993,0,Thấp
440989,TX,Tư thục vì lợi nhuận,Chứng chỉ,0.3386,1.0,0.1004646868960377,0,Thấp
441025,SC,Tư thục vì lợi nhuận,Chứng chỉ,0.6604,0.0,0.5353738034424858,1,Trung bình
441052,CA,Tư thục vì lợi nhuận,Chứng chỉ,0.6987,0.0,0.03528940940668176,0,Thấp
441070,MI,Công lập,Associate,0.0,1.0,0.9886026756296036,1,Cao
441210,AZ,Công lập,Chứng chỉ,0.6,0.0,0.36906713617607795,0,Thấp
441229,CA,Tư thục vì lợi nhuận,Associate,0.4851,0.0,0.35716645678815695,0,Thấp
441256,CA,Tư thục vì lợi nhuận,Chứng chỉ,0.75,0.0,0.03524121408873902,0,Thấp
441371,FL,Tư thục phi lợi nhuận,Associate,0.5563,0.0,0.7039965651429614,1,Cao
441380,FL,Tư thục vì lợi nhuận,Chứng chỉ,0.7214,0.0,0.06003622359121459,0,Thấp
441414,FL,Công lập,Chứng chỉ,0.2055,1.0,0.21943677171563972,0,Thấp
441423,FL,Tư thục vì lợi nhuận,Chứng chỉ,0.7961,0.0,0.0661324211841635,0,Thấp
441487,MO,Tư thục vì lợi nhuận,Associate,0.25,1.0,0.34434845243970963,0,Thấp
441496,MO,Tư thục vì lợi nhuận,Chứng chỉ,0.4615,0.0,0.1250242070210003,0,Thấp
441502,MS,Tư thục vì lợi nhuận,Chứng chỉ,0.276,1.0,0.4016143940143026,0,Trung bình
441575,NY,Tư thục phi lợi nhuận,Chứng chỉ,0.8354,0.0,0.49858762782066046,0,Trung bình
441593,NY,Công lập,Chứng chỉ,0.6667,0.0,0.3098114521065153,0,Thấp
441618,NY,Tư thục vì lợi nhuận,Chứng chỉ,0.8333,0.0,0.08227275125505017,0,Thấp
441636,OH,Tư thục vì lợi nhuận,Chứng chỉ,0.5455,0.0,0.21148507717840123,0,Thấp
441645,OH,Tư thục vì lợi nhuận,Chứng chỉ,0.8148,0.0,0.04632960349544106,0,Thấp
441663,OR,Tư thục vì lợi nhuận,Chứng chỉ,0.7359,0.0,0.2186362328955557,0,Thấp
441672,PA,Công lập,Chứng chỉ,0.9667,0.0,0.05567201269155119,0,Thấp
441690,PR,Tư thục phi lợi nhuận,Bachelor,0.1429,1.0,0.9955092134352627,1,Cao
441706,PR,Tư thục vì lợi nhuận,Chứng chỉ,0.5638,0.0,0.3377782354389261,0,Thấp
441742,TX,Tư thục vì lợi nhuận,Chứng chỉ,0.4939,0.0,0.24720131113115038,0,Thấp
441760,TX,Công lập,Associate,0.2733,1.0,0.9788011724638193,1,Cao
441788,TX,Tư thục vì lợi nhuận,Chứng chỉ,0.5571,0.0,0.06494912508867572,0,Thấp
441830,UT,Tư thục vì lợi nhuận,Chứng chỉ,0.8214,0.0,0.07376383732864498,0,Thấp
441858,VA,Tư thục vì lợi nhuận,Chứng chỉ,0.8049,0.0,0.1849873690641695,0,Thấp
441876,VA,Tư thục vì lợi nhuận,Chứng chỉ,0.6111,0.0,0.0311374826462636,0,Thấp
441900,NV,Công lập,Bachelor,0.3103,1.0,0.6459488921837139,1,Trung bình
441937,CA,Công lập,Bachelor,0.5345,0.0,0.5879611476636109,1,Trung bình
441982,MA,Tư thục phi lợi nhuận,Bachelor,0.9222,0.0,0.04050706019178099,0,Thấp
442073,NJ,Tư thục vì lợi nhuận,Chứng chỉ,0.564,0.0,0.23506006838680235,0,Thấp
442134,CO,Tư thục vì lợi nhuận,Chứng chỉ,0.6646,0.0,0.0878060696720593,0,Thấp
442240,CA,Tư thục vì lợi nhuận,Chứng chỉ,0.8644,0.0,0.15491844390239387,0,Thấp
442329,FL,Tư thục vì lợi nhuận,Chứng chỉ,0.738,0.0,0.07632396648100391,0,Thấp
442356,PA,Tư thục phi lợi nhuận,Associate,0.6703,0.0,0.1470911096125694,0,Thấp
442383,WV,Tư thục vì lợi nhuận,Associate,0.6071,0.0,0.6758560258742218,1,Trung bình
442426,MO,Tư thục vì lợi nhuận,Associate,0.7419,0.0,0.7225516548798864,1,Cao
442435,GA,Tư thục vì lợi nhuận,Chứng chỉ,0.1765,1.0,0.6247095585679955,1,Trung bình
442444,CA,Tư thục vì lợi nhuận,Chứng chỉ,0.6589,0.0,0.125287336337474,0,Thấp
442523,AK,Tư thục phi lợi nhuận,Associate,0.1163,1.0,0.925119747464812,1,Cao
442569,AR,Công lập,Bachelor,0.243,1.0,0.9732959750595709,1,Cao
442602,NM,Tư thục vì lợi nhuận,Chứng chỉ,0.5401,0.0,0.16543304094323638,0,Thấp
442611,NC,Tư thục vì lợi nhuận,Associate,0.5601,0.0,0.21776100006202484,0,Thấp
442639,VA,Tư thục vì lợi nhuận,Bachelor,0.7778,0.0,0.7271848804154534,1,Cao
442657,CA,Tư thục vì lợi nhuận,Chứng chỉ,0.5742,0.0,0.10057786022747155,0,Thấp
442781,AZ,Công lập,Associate,0.1031,1.0,0.9877263472168266,1,Cao
442842,IL,Tư thục vì lợi nhuận,Chứng chỉ,0.6786,0.0,0.506657088970477,1,Trung bình
442879,AZ,Tư thục vì lợi nhuận,Chứng chỉ,0.6857,0.0,0.38894749187569155,0,Thấp
442888,CA,Tư thục vì lợi nhuận,Chứng chỉ,0.7005,0.0,0.3901196502827956,0,Thấp
442976,KY,Tư thục phi lợi nhuận,Chứng chỉ,0.0938,1.0,0.7186968521373777,1,Cao
442985,CA,Tư thục vì lợi nhuận,Chứng chỉ,0.5986,0.0,0.12715317489243308,0,Thấp
443021,TX,Tư thục vì lợi nhuận,Chứng chỉ,0.7778,0.0,0.05502306007572286,0,Thấp
443049,WA,Tư thục phi lợi nhuận,Bachelor,0.6667,0.0,0.8909983009314186,1,Cao
443058,OK,Tư thục phi lợi nhuận,Bachelor,0.25,1.0,0.8589648761762514,1,Cao
443100,PR,Tư thục phi lợi nhuận,Chứng chỉ,0.2,1.0,0.10000197027206463,0,Thấp
443137,MI,Tư thục vì lợi nhuận,Chứng chỉ,0.4314,0.0,0.21950284101942386,0,Thấp
443146,TX,Tư thục vì lợi nhuận,Chứng chỉ,0.5455,0.0,0.383657530023094,0,Thấp
443207,CA,Tư thục phi lợi nhuận,Chứng chỉ,0.7761,0.0,0.28630351503318396,0,Thấp
443216,NJ,Tư thục vì lợi nhuận,Chứng chỉ,0.5818,0.0,0.0962228970197536,0,Thấp
443225,NJ,Tư thục vì lợi nhuận,Chứng chỉ,0.5455,0.0,0.06155347529934722,0,Thấp
443234,FL,Tư thục vì lợi nhuận,Chứng chỉ,0.7241,0.0,0.3571458414247674,0,Thấp
443252,FL,Tư thục vì lợi nhuận,Chứng chỉ,0.7519,0.0,0.041073746122101726,0,Thấp
443261,SC,Tư thục vì lợi nhuận,Chứng chỉ,0.697,0.0,0.05374435865732449,0,Thấp
443289,CO,Tư thục vì lợi nhuận,Chứng chỉ,0.5581,0.0,0.2414668188165569,0,Thấp
443298,TX,Tư thục vì lợi nhuận,Chứng chỉ,0.4565,0.0,0.49083880997155094,0,Trung bình
443322,TX,Tư thục phi lợi nhuận,Chứng chỉ,0.88,0.0,0.3415515150699621,0,Thấp
443331,CA,Tư thục vì lợi nhuận,Bachelor,0.4444,0.0,0.2126132705710449,0,Thấp
443340,TN,Tư thục phi lợi nhuận,Bachelor,0.5,0.0,0.24658365415245034,0,Thấp
443377,PA,Tư thục vì lợi nhuận,Associate,0.7692,0.0,0.3378175697238974,0,Thấp
443410,WA,Tư thục vì lợi nhuận,Bachelor,0.5156,0.0,0.020505754422643574,0,Thấp
443492,WV,Công lập,Chứng chỉ,0.3909,1.0,0.6008863797397197,1,Trung bình
443562,PR,Tư thục phi lợi nhuận,Bachelor,0.5224,0.0,0.9491428154994501,1,Cao
443571,CA,Tư thục vì lợi nhuận,Chứng chỉ,0.8133,0.0,0.3714442825826504,0,Thấp
443632,CO,Tư thục vì lợi nhuận,Chứng chỉ,0.6951,0.0,0.12395957314890509,0,Thấp
443641,RI,Tư thục vì lợi nhuận,Chứng chỉ,0.5152,0.0,0.053019186982997187,0,Thấp
443650,TN,Tư thục vì lợi nhuận,Associate,0.5594,0.0,0.93596961582957,1,Cao
443669,NV,Tư thục vì lợi nhuận,Chứng chỉ,0.616,0.0,0.10328796809730603,0,Thấp
443696,TX,Tư thục vì lợi nhuận,Chứng chỉ,0.3421,1.0,0.5266199415420021,1,Trung bình
443766,TN,Tư thục vì lợi nhuận,Bachelor,0.0,1.0,0.9654893433271311,1,Cao
443951,PR,Tư thục vì lợi nhuận,Chứng chỉ,0.8571,0.0,0.1518059475906527,0,Thấp
443979,MN,Tư thục vì lợi nhuận,Chứng chỉ,0.6667,0.0,0.02909471745233675,0,Thấp
444051,OH,Tư thục vì lợi nhuận,Chứng chỉ,0.8364,0.0,0.06989411252223973,0,Thấp
444088,NM,Tư thục vì lợi nhuận,Bachelor,0.6528,0.0,0.8927084983700412,1,Cao
444194,PR,Tư thục vì lợi nhuận,Chứng chỉ,1.0,0.0,0.48192752276634104,0,Trung bình
444219,CA,Công lập,Associate,0.3951,1.0,0.8965978927418655,1,Cao
444228,SC,Tư thục vì lợi nhuận,Chứng chỉ,0.6923,0.0,0.059341662848240544,0,Thấp
444264,PR,Tư thục vì lợi nhuận,Chứng chỉ,0.8986,0.0,0.1846596074770098,0,Thấp
444282,VA,Tư thục vì lợi nhuận,Chứng chỉ,0.3636,1.0,0.21808406164851704,0,Thấp
444291,MD,Tư thục vì lợi nhuận,Chứng chỉ,0.3667,1.0,0.4203090213391514,0,Trung bình
444307,PA,Tư thục vì lợi nhuận,Chứng chỉ,0.525,0.0,0.2639020358810496,0,Thấp
444325,CA,Tư thục vì lợi nhuận,Chứng chỉ,0.2,1.0,0.3190665772812447,0,Thấp
444334,FL,Tư thục vì lợi nhuận,Associate,1.0,0.0,0.4348018584684947,0,Trung bình
444361,CA,Tư thục vì lợi nhuận,Chứng chỉ,0.8596,0.0,0.04228453406919276,0,Thấp
444370,FL,Tư thục vì lợi nhuận,Chứng chỉ,0.8667,0.0,0.1470663827950618,0,Thấp
444398,TX,Tư thục phi lợi nhuận,Bachelor,0.2727,1.0,0.9703852035005475,1,Cao
444404,FL,Tư thục vì lợi nhuận,Chứng chỉ,0.9048,0.0,0.16036157925822012,0,Thấp
444413,NY,Tư thục phi lợi nhuận,Bachelor,0.1765,1.0,0.164358698155926,0,Thấp
444440,AL,Tư thục vì lợi nhuận,Chứng chỉ,0.7143,0.0,0.05365692307578042,0,Thấp
444468,TN,Tư thục vì lợi nhuận,Chứng chỉ,0.7778,0.0,0.23134331783679982,0,Thấp
444486,NC,Tư thục vì lợi nhuận,Chứng chỉ,0.5,0.0,0.04466125642596609,0,Thấp
444510,CA,Tư thục phi lợi nhuận,Chứng chỉ,0.3182,1.0,0.08796663990075351,0,Thấp
444529,CA,Tư thục vì lợi nhuận,Chứng chỉ,0.82,0.0,0.139738796299456,0,Thấp
444556,TX,Tư thục vì lợi nhuận,Associate,0.5741,0.0,0.29325531495980817,0,Thấp
444565,TX,Tư thục vì lợi nhuận,Associate,0.5769,0.0,0.6721431784575539,1,Trung bình
444583,PR,Tư thục vì lợi nhuận,Chứng chỉ,0.7677,0.0,0.04034530115451916,0,Thấp
444635,OH,Tư thục vì lợi nhuận,Chứng chỉ,0.7931,0.0,0.11302833821446003,0,Thấp
444662,LA,Tư thục vì lợi nhuận,Chứng chỉ,1.0,0.0,0.32170110989499606,0,Thấp
444671,PR,Tư thục vì lợi nhuận,Chứng chỉ,0.7975,0.0,0.08286055883227972,0,Thấp
444714,GA,Tư thục vì lợi nhuận,Chứng chỉ,0.4494,0.0,0.22780400234448372,0,Thấp
444732,PR,Tư thục vì lợi nhuận,Chứng chỉ,0.2222,1.0,0.058760585775678366,0,Thấp
444778,NC,Tư thục phi lợi nhuận,Bachelor,0.0,1.0,0.8301054535384015,1,Cao
444787,UT,Tư thục vì lợi nhuận,Bachelor,0.45,0.0,0.8164188089215644,1,Cao
444811,PA,Tư thục vì lợi nhuận,Associate,0.3312,1.0,0.7245912758721617,1,Cao
444857,UT,Tư thục vì lợi nhuận,Chứng chỉ,0.7419,0.0,0.08978454262648831,0,Thấp
444866,SC,Tư thục vì lợi nhuận,Chứng chỉ,0.5233,0.0,0.03395097577202065,0,Thấp
444936,AZ,Tư thục vì lợi nhuận,Chứng chỉ,0.8689,0.0,0.054597962006670366,0,Thấp
444945,LA,Tư thục vì lợi nhuận,Chứng chỉ,0.645,0.0,0.22607763119294116,0,Thấp
444954,WV,Công lập,Associate,0.1679,1.0,0.9627647365931657,1,Cao
445027,AZ,Tư thục vì lợi nhuận,Bachelor,0.212,1.0,0.9275013195288777,1,Cao
445133,TX,Tư thục vì lợi nhuận,Bachelor,0.4545,0.0,0.8342310973863409,1,Cao
445188,CA,Công lập,Bachelor,0.6915,0.0,0.0507978628577922,0,Thấp
445203,TX,Tư thục phi lợi nhuận,Chứng chỉ,0.509,0.0,0.05569949056229943,0,Thấp
445212,FL,Tư thục vì lợi nhuận,Chứng chỉ,0.6,0.0,0.031707214955053534,0,Thấp
445230,NV,Tư thục vì lợi nhuận,Chứng chỉ,0.4938,0.0,0.11338825295075432,0,Thấp
445249,TN,Tư thục phi lợi nhuận,Chứng chỉ,0.5844,0.0,0.2312393021269825,0,Thấp
445267,MO,Tư thục phi lợi nhuận,Bachelor,0.0,1.0,0.9643240411891727,1,Cao
445364,CA,Tư thục vì lợi nhuận,Chứng chỉ,0.663,0.0,0.06600486868420535,0,Thấp
445498,PR,Tư thục vì lợi nhuận,Chứng chỉ,0.8261,0.0,0.0560970224717796,0,Thấp
445540,AR,Tư thục vì lợi nhuận,Chứng chỉ,0.6047,0.0,0.15037473874285653,0,Thấp
445647,MA,Tư thục vì lợi nhuận,Chứng chỉ,0.7407,0.0,0.07117453415407654,0,Thấp
445656,MA,Tư thục vì lợi nhuận,Chứng chỉ,0.8667,0.0,0.07679226116345324,0,Thấp
445692,UT,Tư thục vì lợi nhuận,Bachelor,0.5655,0.0,0.1397814989239854,0,Thấp
445708,NC,Tư thục phi lợi nhuận,Associate,0.5211,0.0,0.04675885071026787,0,Thấp
445744,FL,Tư thục vì lợi nhuận,Chứng chỉ,0.594,0.0,0.19240223769121945,0,Thấp
445762,VA,Tư thục vì lợi nhuận,Chứng chỉ,0.4,0.0,0.2145289926565404,0,Thấp
445780,ID,Tư thục vì lợi nhuận,Chứng chỉ,0.8333,0.0,0.04263945529670073,0,Thấp
445799,PA,Tư thục vì lợi nhuận,Chứng chỉ,0.5449,0.0,0.04557730706591774,0,Thấp
445841,SC,Tư thục vì lợi nhuận,Chứng chỉ,0.7455,0.0,0.07051872781879692,0,Thấp
445850,SC,Tư thục vì lợi nhuận,Chứng chỉ,0.6327,0.0,0.05727670834050499,0,Thấp
445911,CT,Tư thục vì lợi nhuận,Chứng chỉ,0.5514,0.0,0.06015177581212877,0,Thấp
445948,NV,Tư thục vì lợi nhuận,Chứng chỉ,0.6733,0.0,0.18048584778049814,0,Thấp
446048,FL,Tư thục phi lợi nhuận,Bachelor,0.5548,0.0,0.1367661269468632,0,Thấp
446084,IL,Tư thục vì lợi nhuận,Chứng chỉ,0.5,0.0,0.11038078437199302,0,Thấp
446093,CA,Tư thục vì lợi nhuận,Chứng chỉ,0.5581,0.0,0.11954367149589565,0,Thấp
446109,FL,Tư thục vì lợi nhuận,Chứng chỉ,0.4167,0.0,0.04911843623962905,0,Thấp
446118,CA,Tư thục vì lợi nhuận,Chứng chỉ,0.7181,0.0,0.2606818292738662,0,Thấp
446127,FL,Tư thục vì lợi nhuận,Chứng chỉ,0.6296,0.0,0.18074579204329996,0,Thấp
446163,CA,Tư thục phi lợi nhuận,Associate,0.085,1.0,0.45942271421769143,0,Trung bình
446206,VA,Công lập,Chứng chỉ,0.6364,0.0,0.37378312971187283,0,Thấp
446233,AR,Tư thục phi lợi nhuận,Bachelor,0.3654,1.0,0.7637025772574133,1,Cao
446242,KY,Tư thục phi lợi nhuận,Chứng chỉ,0.625,0.0,0.0763115220333668,0,Thấp
446251,IL,Tư thục vì lợi nhuận,Chứng chỉ,0.9828,0.0,0.3290131613407839,0,Thấp
446260,WA,Tư thục vì lợi nhuận,Chứng chỉ,0.8094,0.0,0.02736906167125768,0,Thấp
446288,MI,Tư thục vì lợi nhuận,Chứng chỉ,0.8571,0.0,0.15976664799602047,0,Thấp
446303,NJ,Tư thục vì lợi nhuận,Chứng chỉ,0.8657,0.0,0.16470781218332659,0,Thấp
446349,WV,Công lập,Chứng chỉ,1.0,0.0,0.3313431157629046,0,Thấp
446385,CA,Tư thục vì lợi nhuận,Bachelor,0.4737,0.0,0.4722926492711229,0,Trung bình
446516,PR,Tư thục vì lợi nhuận,Chứng chỉ,0.75,0.0,0.3189680269060363,0,Thấp
446525,TN,Tư thục vì lợi nhuận,Chứng chỉ,0.4575,0.0,0.17202230373975705,0,Thấp
446552,FL,Tư thục vì lợi nhuận,Chứng chỉ,0.5538,0.0,0.1440952554128662,0,Thấp
446561,CA,Tư thục vì lợi nhuận,Associate,0.7719,0.0,0.26439109611997,0,Thấp
446598,NE,Tư thục vì lợi nhuận,Chứng chỉ,1.0,0.0,0.15392806331928108,0,Thấp
446604,NY,Tư thục phi lợi nhuận,Bachelor,0.7841,0.0,0.5698328804241395,1,Trung bình
446640,PA,Tư thục phi lợi nhuận,Bachelor,0.4337,0.0,0.37094021213683165,0,Thấp
446774,WV,Công lập,Associate,0.4097,0.0,0.8450080649328802,1,Cao
447014,FL,Tư thục vì lợi nhuận,Chứng chỉ,0.7222,0.0,0.23577471606596956,0,Thấp
447023,MS,Tư thục vì lợi nhuận,Chứng chỉ,0.6667,0.0,0.15844027295015392,0,Thấp
447148,AZ,Tư thục vì lợi nhuận,Chứng chỉ,0.5714,0.0,0.26606390493402005,0,Thấp
447166,CO,Tư thục vì lợi nhuận,Chứng chỉ,0.7273,0.0,0.06459801037409996,0,Thấp
447175,CO,Tư thục vì lợi nhuận,Chứng chỉ,0.4118,0.0,0.19848168365094462,0,Thấp
447263,UT,Tư thục vì lợi nhuận,Associate,0.4706,0.0,0.09320523533030953,0,Thấp
447351,CA,Tư thục vì lợi nhuận,Chứng chỉ,0.6107,0.0,0.06903874172493633,0,Thấp
447421,UT,Tư thục vì lợi nhuận,Bachelor,0.68,0.0,0.7522775789638252,1,Cao
447449,TX,Tư thục vì lợi nhuận,Chứng chỉ,0.9688,0.0,0.4515854839414932,0,Trung bình
447467,LA,Tư thục vì lợi nhuận,Chứng chỉ,0.6972,0.0,0.21404742699623724,0,Thấp
447582,WV,Công lập,Chứng chỉ,0.299,1.0,0.6521145256582352,1,Trung bình
447591,TX,Tư thục vì lợi nhuận,Chứng chỉ,0.5994,0.0,0.212204030852603,0,Thấp
447607,CA,Tư thục vì lợi nhuận,Chứng chỉ,0.6453,0.0,0.07888990460732645,0,Thấp
447616,CA,Tư thục vì lợi nhuận,Chứng chỉ,0.6484,0.0,0.06704425550340158,0,Thấp
447689,GA,Công lập,Bachelor,0.198,1.0,0.8480927044497099,1,Cao
447704,AZ,Tư thục vì lợi nhuận,Chứng chỉ,0.7286,0.0,0.05912049326433652,0,Thấp
447713,CA,Tư thục vì lợi nhuận,Associate,1.0,0.0,0.455438603655254,0,Trung bình
447722,CA,Tư thục vì lợi nhuận,Chứng chỉ,0.8,0.0,0.03816835482371585,0,Thấp
447731,CA,Tư thục vì lợi nhuận,Chứng chỉ,0.8531,0.0,0.040005656088827383,0,Thấp
447759,CA,Tư thục vì lợi nhuận,Associate,0.7273,0.0,0.30840716845287586,0,Thấp
447768,CA,Tư thục vì lợi nhuận,Chứng chỉ,0.6198,0.0,0.12487092469353334,0,Thấp
447777,CA,Tư thục vì lợi nhuận,Associate,0.8571,0.0,0.7379946405604041,1,Cao
447795,CA,Tư thục vì lợi nhuận,Chứng chỉ,0.9747,0.0,0.3189610340899514,0,Thấp
447810,CA,Tư thục vì lợi nhuận,Chứng chỉ,0.7,0.0,0.04551945664019909,0,Thấp
447847,FL,Tư thục vì lợi nhuận,Chứng chỉ,0.5833,0.0,0.015082683929594526,0,Thấp
447865,FL,Tư thục vì lợi nhuận,Chứng chỉ,0.8,0.0,0.16564341012134365,0,Thấp
447883,FL,Tư thục vì lợi nhuận,Chứng chỉ,0.6406,0.0,0.3643484681701514,0,Thấp
447892,FL,Tư thục vì lợi nhuận,Chứng chỉ,0.75,0.0,0.10451465459121718,0,Thấp
447908,FL,Tư thục vì lợi nhuận,Chứng chỉ,0.8333,0.0,0.06767555414722821,0,Thấp
447917,GA,Tư thục vì lợi nhuận,Chứng chỉ,0.7931,0.0,0.10364679043349448,0,Thấp
447935,KY,Tư thục vì lợi nhuận,Associate,0.3333,1.0,0.9121515232520432,1,Cao
447953,CA,Tư thục phi lợi nhuận,Bachelor,0.4615,0.0,0.9139774761427543,1,Cao
447962,LA,Tư thục vì lợi nhuận,Chứng chỉ,0.4098,0.0,0.19960664557113914,0,Thấp
447980,MI,Tư thục vì lợi nhuận,Chứng chỉ,0.2308,1.0,0.07450360951426843,0,Thấp
447999,MO,Tư thục vì lợi nhuận,Chứng chỉ,0.5952,0.0,0.12088774897063116,0,Thấp
448026,ND,Tư thục vì lợi nhuận,Chứng chỉ,0.7857,0.0,0.03686347339213187,0,Thấp
448071,NY,Tư thục vì lợi nhuận,Chứng chỉ,0.7105,0.0,0.08691535868652725,0,Thấp
448123,PR,Tư thục vì lợi nhuận,Chứng chỉ,0.5934,0.0,0.24613293977434741,0,Thấp
448196,TX,Tư thục vì lợi nhuận,Chứng chỉ,0.6897,0.0,0.2043214621815115,0,Thấp
448220,UT,Tư thục vì lợi nhuận,Chứng chỉ,0.7179,0.0,0.035138306101502405,0,Thấp
448248,UT,Công lập,Chứng chỉ,0.7764,0.0,0.03401484793383415,0,Thấp
448257,VA,Tư thục vì lợi nhuận,Chứng chỉ,0.9,0.0,0.08275028850934675,0,Thấp
448275,WV,Tư thục vì lợi nhuận,Chứng chỉ,0.7826,0.0,0.15236360555845388,0,Thấp
448372,CA,Tư thục vì lợi nhuận,Associate,0.7333,0.0,0.10756801297633625,0,Thấp
448424,OK,Tư thục vì lợi nhuận,Chứng chỉ,0.7857,0.0,0.05200506090647341,0,Thấp
448433,CA,Tư thục vì lợi nhuận,Associate,0.5809,0.0,0.12806947494041954,0,Thấp
448594,CA,Công lập,Associate,0.3993,1.0,0.8380622857035576,1,Cao
448600,OH,Tư thục vì lợi nhuận,Chứng chỉ,0.4125,0.0,0.4011066230390464,0,Trung bình
448646,LA,Tư thục vì lợi nhuận,Chứng chỉ,0.6821,0.0,0.2274973633826401,0,Thấp
448673,IL,Tư thục vì lợi nhuận,Associate,0.4,0.0,0.9339673866401483,1,Cao
448770,PA,Tư thục vì lợi nhuận,Chứng chỉ,0.6747,0.0,0.03384245479384468,0,Thấp
448798,WI,Tư thục vì lợi nhuận,Chứng chỉ,0.4022,0.0,0.3102198029176343,0,Thấp
448859,PA,Tư thục vì lợi nhuận,Associate,0.75,0.0,0.4274235183660714,0,Trung bình
448895,CA,Tư thục vì lợi nhuận,Chứng chỉ,0.5774,0.0,0.056994651508517104,0,Thấp
449038,FL,Tư thục vì lợi nhuận,Bachelor,0.0,1.0,0.8268149295799873,1,Cao
449074,WA,Tư thục vì lợi nhuận,Chứng chỉ,0.6077,0.0,0.022026963365928905,0,Thấp
449083,FL,Tư thục vì lợi nhuận,Chứng chỉ,0.8744,0.0,0.23626550247994324,0,Thấp
449092,FL,Tư thục vì lợi nhuận,Chứng chỉ,0.8885,0.0,0.1083619460037579,0,Thấp
449135,PR,Tư thục phi lợi nhuận,Chứng chỉ,0.7083,0.0,0.769395475239441,1,Cao
449250,TX,Tư thục vì lợi nhuận,Chứng chỉ,0.5649,0.0,0.28183309228316783,0,Thấp
449311,NY,Tư thục vì lợi nhuận,Chứng chỉ,0.3913,1.0,0.11304728111563944,0,Thấp
449320,NY,Tư thục vì lợi nhuận,Chứng chỉ,0.5854,0.0,0.05194734737862208,0,Thấp
449339,WV,Tư thục vì lợi nhuận,Bachelor,0.5323,0.0,0.7404046311843141,1,Cao
449348,AL,Tư thục phi lợi nhuận,Bachelor,0.0,1.0,0.9248387587267045,1,Cao
449357,CA,Công lập,Chứng chỉ,1.0,0.0,0.1945990388286449,0,Thấp
449384,CA,Tư thục vì lợi nhuận,Bachelor,0.6667,0.0,0.026307180469673248,0,Thấp
449393,CA,Tư thục vì lợi nhuận,Chứng chỉ,0.8421,0.0,0.053737755700461756,0,Thấp
449445,CA,Tư thục vì lợi nhuận,Chứng chỉ,0.7857,0.0,0.39916864159539,0,Thấp
449463,CT,Tư thục vì lợi nhuận,Chứng chỉ,0.7442,0.0,0.34232511779482466,0,Thấp
449472,DE,Tư thục vì lợi nhuận,Chứng chỉ,0.9259,0.0,0.028831636664814517,0,Thấp
449490,FL,Tư thục vì lợi nhuận,Chứng chỉ,0.6032,0.0,0.286582561019326,0,Thấp
449506,FL,Tư thục phi lợi nhuận,Associate,1.0,0.0,0.5056970259496839,1,Trung bình
449524,FL,Tư thục vì lợi nhuận,Associate,0.619,0.0,0.6798619353021836,1,Trung bình
449533,FL,Tư thục vì lợi nhuận,Chứng chỉ,0.6552,0.0,0.23016284397245296,0,Thấp
449597,IN,Tư thục vì lợi nhuận,Chứng chỉ,0.0,1.0,0.5118592097876745,1,Trung bình
449603,IN,Tư thục vì lợi nhuận,Chứng chỉ,0.7857,0.0,0.0637369146609299,0,Thấp
449612,LA,Tư thục vì lợi nhuận,Associate,0.9048,0.0,0.17933056233406752,0,Thấp
449658,NJ,Tư thục phi lợi nhuận,Bachelor,0.3214,1.0,0.39331798153475295,0,Thấp
449676,NY,Tư thục vì lợi nhuận,Chứng chỉ,0.7074,0.0,0.0418382056125471,0,Thấp
449685,NY,Tư thục vì lợi nhuận,Chứng chỉ,0.744,0.0,0.09242316491466798,0,Thấp
449700,OH,Tư thục vì lợi nhuận,Chứng chỉ,0.7321,0.0,0.14247280955619102,0,Thấp
449728,OK,Tư thục vì lợi nhuận,Associate,0.6667,0.0,0.19453383469840518,0,Thấp
449764,TN,Tư thục phi lợi nhuận,Chứng chỉ,0.4828,0.0,0.05095744017021303,0,Thấp
449773,TX,Tư thục vì lợi nhuận,Chứng chỉ,0.7037,0.0,0.1419973755005283,0,Thấp
449782,TX,Tư thục vì lợi nhuận,Chứng chỉ,0.7692,0.0,0.1324100357933495,0,Thấp
449807,TX,Tư thục vì lợi nhuận,Chứng chỉ,0.6301,0.0,0.2728375567606316,0,Thấp
449816,UT,Công lập,Chứng chỉ,0.9318,0.0,0.05444980043421288,0,Thấp
449861,WI,Tư thục vì lợi nhuận,Chứng chỉ,0.4797,0.0,0.05102778754364778,0,Thấp
449870,CA,Tư thục phi lợi nhuận,Bachelor,0.3111,1.0,0.9284595551639968,1,Cao
449898,FL,Tư thục vì lợi nhuận,Bachelor,0.0455,1.0,0.7957335836867497,1,Cao
449904,TX,Tư thục vì lợi nhuận,Chứng chỉ,0.5094,0.0,0.04681662671911913,0,Thấp
449959,FL,Tư thục vì lợi nhuận,Chứng chỉ,0.6531,0.0,0.047770917667051695,0,Thấp
449968,CA,Tư thục vì lợi nhuận,Chứng chỉ,0.6316,0.0,0.03417231683694553,0,Thấp
449977,MI,Tư thục vì lợi nhuận,Chứng chỉ,1.0,0.0,0.03120745056457928,0,Thấp
449986,CA,Tư thục vì lợi nhuận,Chứng chỉ,0.7843,0.0,0.2962064118757923,0,Thấp
449995,VA,Tư thục vì lợi nhuận,Chứng chỉ,0.8333,0.0,0.03109760808162469,0,Thấp
450058,OH,Tư thục vì lợi nhuận,Chứng chỉ,0.3231,1.0,0.45256603823502595,0,Trung bình
450067,OH,Tư thục vì lợi nhuận,Chứng chỉ,0.4083,0.0,0.2664304033197497,0,Thấp
450128,LA,Tư thục vì lợi nhuận,Chứng chỉ,0.3255,1.0,0.4359189554179911,0,Trung bình
450395,OH,Tư thục vì lợi nhuận,Chứng chỉ,0.8788,0.0,0.09755854076964084,0,Thấp
450401,OK,Tư thục phi lợi nhuận,Chứng chỉ,0.7511,0.0,0.27373670642356024,0,Thấp
450571,WI,Tư thục vì lợi nhuận,Associate,0.625,0.0,0.6654633245602958,1,Trung bình
450599,VA,Tư thục vì lợi nhuận,Chứng chỉ,0.4444,0.0,0.23556693145449153,0,Thấp
450605,PA,Tư thục vì lợi nhuận,Chứng chỉ,0.5238,0.0,0.295076368772143,0,Thấp
450614,NC,Tư thục vì lợi nhuận,Chứng chỉ,0.4444,0.0,0.07180684379204101,0,Thấp
450641,NH,Tư thục vì lợi nhuận,Chứng chỉ,0.7143,0.0,0.08096792602999857,0,Thấp
450650,WI,Tư thục vì lợi nhuận,Chứng chỉ,0.9146,0.0,0.05592240812526223,0,Thấp
450696,CA,Tư thục vì lợi nhuận,Chứng chỉ,0.5138,0.0,0.1749542984891982,0,Thấp
450711,TX,Tư thục vì lợi nhuận,Chứng chỉ,0.5957,0.0,0.3676190660340947,0,Thấp
450720,NV,Tư thục vì lợi nhuận,Chứng chỉ,0.767,0.0,0.06634217470252295,0,Thấp
450933,AL,Tư thục vì lợi nhuận,Bachelor,0.3722,1.0,0.9813538040924011,1,Cao
450951,AZ,Tư thục vì lợi nhuận,Chứng chỉ,0.8533,0.0,0.032054717877135146,0,Thấp
450960,CA,Tư thục vì lợi nhuận,Chứng chỉ,0.6818,0.0,0.1250781239169989,0,Thấp
450988,CA,Tư thục vì lợi nhuận,Chứng chỉ,0.8361,0.0,0.07647839381497412,0,Thấp
451042,CT,Tư thục vì lợi nhuận,Chứng chỉ,0.8333,0.0,0.09862465568947405,0,Thấp
451097,FL,Tư thục vì lợi nhuận,Chứng chỉ,0.9333,0.0,0.052536061647459685,0,Thấp
451103,FL,Tư thục vì lợi nhuận,Associate,0.2083,1.0,0.22402742067368708,0,Thấp
451121,FL,Tư thục vì lợi nhuận,Chứng chỉ,0.9,0.0,0.09387131805225915,0,Thấp
451149,FL,Tư thục vì lợi nhuận,Chứng chỉ,0.7037,0.0,0.03364634079856385,0,Thấp
451158,FL,Tư thục vì lợi nhuận,Chứng chỉ,0.6376,0.0,0.03507061179728902,0,Thấp
451167,FL,Tư thục vì lợi nhuận,Chứng chỉ,0.5758,0.0,0.5447750065240894,1,Trung bình
451194,IA,Tư thục vì lợi nhuận,Chứng chỉ,1.0,0.0,0.16723815617799126,0,Thấp
451228,IN,Tư thục vì lợi nhuận,Chứng chỉ,0.6349,0.0,0.14219591182745767,0,Thấp
451237,KS,Tư thục vì lợi nhuận,Chứng chỉ,0.7391,0.0,0.01813363545707286,0,Thấp
451255,MA,Tư thục vì lợi nhuận,Chứng chỉ,0.84,0.0,0.33583242804214175,0,Thấp
451282,MI,Tư thục vì lợi nhuận,Chứng chỉ,0.7838,0.0,0.03781991487486357,0,Thấp
451307,MI,Tư thục vì lợi nhuận,Chứng chỉ,0.75,0.0,0.13074449994810097,0,Thấp
451316,MO,Tư thục vì lợi nhuận,Chứng chỉ,0.6944,0.0,0.08554088060360872,0,Thấp
451334,MO,Tư thục vì lợi nhuận,Chứng chỉ,0.6039,0.0,0.12335745380121317,0,Thấp
451343,MS,Tư thục vì lợi nhuận,Chứng chỉ,0.2917,1.0,0.05548859148742476,0,Thấp
451352,NC,Tư thục vì lợi nhuận,Chứng chỉ,0.6031,0.0,0.037623369759905656,0,Thấp
451370,NJ,Tư thục phi lợi nhuận,Bachelor,0.1429,1.0,0.9075687612271617,1,Cao
451398,NJ,Tư thục phi lợi nhuận,Bachelor,0.2698,1.0,0.40588025277385464,0,Trung bình
451404,NY,Tư thục phi lợi nhuận,Bachelor,0.4304,0.0,0.5273056269848634,1,Trung bình
451413,NY,Tư thục vì lợi nhuận,Chứng chỉ,0.25,1.0,0.04214176561488469,0,Thấp
451468,OH,Tư thục vì lợi nhuận,Chứng chỉ,0.7111,0.0,0.05477975256489437,0,Thấp
451477,OH,Tư thục vì lợi nhuận,Chứng chỉ,0.7403,0.0,0.06810343831094648,0,Thấp
451495,PA,Tư thục vì lợi nhuận,Chứng chỉ,0.5572,0.0,0.07625271905834384,0,Thấp
451501,PR,Tư thục vì lợi nhuận,Chứng chỉ,0.7814,0.0,0.09892912094359646,0,Thấp
451529,TN,Tư thục vì lợi nhuận,Chứng chỉ,0.7241,0.0,0.08505043473239715,0,Thấp
451547,TX,Tư thục vì lợi nhuận,Chứng chỉ,0.9,0.0,0.0781315286474558,0,Thấp
451556,TX,Tư thục vì lợi nhuận,Associate,0.6565,0.0,0.553745607735403,1,Trung bình
451565,TX,Tư thục vì lợi nhuận,Chứng chỉ,0.6538,0.0,0.0446227778480254,0,Thấp
451574,UT,Tư thục vì lợi nhuận,Chứng chỉ,0.8875,0.0,0.027171682874785368,0,Thấp
451583,UT,Công lập,Chứng chỉ,0.8507,0.0,0.05141293529631033,0,Thấp
451626,WA,Tư thục vì lợi nhuận,Chứng chỉ,0.8864,0.0,0.2671199404291943,0,Thấp
451714,TX,Tư thục vì lợi nhuận,Chứng chỉ,0.8846,0.0,0.04840584868969541,0,Thấp
451750,WI,Tư thục phi lợi nhuận,Associate,0.2349,1.0,0.8670003575073131,1,Cao
451857,TX,Tư thục phi lợi nhuận,Chứng chỉ,0.5847,0.0,0.3501737984769845,0,Thấp
451866,LA,Tư thục phi lợi nhuận,Chứng chỉ,0.2593,1.0,0.10288874641429978,0,Thấp
451918,TN,Tư thục vì lợi nhuận,Chứng chỉ,0.74,0.0,0.05811137333096068,0,Thấp
451927,VA,Tư thục phi lợi nhuận,Bachelor,0.6545,0.0,0.13567908540040138,0,Thấp
452009,ND,Tư thục vì lợi nhuận,Chứng chỉ,0.6552,0.0,0.021320839288774717,0,Thấp
452072,MI,Tư thục vì lợi nhuận,Chứng chỉ,0.8649,0.0,0.18669860165789845,0,Thấp
452081,OH,Tư thục vì lợi nhuận,Chứng chỉ,0.4232,0.0,0.33892940754053846,0,Thấp
452106,PR,Công lập,Chứng chỉ,0.6316,0.0,0.8232135782868788,1,Cao
452124,TN,Tư thục vì lợi nhuận,Chứng chỉ,0.5182,0.0,0.3933261440423342,0,Thấp
452373,OH,Tư thục vì lợi nhuận,Chứng chỉ,0.7143,0.0,0.23489552181201018,0,Thấp
452948,OH,Tư thục vì lợi nhuận,Associate,0.5476,0.0,0.1854044280086725,0,Thấp
453163,NC,Tư thục vì lợi nhuận,Bachelor,0.1667,1.0,0.9721034748675963,1,Cao
453215,NJ,Tư thục vì lợi nhuận,Bachelor,0.0,1.0,0.8327383130250126,1,Cao
453756,OH,Tư thục vì lợi nhuận,Chứng chỉ,0.6222,0.0,0.2850575335632969,0,Thấp
453792,OH,Tư thục vì lợi nhuận,Chứng chỉ,0.7792,0.0,0.1057804559545289,0,Thấp
454227,IL,Tư thục vì lợi nhuận,Bachelor,0.5,0.0,0.405335504201479,0,Trung bình
454236,OH,Tư thục vì lợi nhuận,Bachelor,0.0,1.0,0.8229111170847528,1,Cao
454245,AZ,Tư thục vì lợi nhuận,Bachelor,0.6667,0.0,0.8098645467832475,1,Cao
454537,WI,Tư thục vì lợi nhuận,Chứng chỉ,0.875,0.0,0.053380301947522864,0,Thấp
454546,CA,Tư thục vì lợi nhuận,Chứng chỉ,0.4427,0.0,0.04561011278357666,0,Thấp
454555,NV,Tư thục vì lợi nhuận,Chứng chỉ,0.6255,0.0,0.048681087407828144,0,Thấp
454607,GA,Tư thục vì lợi nhuận,Chứng chỉ,0.7658,0.0,0.05368496676251482,0,Thấp
454652,AL,Tư thục vì lợi nhuận,Chứng chỉ,0.6429,0.0,0.0655992867551619,0,Thấp
454698,CA,Tư thục vì lợi nhuận,Chứng chỉ,0.7743,0.0,0.10146057498382424,0,Thấp
454722,CA,Tư thục vì lợi nhuận,Chứng chỉ,0.7143,0.0,0.4142161641207064,0,Trung bình
454759,CA,Tư thục vì lợi nhuận,Chứng chỉ,0.8,0.0,0.5828043612285633,1,Trung bình
454768,CA,Tư thục vì lợi nhuận,Chứng chỉ,0.6757,0.0,0.18984791817939886,0,Thấp
454777,CA,Tư thục vì lợi nhuận,Chứng chỉ,0.7,0.0,0.08420363302901385,0,Thấp
454786,CA,Tư thục vì lợi nhuận,Associate,0.3846,1.0,0.403461291093401,0,Trung bình
454795,CA,Tư thục vì lợi nhuận,Chứng chỉ,0.7143,0.0,0.28235926415436274,0,Thấp
454801,CA,Tư thục vì lợi nhuận,Chứng chỉ,0.7692,0.0,0.5288583380847002,1,Trung bình
454810,CO,Tư thục vì lợi nhuận,Chứng chỉ,0.4594,0.0,0.3071555858960761,0,Thấp
454865,FL,Tư thục vì lợi nhuận,Chứng chỉ,0.56,0.0,0.069367778307648,0,Thấp
454874,FL,Tư thục vì lợi nhuận,Chứng chỉ,0.65,0.0,0.024937612630306808,0,Thấp
454917,FL,Tư thục vì lợi nhuận,Chứng chỉ,0.7115,0.0,0.05401756991938588,0,Thấp
454926,GA,Tư thục vì lợi nhuận,Chứng chỉ,0.4146,0.0,0.24366552381174403,0,Thấp
454935,ID,Tư thục vì lợi nhuận,Chứng chỉ,0.8,0.0,0.055744516727057755,0,Thấp
454944,ID,Tư thục vì lợi nhuận,Chứng chỉ,0.898,0.0,0.025534776003788694,0,Thấp
454953,IL,Tư thục vì lợi nhuận,Chứng chỉ,0.7586,0.0,0.14500299596565022,0,Thấp
454962,IL,Tư thục vì lợi nhuận,Chứng chỉ,0.7241,0.0,0.028960675855942215,0,Thấp
454980,IL,Tư thục vì lợi nhuận,Chứng chỉ,0.5,0.0,0.09926115653561332,0,Thấp
454999,IL,Tư thục vì lợi nhuận,Chứng chỉ,0.5,0.0,0.21977007631159848,0,Thấp
455008,IL,Tư thục vì lợi nhuận,Chứng chỉ,0.5,0.0,0.04519131138525318,0,Thấp
455062,MI,Tư thục vì lợi nhuận,Chứng chỉ,0.9286,0.0,0.08657890277830194,0,Thấp
455080,MO,Tư thục vì lợi nhuận,Chứng chỉ,0.6429,0.0,0.31703959565617557,0,Thấp
455105,MS,Tư thục vì lợi nhuận,Chứng chỉ,0.6667,0.0,0.07394858815924538,0,Thấp
455114,ID,Công lập,Associate,0.2679,1.0,0.9407544369871204,1,Cao
455141,NC,Tư thục vì lợi nhuận,Chứng chỉ,0.7653,0.0,0.038924012453012115,0,Thấp
455187,NJ,Tư thục vì lợi nhuận,Chứng chỉ,0.8727,0.0,0.09752974730846135,0,Thấp
455196,NJ,Tư thục vì lợi nhuận,Associate,0.3385,1.0,0.8548489038672779,1,Cao
455202,NJ,Tư thục vì lợi nhuận,Chứng chỉ,0.8125,0.0,0.034683529358648886,0,Thấp
455211,NV,Tư thục vì lợi nhuận,Chứng chỉ,0.6933,0.0,0.04792065135944715,0,Thấp
455220,NY,Tư thục phi lợi nhuận,Chứng chỉ,0.7206,0.0,0.46233056757056257,0,Trung bình
455257,NY,Tư thục phi lợi nhuận,Bachelor,0.7121,0.0,0.34382219062682545,0,Thấp
455275,OH,Tư thục vì lợi nhuận,Chứng chỉ,0.6234,0.0,0.05926625053836858,0,Thấp
455284,OH,Tư thục vì lợi nhuận,Chứng chỉ,0.7593,0.0,0.036198033200513624,0,Thấp
455327,TX,Tư thục vì lợi nhuận,Chứng chỉ,0.5217,0.0,0.1825067163857814,0,Thấp
455336,TX,Tư thục vì lợi nhuận,Associate,0.5806,0.0,0.5917741958257416,1,Trung bình
455354,TX,Tư thục vì lợi nhuận,Chứng chỉ,0.6512,0.0,0.06702987389638396,0,Thấp
455381,UT,Tư thục vì lợi nhuận,Chứng chỉ,0.8652,0.0,0.03554488508714384,0,Thấp
455460,AL,Tư thục vì lợi nhuận,Chứng chỉ,0.5616,0.0,0.06003122521639958,0,Thấp
455479,FL,Tư thục vì lợi nhuận,Chứng chỉ,0.4688,0.0,0.5490508252673778,1,Trung bình
455488,AL,Tư thục vì lợi nhuận,Chứng chỉ,0.3953,1.0,0.3441689591941346,0,Thấp
455512,CA,Công lập,Associate,0.3684,1.0,0.9160194385401055,1,Cao
455628,AL,Tư thục vì lợi nhuận,Chứng chỉ,0.3615,1.0,0.32696414718818095,0,Thấp
455725,AZ,Tư thục vì lợi nhuận,Chứng chỉ,0.7636,0.0,0.07983765256652368,0,Thấp
455734,CA,Tư thục vì lợi nhuận,Chứng chỉ,0.8404,0.0,0.02717206301516106,0,Thấp
455761,CA,Tư thục vì lợi nhuận,Chứng chỉ,0.8684,0.0,0.0608085375486695,0,Thấp
455770,CA,Tư thục phi lợi nhuận,Bachelor,0.5263,0.0,0.019112455502866894,0,Thấp
455798,CT,Tư thục vì lợi nhuận,Chứng chỉ,0.7692,0.0,0.13755383950370512,0,Thấp
455831,FL,Tư thục vì lợi nhuận,Chứng chỉ,0.8792,0.0,0.04340076328140506,0,Thấp
455859,ID,Tư thục vì lợi nhuận,Chứng chỉ,0.8085,0.0,0.01892077246228076,0,Thấp
455868,CA,Tư thục vì lợi nhuận,Chứng chỉ,0.6846,0.0,0.15417976595325292,0,Thấp
455877,IL,Tư thục vì lợi nhuận,Chứng chỉ,1.0,0.0,0.027291935470581584,0,Thấp
455886,IL,Tư thục vì lợi nhuận,Chứng chỉ,0.5,0.0,0.03596034587517704,0,Thấp
455901,MD,Tư thục vì lợi nhuận,Chứng chỉ,0.9615,0.0,0.022973095240924734,0,Thấp
455910,NC,Tư thục vì lợi nhuận,Chứng chỉ,0.9107,0.0,0.09819110139254017,0,Thấp
455929,OK,Tư thục vì lợi nhuận,Chứng chỉ,0.8148,0.0,0.026857460289333435,0,Thấp
455965,RI,Tư thục vì lợi nhuận,Chứng chỉ,0.7021,0.0,0.026091910816402154,0,Thấp
455974,TX,Tư thục vì lợi nhuận,Chứng chỉ,0.9542,0.0,0.10435490394401631,0,Thấp
455983,VA,Tư thục vì lợi nhuận,Chứng chỉ,0.723,0.0,0.13324801930478455,0,Thấp
456001,VT,Tư thục vì lợi nhuận,Chứng chỉ,0.8947,0.0,0.018330755082778406,0,Thấp
456029,TN,Tư thục vì lợi nhuận,Chứng chỉ,0.6066,0.0,0.4096166277664681,0,Trung bình
456038,AZ,Tư thục vì lợi nhuận,Chứng chỉ,0.6974,0.0,0.06753493496135832,0,Thấp
456065,OH,Tư thục vì lợi nhuận,Chứng chỉ,0.6491,0.0,0.1560739663072108,0,Thấp
456074,OH,Tư thục vì lợi nhuận,Chứng chỉ,0.8077,0.0,0.025500967968085587,0,Thấp
456135,MN,Tư thục vì lợi nhuận,Chứng chỉ,0.4516,0.0,0.4329773265750622,0,Trung bình
456153,TX,Tư thục vì lợi nhuận,Associate,0.3871,1.0,0.47012418883057316,0,Trung bình
456205,NC,Tư thục vì lợi nhuận,Chứng chỉ,0.5867,0.0,0.4297398117053462,0,Trung bình
456214,TX,Tư thục vì lợi nhuận,Chứng chỉ,0.7529,0.0,0.040549349911784556,0,Thấp
456287,NE,Tư thục vì lợi nhuận,Chứng chỉ,0.8211,0.0,0.028457714284491543,0,Thấp
456454,UT,Tư thục vì lợi nhuận,Associate,0.4237,0.0,0.7370046676657469,1,Cao
456481,FL,Tư thục phi lợi nhuận,Bachelor,0.0,1.0,0.8129833867123145,1,Cao
456490,FL,Tư thục phi lợi nhuận,Bachelor,0.0833,1.0,0.8664246916393329,1,Cao
456506,IN,Tư thục vì lợi nhuận,Chứng chỉ,0.5357,0.0,0.36820626614927915,0,Thấp
456515,MI,Tư thục vì lợi nhuận,Chứng chỉ,0.64,0.0,0.1537377437078117,0,Thấp
456551,ND,Tư thục vì lợi nhuận,Chứng chỉ,0.5854,0.0,0.09519426929482033,0,Thấp
456579,PA,Tư thục vì lợi nhuận,Chứng chỉ,0.5566,0.0,0.5376524572750143,1,Trung bình
456588,CA,Tư thục vì lợi nhuận,Chứng chỉ,0.8333,0.0,0.15959480160580533,0,Thấp
456597,CA,Tư thục vì lợi nhuận,Chứng chỉ,0.7917,0.0,0.052612490913102945,0,Thấp
456621,WV,Tư thục vì lợi nhuận,Bachelor,0.5,0.0,0.8037522997442024,1,Cao
456825,LA,Tư thục vì lợi nhuận,Chứng chỉ,0.75,0.0,0.4584621480383028,0,Trung bình
456852,CA,Tư thục vì lợi nhuận,Chứng chỉ,0.4568,0.0,0.08689665295853985,0,Thấp
456922,TX,Tư thục vì lợi nhuận,Chứng chỉ,0.7992,0.0,0.04418361643114295,0,Thấp
456931,TX,Tư thục vì lợi nhuận,Chứng chỉ,0.7367,0.0,0.12269382762814286,0,Thấp
456959,MN,Công lập,Bachelor,0.5691,0.0,0.27088232884756375,0,Thấp
456968,NC,Tư thục vì lợi nhuận,Chứng chỉ,0.2889,1.0,0.2795691319887108,0,Thấp
456977,FL,Tư thục vì lợi nhuận,Chứng chỉ,0.5701,0.0,0.11196218137843733,0,Thấp
457031,IL,Tư thục vì lợi nhuận,Chứng chỉ,0.8077,0.0,0.05668289772548752,0,Thấp
457077,CA,Tư thục vì lợi nhuận,Chứng chỉ,0.4521,0.0,0.04463846489581297,0,Thấp
457086,CA,Tư thục phi lợi nhuận,Chứng chỉ,0.9375,0.0,0.2587682500129526,0,Thấp
457101,NV,Tư thục vì lợi nhuận,Chứng chỉ,0.413,0.0,0.1848502469310476,0,Thấp
457110,NV,Tư thục vì lợi nhuận,Associate,0.4928,0.0,0.8759589827986409,1,Cao
457129,FL,Tư thục vì lợi nhuận,Bachelor,0.3333,1.0,0.667557534103974,1,Trung bình
457192,AR,Tư thục vì lợi nhuận,Chứng chỉ,0.8889,0.0,0.029132889469166593,0,Thấp
457208,CA,Tư thục vì lợi nhuận,Chứng chỉ,0.7203,0.0,0.39452989142255906,0,Thấp
457299,CA,Tư thục vì lợi nhuận,Chứng chỉ,0.9714,0.0,0.3615157994835863,0,Thấp
457314,CA,Tư thục vì lợi nhuận,Chứng chỉ,0.4762,0.0,0.044007286512530754,0,Thấp
457323,CA,Tư thục vì lợi nhuận,Chứng chỉ,0.7048,0.0,0.033814774949757105,0,Thấp
457332,CT,Tư thục vì lợi nhuận,Chứng chỉ,0.75,0.0,0.04890602071179842,0,Thấp
457341,CT,Tư thục vì lợi nhuận,Chứng chỉ,0.74,0.0,0.05976084420120109,0,Thấp
457378,FL,Công lập,Chứng chỉ,0.6667,0.0,0.05410215514779411,0,Thấp
457387,FL,Công lập,Chứng chỉ,0.7955,0.0,0.03669380532006313,0,Thấp
457396,FL,Tư thục vì lợi nhuận,Chứng chỉ,0.8235,0.0,0.10219001770693908,0,Thấp
457402,FL,Tư thục phi lợi nhuận,Bachelor,0.75,0.0,0.8709314017435531,1,Cao
457411,FL,Tư thục vì lợi nhuận,Chứng chỉ,0.6667,0.0,0.08328208172489188,0,Thấp
457420,FL,Tư thục vì lợi nhuận,Chứng chỉ,0.9231,0.0,0.07095024016395116,0,Thấp
457439,FL,Tư thục vì lợi nhuận,Chứng chỉ,0.6782,0.0,0.05235475025314012,0,Thấp
457448,FL,Tư thục vì lợi nhuận,Chứng chỉ,0.6316,0.0,0.053304078699600785,0,Thấp
457466,GA,Tư thục vì lợi nhuận,Chứng chỉ,0.8947,0.0,0.44710107033597174,0,Trung bình
457475,GA,Tư thục vì lợi nhuận,Chứng chỉ,0.8974,0.0,0.0163356844785427,0,Thấp
457484,HI,Tư thục phi lợi nhuận,Bachelor,0.5238,0.0,0.23646627309125537,0,Thấp
457493,ID,Tư thục vì lợi nhuận,Chứng chỉ,0.5686,0.0,0.21630061083673627,0,Thấp
457536,IL,Tư thục vì lợi nhuận,Associate,0.6311,0.0,0.3025583884744803,0,Thấp
457545,IL,Tư thục vì lợi nhuận,Chứng chỉ,0.7895,0.0,0.021395893142863585,0,Thấp
457563,IN,Tư thục vì lợi nhuận,Chứng chỉ,0.7037,0.0,0.020270921806819994,0,Thấp
457572,IN,Tư thục vì lợi nhuận,Chứng chỉ,0.6271,0.0,0.032562963987012354,0,Thấp
457581,KS,Tư thục vì lợi nhuận,Chứng chỉ,0.8966,0.0,0.06242560316735724,0,Thấp
457606,LA,Tư thục vì lợi nhuận,Chứng chỉ,0.814,0.0,0.13437509549632554,0,Thấp
457624,MA,Công lập,Chứng chỉ,0.6667,0.0,0.3798283050778924,0,Thấp
457633,MI,Tư thục vì lợi nhuận,Chứng chỉ,0.8833,0.0,0.04850756464096505,0,Thấp
457642,MI,Tư thục vì lợi nhuận,Chứng chỉ,0.9231,0.0,0.13881917206191108,0,Thấp
457679,MN,Tư thục vì lợi nhuận,Chứng chỉ,0.7,0.0,0.5131133313574155,1,Trung bình
457749,MT,Tư thục vì lợi nhuận,Chứng chỉ,0.7722,0.0,0.04929495188606297,0,Thấp
457767,NJ,Tư thục vì lợi nhuận,Chứng chỉ,0.6102,0.0,0.2516251860102541,0,Thấp
457776,NM,Tư thục vì lợi nhuận,Chứng chỉ,0.8286,0.0,0.10330127573497157,0,Thấp
457785,NV,Tư thục vì lợi nhuận,Chứng chỉ,0.9143,0.0,0.04287792356213934,0,Thấp
457794,NY,Tư thục phi lợi nhuận,Chứng chỉ,0.9606,0.0,0.24428988240276855,0,Thấp
457800,NY,Tư thục vì lợi nhuận,Chứng chỉ,0.9731,0.0,0.3333282452141734,0,Thấp
457819,NY,Tư thục vì lợi nhuận,Chứng chỉ,0.75,0.0,0.07485389323619022,0,Thấp
457837,NY,Tư thục vì lợi nhuận,Chứng chỉ,0.5283,0.0,0.11017815151611694,0,Thấp
457855,NY,Tư thục vì lợi nhuận,Chứng chỉ,0.8333,0.0,0.03723639618429429,0,Thấp
457916,OH,Tư thục vì lợi nhuận,Chứng chỉ,0.8571,0.0,0.030484451291379805,0,Thấp
457925,OR,Tư thục phi lợi nhuận,Chứng chỉ,1.0,0.0,0.11994497173807085,0,Thấp
457943,PA,Công lập,Chứng chỉ,0.913,0.0,0.041007899238773696,0,Thấp
457952,PA,Tư thục vì lợi nhuận,Chứng chỉ,0.8298,0.0,0.038390564836655525,0,Thấp
457989,SC,Công lập,Chứng chỉ,0.5517,0.0,0.42118610487661673,0,Trung bình
458007,TN,Tư thục vì lợi nhuận,Chứng chỉ,0.6923,0.0,0.107381508098009,0,Thấp
458034,TX,Tư thục vì lợi nhuận,Associate,1.0,0.0,0.45902708253557717,0,Trung bình
458043,TX,Tư thục vì lợi nhuận,Chứng chỉ,0.6739,0.0,0.11120550875056348,0,Thấp
458061,TX,Tư thục vì lợi nhuận,Chứng chỉ,0.875,0.0,0.131672173122437,0,Thấp
458070,TX,Tư thục vì lợi nhuận,Chứng chỉ,0.8118,0.0,0.032552619000376155,0,Thấp
458098,TX,Tư thục vì lợi nhuận,Chứng chỉ,0.717,0.0,0.029434259031623708,0,Thấp
458104,UT,Tư thục vì lợi nhuận,Chứng chỉ,0.975,0.0,0.088122072981447,0,Thấp
458113,VA,Tư thục phi lợi nhuận,Bachelor,0.5,0.0,0.6310152016231404,1,Trung bình
458131,WA,Tư thục vì lợi nhuận,Chứng chỉ,0.5,0.0,0.0849548500938449,0,Thấp
458168,WI,Tư thục vì lợi nhuận,Chứng chỉ,0.875,0.0,0.040391802396237464,0,Thấp
458210,CA,Tư thục vì lợi nhuận,Bachelor,0.6429,0.0,0.25742432339710586,0,Thấp
458229,CA,Tư thục vì lợi nhuận,Bachelor,0.5,0.0,0.1052363988586464,0,Thấp
458274,IL,Tư thục vì lợi nhuận,Chứng chỉ,0.4737,0.0,0.4042396858912333,0,Trung bình
458405,NC,Tư thục vì lợi nhuận,Chứng chỉ,0.6234,0.0,0.18382020901794063,0,Thấp
458441,GA,Tư thục vì lợi nhuận,Chứng chỉ,0.3155,1.0,0.6323288688637015,1,Trung bình
458681,IN,Tư thục vì lợi nhuận,Chứng chỉ,0.3077,1.0,0.21309478654513597,0,Thấp
458803,TN,Tư thục vì lợi nhuận,Chứng chỉ,0.5254,0.0,0.06682292540597815,0,Thấp
458812,TN,Tư thục vì lợi nhuận,Chứng chỉ,0.5952,0.0,0.13967008621970292,0,Thấp
458821,TN,Tư thục vì lợi nhuận,Chứng chỉ,0.3714,1.0,0.4408686823976442,0,Trung bình
458830,PA,Tư thục vì lợi nhuận,Chứng chỉ,0.6981,0.0,0.1686026353762107,0,Thấp
458858,IN,Tư thục vì lợi nhuận,Chứng chỉ,0.3023,1.0,0.4079019401638616,0,Trung bình
458867,GA,Tư thục vì lợi nhuận,Chứng chỉ,0.375,1.0,0.42759921461625705,0,Trung bình
458919,GA,Tư thục vì lợi nhuận,Bachelor,0.2308,1.0,0.9690458230390137,1,Cao
458964,SC,Tư thục vì lợi nhuận,Bachelor,0.0,1.0,0.9545710508793047,1,Cao
458973,TX,Tư thục vì lợi nhuận,Bachelor,0.5,0.0,0.9642103540559789,1,Cao
459019,NC,Tư thục vì lợi nhuận,Chứng chỉ,0.5,0.0,0.4663498914164383,0,Trung bình
459046,NC,Tư thục vì lợi nhuận,Chứng chỉ,0.2692,1.0,0.24580979205784564,0,Thấp
459055,FL,Tư thục vì lợi nhuận,Chứng chỉ,0.6667,0.0,0.04668688041343674,0,Thấp
459064,NC,Tư thục vì lợi nhuận,Chứng chỉ,0.5313,0.0,0.33918416657878864,0,Thấp
459116,AZ,Tư thục vì lợi nhuận,Chứng chỉ,0.625,0.0,0.12973032074162466,0,Thấp
459170,CA,Tư thục vì lợi nhuận,Chứng chỉ,0.6354,0.0,0.0484686459841068,0,Thấp
459198,CA,Tư thục vì lợi nhuận,Chứng chỉ,0.7143,0.0,0.04642671143820779,0,Thấp
459204,CA,Tư thục vì lợi nhuận,Chứng chỉ,0.7168,0.0,0.023948927134369278,0,Thấp
459213,CA,Tư thục vì lợi nhuận,Chứng chỉ,0.6985,0.0,0.3544060585122755,0,Thấp
459231,CA,Tư thục vì lợi nhuận,Chứng chỉ,0.6078,0.0,0.0337723549291815,0,Thấp
459259,VA,Tư thục vì lợi nhuận,Bachelor,0.2069,1.0,0.5435404094847823,1,Trung bình
459268,VA,Tư thục vì lợi nhuận,Bachelor,0.1364,1.0,0.8916132639601506,1,Cao
459277,CO,Tư thục vì lợi nhuận,Chứng chỉ,0.8288,0.0,0.022728452096073857,0,Thấp
459286,CO,Tư thục vì lợi nhuận,Chứng chỉ,0.75,0.0,0.04392666296981463,0,Thấp
459295,CO,Tư thục vì lợi nhuận,Chứng chỉ,0.6667,0.0,0.05033888582127995,0,Thấp
459301,DE,Tư thục vì lợi nhuận,Chứng chỉ,0.6364,0.0,0.09926497565396152,0,Thấp
459329,FL,Công lập,Chứng chỉ,0.6578,0.0,0.058265004893267094,0,Thấp
459347,FL,Tư thục vì lợi nhuận,Chứng chỉ,0.7241,0.0,0.03248384481489719,0,Thấp
459374,IL,Tư thục vì lợi nhuận,Chứng chỉ,0.9333,0.0,0.09067448200626017,0,Thấp
459392,IN,Tư thục vì lợi nhuận,Chứng chỉ,0.8235,0.0,0.022275197768004712,0,Thấp
459408,MA,Công lập,Chứng chỉ,0.8889,0.0,0.13272932644184524,0,Thấp
459426,MN,Tư thục vì lợi nhuận,Chứng chỉ,0.8132,0.0,0.01684948094553189,0,Thấp
459499,OR,Tư thục vì lợi nhuận,Chứng chỉ,0.8889,0.0,0.11735944514855873,0,Thấp
459514,TX,Tư thục vì lợi nhuận,Chứng chỉ,0.881,0.0,0.46126334590003115,0,Trung bình
459523,TX,Tư thục vì lợi nhuận,Chứng chỉ,0.8784,0.0,0.08245465845528162,0,Thấp
459532,TX,Tư thục vì lợi nhuận,Chứng chỉ,1.0,0.0,0.16305738313105048,0,Thấp
459541,UT,Tư thục vì lợi nhuận,Chứng chỉ,0.8333,0.0,0.046947505803842354,0,Thấp
459550,WA,Tư thục vì lợi nhuận,Chứng chỉ,0.7358,0.0,0.02385083206355083,0,Thấp
459578,WI,Tư thục vì lợi nhuận,Chứng chỉ,0.44,0.0,0.3048307446046856,0,Thấp
459727,CA,Tư thục phi lợi nhuận,Bachelor,0.4231,0.0,0.49202249127395975,0,Trung bình
459842,WI,Tư thục phi lợi nhuận,Bachelor,0.5,0.0,0.6747177969640774,1,Trung bình
459851,WI,Tư thục phi lợi nhuận,Chứng chỉ,0.4,0.0,0.7523581061636926,1,Cao
459949,TX,Công lập,Bachelor,0.2937,1.0,0.8361174700760814,1,Cao
459958,TX,Tư thục vì lợi nhuận,Chứng chỉ,0.6154,0.0,0.4927569060566906,0,Trung bình
459967,TX,Tư thục vì lợi nhuận,Chứng chỉ,0.7094,0.0,0.08700727849747265,0,Thấp
459985,TX,Tư thục vì lợi nhuận,Chứng chỉ,0.5996,0.0,0.1296093035954216,0,Thấp
459994,DC,Tư thục vì lợi nhuận,Bachelor,0.2,1.0,0.9695150263730911,1,Cao
460011,SC,Tư thục vì lợi nhuận,Chứng chỉ,0.6792,0.0,0.062224024756155745,0,Thấp
460020,SC,Tư thục vì lợi nhuận,Chứng chỉ,0.3631,1.0,0.4484201179897848,0,Trung bình
460093,MI,Tư thục vì lợi nhuận,Chứng chỉ,0.6,0.0,0.07392669087124899,0,Thấp
460109,IN,Tư thục vì lợi nhuận,Chứng chỉ,0.541,0.0,0.3575832214671199,0,Thấp
460118,OH,Tư thục vì lợi nhuận,Chứng chỉ,0.6083,0.0,0.27389402170692767,0,Thấp
460127,MI,Tư thục vì lợi nhuận,Chứng chỉ,0.5,0.0,0.32390473961936017,0,Thấp
460136,TX,Tư thục vì lợi nhuận,Chứng chỉ,0.5854,0.0,0.06774972343839487,0,Thấp
460145,IL,Tư thục vì lợi nhuận,Chứng chỉ,0.6107,0.0,0.5360084784827805,1,Trung bình
460172,TX,Tư thục vì lợi nhuận,Chứng chỉ,0.7022,0.0,0.14937262818694205,0,Thấp
460181,TX,Tư thục vì lợi nhuận,Chứng chỉ,0.593,0.0,0.3237707382441877,0,Thấp
460190,FL,Tư thục vì lợi nhuận,Chứng chỉ,0.645,0.0,0.08917532760329035,0,Thấp
460206,TX,Tư thục vì lợi nhuận,Chứng chỉ,0.656,0.0,0.2139754012237737,0,Thấp
460349,RI,Tư thục phi lợi nhuận,Bachelor,0.0,1.0,0.7976868944990317,1,Cao
460376,VA,Tư thục phi lợi nhuận,Bachelor,0.0,1.0,0.9302767265026148,1,Cao
460394,CA,Công lập,Associate,0.3261,1.0,0.9052244951024427,1,Cao
460464,CA,Công lập,Associate,0.3264,1.0,0.7735157551775819,1,Cao
460482,MI,Tư thục vì lợi nhuận,Chứng chỉ,0.4286,0.0,0.13221520921695193,0,Thấp
460534,TX,Tư thục vì lợi nhuận,Chứng chỉ,0.4947,0.0,0.05719717404309611,0,Thấp
460543,TX,Tư thục vì lợi nhuận,Associate,0.6804,0.0,0.11107272892104456,0,Thấp
460677,PR,Tư thục vì lợi nhuận,Chứng chỉ,0.5652,0.0,0.5702180581510103,1,Trung bình
460701,FL,Tư thục vì lợi nhuận,Chứng chỉ,0.75,0.0,0.04124226084928971,0,Thấp
460756,HI,Tư thục vì lợi nhuận,Chứng chỉ,0.3478,1.0,0.053566064730740284,0,Thấp
460765,NC,Tư thục vì lợi nhuận,Chứng chỉ,0.7667,0.0,0.034868912888990404,0,Thấp
460808,ID,Tư thục vì lợi nhuận,Chứng chỉ,1.0,0.0,0.1779769573690165,0,Thấp
460817,NC,Tư thục vì lợi nhuận,Chứng chỉ,0.585,0.0,0.04723388755811951,0,Thấp
460826,GA,Tư thục vì lợi nhuận,Chứng chỉ,0.4748,0.0,0.35714407346920096,0,Thấp
460835,SC,Tư thục vì lợi nhuận,Chứng chỉ,0.64,0.0,0.15669542878405618,0,Thấp
460862,OR,Tư thục vì lợi nhuận,Chứng chỉ,0.6667,0.0,0.07873753382699437,0,Thấp
460871,VA,Tư thục vì lợi nhuận,Bachelor,1.0,0.0,0.597968778858215,1,Trung bình
460914,AZ,Tư thục vì lợi nhuận,Chứng chỉ,0.8734,0.0,0.021111409863005512,0,Thấp
460932,MO,Tư thục vì lợi nhuận,Chứng chỉ,0.9615,0.0,0.0829760101272108,0,Thấp
460969,FL,Tư thục vì lợi nhuận,Chứng chỉ,0.685,0.0,0.0409342419921773,0,Thấp
460978,TX,Tư thục vì lợi nhuận,Chứng chỉ,0.5682,0.0,0.042033652307920624,0,Thấp
460987,AR,Tư thục vì lợi nhuận,Chứng chỉ,0.8286,0.0,0.07080746068516464,0,Thấp
460996,MO,Tư thục vì lợi nhuận,Chứng chỉ,0.8333,0.0,0.022937336945561902,0,Thấp
461014,NY,Tư thục vì lợi nhuận,Chứng chỉ,0.3158,1.0,0.28704024382762194,0,Thấp
461023,AZ,Tư thục vì lợi nhuận,Associate,0.3191,1.0,0.9264109007692028,1,Cao
461032,NC,Tư thục phi lợi nhuận,Bachelor,0.2222,1.0,0.9902583815592905,1,Cao
461087,OK,Công lập,Chứng chỉ,0.9714,0.0,0.2658592328980932,0,Thấp
461111,OH,Tư thục vì lợi nhuận,Chứng chỉ,0.6,0.0,0.06284857881693791,0,Thấp
461148,CA,Tư thục vì lợi nhuận,Chứng chỉ,0.709,0.0,0.014724282230012513,0,Thấp
461175,CA,Tư thục vì lợi nhuận,Chứng chỉ,0.5038,0.0,0.06944975676119053,0,Thấp
461193,PA,Tư thục vì lợi nhuận,Chứng chỉ,0.8532,0.0,0.017238096969559438,0,Thấp
461218,PA,Tư thục vì lợi nhuận,Chứng chỉ,0.8582,0.0,0.0384034426889567,0,Thấp
461245,FL,Công lập,Chứng chỉ,0.9333,0.0,0.21759112653988533,0,Thấp
461254,CA,Tư thục vì lợi nhuận,Chứng chỉ,0.9104,0.0,0.029060043894809838,0,Thấp
461263,CA,Tư thục vì lợi nhuận,Associate,1.0,0.0,0.3949066185622192,0,Thấp
461272,UT,Tư thục vì lợi nhuận,Chứng chỉ,0.6316,0.0,0.07452942448268922,0,Thấp
461306,FL,Công lập,Chứng chỉ,0.1096,1.0,0.3871012080832494,0,Thấp
461315,MI,Công lập,Chứng chỉ,0.0909,1.0,0.9113940412065028,1,Cao
461342,UT,Tư thục vì lợi nhuận,Chứng chỉ,0.902,0.0,0.025631888103441185,0,Thấp
461388,TX,Tư thục vì lợi nhuận,Chứng chỉ,0.6061,0.0,0.19399528976822503,0,Thấp
461421,MO,Tư thục vì lợi nhuận,Chứng chỉ,0.7381,0.0,0.03456620488588572,0,Thấp
461494,UT,Tư thục vì lợi nhuận,Chứng chỉ,0.7179,0.0,0.028637757461493534,0,Thấp
461500,CA,Tư thục vì lợi nhuận,Chứng chỉ,0.6667,0.0,0.14923155158561371,0,Thấp
461528,NC,Tư thục phi lợi nhuận,Bachelor,0.6923,0.0,0.9194416547799833,1,Cao
461537,MO,Tư thục vì lợi nhuận,Chứng chỉ,0.8125,0.0,0.07274088491534556,0,Thấp
461555,NM,Tư thục vì lợi nhuận,Chứng chỉ,0.8289,0.0,0.07793425063685014,0,Thấp
461573,MO,Tư thục vì lợi nhuận,Chứng chỉ,0.6377,0.0,0.04304750894251756,0,Thấp
461582,IL,Tư thục vì lợi nhuận,Chứng chỉ,1.0,0.0,0.11713703982633716,0,Thấp
461607,CA,Tư thục vì lợi nhuận,Chứng chỉ,0.5417,0.0,0.13587005457424273,0,Thấp
461625,PR,Tư thục vì lợi nhuận,Chứng chỉ,0.6522,0.0,0.2225321670772087,0,Thấp
461652,ID,Tư thục vì lợi nhuận,Chứng chỉ,0.9167,0.0,0.19498004837855498,0,Thấp
461689,CO,Tư thục vì lợi nhuận,Chứng chỉ,0.5468,0.0,0.19508612175194193,0,Thấp
461704,ME,Tư thục vì lợi nhuận,Chứng chỉ,0.7379,0.0,0.03617172540721835,0,Thấp
461713,AZ,Tư thục vì lợi nhuận,Chứng chỉ,1.0,0.0,0.08808219010168815,0,Thấp
461722,KY,Tư thục vì lợi nhuận,Chứng chỉ,0.8125,0.0,0.028106899176421004,0,Thấp
461740,TX,Tư thục vì lợi nhuận,Chứng chỉ,0.2727,1.0,0.4728851394348451,0,Trung bình
461759,KY,Tư thục phi lợi nhuận,Bachelor,0.34,1.0,0.8646234667631372,1,Cao
461768,NY,Tư thục vì lợi nhuận,Chứng chỉ,0.9333,0.0,0.03903341973745443,0,Thấp
461786,WI,Tư thục vì lợi nhuận,Chứng chỉ,0.8333,0.0,0.040785399560291674,0,Thấp
461795,TX,Tư thục phi lợi nhuận,Bachelor,0.2698,1.0,0.9029876977702694,1,Cao
461810,CO,Tư thục vì lợi nhuận,Chứng chỉ,0.9167,0.0,0.5366114971156659,1,Trung bình
461829,CA,Tư thục vì lợi nhuận,Chứng chỉ,0.6023,0.0,0.04693523259957676,0,Thấp
461838,NY,Tư thục vì lợi nhuận,Chứng chỉ,0.9307,0.0,0.109399328012655,0,Thấp
461847,NJ,Tư thục phi lợi nhuận,Bachelor,0.3333,1.0,0.30095812893754537,0,Thấp
461856,CA,Tư thục vì lợi nhuận,Chứng chỉ,0.8148,0.0,0.04364673769846173,0,Thấp
461865,NJ,Tư thục vì lợi nhuận,Chứng chỉ,0.5784,0.0,0.3067178897715202,0,Thấp
461874,WI,Tư thục vì lợi nhuận,Chứng chỉ,0.7429,0.0,0.04343196278238038,0,Thấp
461883,FL,Tư thục vì lợi nhuận,Bachelor,1.0,0.0,0.7835496604626655,1,Cao
461892,MI,Tư thục vì lợi nhuận,Chứng chỉ,1.0,0.0,0.2885534651906952,0,Thấp
461908,WI,Tư thục vì lợi nhuận,Chứng chỉ,0.6761,0.0,0.11040942139220893,0,Thấp
461917,IN,Tư thục vì lợi nhuận,Chứng chỉ,0.6316,0.0,0.017686721349936305,0,Thấp
461926,UT,Tư thục vì lợi nhuận,Chứng chỉ,0.803,0.0,0.02382100604178887,0,Thấp
461944,MI,Tư thục vì lợi nhuận,Chứng chỉ,0.6667,0.0,0.24011002923862917,0,Thấp
461953,CO,Tư thục vì lợi nhuận,Associate,0.6471,0.0,0.27924717602189725,0,Thấp
461962,ME,Tư thục vì lợi nhuận,Chứng chỉ,0.8073,0.0,0.12334853929980036,0,Thấp
461999,OH,Tư thục vì lợi nhuận,Chứng chỉ,0.5909,0.0,0.20103309114463822,0,Thấp
462008,NV,Tư thục vì lợi nhuận,Chứng chỉ,0.7667,0.0,0.036594763115270115,0,Thấp
462017,IN,Tư thục vì lợi nhuận,Chứng chỉ,0.5938,0.0,0.042338348638332406,0,Thấp
462035,FL,Tư thục vì lợi nhuận,Chứng chỉ,0.7576,0.0,0.043970890804858276,0,Thấp
462053,IL,Tư thục vì lợi nhuận,Chứng chỉ,0.5775,0.0,0.1580265927400216,0,Thấp
462062,CA,Tư thục vì lợi nhuận,Chứng chỉ,0.875,0.0,0.05007351147225501,0,Thấp
462071,WA,Tư thục vì lợi nhuận,Chứng chỉ,0.7,0.0,0.05457005068037311,0,Thấp
462336,CA,Tư thục vì lợi nhuận,Chứng chỉ,0.9211,0.0,0.04365994407187525,0,Thấp
462354,CA,Tư thục phi lợi nhuận,Bachelor,0.6533,0.0,0.30696572936088423,0,Thấp
463056,CT,Công lập,Bachelor,0.6536,0.0,0.024820938791766268,0,Thấp
464226,AZ,Tư thục phi lợi nhuận,Bachelor,0.2252,1.0,0.25649256424544126,0,Thấp
466921,MO,Tư thục vì lợi nhuận,Bachelor,0.3333,1.0,0.6576343637468681,1,Trung bình
466930,TX,Tư thục vì lợi nhuận,Bachelor,0.0,1.0,0.47235772516636454,0,Trung bình
467094,NY,Tư thục vì lợi nhuận,Chứng chỉ,0.7447,0.0,0.053204752010486106,0,Thấp
467863,SC,Tư thục vì lợi nhuận,Chứng chỉ,0.48,0.0,0.03973017590323913,0,Thấp
467872,SC,Tư thục vì lợi nhuận,Chứng chỉ,0.6389,0.0,0.06484685700245739,0,Thấp
467906,SC,Tư thục vì lợi nhuận,Chứng chỉ,0.7059,0.0,0.04783662897894461,0,Thấp
468246,OR,Tư thục vì lợi nhuận,Chứng chỉ,0.5875,0.0,0.035506351671113226,0,Thấp
468255,OR,Tư thục vì lợi nhuận,Chứng chỉ,0.8462,0.0,0.39524848336944796,0,Thấp
468769,CA,Tư thục phi lợi nhuận,Chứng chỉ,0.8415,0.0,0.15977659808953032,0,Thấp
468848,CA,Tư thục vì lợi nhuận,Chứng chỉ,0.6575,0.0,0.0648844449650123,0,Thấp
468893,LA,Tư thục vì lợi nhuận,Chứng chỉ,0.6538,0.0,0.056530294376950785,0,Thấp
468909,CA,Tư thục vì lợi nhuận,Chứng chỉ,0.627,0.0,0.10216912025900211,0,Thấp
468963,MA,Tư thục vì lợi nhuận,Chứng chỉ,0.7374,0.0,0.07698325447246986,0,Thấp
469416,PR,Tư thục phi lợi nhuận,Bachelor,0.7429,0.0,0.9408185664522715,1,Cao
469610,AZ,Tư thục vì lợi nhuận,Chứng chỉ,0.925,0.0,0.12977833993333052,0,Thấp
469629,OK,Tư thục phi lợi nhuận,Chứng chỉ,0.625,0.0,0.5439424752511852,1,Trung bình
469911,LA,Tư thục vì lợi nhuận,Chứng chỉ,0.6627,0.0,0.3247222914322655,0,Thấp
470038,CA,Tư thục vì lợi nhuận,Chứng chỉ,0.5649,0.0,0.054842618596212055,0,Thấp
470047,KS,Tư thục vì lợi nhuận,Chứng chỉ,1.0,0.0,0.16794958627271958,0,Thấp
470296,TX,Tư thục vì lợi nhuận,Chứng chỉ,0.7586,0.0,0.06772515696236417,0,Thấp
470393,IL,Tư thục vì lợi nhuận,Chứng chỉ,0.35,1.0,0.4220270350940056,0,Trung bình
474863,CA,Tư thục phi lợi nhuận,Bachelor,0.325,1.0,0.9676647042112867,1,Cao
474915,AZ,Tư thục vì lợi nhuận,Chứng chỉ,0.6687,0.0,0.05033846991618743,0,Thấp
474924,UT,Tư thục vì lợi nhuận,Chứng chỉ,0.6087,0.0,0.04297939736373202,0,Thấp
475015,IA,Tư thục vì lợi nhuận,Chứng chỉ,0.9688,0.0,0.020738556230122305,0,Thấp
475024,NJ,Tư thục vì lợi nhuận,Chứng chỉ,0.4494,0.0,0.1441804761027153,0,Thấp
475060,GA,Tư thục vì lợi nhuận,Chứng chỉ,0.3115,1.0,0.5919797906050258,1,Trung bình
475121,GA,Tư thục vì lợi nhuận,Bachelor,0.0506,1.0,0.9377693460588731,1,Cao
475176,CA,Tư thục vì lợi nhuận,Chứng chỉ,0.6628,0.0,0.055501744587393397,0,Thấp
475282,CA,Tư thục vì lợi nhuận,Chứng chỉ,0.75,0.0,0.02431490802670721,0,Thấp
475325,NV,Tư thục vì lợi nhuận,Chứng chỉ,0.4643,0.0,0.04689539813643931,0,Thấp
475404,NY,Tư thục vì lợi nhuận,Chứng chỉ,0.9655,0.0,0.10218961813256124,0,Thấp
475431,NJ,Tư thục vì lợi nhuận,Chứng chỉ,0.9444,0.0,0.10173686305595948,0,Thấp
475468,NJ,Tư thục vì lợi nhuận,Chứng chỉ,0.963,0.0,0.08246546685546789,0,Thấp
475486,TX,Tư thục vì lợi nhuận,Chứng chỉ,0.7895,0.0,0.04414774496112954,0,Thấp
475547,FL,Tư thục vì lợi nhuận,Chứng chỉ,0.7917,0.0,0.03576929368355965,0,Thấp
475556,NC,Tư thục vì lợi nhuận,Chứng chỉ,0.7,0.0,0.2888757661645328,0,Thấp
475565,NY,Công lập,Associate,0.248,1.0,0.8788766331913986,1,Cao
475574,IN,Tư thục vì lợi nhuận,Chứng chỉ,0.0,1.0,0.5242518928489346,1,Trung bình
475608,TX,Tư thục phi lợi nhuận,Bachelor,0.5714,0.0,0.8142331013944023,1,Cao
475635,CA,Tư thục vì lợi nhuận,Bachelor,0.0,1.0,0.3138308103450545,0,Thấp
475653,IL,Tư thục vì lợi nhuận,Chứng chỉ,0.5217,0.0,0.4949324939332751,0,Trung bình
475662,TX,Tư thục vì lợi nhuận,Chứng chỉ,0.5294,0.0,0.13516450582113396,0,Thấp
475705,CA,Tư thục phi lợi nhuận,Chứng chỉ,1.0,0.0,0.17245496942736288,0,Thấp
475714,FL,Tư thục vì lợi nhuận,Chứng chỉ,0.7191,0.0,0.45697953489771725,0,Trung bình
475723,UT,Công lập,Chứng chỉ,0.6951,0.0,0.05232351150745353,0,Thấp
475741,IN,Tư thục vì lợi nhuận,Bachelor,1.0,0.0,0.8827260770488589,1,Cao
475839,AZ,Tư thục vì lợi nhuận,Chứng chỉ,0.5,0.0,0.13159214511499093,0,Thấp
476063,FL,Tư thục vì lợi nhuận,Chứng chỉ,0.6828,0.0,0.08272995726372502,0,Thấp
476179,VA,Tư thục vì lợi nhuận,Chứng chỉ,0.4915,0.0,0.23027995485468203,0,Thấp
476230,WV,Tư thục vì lợi nhuận,Chứng chỉ,0.6957,0.0,0.13542638216762753,0,Thấp
476489,IL,Tư thục vì lợi nhuận,Chứng chỉ,0.6667,0.0,0.3152938267219712,0,Thấp
476498,FL,Tư thục vì lợi nhuận,Chứng chỉ,0.8889,0.0,0.13904055248967956,0,Thấp
476568,VA,Tư thục vì lợi nhuận,Chứng chỉ,0.4643,0.0,0.3870043768686801,0,Thấp
476595,CA,Tư thục vì lợi nhuận,Chứng chỉ,0.7857,0.0,0.08525692200336171,0,Thấp
476601,MD,Tư thục phi lợi nhuận,Bachelor,0.12,1.0,0.38585760384153034,0,Thấp
476610,NY,Tư thục vì lợi nhuận,Chứng chỉ,0.6429,0.0,0.1445671900698552,0,Thấp
476629,OH,Tư thục vì lợi nhuận,Chứng chỉ,0.5932,0.0,0.02011042327831366,0,Thấp
476683,OH,Tư thục vì lợi nhuận,Chứng chỉ,0.6066,0.0,0.6471717901725025,1,Trung bình
476692,NJ,Tư thục phi lợi nhuận,Bachelor,0.75,0.0,0.36848145484365735,0,Thấp
476708,UT,Tư thục vì lợi nhuận,Chứng chỉ,0.6438,0.0,0.042600540556995956,0,Thấp
476717,NY,Tư thục phi lợi nhuận,Bachelor,0.5304,0.0,0.395062847919437,0,Thấp
476726,TX,Tư thục vì lợi nhuận,Chứng chỉ,0.7785,0.0,0.028390305653708033,0,Thấp
476735,MA,Tư thục vì lợi nhuận,Chứng chỉ,0.7576,0.0,0.039656931877346875,0,Thấp
476753,AZ,Tư thục vì lợi nhuận,Chứng chỉ,0.7692,0.0,0.07820061193377197,0,Thấp
476780,CA,Tư thục vì lợi nhuận,Chứng chỉ,1.0,0.0,0.2001753279795237,0,Thấp
476799,CA,Tư thục vì lợi nhuận,Chứng chỉ,0.8456,0.0,0.02793989756665002,0,Thấp
476805,AL,Tư thục vì lợi nhuận,Chứng chỉ,0.7917,0.0,0.18201350306860156,0,Thấp
476841,NV,Tư thục vì lợi nhuận,Chứng chỉ,0.7813,0.0,0.045713139278597166,0,Thấp
476850,ID,Tư thục vì lợi nhuận,Chứng chỉ,0.6897,0.0,0.037925364094354735,0,Thấp
476869,ID,Tư thục vì lợi nhuận,Chứng chỉ,0.7984,0.0,0.047710923114860304,0,Thấp
476878,NY,Tư thục vì lợi nhuận,Chứng chỉ,0.8621,0.0,0.09441710699545133,0,Thấp
476887,GA,Tư thục vì lợi nhuận,Chứng chỉ,0.8822,0.0,0.05305050200352702,0,Thấp
476896,TX,Tư thục vì lợi nhuận,Chứng chỉ,0.4656,0.0,0.08615345639586633,0,Thấp
476902,KS,Tư thục vì lợi nhuận,Chứng chỉ,0.8571,0.0,0.05420490709950432,0,Thấp
476939,FL,Tư thục vì lợi nhuận,Chứng chỉ,0.7611,0.0,0.12942367209103642,0,Thấp
476984,KS,Tư thục vì lợi nhuận,Chứng chỉ,0.6744,0.0,0.027130145673563852,0,Thấp
476993,UT,Tư thục vì lợi nhuận,Chứng chỉ,0.959,0.0,0.033345461595393686,0,Thấp
477002,MI,Tư thục vì lợi nhuận,Chứng chỉ,0.98,0.0,0.030557336343520508,0,Thấp
477233,MO,Tư thục phi lợi nhuận,Associate,0.6304,0.0,0.5673275334783938,1,Trung bình
478582,GA,Tư thục vì lợi nhuận,Chứng chỉ,0.5088,0.0,0.35472883489355633,0,Thấp
478591,TX,Tư thục vì lợi nhuận,Chứng chỉ,0.6748,0.0,0.042281695302003736,0,Thấp
478616,NC,Tư thục vì lợi nhuận,Chứng chỉ,0.5306,0.0,0.3579975940776661,0,Thấp
478917,KS,Tư thục vì lợi nhuận,Chứng chỉ,0.8148,0.0,0.05084620105910464,0,Thấp
478953,KS,Tư thục vì lợi nhuận,Chứng chỉ,0.7342,0.0,0.023168740732482943,0,Thấp
479062,RI,Tư thục vì lợi nhuận,Chứng chỉ,0.9344,0.0,0.029460123773518948,0,Thấp
479424,CA,Tư thục vì lợi nhuận,Chứng chỉ,0.7483,0.0,0.048434896483581076,0,Thấp
479956,PA,Công lập,Bachelor,0.3363,1.0,0.4255439554017618,0,Trung bình
479965,NJ,Tư thục vì lợi nhuận,Chứng chỉ,1.0,0.0,0.08149734626573167,0,Thấp
479974,CA,Tư thục vì lợi nhuận,Chứng chỉ,0.6207,0.0,0.04920292940785189,0,Thấp
479983,CO,Tư thục vì lợi nhuận,Chứng chỉ,0.8846,0.0,0.1138277062188744,0,Thấp
479992,CA,Tư thục vì lợi nhuận,Chứng chỉ,1.0,0.0,0.22806313852563798,0,Thấp
480000,CA,Tư thục vì lợi nhuận,Chứng chỉ,0.4444,0.0,0.11098063386592165,0,Thấp
480019,CA,Tư thục vì lợi nhuận,Chứng chỉ,0.726,0.0,0.10434398589909818,0,Thấp
480028,NY,Tư thục vì lợi nhuận,Chứng chỉ,0.4138,0.0,0.814792975491224,1,Cao
480037,NC,Tư thục vì lợi nhuận,Chứng chỉ,0.6966,0.0,0.41821170053937606,0,Trung bình
480073,TX,Tư thục vì lợi nhuận,Bachelor,0.0909,1.0,0.7589405231960502,1,Cao
480091,NY,Tư thục phi lợi nhuận,Associate,0.1833,1.0,0.9701940585497133,1,Cao
480125,TX,Tư thục vì lợi nhuận,Chứng chỉ,0.6645,0.0,0.0646970282871581,0,Thấp
480161,KY,Tư thục vì lợi nhuận,Chứng chỉ,0.6875,0.0,0.5946311640676111,1,Trung bình
480204,CA,Tư thục vì lợi nhuận,Associate,0.5611,0.0,0.5840620558194946,1,Trung bình
480310,MD,Tư thục vì lợi nhuận,Chứng chỉ,0.2679,1.0,0.43883621167338943,0,Trung bình
480471,CA,Tư thục vì lợi nhuận,Chứng chỉ,0.5746,0.0,0.09791452923350197,0,Thấp
480523,OH,Tư thục vì lợi nhuận,Chứng chỉ,0.3883,1.0,0.14556951802875656,0,Thấp
480532,OH,Tư thục vì lợi nhuận,Chứng chỉ,0.5833,0.0,0.34536935460147894,0,Thấp
480550,KY,Tư thục vì lợi nhuận,Chứng chỉ,0.7119,0.0,0.30299685998107884,0,Thấp
480657,KS,Tư thục vì lợi nhuận,Associate,0.5,0.0,0.5849219134361995,1,Trung bình
480727,MI,Tư thục phi lợi nhuận,Chứng chỉ,0.96,0.0,0.18804608246855478,0,Thấp
480781,CA,Tư thục vì lợi nhuận,Bachelor,0.0,1.0,0.7541665043269281,1,Cao
480824,TX,Tư thục vì lợi nhuận,Chứng chỉ,0.5747,0.0,0.19172000168784092,0,Thấp
480833,TX,Tư thục vì lợi nhuận,Chứng chỉ,0.6671,0.0,0.11554871043212296,0,Thấp
480842,FL,Tư thục vì lợi nhuận,Chứng chỉ,1.0,0.0,0.24451157270134538,0,Thấp
480851,FL,Tư thục vì lợi nhuận,Chứng chỉ,0.6481,0.0,0.09580195562979764,0,Thấp
480879,MO,Tư thục vì lợi nhuận,Chứng chỉ,0.6667,0.0,0.03496490288979421,0,Thấp
480888,TX,Tư thục vì lợi nhuận,Chứng chỉ,0.9502,0.0,0.03544184249171096,0,Thấp
480903,CT,Tư thục vì lợi nhuận,Chứng chỉ,0.7551,0.0,0.20393899560919565,0,Thấp
480921,AR,Tư thục vì lợi nhuận,Chứng chỉ,0.8056,0.0,0.0399214496341057,0,Thấp
480967,OK,Công lập,Associate,0.2407,1.0,0.9144782927800889,1,Cao
480976,AL,Tư thục vì lợi nhuận,Chứng chỉ,0.8571,0.0,0.027165532398860305,0,Thấp
480985,UT,Tư thục phi lợi nhuận,Bachelor,0.0,1.0,0.8830185792724404,1,Cao
480994,MD,Tư thục vì lợi nhuận,Chứng chỉ,0.5556,0.0,0.12342636816323445,0,Thấp
481003,TX,Tư thục vì lợi nhuận,Chứng chỉ,0.7717,0.0,0.051407668097830934,0,Thấp
481021,PA,Công lập,Chứng chỉ,0.75,0.0,0.02300180984178439,0,Thấp
481049,MO,Công lập,Chứng chỉ,0.75,0.0,0.1344773775109578,0,Thấp
481058,CA,Tư thục phi lợi nhuận,Bachelor,0.0,1.0,0.9900615561560118,1,Cao
481100,UT,Tư thục vì lợi nhuận,Chứng chỉ,0.9792,0.0,0.05167025109567127,0,Thấp
481128,CA,Tư thục vì lợi nhuận,Chứng chỉ,0.6901,0.0,0.0887845523000927,0,Thấp
481137,WI,Tư thục phi lợi nhuận,Chứng chỉ,0.6071,0.0,0.1368609909809341,0,Thấp
481146,GA,Tư thục vì lợi nhuận,Chứng chỉ,0.7226,0.0,0.330317685753567,0,Thấp
481155,GA,Tư thục phi lợi nhuận,Chứng chỉ,0.5625,0.0,0.2886737413764598,0,Thấp
481191,CA,Công lập,Chứng chỉ,0.8451,0.0,0.08983319583989041,0,Thấp
481207,MD,Tư thục vì lợi nhuận,Chứng chỉ,0.9444,0.0,0.09152193589173972,0,Thấp
481225,TN,Tư thục phi lợi nhuận,Bachelor,0.75,0.0,0.7088942292078941,1,Cao
481243,NY,Tư thục vì lợi nhuận,Chứng chỉ,0.871,0.0,0.08396757391184109,0,Thấp
481252,FL,Tư thục vì lợi nhuận,Associate,0.8333,0.0,0.1667753158734674,0,Thấp
481298,CA,Tư thục vì lợi nhuận,Chứng chỉ,0.175,1.0,0.318707705014524,0,Thấp
481313,FL,Tư thục vì lợi nhuận,Chứng chỉ,0.9672,0.0,0.039772486361297696,0,Thấp
481331,NY,Tư thục vì lợi nhuận,Chứng chỉ,0.9375,0.0,0.14540624274404837,0,Thấp
481340,TN,Tư thục vì lợi nhuận,Chứng chỉ,0.7273,0.0,0.022182781397237367,0,Thấp
481368,FL,Tư thục vì lợi nhuận,Chứng chỉ,0.875,0.0,0.09285946085358146,0,Thấp
481386,CA,Tư thục vì lợi nhuận,Chứng chỉ,1.0,0.0,0.36066060595070365,0,Thấp
481410,NY,Tư thục phi lợi nhuận,Bachelor,0.381,1.0,0.5766079308286253,1,Trung bình
481429,NJ,Tư thục vì lợi nhuận,Chứng chỉ,0.562,0.0,0.13242546668044863,0,Thấp
481438,NJ,Tư thục phi lợi nhuận,Bachelor,0.0741,1.0,0.7484605089867502,1,Cao
481447,NJ,Tư thục vì lợi nhuận,Chứng chỉ,0.8571,0.0,0.10414366854959387,0,Thấp
481456,UT,Tư thục vì lợi nhuận,Chứng chỉ,0.5333,0.0,0.10769405306920576,0,Thấp
481465,LA,Tư thục vì lợi nhuận,Chứng chỉ,0.9659,0.0,0.17646119745107877,0,Thấp
481474,CA,Tư thục vì lợi nhuận,Chứng chỉ,0.4,0.0,0.027739037060132733,0,Thấp
481483,FL,Tư thục vì lợi nhuận,Chứng chỉ,0.8785,0.0,0.05313042138737679,0,Thấp
481517,MO,Tư thục vì lợi nhuận,Chứng chỉ,0.75,0.0,0.09250565848728705,0,Thấp
481526,VA,Tư thục vì lợi nhuận,Chứng chỉ,0.9565,0.0,0.07134798953900805,0,Thấp
481571,CT,Tư thục vì lợi nhuận,Chứng chỉ,0.8929,0.0,0.1587909560564778,0,Thấp
481678,GA,Tư thục vì lợi nhuận,Chứng chỉ,0.1818,1.0,0.4607110988239083,0,Trung bình
481720,NC,Tư thục vì lợi nhuận,Bachelor,0.0,1.0,0.8844782881099065,1,Cao
481739,IL,Tư thục vì lợi nhuận,Chứng chỉ,0.6,0.0,0.060103531614913226,0,Thấp
481748,IL,Tư thục vì lợi nhuận,Chứng chỉ,0.4,0.0,0.33288026437236623,0,Thấp
481775,CA,Tư thục vì lợi nhuận,Chứng chỉ,0.3966,1.0,0.2435922905374605,0,Thấp
481845,NY,Tư thục vì lợi nhuận,Chứng chỉ,0.359,1.0,0.3799243000915394,0,Thấp
481863,IN,Tư thục vì lợi nhuận,Chứng chỉ,0.5179,0.0,0.12441145641891092,0,Thấp
481890,KY,Tư thục vì lợi nhuận,Chứng chỉ,0.7315,0.0,0.1759571906451035,0,Thấp
481906,WV,Tư thục vì lợi nhuận,Chứng chỉ,0.5534,0.0,0.21430277449226387,0,Thấp
481960,CA,Tư thục vì lợi nhuận,Chứng chỉ,0.7365,0.0,0.03602952547235872,0,Thấp
482015,TX,Tư thục vì lợi nhuận,Chứng chỉ,0.5788,0.0,0.1157595658711915,0,Thấp
482060,CA,Tư thục vì lợi nhuận,Chứng chỉ,0.4649,0.0,0.04529602898696319,0,Thấp
482097,MO,Tư thục vì lợi nhuận,Chứng chỉ,0.7189,0.0,0.10816670674484884,0,Thấp
482149,GA,Công lập,Bachelor,0.4865,0.0,0.30166633989418773,0,Thấp
482158,GA,Công lập,Bachelor,0.256,1.0,0.8944962900091916,1,Cao
482167,IL,Tư thục vì lợi nhuận,Chứng chỉ,0.5238,0.0,0.34558017062954477,0,Thấp
482176,CO,Tư thục vì lợi nhuận,Chứng chỉ,0.7586,0.0,0.029932974549071394,0,Thấp
482185,WA,Tư thục phi lợi nhuận,Chứng chỉ,0.9744,0.0,0.18667887134738392,0,Thấp
482194,NY,Tư thục vì lợi nhuận,Chứng chỉ,0.7692,0.0,0.0416848831614451,0,Thấp
482200,TX,Tư thục vì lợi nhuận,Chứng chỉ,0.6119,0.0,0.451667047421216,0,Trung bình
482228,IN,Tư thục phi lợi nhuận,Bachelor,0.2857,1.0,0.9194599366310983,1,Cao
482246,ND,Tư thục vì lợi nhuận,Chứng chỉ,0.907,0.0,0.04825320818857159,0,Thấp
482255,NV,Tư thục vì lợi nhuận,Chứng chỉ,0.88,0.0,0.03176140027582127,0,Thấp
482291,CA,Tư thục vì lợi nhuận,Chứng chỉ,0.6094,0.0,0.18225932348802434,0,Thấp
482413,NY,Tư thục vì lợi nhuận,Bachelor,0.3333,1.0,0.891417994030176,1,Cao
482422,AZ,Tư thục vì lợi nhuận,Bachelor,0.625,0.0,0.49094900080596665,0,Trung bình
482431,CA,Tư thục vì lợi nhuận,Bachelor,0.4286,0.0,0.57634076286286,1,Trung bình
482459,FL,Tư thục vì lợi nhuận,Bachelor,0.4,0.0,0.6942237428920368,1,Trung bình
482468,GA,Tư thục vì lợi nhuận,Bachelor,0.3636,1.0,0.7115787480594921,1,Cao
482477,IL,Tư thục vì lợi nhuận,Chứng chỉ,0.3686,1.0,0.3349406702544547,0,Thấp
482547,NV,Tư thục vì lợi nhuận,Bachelor,0.0,1.0,0.47326419512829365,0,Trung bình
482556,NJ,Tư thục vì lợi nhuận,Bachelor,0.3333,1.0,0.4938963498177204,0,Trung bình
482574,OH,Tư thục vì lợi nhuận,Bachelor,0.45,0.0,0.5907820891584001,1,Trung bình
482635,TX,Tư thục vì lợi nhuận,Bachelor,0.3333,1.0,0.5873656530259048,1,Trung bình
482653,VA,Tư thục vì lợi nhuận,Bachelor,1.0,0.0,0.7967078609699337,1,Cao
482680,GA,Công lập,Bachelor,0.3685,1.0,0.6194560865722546,1,Trung bình
482699,GA,Công lập,Associate,0.2031,1.0,0.9488938156359766,1,Cao
482936,FL,Công lập,Bachelor,0.5302,0.0,0.453903712662898,0,Trung bình
482963,NJ,Tư thục vì lợi nhuận,Chứng chỉ,0.461,0.0,0.3934943727477846,0,Thấp
482981,TX,Tư thục vì lợi nhuận,Chứng chỉ,0.5571,0.0,0.127717206095762,0,Thấp
482990,AZ,Tư thục vì lợi nhuận,Chứng chỉ,0.8714,0.0,0.13863929559354332,0,Thấp
483009,CA,Tư thục vì lợi nhuận,Chứng chỉ,0.6863,0.0,0.12630181426544412,0,Thấp
483018,OH,Tư thục phi lợi nhuận,Bachelor,0.2632,1.0,0.31071745908382736,0,Thấp
483045,GA,Công lập,Chứng chỉ,0.4093,0.0,0.8680778818687539,1,Cao
483054,PA,Tư thục vì lợi nhuận,Chứng chỉ,0.7857,0.0,0.23498702618204476,0,Thấp
483106,NJ,Tư thục vì lợi nhuận,Chứng chỉ,0.7609,0.0,0.07566349694398809,0,Thấp
483212,LA,Công lập,Chứng chỉ,0.277,1.0,0.8555415683738918,1,Cao
483230,CA,Tư thục vì lợi nhuận,Chứng chỉ,0.9783,0.0,0.12239304099882414,0,Thấp
483258,IL,Tư thục vì lợi nhuận,Chứng chỉ,0.6667,0.0,0.12888579625202348,0,Thấp
483276,OK,Tư thục vì lợi nhuận,Chứng chỉ,0.6415,0.0,0.3469541422491954,0,Thấp
483328,IL,Tư thục vì lợi nhuận,Chứng chỉ,0.4615,0.0,0.19077018752544597,0,Thấp
483337,SC,Tư thục vì lợi nhuận,Chứng chỉ,0.7097,0.0,0.04165209474166678,0,Thấp
483346,PA,Tư thục vì lợi nhuận,Chứng chỉ,0.8333,0.0,0.02364066414160308,0,Thấp
483355,LA,Tư thục vì lợi nhuận,Chứng chỉ,0.6087,0.0,0.08708431637395528,0,Thấp
483364,LA,Tư thục vì lợi nhuận,Chứng chỉ,0.5357,0.0,0.40661015379068344,0,Trung bình
483373,CA,Tư thục vì lợi nhuận,Chứng chỉ,0.6,0.0,0.11270820347269961,0,Thấp
483382,NY,Tư thục vì lợi nhuận,Chứng chỉ,0.951,0.0,0.08084677620612986,0,Thấp
483425,NC,Tư thục vì lợi nhuận,Chứng chỉ,0.6667,0.0,0.10456752607710088,0,Thấp
483470,FL,Tư thục vì lợi nhuận,Chứng chỉ,0.8537,0.0,0.125237569417667,0,Thấp
483504,MI,Tư thục vì lợi nhuận,Chứng chỉ,0.2759,1.0,0.5747814841769899,1,Trung bình
483513,TX,Tư thục vì lợi nhuận,Chứng chỉ,0.3684,1.0,0.23084174353586095,0,Thấp
483559,TX,Tư thục vì lợi nhuận,Chứng chỉ,0.6071,0.0,0.3564129716538549,0,Thấp
483577,TN,Tư thục vì lợi nhuận,Chứng chỉ,0.0,1.0,0.10692548302157294,0,Thấp
483708,NY,Tư thục vì lợi nhuận,Chứng chỉ,0.8955,0.0,0.03282629252354916,0,Thấp
483726,VA,Tư thục vì lợi nhuận,Chứng chỉ,0.5714,0.0,0.5329290305539218,1,Trung bình
483735,TX,Tư thục vì lợi nhuận,Chứng chỉ,0.5833,0.0,0.05052121447280651,0,Thấp
483744,TN,Tư thục vì lợi nhuận,Chứng chỉ,0.75,0.0,0.05715234158686908,0,Thấp
483753,PA,Tư thục vì lợi nhuận,Chứng chỉ,0.7778,0.0,0.48343395030267083,0,Trung bình
483780,VA,Tư thục vì lợi nhuận,Bachelor,0.5455,0.0,0.6249881605165708,1,Trung bình
483799,WI,Tư thục vì lợi nhuận,Chứng chỉ,0.8,0.0,0.11848061459318535,0,Thấp
483814,VA,Tư thục vì lợi nhuận,Chứng chỉ,0.5882,0.0,0.05463712446496294,0,Thấp
483823,PA,Tư thục phi lợi nhuận,Chứng chỉ,0.5,0.0,0.4103959722439007,0,Trung bình
483841,NY,Tư thục vì lợi nhuận,Chứng chỉ,0.8824,0.0,0.1354617864279819,0,Thấp
483850,NY,Tư thục vì lợi nhuận,Chứng chỉ,0.9091,0.0,0.3170657216170012,0,Thấp
483869,FL,Tư thục vì lợi nhuận,Chứng chỉ,0.8652,0.0,0.11953474778879364,0,Thấp
483878,CA,Tư thục vì lợi nhuận,Chứng chỉ,0.3171,1.0,0.12291659400375869,0,Thấp
483887,TN,Tư thục vì lợi nhuận,Chứng chỉ,0.9091,0.0,0.09879236230770652,0,Thấp
483896,FL,Tư thục vì lợi nhuận,Chứng chỉ,0.84,0.0,0.24946428740088,0,Thấp
483911,IL,Tư thục vì lợi nhuận,Chứng chỉ,0.4545,0.0,0.11391115212123118,0,Thấp
483920,OH,Tư thục vì lợi nhuận,Chứng chỉ,0.5979,0.0,0.31745607486548294,0,Thấp
483948,LA,Tư thục vì lợi nhuận,Chứng chỉ,0.5714,0.0,0.07709468209562467,0,Thấp
483957,CA,Tư thục vì lợi nhuận,Chứng chỉ,0.8235,0.0,0.027445391046201178,0,Thấp
484002,CA,Tư thục vì lợi nhuận,Chứng chỉ,0.6602,0.0,0.05936226296106861,0,Thấp
484011,NY,Tư thục vì lợi nhuận,Chứng chỉ,0.7679,0.0,0.07923398602186553,0,Thấp
484020,NC,Tư thục vì lợi nhuận,Chứng chỉ,0.7647,0.0,0.38416639051372564,0,Thấp
484048,TX,Tư thục vì lợi nhuận,Chứng chỉ,0.0,1.0,0.44713986964897745,0,Trung bình
484057,MA,Tư thục vì lợi nhuận,Chứng chỉ,0.8529,0.0,0.12979343342496671,0,Thấp
484066,KY,Tư thục vì lợi nhuận,Chứng chỉ,0.9843,0.0,0.03356539777708284,0,Thấp
484075,FL,Tư thục vì lợi nhuận,Chứng chỉ,0.6567,0.0,0.33063912031165105,0,Thấp
484084,IL,Tư thục vì lợi nhuận,Chứng chỉ,0.4667,0.0,0.044666240203891545,0,Thấp
484093,MI,Tư thục vì lợi nhuận,Chứng chỉ,0.65,0.0,0.06793291670360153,0,Thấp
484109,IN,Tư thục vì lợi nhuận,Chứng chỉ,0.8333,0.0,0.02070986547749337,0,Thấp
484127,CT,Tư thục vì lợi nhuận,Chứng chỉ,0.6818,0.0,0.04522085132675727,0,Thấp
484136,TX,Tư thục vì lợi nhuận,Chứng chỉ,0.6875,0.0,0.3333178365631826,0,Thấp
484163,AZ,Tư thục vì lợi nhuận,Chứng chỉ,0.8172,0.0,0.10420319914854899,0,Thấp
484172,FL,Tư thục vì lợi nhuận,Chứng chỉ,0.95,0.0,0.24574891634456636,0,Thấp
484190,LA,Tư thục vì lợi nhuận,Chứng chỉ,0.4375,0.0,0.3950942229717982,0,Thấp
484206,CA,Tư thục vì lợi nhuận,Chứng chỉ,0.8727,0.0,0.05197656627363675,0,Thấp
484330,KY,Tư thục vì lợi nhuận,Chứng chỉ,0.6154,0.0,0.3385587254577951,0,Thấp
484349,IN,Tư thục vì lợi nhuận,Chứng chỉ,0.52,0.0,0.32027943570960266,0,Thấp
484358,TN,Tư thục vì lợi nhuận,Chứng chỉ,0.5085,0.0,0.3428035974955576,0,Thấp
484367,CA,Tư thục vì lợi nhuận,Chứng chỉ,0.6204,0.0,0.05392991945532505,0,Thấp
484376,CA,Tư thục vì lợi nhuận,Chứng chỉ,0.5847,0.0,0.13017556998502738,0,Thấp
484394,UT,Tư thục vì lợi nhuận,Chứng chỉ,0.7879,0.0,0.03603335846238244,0,Thấp
484473,FL,Công lập,Bachelor,0.7766,0.0,0.9194290606331921,1,Cao
484604,TX,Tư thục vì lợi nhuận,Chứng chỉ,0.5956,0.0,0.04300931385064056,0,Thấp
484613,AZ,Tư thục vì lợi nhuận,Bachelor,0.1951,1.0,0.8060942208176167,1,Cao
484631,CA,Tư thục vì lợi nhuận,Bachelor,0.1837,1.0,0.7951154577832977,1,Cao
484710,NV,Tư thục vì lợi nhuận,Bachelor,0.0,1.0,0.45571581200207834,0,Trung bình
484756,TX,Tư thục vì lợi nhuận,Bachelor,0.0,1.0,0.7020324947259944,1,Cao
484844,CA,Tư thục phi lợi nhuận,Bachelor,0.8883,0.0,0.061760962901297144,0,Thấp
484871,NY,Tư thục phi lợi nhuận,Bachelor,0.5152,0.0,0.42898998943592676,0,Trung bình
484899,AZ,Tư thục vì lợi nhuận,Chứng chỉ,0.6778,0.0,0.04662951020859249,0,Thấp
484905,TX,Công lập,Bachelor,0.4379,0.0,0.6723205770419849,1,Trung bình
484923,VA,Tư thục vì lợi nhuận,Chứng chỉ,0.8718,0.0,0.07729357009067073,0,Thấp
484932,WV,Công lập,Associate,0.271,1.0,0.9552257152843528,1,Cao
484950,OR,Tư thục vì lợi nhuận,Chứng chỉ,0.6923,0.0,0.041081330968031474,0,Thấp
484996,TX,Tư thục vì lợi nhuận,Chứng chỉ,0.9565,0.0,0.11173775973701933,0,Thấp
485014,NY,Tư thục vì lợi nhuận,Chứng chỉ,0.5,0.0,0.2250169410957818,0,Thấp
485032,OH,Tư thục vì lợi nhuận,Chứng chỉ,0.5641,0.0,0.05495923951699258,0,Thấp
485111,GA,Công lập,Associate,0.3294,1.0,0.9249616509993982,1,Cao
485166,OR,Tư thục vì lợi nhuận,Chứng chỉ,0.775,0.0,0.030381601521037763,0,Thấp
485236,PA,Tư thục vì lợi nhuận,Chứng chỉ,0.6667,0.0,0.41294248346662665,0,Trung bình
485272,FL,Tư thục vì lợi nhuận,Bachelor,0.5,0.0,0.787380885447721,1,Cao
485342,FL,Công lập,Chứng chỉ,0.8676,0.0,0.255226265336848,0,Thấp
485360,TX,Tư thục phi lợi nhuận,Chứng chỉ,0.3429,1.0,0.8184625419640551,1,Cao
485379,FL,Tư thục vì lợi nhuận,Chứng chỉ,0.7794,0.0,0.40377986331036514,0,Trung bình
485388,FL,Tư thục vì lợi nhuận,Chứng chỉ,0.7357,0.0,0.3917124260394293,0,Thấp
485397,PA,Tư thục vì lợi nhuận,Chứng chỉ,0.4808,0.0,0.3705197725718298,0,Thấp
485412,CA,Tư thục vì lợi nhuận,Chứng chỉ,0.7037,0.0,0.06064703558481271,0,Thấp
485458,GA,Công lập,Chứng chỉ,0.4565,0.0,0.6869728350750044,1,Trung bình
485476,WA,Tư thục vì lợi nhuận,Chứng chỉ,0.8776,0.0,0.044323589860643234,0,Thấp
485485,FL,Tư thục vì lợi nhuận,Chứng chỉ,0.75,0.0,0.035581979814583074,0,Thấp
485494,CA,Tư thục vì lợi nhuận,Chứng chỉ,0.7609,0.0,0.038364738287779365,0,Thấp
485500,CA,Tư thục vì lợi nhuận,Chứng chỉ,1.0,0.0,0.2680704102760192,0,Thấp
485519,CA,Tư thục vì lợi nhuận,Associate,0.3837,1.0,0.689020897389965,1,Trung bình
485546,SD,Tư thục vì lợi nhuận,Bachelor,0.1024,1.0,0.8378851587737783,1,Cao
485564,LA,Tư thục vì lợi nhuận,Chứng chỉ,0.8932,0.0,0.05242669872935005,0,Thấp
485573,CA,Tư thục vì lợi nhuận,Chứng chỉ,0.8873,0.0,0.12285784867778501,0,Thấp
485591,AR,Tư thục vì lợi nhuận,Chứng chỉ,0.0513,1.0,0.08953001144783758,0,Thấp
485607,CT,Tư thục vì lợi nhuận,Chứng chỉ,0.5217,0.0,0.1616277376011743,0,Thấp
485698,SC,Tư thục phi lợi nhuận,Bachelor,0.64,0.0,0.3475477615289748,0,Thấp
485704,AR,Tư thục vì lợi nhuận,Chứng chỉ,1.0,0.0,0.12268380680594565,0,Thấp
485768,FL,Tư thục vì lợi nhuận,Bachelor,0.6129,0.0,0.6584369097402529,1,Trung bình
485801,NY,Tư thục vì lợi nhuận,Chứng chỉ,1.0,0.0,0.04019995616153804,0,Thấp
485874,TX,Tư thục vì lợi nhuận,Chứng chỉ,0.9545,0.0,0.028782443861982226,0,Thấp
485926,TX,Tư thục vì lợi nhuận,Chứng chỉ,0.4314,0.0,0.07681522105174896,0,Thấp
485953,TX,Tư thục vì lợi nhuận,Chứng chỉ,0.5441,0.0,0.04953440567551541,0,Thấp
485962,LA,Tư thục vì lợi nhuận,Chứng chỉ,0.2857,1.0,0.46530485697145446,0,Trung bình
485999,NY,Tư thục phi lợi nhuận,Bachelor,0.5217,0.0,0.5637053390118038,1,Trung bình
486017,NY,Tư thục phi lợi nhuận,Bachelor,0.125,1.0,0.8684472249016829,1,Cao
486026,NY,Tư thục phi lợi nhuận,Bachelor,0.0606,1.0,0.6540219671740303,1,Trung bình
486053,MN,Tư thục phi lợi nhuận,Bachelor,0.5,0.0,0.5947778864961616,1,Trung bình
486123,CA,Tư thục vì lợi nhuận,Associate,0.5714,0.0,0.7060254355206294,1,Cao
486141,CA,Tư thục vì lợi nhuận,Chứng chỉ,1.0,0.0,0.06762611551451651,0,Thấp
486150,FL,Công lập,Chứng chỉ,0.9091,0.0,0.052345767851832994,0,Thấp
486169,KY,Tư thục vì lợi nhuận,Chứng chỉ,0.5455,0.0,0.23696291451543763,0,Thấp
486196,NY,Tư thục phi lợi nhuận,Associate,0.4921,0.0,0.29108262051881856,0,Thấp
486202,WV,Công lập,Chứng chỉ,1.0,0.0,0.15195579587821736,0,Thấp
486239,FL,Tư thục vì lợi nhuận,Bachelor,0.7037,0.0,0.8067123908656382,1,Cao
486248,CA,Tư thục vì lợi nhuận,Chứng chỉ,0.6535,0.0,0.39244422440341414,0,Thấp
486257,OH,Tư thục phi lợi nhuận,Associate,0.4146,0.0,0.9325449666244121,1,Cao
486284,MN,Tư thục phi lợi nhuận,Bachelor,0.6119,0.0,0.8458724886487677,1,Cao
486345,IL,Tư thục vì lợi nhuận,Chứng chỉ,0.7241,0.0,0.07876535441034294,0,Thấp
486354,FL,Tư thục vì lợi nhuận,Bachelor,0.92,0.0,0.3201200844607517,0,Thấp
486372,CA,Tư thục vì lợi nhuận,Chứng chỉ,0.2115,1.0,0.2546893849283359,0,Thấp
486381,NY,Tư thục vì lợi nhuận,Chứng chỉ,0.7193,0.0,0.3770797680426078,0,Thấp
486390,NY,Tư thục vì lợi nhuận,Chứng chỉ,0.6818,0.0,0.1221563939922345,0,Thấp
486406,WV,Công lập,Chứng chỉ,0.7273,0.0,0.6642188216198638,1,Trung bình
486415,NY,Tư thục vì lợi nhuận,Chứng chỉ,0.75,0.0,0.07713579159237324,0,Thấp
486424,DC,Tư thục vì lợi nhuận,Chứng chỉ,0.8387,0.0,0.134506018666464,0,Thấp
486442,TN,Tư thục vì lợi nhuận,Chứng chỉ,0.5556,0.0,0.4022106792936356,0,Trung bình
486488,CA,Tư thục phi lợi nhuận,Bachelor,0.5,0.0,0.40327293385980706,0,Trung bình
486497,CA,Tư thục vì lợi nhuận,Chứng chỉ,0.7368,0.0,0.11999947331314961,0,Thấp
486503,TX,Tư thục vì lợi nhuận,Chứng chỉ,0.7586,0.0,0.09895824651537892,0,Thấp
486512,FL,Tư thục vì lợi nhuận,Chứng chỉ,0.8433,0.0,0.17039482476973597,0,Thấp
486530,TN,Tư thục vì lợi nhuận,Chứng chỉ,0.9167,0.0,0.10654468192339787,0,Thấp
486558,CA,Tư thục vì lợi nhuận,Chứng chỉ,0.5102,0.0,0.028681538199704506,0,Thấp
486567,OK,Tư thục vì lợi nhuận,Chứng chỉ,0.6301,0.0,0.10069255183032431,0,Thấp
486576,PR,Tư thục vì lợi nhuận,Chứng chỉ,0.5429,0.0,0.127708164455421,0,Thấp
486619,AR,Tư thục vì lợi nhuận,Chứng chỉ,0.4,0.0,0.10280629795480312,0,Thấp
486691,GA,Tư thục vì lợi nhuận,Chứng chỉ,0.3611,1.0,0.3964402330481167,0,Thấp
486707,AL,Tư thục vì lợi nhuận,Chứng chỉ,0.5915,0.0,0.4231689578341871,0,Trung bình
486716,TN,Tư thục vì lợi nhuận,Chứng chỉ,0.7662,0.0,0.2657485426570429,0,Thấp
486752,IN,Tư thục vì lợi nhuận,Chứng chỉ,0.525,0.0,0.05356178706687909,0,Thấp
486770,TX,Tư thục vì lợi nhuận,Chứng chỉ,0.7,0.0,0.16445075206272483,0,Thấp
486798,TX,Tư thục vì lợi nhuận,Chứng chỉ,0.6686,0.0,0.14702440727731036,0,Thấp
486813,TX,Tư thục vì lợi nhuận,Chứng chỉ,0.5124,0.0,0.07923891666009872,0,Thấp
486822,AZ,Tư thục vì lợi nhuận,Chứng chỉ,0.5288,0.0,0.02582366297902174,0,Thấp
486840,GA,Công lập,Bachelor,0.4806,0.0,0.2379372368480833,0,Thấp
486859,NE,Tư thục vì lợi nhuận,Chứng chỉ,0.6667,0.0,0.45484981919785716,0,Trung bình
486877,NY,Công lập,Chứng chỉ,0.7143,0.0,0.11350784810292804,0,Thấp
486886,NY,Công lập,Chứng chỉ,0.9412,0.0,0.07875844571610396,0,Thấp
486901,TN,Tư thục phi lợi nhuận,Bachelor,0.6029,0.0,0.006473558921804367,0,Thấp
486938,NV,Tư thục vì lợi nhuận,Bachelor,0.0,1.0,0.8729097698820804,1,Cao
486956,NJ,Tư thục vì lợi nhuận,Bachelor,0.0,1.0,0.5885229581293103,1,Trung bình
486983,WI,Tư thục vì lợi nhuận,Chứng chỉ,0.4,0.0,0.19623310450469092,0,Thấp
487047,LA,Tư thục vì lợi nhuận,Chứng chỉ,0.5238,0.0,0.323675993794351,0,Thấp
487065,TX,Tư thục vì lợi nhuận,Chứng chỉ,0.5758,0.0,0.45471086481831097,0,Trung bình
487083,MI,Tư thục vì lợi nhuận,Chứng chỉ,0.6667,0.0,0.16167271016953297,0,Thấp
487092,GA,Tư thục phi lợi nhuận,Associate,0.9465,0.0,0.030833311613157006,0,Thấp
487162,GA,Công lập,Chứng chỉ,0.3571,1.0,0.8988418294373097,1,Cao
487232,TX,Tư thục vì lợi nhuận,Chứng chỉ,0.7312,0.0,0.15699375235212984,0,Thấp
487302,OH,Tư thục vì lợi nhuận,Chứng chỉ,0.4262,0.0,0.6210166291309613,1,Trung bình
487311,FL,Tư thục phi lợi nhuận,Associate,0.7097,0.0,0.5413102198805042,1,Trung bình
487320,TX,Công lập,Associate,0.3754,1.0,0.9250199264950708,1,Cao
487348,WA,Tư thục vì lợi nhuận,Chứng chỉ,0.8261,0.0,0.09578427873960961,0,Thấp
487375,NV,Tư thục vì lợi nhuận,Bachelor,0.75,0.0,0.3419660303503732,0,Thấp
487384,FL,Tư thục vì lợi nhuận,Chứng chỉ,0.5637,0.0,0.1375232542446231,0,Thấp
487393,FL,Tư thục vì lợi nhuận,Chứng chỉ,0.5114,0.0,0.3065620424665153,0,Thấp
487409,FL,Tư thục vì lợi nhuận,Chứng chỉ,0.5811,0.0,0.17904395335217943,0,Thấp
487418,FL,Tư thục vì lợi nhuận,Chứng chỉ,0.4292,0.0,0.3834773156656322,0,Thấp
487427,FL,Tư thục vì lợi nhuận,Chứng chỉ,0.506,0.0,0.3530728471131434,0,Thấp
487436,FL,Tư thục vì lợi nhuận,Chứng chỉ,0.4326,0.0,0.414489063194451,0,Trung bình
487445,FL,Tư thục vì lợi nhuận,Chứng chỉ,0.5907,0.0,0.111078886852936,0,Thấp
487454,FL,Tư thục vì lợi nhuận,Chứng chỉ,0.5721,0.0,0.14345329289189018,0,Thấp
487472,FL,Tư thục vì lợi nhuận,Chứng chỉ,0.557,0.0,0.3788888600890253,0,Thấp
487481,AZ,Tư thục vì lợi nhuận,Chứng chỉ,0.4813,0.0,0.11828395962603434,0,Thấp
487490,TX,Tư thục vì lợi nhuận,Chứng chỉ,0.4436,0.0,0.38102475315560935,0,Thấp
487506,WI,Tư thục vì lợi nhuận,Chứng chỉ,0.9375,0.0,0.03217056149002909,0,Thấp
487524,ME,Tư thục phi lợi nhuận,Bachelor,0.5667,0.0,0.22840127139431732,0,Thấp
487533,IL,Tư thục vì lợi nhuận,Chứng chỉ,0.5714,0.0,0.032821659994846805,0,Thấp
487588,MS,Tư thục vì lợi nhuận,Chứng chỉ,0.6738,0.0,0.10952197927142851,0,Thấp
487597,CA,Tư thục vì lợi nhuận,Associate,0.5215,0.0,0.35730010788128025,0,Thấp
487603,WA,Tư thục phi lợi nhuận,Bachelor,0.3077,1.0,0.3381966375964857,0,Thấp
487621,LA,Tư thục vì lợi nhuận,Chứng chỉ,0.8571,0.0,0.2431728979748256,0,Thấp
487658,LA,Tư thục phi lợi nhuận,Associate,1.0,0.0,0.12612368352580866,0,Thấp
487676,MD,Tư thục vì lợi nhuận,Chứng chỉ,0.569,0.0,0.10827161649643519,0,Thấp
487746,NY,Tư thục phi lợi nhuận,Bachelor,0.0,1.0,0.7489950124656023,1,Cao
487773,CA,Công lập,Chứng chỉ,0.6667,0.0,0.16940202296011647,0,Thấp
487791,SC,Tư thục vì lợi nhuận,Chứng chỉ,0.7766,0.0,0.0346363639821462,0,Thấp
487807,SC,Tư thục vì lợi nhuận,Chứng chỉ,0.2,1.0,0.46506394844329163,0,Trung bình
487816,AL,Tư thục phi lợi nhuận,Chứng chỉ,0.0,1.0,0.13204945230444115,0,Thấp
487861,OH,Tư thục vì lợi nhuận,Associate,0.7692,0.0,0.7674758431888674,1,Cao
487889,AZ,Tư thục phi lợi nhuận,Chứng chỉ,0.92,0.0,0.14024671278858103,0,Thấp
487904,KY,Tư thục vì lợi nhuận,Chứng chỉ,0.9231,0.0,0.019731458994723703,0,Thấp
487922,TN,Tư thục vì lợi nhuận,Chứng chỉ,0.6667,0.0,0.039841009969159714,0,Thấp
487959,GA,Tư thục vì lợi nhuận,Chứng chỉ,0.0667,1.0,0.0644230087429437,0,Thấp
487968,IL,Tư thục phi lợi nhuận,Chứng chỉ,1.0,0.0,0.25605387063450147,0,Thấp
487977,WV,Tư thục vì lợi nhuận,Chứng chỉ,0.7941,0.0,0.24599961357087397,0,Thấp
488013,NJ,Tư thục vì lợi nhuận,Chứng chỉ,0.527,0.0,0.38781470324683676,0,Thấp
488022,SC,Tư thục vì lợi nhuận,Chứng chỉ,0.1667,1.0,0.44368453571410643,0,Trung bình
488059,FL,Tư thục vì lợi nhuận,Associate,0.7143,0.0,0.9858568969534135,1,Cao
488077,AZ,Tư thục vì lợi nhuận,Chứng chỉ,0.3227,1.0,0.3652401826272271,0,Thấp
488110,TX,Tư thục vì lợi nhuận,Chứng chỉ,0.3,1.0,0.03824316347331755,0,Thấp
488129,IN,Tư thục vì lợi nhuận,Chứng chỉ,1.0,0.0,0.3164853798040308,0,Thấp
488138,LA,Tư thục vì lợi nhuận,Chứng chỉ,0.8471,0.0,0.49193655814233717,0,Trung bình
488147,FL,Tư thục vì lợi nhuận,Chứng chỉ,0.875,0.0,0.19325318194596575,0,Thấp
488174,MO,Tư thục vì lợi nhuận,Chứng chỉ,0.8,0.0,0.1332699813876433,0,Thấp
488183,KY,Tư thục vì lợi nhuận,Chứng chỉ,0.5714,0.0,0.15091367538679978,0,Thấp
488192,CA,Tư thục vì lợi nhuận,Chứng chỉ,0.8485,0.0,0.03476299596319488,0,Thấp
488217,KY,Tư thục vì lợi nhuận,Chứng chỉ,0.9792,0.0,0.046361978772202134,0,Thấp
488226,FL,Tư thục vì lợi nhuận,Chứng chỉ,0.5294,0.0,0.10698008199407828,0,Thấp
488253,NY,Tư thục vì lợi nhuận,Chứng chỉ,0.875,0.0,0.12251051892623667,0,Thấp
488262,DE,Tư thục vì lợi nhuận,Chứng chỉ,0.4167,0.0,0.06314085320610884,0,Thấp
488271,WA,Tư thục vì lợi nhuận,Chứng chỉ,0.7692,0.0,0.031750557000327466,0,Thấp
488280,FL,Tư thục vì lợi nhuận,Chứng chỉ,1.0,0.0,0.281533785343961,0,Thấp
488299,TX,Tư thục vì lợi nhuận,Chứng chỉ,0.6222,0.0,0.19171774819322768,0,Thấp
488305,NY,Tư thục phi lợi nhuận,Bachelor,0.697,0.0,0.8347325155538293,1,Cao
488314,NJ,Tư thục phi lợi nhuận,Bachelor,0.0,1.0,0.3834706243209818,0,Thấp
488332,FL,Tư thục vì lợi nhuận,Associate,0.0,1.0,0.4912094637913558,0,Trung bình
488350,NJ,Tư thục phi lợi nhuận,Associate,0.6957,0.0,0.6305901092494376,1,Trung bình
488369,PA,Tư thục vì lợi nhuận,Chứng chỉ,0.5,0.0,0.1819856210760851,0,Thấp
488378,WA,Tư thục vì lợi nhuận,Chứng chỉ,0.7661,0.0,0.05576100087640354,0,Thấp
488396,IL,Tư thục vì lợi nhuận,Chứng chỉ,0.4643,0.0,0.4771579704952271,0,Trung bình
488411,CA,Tư thục vì lợi nhuận,Chứng chỉ,0.8099,0.0,0.08270964478123556,0,Thấp
488439,IN,Tư thục vì lợi nhuận,Chứng chỉ,0.3636,1.0,0.42008938639602333,0,Trung bình
488448,WA,Tư thục vì lợi nhuận,Bachelor,0.8889,0.0,0.12864145351942333,0,Thấp
488563,CA,Tư thục vì lợi nhuận,Chứng chỉ,0.8,0.0,0.3170573666021467,0,Thấp
488590,OR,Tư thục phi lợi nhuận,Chứng chỉ,1.0,0.0,0.07104023162657465,0,Thấp
488651,NM,Tư thục vì lợi nhuận,Chứng chỉ,0.5814,0.0,0.45086887914683366,0,Trung bình
488679,IN,Tư thục phi lợi nhuận,Bachelor,0.3722,1.0,0.8266250416989779,1,Cao
488730,TX,Công lập,Associate,0.3371,1.0,0.943312272965699,1,Cao
488749,MD,Tư thục vì lợi nhuận,Chứng chỉ,0.5088,0.0,0.030247359218114073,0,Thấp
488785,CA,Tư thục phi lợi nhuận,Bachelor,0.4348,0.0,0.6028430178139652,1,Trung bình
488837,MI,Tư thục vì lợi nhuận,Chứng chỉ,0.9722,0.0,0.22880536123406622,0,Thấp
488846,CA,Tư thục phi lợi nhuận,Associate,0.3674,1.0,0.9147323528419099,1,Cao
488891,FL,Công lập,Chứng chỉ,1.0,0.0,0.38539080945935095,0,Thấp
488916,AL,Tư thục vì lợi nhuận,Chứng chỉ,0.9091,0.0,0.1976863413284781,0,Thấp
488934,OK,Công lập,Chứng chỉ,0.7455,0.0,0.03592465012332243,0,Thấp
488952,OH,Tư thục vì lợi nhuận,Chứng chỉ,0.6164,0.0,0.044131321514570776,0,Thấp
488961,IN,Tư thục vì lợi nhuận,Chứng chỉ,0.4808,0.0,0.07950544559411132,0,Thấp
488970,MI,Tư thục vì lợi nhuận,Chứng chỉ,0.7442,0.0,0.05489973590166906,0,Thấp
488989,TX,Tư thục vì lợi nhuận,Chứng chỉ,0.8036,0.0,0.05428680944209526,0,Thấp
488998,ID,Tư thục vì lợi nhuận,Chứng chỉ,0.6379,0.0,0.0595130943221169,0,Thấp
489122,WI,Tư thục vì lợi nhuận,Chứng chỉ,0.6667,0.0,0.08696694662142082,0,Thấp
489131,WI,Tư thục vì lợi nhuận,Chứng chỉ,0.6316,0.0,0.1005023570782542,0,Thấp
489140,WI,Tư thục vì lợi nhuận,Chứng chỉ,0.5714,0.0,0.04471846195487557,0,Thấp
489159,SC,Tư thục vì lợi nhuận,Chứng chỉ,0.8302,0.0,0.15221848358126458,0,Thấp
489201,CA,Công lập,Associate,0.3958,1.0,0.8646914964741507,1,Cao
489238,FL,Tư thục vì lợi nhuận,Chứng chỉ,0.8759,0.0,0.05448766365610269,0,Thấp
489247,UT,Tư thục vì lợi nhuận,Chứng chỉ,0.6667,0.0,0.042939435416487745,0,Thấp
489256,PR,Tư thục vì lợi nhuận,Chứng chỉ,0.9709,0.0,0.11318053198362032,0,Thấp
489283,TX,Tư thục vì lợi nhuận,Chứng chỉ,0.6926,0.0,0.0911914880111977,0,Thấp
489344,NC,Tư thục vì lợi nhuận,Bachelor,0.0,1.0,0.8307760904931867,1,Cao
489353,CA,Tư thục vì lợi nhuận,Bachelor,0.0,1.0,0.4581290094056568,0,Trung bình
489371,CA,Tư thục vì lợi nhuận,Chứng chỉ,0.7376,0.0,0.036613434233924026,0,Thấp
489779,IN,Công lập,Chứng chỉ,0.4762,0.0,0.6692674885369934,1,Trung bình
489812,MT,Tư thục vì lợi nhuận,Chứng chỉ,0.6333,0.0,0.02785508360494742,0,Thấp
489830,AR,Tư thục vì lợi nhuận,Chứng chỉ,0.5397,0.0,0.45083299739709154,0,Trung bình
489937,NC,Tư thục phi lợi nhuận,Bachelor,0.2923,1.0,0.5120131621467235,1,Trung bình
490045,CA,Tư thục phi lợi nhuận,Bachelor,0.8,0.0,0.822548052292752,1,Cao
490054,FL,Tư thục vì lợi nhuận,Chứng chỉ,1.0,0.0,0.12003647521473552,0,Thấp
490081,CA,Tư thục phi lợi nhuận,Bachelor,1.0,0.0,0.9505944238246721,1,Cao
490090,FL,Công lập,Chứng chỉ,0.88,0.0,0.2291834199235715,0,Thấp
490115,TN,Tư thục vì lợi nhuận,Chứng chỉ,0.5556,0.0,0.06558378314205282,0,Thấp
490133,CA,Tư thục vì lợi nhuận,Bachelor,0.5978,0.0,0.32498855399573107,0,Thấp
490142,FL,Tư thục vì lợi nhuận,Chứng chỉ,1.0,0.0,0.15617224693134507,0,Thấp
490151,TN,Tư thục vì lợi nhuận,Chứng chỉ,0.7692,0.0,0.09045727795844404,0,Thấp
490160,CA,Tư thục vì lợi nhuận,Chứng chỉ,0.7647,0.0,0.06079803349274154,0,Thấp
490197,CA,Tư thục vì lợi nhuận,Chứng chỉ,1.0,0.0,0.08044017601454767,0,Thấp
490203,MO,Tư thục phi lợi nhuận,Associate,0.0,1.0,0.48438055845135747,0,Trung bình
490221,GA,Tư thục vì lợi nhuận,Chứng chỉ,0.75,0.0,0.4277443123165883,0,Trung bình
490230,GA,Tư thục phi lợi nhuận,Bachelor,0.5,0.0,0.7827032464243894,1,Cao
490249,NJ,Tư thục vì lợi nhuận,Chứng chỉ,0.8485,0.0,0.11758399875233386,0,Thấp
490258,PA,Tư thục vì lợi nhuận,Chứng chỉ,0.803,0.0,0.03128012370185172,0,Thấp
490267,TN,Tư thục vì lợi nhuận,Chứng chỉ,0.5,0.0,0.12479464649663186,0,Thấp
490276,NY,Tư thục phi lợi nhuận,Associate,0.0811,1.0,0.7085255813006714,1,Cao
490285,CA,Tư thục vì lợi nhuận,Chứng chỉ,0.6986,0.0,0.060507272975486213,0,Thấp
490294,WA,Tư thục vì lợi nhuận,Chứng chỉ,0.3023,1.0,0.19651238215961772,0,Thấp
490300,NJ,Tư thục vì lợi nhuận,Chứng chỉ,1.0,0.0,0.03715001319855156,0,Thấp
490319,NJ,Tư thục phi lợi nhuận,Bachelor,0.0,1.0,0.9390898059330373,1,Cao
490346,NY,Tư thục phi lợi nhuận,Associate,0.9545,0.0,0.434904403748202,0,Trung bình
490382,NH,Tư thục vì lợi nhuận,Chứng chỉ,0.6,0.0,0.17450179917287964,0,Thấp
490391,FL,Tư thục vì lợi nhuận,Chứng chỉ,0.982,0.0,0.10196937155225258,0,Thấp
490407,GA,Tư thục vì lợi nhuận,Chứng chỉ,0.8276,0.0,0.04776017174406583,0,Thấp
490416,LA,Tư thục vì lợi nhuận,Chứng chỉ,0.7368,0.0,0.16307790209969306,0,Thấp
490425,TX,Tư thục vì lợi nhuận,Chứng chỉ,0.8389,0.0,0.10696804421565906,0,Thấp
490434,OH,Tư thục vì lợi nhuận,Chứng chỉ,0.9286,0.0,0.35888406932846467,0,Thấp
490443,VA,Tư thục vì lợi nhuận,Chứng chỉ,0.7857,0.0,0.10232374429971788,0,Thấp
490470,TN,Tư thục vì lợi nhuận,Chứng chỉ,0.8,0.0,0.20043982333461702,0,Thấp
490489,MI,Tư thục phi lợi nhuận,Chứng chỉ,1.0,0.0,0.7122965227960227,1,Cao
490498,LA,Tư thục phi lợi nhuận,Chứng chỉ,1.0,0.0,0.038147595023505995,0,Thấp
490504,NY,Tư thục phi lợi nhuận,Associate,0.2727,1.0,0.723756493101997,1,Cao
490513,NJ,Tư thục phi lợi nhuận,Associate,0.65,0.0,0.7716726630293863,1,Cao
490522,TX,Tư thục vì lợi nhuận,Chứng chỉ,1.0,0.0,0.13301082343231835,0,Thấp
490531,LA,Tư thục vì lợi nhuận,Chứng chỉ,0.7727,0.0,0.06366134904434984,0,Thấp
490674,TX,Tư thục vì lợi nhuận,Chứng chỉ,0.8333,0.0,0.13684241600660957,0,Thấp
490692,OH,Tư thục vì lợi nhuận,Chứng chỉ,0.5484,0.0,0.05930548197208796,0,Thấp
490717,NV,Tư thục vì lợi nhuận,Chứng chỉ,0.7069,0.0,0.01826601277896212,0,Thấp
490735,TX,Tư thục vì lợi nhuận,Chứng chỉ,0.7813,0.0,0.08568203944237095,0,Thấp
490744,AR,Tư thục vì lợi nhuận,Chứng chỉ,0.5,0.0,0.09415556335144443,0,Thấp
490805,IN,Công lập,Bachelor,0.4402,0.0,0.6739438797008912,1,Trung bình
490814,MI,Tư thục vì lợi nhuận,Chứng chỉ,0.6029,0.0,0.13800335423797816,0,Thấp
490832,OH,Tư thục vì lợi nhuận,Associate,0.4648,0.0,0.8389179509709185,1,Cao
490841,MI,Tư thục vì lợi nhuận,Chứng chỉ,0.5441,0.0,0.31897312642105524,0,Thấp
490869,NJ,Tư thục vì lợi nhuận,Chứng chỉ,0.4655,0.0,0.3322718755510092,0,Thấp
490878,CA,Tư thục vì lợi nhuận,Associate,0.6182,0.0,0.5860293587758147,1,Trung bình
490896,NJ,Tư thục vì lợi nhuận,Chứng chỉ,0.8171,0.0,0.09774819177102534,0,Thấp
490948,NC,Tư thục vì lợi nhuận,Chứng chỉ,0.6667,0.0,0.066275228873121,0,Thấp
490975,FL,Tư thục vì lợi nhuận,Associate,0.3607,1.0,0.4845086295338332,0,Trung bình
491057,NY,Tư thục phi lợi nhuận,Bachelor,0.8571,0.0,0.7483446597917928,1,Cao
491066,TX,Tư thục vì lợi nhuận,Chứng chỉ,0.9048,0.0,0.0693521115296617,0,Thấp
491075,AR,Tư thục vì lợi nhuận,Chứng chỉ,0.7969,0.0,0.10328576467750226,0,Thấp
491084,LA,Tư thục vì lợi nhuận,Chứng chỉ,0.5451,0.0,0.2590792749788934,0,Thấp
491136,FL,Tư thục vì lợi nhuận,Chứng chỉ,0.5,0.0,0.10386410611087746,0,Thấp
491145,FL,Tư thục vì lợi nhuận,Chứng chỉ,0.7727,0.0,0.12095846127499679,0,Thấp
491181,KY,Tư thục vì lợi nhuận,Associate,0.4483,0.0,0.1820030915314149,0,Thấp
491215,AZ,Tư thục vì lợi nhuận,Chứng chỉ,0.9012,0.0,0.10935482642106961,0,Thấp
491233,MS,Tư thục vì lợi nhuận,Chứng chỉ,0.625,0.0,0.24062724503625002,0,Thấp
491242,OR,Tư thục vì lợi nhuận,Chứng chỉ,0.6897,0.0,0.3616119614160095,0,Thấp
491251,TX,Tư thục vì lợi nhuận,Chứng chỉ,0.746,0.0,0.03714764555767471,0,Thấp
491260,WA,Tư thục vì lợi nhuận,Chứng chỉ,0.125,1.0,0.028518278881982707,0,Thấp
491394,TX,Tư thục vì lợi nhuận,Chứng chỉ,0.6571,0.0,0.07432067851828032,0,Thấp
491446,NY,Tư thục phi lợi nhuận,Chứng chỉ,0.8333,0.0,0.24555674615208806,0,Thấp
491464,CA,Công lập,Chứng chỉ,0.2762,1.0,0.41903152568467106,0,Trung bình
491473,DE,Công lập,Chứng chỉ,1.0,0.0,0.10671700391724748,0,Thấp
491525,IN,Tư thục phi lợi nhuận,Chứng chỉ,0.3636,1.0,0.5525700373123247,1,Trung bình
491543,CA,Tư thục vì lợi nhuận,Chứng chỉ,0.8958,0.0,0.04162802958203893,0,Thấp
491552,IN,Tư thục vì lợi nhuận,Chứng chỉ,0.8889,0.0,0.03627308464477524,0,Thấp
491570,GA,Tư thục vì lợi nhuận,Chứng chỉ,0.2609,1.0,0.47060728731455337,0,Trung bình
491589,TX,Tư thục phi lợi nhuận,Chứng chỉ,0.75,0.0,0.208881272040365,0,Thấp
491598,PA,Tư thục vì lợi nhuận,Chứng chỉ,0.8462,0.0,0.17902288620744727,0,Thấp
491613,NJ,Tư thục phi lợi nhuận,Bachelor,0.0,1.0,0.5858311020357692,1,Trung bình
491622,NJ,Tư thục phi lợi nhuận,Associate,0.7059,0.0,0.31008224798011114,0,Thấp
491631,MD,Tư thục phi lợi nhuận,Bachelor,1.0,0.0,0.4491743726315059,0,Trung bình
491640,NJ,Tư thục phi lợi nhuận,Associate,0.6829,0.0,0.5749567428198129,1,Trung bình
491659,CA,Tư thục phi lợi nhuận,Chứng chỉ,0.4914,0.0,0.44025454935667696,0,Trung bình
491668,PR,Tư thục vì lợi nhuận,Chứng chỉ,0.8444,0.0,0.06487742760788177,0,Thấp
491677,PA,Tư thục vì lợi nhuận,Chứng chỉ,0.7333,0.0,0.4159967390414078,0,Trung bình
491686,AZ,Tư thục vì lợi nhuận,Chứng chỉ,0.64,0.0,0.14331243041260952,0,Thấp
491695,AL,Tư thục vì lợi nhuận,Chứng chỉ,0.8333,0.0,0.16434499950880385,0,Thấp
491710,NJ,Tư thục phi lợi nhuận,Bachelor,0.1053,1.0,0.45245675825873255,0,Trung bình
491729,MS,Tư thục vì lợi nhuận,Chứng chỉ,0.1429,1.0,0.481151514183661,0,Trung bình
491738,HI,Tư thục vì lợi nhuận,Chứng chỉ,0.84,0.0,0.044945655039183074,0,Thấp
491747,FL,Tư thục vì lợi nhuận,Chứng chỉ,0.6154,0.0,0.10950610946888205,0,Thấp
491756,CA,Tư thục vì lợi nhuận,Chứng chỉ,0.8642,0.0,0.40305362685077184,0,Trung bình
491765,NJ,Tư thục phi lợi nhuận,Bachelor,0.0435,1.0,0.6806100422918939,1,Trung bình
491774,NY,Tư thục vì lợi nhuận,Chứng chỉ,0.7391,0.0,0.05332713020111843,0,Thấp
491783,FL,Công lập,Chứng chỉ,0.5224,0.0,0.08021352617939521,0,Thấp
491792,CO,Tư thục vì lợi nhuận,Chứng chỉ,0.8088,0.0,0.04245252818403414,0,Thấp
491817,NJ,Tư thục phi lợi nhuận,Chứng chỉ,0.9384,0.0,0.14349470115750387,0,Thấp
491826,NM,Tư thục vì lợi nhuận,Chứng chỉ,0.8511,0.0,0.13518438291439933,0,Thấp
491835,TX,Tư thục vì lợi nhuận,Chứng chỉ,0.8542,0.0,0.08782792748518395,0,Thấp
491844,MN,Công lập,Associate,0.4815,0.0,0.9275912944554241,1,Cao
491853,CA,Tư thục vì lợi nhuận,Chứng chỉ,0.8571,0.0,0.08686168895663292,0,Thấp
491871,TX,Tư thục vì lợi nhuận,Chứng chỉ,1.0,0.0,0.16472270223875307,0,Thấp
491880,CA,Tư thục vì lợi nhuận,Chứng chỉ,0.9219,0.0,0.05825528534898092,0,Thấp
491899,CA,Tư thục vì lợi nhuận,Chứng chỉ,1.0,0.0,0.10565608050587012,0,Thấp
491905,AL,Tư thục vì lợi nhuận,Chứng chỉ,0.2857,1.0,0.35721303395020015,0,Thấp
491914,NJ,Tư thục phi lợi nhuận,Associate,0.8824,0.0,0.6250248168120182,1,Trung bình
491923,SC,Tư thục vì lợi nhuận,Chứng chỉ,0.8375,0.0,0.0855957085002988,0,Thấp
491932,FL,Tư thục vì lợi nhuận,Chứng chỉ,0.9474,0.0,0.10428909567316591,0,Thấp
491941,IN,Tư thục vì lợi nhuận,Chứng chỉ,0.6275,0.0,0.28814152534987264,0,Thấp
491950,CA,Tư thục vì lợi nhuận,Chứng chỉ,0.75,0.0,0.15658237734403388,0,Thấp
491996,TX,Tư thục vì lợi nhuận,Chứng chỉ,0.6111,0.0,0.02659963233749011,0,Thấp
492005,OH,Tư thục vì lợi nhuận,Chứng chỉ,0.7419,0.0,0.03933148757128622,0,Thấp
492096,MI,Tư thục vì lợi nhuận,Chứng chỉ,1.0,0.0,0.15069457170721526,0,Thấp
492139,MI,Tư thục vì lợi nhuận,Chứng chỉ,0.5621,0.0,0.17189314558372767,0,Thấp
492281,AR,Tư thục vì lợi nhuận,Chứng chỉ,0.3,1.0,0.0718491649984154,0,Thấp
492360,FL,Tư thục vì lợi nhuận,Chứng chỉ,1.0,0.0,0.08846964230119993,0,Thấp
492421,NC,Tư thục vì lợi nhuận,Chứng chỉ,0.8,0.0,0.10706245927232662,0,Thấp
492449,CA,Tư thục vì lợi nhuận,Chứng chỉ,0.5833,0.0,0.06472571548543424,0,Thấp
492476,PR,Tư thục phi lợi nhuận,Associate,0.3636,1.0,0.8724407148643035,1,Cao
492643,VA,Tư thục vì lợi nhuận,Chứng chỉ,0.7407,0.0,0.15663569650038786,0,Thấp
492652,FL,Tư thục vì lợi nhuận,Chứng chỉ,0.8065,0.0,0.12905900866842226,0,Thấp
492661,CA,Tư thục vì lợi nhuận,Chứng chỉ,0.7143,0.0,0.04944833141161298,0,Thấp
492722,TX,Tư thục vì lợi nhuận,Chứng chỉ,0.7377,0.0,0.07047301035054135,0,Thấp
492731,NJ,Tư thục vì lợi nhuận,Chứng chỉ,0.7733,0.0,0.04074461011031971,0,Thấp
492801,MO,Tư thục phi lợi nhuận,Bachelor,0.3208,1.0,0.9672689305235779,1,Cao
492935,FL,Tư thục vì lợi nhuận,Chứng chỉ,0.8852,0.0,0.042346169494690035,0,Thấp
492953,CA,Tư thục vì lợi nhuận,Chứng chỉ,0.9063,0.0,0.0520791902795526,0,Thấp
493071,PR,Tư thục vì lợi nhuận,Chứng chỉ,0.3735,1.0,0.3115828837205073,0,Thấp
493080,CA,Tư thục vì lợi nhuận,Chứng chỉ,0.6,0.0,0.016677191152652152,0,Thấp
493132,NJ,Tư thục vì lợi nhuận,Chứng chỉ,0.5445,0.0,0.02157105705445424,0,Thấp
493150,TN,Tư thục vì lợi nhuận,Chứng chỉ,0.8372,0.0,0.04591096295224156,0,Thấp
493372,NM,Tư thục vì lợi nhuận,Chứng chỉ,0.5,0.0,0.24941923801371327,0,Thấp
493451,MO,Tư thục vì lợi nhuận,Chứng chỉ,0.6563,0.0,0.16063713973808902,0,Thấp
493479,CA,Tư thục vì lợi nhuận,Chứng chỉ,1.0,0.0,0.01564647017964887,0,Thấp
493488,FL,Tư thục vì lợi nhuận,Associate,1.0,0.0,0.5339871867261924,1,Trung bình
493530,VA,Tư thục vì lợi nhuận,Chứng chỉ,0.875,0.0,0.09814227809670087,0,Thấp
493549,TX,Tư thục vì lợi nhuận,Chứng chỉ,0.8398,0.0,0.028596257717605544,0,Thấp
493558,PA,Tư thục vì lợi nhuận,Chứng chỉ,0.6429,0.0,0.09484000148283543,0,Thấp
493576,PA,Tư thục vì lợi nhuận,Chứng chỉ,0.6667,0.0,0.14029175157375368,0,Thấp
493594,NY,Tư thục phi lợi nhuận,Associate,0.6667,0.0,0.5226421275300716,1,Trung bình
493600,NY,Tư thục phi lợi nhuận,Bachelor,0.1228,1.0,0.5545273147600235,1,Trung bình
493628,NJ,Tư thục vì lợi nhuận,Chứng chỉ,0.625,0.0,0.1047128259004993,0,Thấp
493637,KY,Tư thục vì lợi nhuận,Chứng chỉ,0.561,0.0,0.1651129599301508,0,Thấp
493646,NY,Tư thục phi lợi nhuận,Chứng chỉ,1.0,0.0,0.3926788126957386,0,Thấp
493655,TX,Tư thục vì lợi nhuận,Chứng chỉ,0.7742,0.0,0.36334562032024315,0,Thấp
493664,NY,Tư thục phi lợi nhuận,Associate,0.8,0.0,0.21130522872259083,0,Thấp
493682,CT,Tư thục vì lợi nhuận,Chứng chỉ,1.0,0.0,0.026400413179533094,0,Thấp
493691,OK,Tư thục vì lợi nhuận,Chứng chỉ,0.5238,0.0,0.05634952005892668,0,Thấp
493707,NJ,Tư thục phi lợi nhuận,Associate,0.5,0.0,0.4025861220906711,0,Trung bình
493716,NJ,Tư thục phi lợi nhuận,Associate,0.8333,0.0,0.19787050344251983,0,Thấp
493743,TX,Tư thục vì lợi nhuận,Chứng chỉ,0.9099,0.0,0.11937753736801988,0,Thấp
493752,TN,Tư thục vì lợi nhuận,Chứng chỉ,0.8,0.0,0.1538353382895729,0,Thấp
493761,CA,Tư thục vì lợi nhuận,Chứng chỉ,0.6905,0.0,0.11948134450233254,0,Thấp
493770,SC,Tư thục phi lợi nhuận,Chứng chỉ,0.68,0.0,0.07304089406403849,0,Thấp
493798,NY,Tư thục phi lợi nhuận,Chứng chỉ,0.9256,0.0,0.06298744104029724,0,Thấp
493804,TX,Tư thục vì lợi nhuận,Chứng chỉ,0.6304,0.0,0.40667092541354927,0,Trung bình
493813,PA,Tư thục vì lợi nhuận,Chứng chỉ,0.6429,0.0,0.03987622773680555,0,Thấp
493831,KS,Tư thục vì lợi nhuận,Chứng chỉ,0.5455,0.0,0.3286487080709636,0,Thấp
493868,NM,Tư thục vì lợi nhuận,Chứng chỉ,0.9608,0.0,0.33722905707555234,0,Thấp
493910,CO,Tư thục vì lợi nhuận,Chứng chỉ,1.0,0.0,0.06583929231386168,0,Thấp
493992,TX,Tư thục vì lợi nhuận,Chứng chỉ,0.4839,0.0,0.5327627858454603,1,Trung bình
494001,NC,Tư thục vì lợi nhuận,Chứng chỉ,1.0,0.0,0.15217474195254146,0,Thấp
494029,IN,Tư thục vì lợi nhuận,Chứng chỉ,0.3333,1.0,0.15377793421343894,0,Thấp
494232,DC,Tư thục vì lợi nhuận,Chứng chỉ,0.7826,0.0,0.12189511781695914,0,Thấp
494250,OH,Tư thục vì lợi nhuận,Chứng chỉ,0.5263,0.0,0.40455496093846827,0,Trung bình
494357,CA,Tư thục vì lợi nhuận,Chứng chỉ,0.5477,0.0,0.15461534434585994,0,Thấp
494436,TN,Tư thục vì lợi nhuận,Associate,0.3158,1.0,0.7917778672408672,1,Cao
494463,NY,Tư thục phi lợi nhuận,Chứng chỉ,0.9779,0.0,0.2928478841748021,0,Thấp
494472,TX,Tư thục phi lợi nhuận,Chứng chỉ,0.75,0.0,0.22094725352620073,0,Thấp
494524,TX,Tư thục vì lợi nhuận,Chứng chỉ,0.8537,0.0,0.06871019455451785,0,Thấp
494588,TX,Tư thục vì lợi nhuận,Chứng chỉ,0.619,0.0,0.1597449086359964,0,Thấp
494597,FL,Tư thục phi lợi nhuận,Chứng chỉ,0.9333,0.0,0.7931702415810786,1,Cao
494603,TX,Tư thục phi lợi nhuận,Chứng chỉ,0.3556,1.0,0.08469233221955635,0,Thấp
494630,TX,Tư thục phi lợi nhuận,Bachelor,0.0,1.0,0.8456967706446886,1,Cao
494649,UT,Tư thục vì lợi nhuận,Chứng chỉ,0.9091,0.0,0.09955475753491705,0,Thấp
494658,CA,Tư thục vì lợi nhuận,Chứng chỉ,1.0,0.0,0.055951783072970544,0,Thấp
494685,MO,Tư thục phi lợi nhuận,Bachelor,0.55,0.0,0.6467002224776099,1,Trung bình
494694,TX,Tư thục vì lợi nhuận,Chứng chỉ,0.75,0.0,0.3724385577495824,0,Thấp
494700,AZ,Tư thục vì lợi nhuận,Chứng chỉ,0.8529,0.0,0.05759010005756123,0,Thấp
494719,TX,Tư thục vì lợi nhuận,Chứng chỉ,0.625,0.0,0.05977386396775495,0,Thấp
494728,TX,Tư thục vì lợi nhuận,Chứng chỉ,0.4516,0.0,0.0570327530731831,0,Thấp
494737,NY,Tư thục phi lợi nhuận,Bachelor,0.3462,1.0,0.6324016381931836,1,Trung bình
494755,PA,Tư thục vì lợi nhuận,Associate,0.8571,0.0,0.22289071833387517,0,Thấp
494764,NC,Tư thục vì lợi nhuận,Chứng chỉ,0.5,0.0,0.034478330942866266,0,Thấp
494807,PR,Tư thục vì lợi nhuận,Bachelor,0.7778,0.0,0.32244635085177986,0,Thấp
494843,MD,Tư thục vì lợi nhuận,Chứng chỉ,0.4132,0.0,0.2497605011485815,0,Thấp
494852,IL,Tư thục vì lợi nhuận,Chứng chỉ,0.6154,0.0,0.09506639168495822,0,Thấp
494898,KS,Tư thục vì lợi nhuận,Chứng chỉ,0.7273,0.0,0.13698666689032135,0,Thấp
494904,NY,Tư thục vì lợi nhuận,Chứng chỉ,0.717,0.0,0.033919550363097746,0,Thấp
494959,PA,Công lập,Associate,0.375,1.0,0.9882484343649771,1,Cao
494986,CO,Tư thục vì lợi nhuận,Associate,0.6667,0.0,0.6632793732555355,1,Trung bình
494995,OH,Tư thục vì lợi nhuận,Chứng chỉ,0.7368,0.0,0.13837224299614204,0,Thấp
495031,NY,Tư thục phi lợi nhuận,Associate,0.8571,0.0,0.8693711057996948,1,Cao
495040,HI,Tư thục vì lợi nhuận,Chứng chỉ,0.9104,0.0,0.10691596746474985,0,Thấp
495059,CA,Tư thục phi lợi nhuận,Bachelor,0.4348,0.0,0.44591260175773867,0,Trung bình
495077,CA,Tư thục vì lợi nhuận,Chứng chỉ,0.3333,1.0,0.43627396343823566,0,Trung bình
495101,UT,Tư thục vì lợi nhuận,Chứng chỉ,0.8947,0.0,0.04206032741401373,0,Thấp
495110,MI,Tư thục phi lợi nhuận,Chứng chỉ,1.0,0.0,0.031101212255730034,0,Thấp
495129,TX,Tư thục vì lợi nhuận,Chứng chỉ,0.8224,0.0,0.1367739831546459,0,Thấp
495138,NY,Tư thục vì lợi nhuận,Chứng chỉ,0.65,0.0,0.16398085670740395,0,Thấp
495147,WA,Tư thục phi lợi nhuận,Associate,0.0,1.0,0.8174105221875185,1,Cao
495183,FL,Tư thục vì lợi nhuận,Chứng chỉ,0.3387,1.0,0.06944462451684268,0,Thấp
495208,GA,Tư thục vì lợi nhuận,Chứng chỉ,0.5556,0.0,0.4653922148074377,0,Trung bình
495217,FL,Tư thục vì lợi nhuận,Chứng chỉ,0.875,0.0,0.21072218606740878,0,Thấp
495235,FL,Tư thục phi lợi nhuận,Chứng chỉ,0.5,0.0,0.3757611971399997,0,Thấp
495244,TX,Tư thục vì lợi nhuận,Chứng chỉ,1.0,0.0,0.3679324306018566,0,Thấp
495253,OK,Tư thục vì lợi nhuận,Chứng chỉ,0.5862,0.0,0.06140206720840166,0,Thấp
495262,OR,Tư thục vì lợi nhuận,Chứng chỉ,0.8571,0.0,0.05517889584570391,0,Thấp
495280,AZ,Tư thục phi lợi nhuận,Chứng chỉ,1.0,0.0,0.5349189447017424,1,Trung bình
495299,FL,Tư thục vì lợi nhuận,Chứng chỉ,1.0,0.0,0.1772789364802451,0,Thấp
495305,TX,Tư thục vì lợi nhuận,Chứng chỉ,0.6471,0.0,0.130339186076411,0,Thấp
495341,MI,Tư thục vì lợi nhuận,Chứng chỉ,0.4286,0.0,0.07009024052816791,0,Thấp
495350,CA,Tư thục vì lợi nhuận,Chứng chỉ,0.7,0.0,0.17837820738260748,0,Thấp
495369,FL,Tư thục vì lợi nhuận,Chứng chỉ,0.6842,0.0,0.12854678823078136,0,Thấp
495378,IA,Tư thục vì lợi nhuận,Chứng chỉ,0.6471,0.0,0.05689666397939094,0,Thấp
495387,IL,Tư thục vì lợi nhuận,Chứng chỉ,0.8,0.0,0.03873253302614772,0,Thấp
495411,UT,Tư thục vì lợi nhuận,Chứng chỉ,0.6739,0.0,0.024193407787072227,0,Thấp
495518,VA,Tư thục vì lợi nhuận,Chứng chỉ,0.3611,1.0,0.3785093909620477,0,Thấp
495730,IL,Tư thục vì lợi nhuận,Chứng chỉ,0.7241,0.0,0.08356552197706892,0,Thấp
495776,TX,Tư thục vì lợi nhuận,Chứng chỉ,0.8571,0.0,0.11798566800804676,0,Thấp
495794,TN,Tư thục vì lợi nhuận,Chứng chỉ,0.6087,0.0,0.13626791556090215,0,Thấp
495837,MI,Tư thục vì lợi nhuận,Chứng chỉ,0.5,0.0,0.1320005935843872,0,Thấp
495934,CA,Tư thục vì lợi nhuận,Chứng chỉ,0.6429,0.0,0.04572626622420553,0,Thấp
495952,CA,Tư thục vì lợi nhuận,Chứng chỉ,0.6812,0.0,0.20982709187430526,0,Thấp
495961,CA,Tư thục vì lợi nhuận,Chứng chỉ,0.4894,0.0,0.0477332884301612,0,Thấp
495970,PR,Tư thục vì lợi nhuận,Chứng chỉ,0.4014,0.0,0.24225323199830137,0,Thấp
495998,CA,Tư thục vì lợi nhuận,Chứng chỉ,0.6047,0.0,0.3138198392436167,0,Thấp
496052,FL,Tư thục vì lợi nhuận,Chứng chỉ,0.8846,0.0,0.10390936565821535,0,Thấp
496061,OH,Tư thục vì lợi nhuận,Chứng chỉ,1.0,0.0,0.032632870981185266,0,Thấp
496265,PA,Tư thục vì lợi nhuận,Associate,0.7273,0.0,0.10703373867636999,0,Thấp
496371,OH,Tư thục vì lợi nhuận,Chứng chỉ,1.0,0.0,0.6242533669490854,1,Trung bình
496423,WA,Tư thục vì lợi nhuận,Chứng chỉ,1.0,0.0,0.041640806437259745,0,Thấp
496539,MI,Tư thục vì lợi nhuận,Chứng chỉ,0.8261,0.0,0.06988409387298326,0,Thấp
496575,MI,Tư thục vì lợi nhuận,Chứng chỉ,1.0,0.0,0.03805332550015294,0,Thấp
496627,CA,Tư thục vì lợi nhuận,Bachelor,0.8788,0.0,0.00879273494608369,0,Thấp
496645,NJ,Công lập,Chứng chỉ,0.8,0.0,0.04428983577374527,0,Thấp
496733,NV,Tư thục vì lợi nhuận,Chứng chỉ,0.7903,0.0,0.04924193263404042,0,Thấp
496751,TX,Tư thục vì lợi nhuận,Chứng chỉ,0.5,0.0,0.10749002678801993,0,Thấp
496919,NV,Tư thục vì lợi nhuận,Chứng chỉ,0.4687,0.0,0.28314811043004373,0,Thấp
497046,CA,Công lập,Associate,0.3316,1.0,0.9288658398765176,1,Cao
497161,OH,Tư thục vì lợi nhuận,Chứng chỉ,0.84,0.0,0.06751082786611298,0,Thấp
497189,PA,Tư thục vì lợi nhuận,Chứng chỉ,1.0,0.0,0.0551647813808036,0,Thấp
497198,TN,Tư thục vì lợi nhuận,Chứng chỉ,0.5802,0.0,0.0907564255623173,0,Thấp
497222,FL,Tư thục vì lợi nhuận,Chứng chỉ,0.7143,0.0,0.06600453456218508,0,Thấp
497277,AZ,Tư thục vì lợi nhuận,Chứng chỉ,0.8602,0.0,0.1668217874174945,0,Thấp
497310,NV,Tư thục vì lợi nhuận,Chứng chỉ,0.9664,0.0,0.02529996075274568,0,Thấp
497356,TX,Tư thục vì lợi nhuận,Chứng chỉ,0.6667,0.0,0.23941705028539495,0,Thấp
497365,TX,Tư thục vì lợi nhuận,Chứng chỉ,0.5,0.0,0.06426841601990751,0,Thấp
497383,TX,Tư thục vì lợi nhuận,Chứng chỉ,1.0,0.0,0.18037463847317797,0,Thấp
497392,TX,Tư thục vì lợi nhuận,Chứng chỉ,0.5333,0.0,0.050686073118702504,0,Thấp
497417,AZ,Tư thục vì lợi nhuận,Chứng chỉ,0.8824,0.0,0.19486304878154104,0,Thấp
497435,CA,Tư thục vì lợi nhuận,Chứng chỉ,0.7463,0.0,0.06599410298464535,0,Thấp
497684,TN,Tư thục vì lợi nhuận,Chứng chỉ,0.7692,0.0,0.1888850758324376,0,Thấp
497736,CA,Tư thục vì lợi nhuận,Chứng chỉ,0.6538,0.0,0.09598942213834986,0,Thấp
497912,MO,Tư thục vì lợi nhuận,Chứng chỉ,0.7091,0.0,0.12459397704849522,0,Thấp
498003,MD,Tư thục vì lợi nhuận,Chứng chỉ,0.5071,0.0,0.2988656856940287,0,Thấp
498298,MN,Tư thục vì lợi nhuận,Chứng chỉ,0.8824,0.0,0.05279032416779329,0,Thấp
498359,PA,Tư thục vì lợi nhuận,Chứng chỉ,0.8947,0.0,0.11394445027457295,0,Thấp
498368,TN,Tư thục vì lợi nhuận,Chứng chỉ,0.5385,0.0,0.16552264067083464,0,Thấp
498386,WV,Công lập,Chứng chỉ,0.9468,0.0,0.3961735890453729,0,Thấp
498410,TX,Tư thục vì lợi nhuận,Chứng chỉ,0.7917,0.0,0.06456467422923946,0,Thấp
498562,PA,Công lập,Bachelor,0.5302,0.0,0.08858077864096857,0,Thấp
498571,PA,Công lập,Bachelor,0.5103,0.0,0.14160152211248594,0,Thấp
498669,MT,Tư thục vì lợi nhuận,Chứng chỉ,0.6538,0.0,0.044050063821211925,0,Thấp
498739,PA,Công lập,Chứng chỉ,0.6667,0.0,0.13394788549515652,0,Thấp
498748,CA,Tư thục vì lợi nhuận,Chứng chỉ,0.7368,0.0,0.2356247504990609,0,Thấp
498757,VA,Tư thục vì lợi nhuận,Chứng chỉ,0.94,0.0,0.38146794125153266,0,Thấp
498775,GA,Tư thục vì lợi nhuận,Chứng chỉ,0.5385,0.0,0.34443073384131834,0,Thấp
498784,MS,Tư thục vì lợi nhuận,Chứng chỉ,0.9091,0.0,0.1301179353599025,0,Thấp
498809,NY,Tư thục phi lợi nhuận,Bachelor,0.1087,1.0,0.5391844203725898,1,Trung bình
498818,PA,Tư thục vì lợi nhuận,Chứng chỉ,1.0,0.0,0.1503899010537908,0,Thấp
498827,FL,Tư thục vì lợi nhuận,Chứng chỉ,0.5714,0.0,0.048474383045782735,0,Thấp
498845,KS,Tư thục vì lợi nhuận,Chứng chỉ,0.9231,0.0,0.1338797997258252,0,Thấp
498854,VA,Tư thục vì lợi nhuận,Chứng chỉ,0.6809,0.0,0.33510887125120764,0,Thấp
498863,MO,Tư thục vì lợi nhuận,Chứng chỉ,0.8167,0.0,0.10046903221144338,0,Thấp
498872,CA,Tư thục vì lợi nhuận,Chứng chỉ,1.0,0.0,0.11704190330627866,0,Thấp
498890,TX,Tư thục vì lợi nhuận,Chứng chỉ,0.7727,0.0,0.07153657843468463,0,Thấp
498906,NY,Tư thục phi lợi nhuận,Bachelor,0.2727,1.0,0.5602111849235133,1,Trung bình
498924,FL,Tư thục vì lợi nhuận,Bachelor,0.6111,0.0,0.08257478172845323,0,Thấp
498951,IN,Tư thục vì lợi nhuận,Chứng chỉ,0.8519,0.0,0.05943688594991517,0,Thấp
499176,TX,Tư thục vì lợi nhuận,Chứng chỉ,0.7546,0.0,0.18003899433177545,0,Thấp
499361,ID,Tư thục vì lợi nhuận,Chứng chỉ,1.0,0.0,0.12952319908173857,0,Thấp
499538,PR,Tư thục phi lợi nhuận,Chứng chỉ,1.0,0.0,0.4867311974731958,0,Trung bình
